event_id,event_type,minute,second,period,team_name,player_name,position_name,under_pressure,home_team,away_team,location_0,location_1,pass_recipient_name,pass_outcome_name,pass_type_name,pass_height_name,pass_body_part_name,pass_end_location_0,pass_end_location_1,start_xt,end_xt,xt_added,carry_end_location_0,carry_end_location_1,carry_xt_added,shot_statsbomb_xg,shot_outcome_name
9ec3d009-c15b-4a8d-be80-57a07f40755a,Starting XI,0,0,1,Tottenham Hotspur,,,0,Tottenham Hotspur,Liverpool,,,,,,,,,,,,,,,,,
e8bdb5d1-8bcb-4a0d-bfd2-68c18c7f54d0,Starting XI,0,0,1,Liverpool,,,0,Tottenham Hotspur,Liverpool,,,,,,,,,,,,,,,,,
00b678a4-3767-4d0b-92e6-9cb4c959d94d,Half Start,0,0,1,Liverpool,,,0,Tottenham Hotspur,Liverpool,,,,,,,,,,,,,,,,,
05840f64-0fb7-4f2d-885a-49790d6bd4df,Half Start,0,0,1,Tottenham Hotspur,,,0,Tottenham Hotspur,Liverpool,,,,,,,,,,,,,,,,,
b67ef6a9-e877-4dbe-bb03-edcc9d8c7711,Pass,0,0,1,Liverpool,Jordan Brian Henderson,Right Center Midfield,0,Tottenham Hotspur,Liverpool,61.0,40.1,Joël Andre Job Matip,,Kick Off,Ground Pass,Right Foot,34.0,43.8,0.01689528,0.01132376,-0.005571519999999998,,,,,
c7297515-ae92-4fb4-93a8-59745b8dfa90,Ball Receipt*,0,1,1,Liverpool,Joël Andre Job Matip,Right Center Back,0,Tottenham Hotspur,Liverpool,34.0,43.8,,,,,,,,,,,,,,,
609587a5-193c-469b-be3c-63131c646e59,Carry,0,1,1,Liverpool,Joël Andre Job Matip,Right Center Back,0,Tottenham Hotspur,Liverpool,34.0,43.8,,,,,,,,,,,36.1,44.0,0.0,,
10f8eed9-fa49-4170-9057-d9418e9546ae,Pass,0,3,1,Liverpool,Joël Andre Job Matip,Right Center Back,0,Tottenham Hotspur,Liverpool,36.1,44.0,Sadio Mané,Incomplete,,High Pass,Right Foot,86.6,3.5,0.01132376,0.02122129,0.00989753,,,,,
07a666b8-c9d8-4370-bdb7-9075b42be143,Ball Receipt*,0,5,1,Liverpool,Sadio Mané,Left Wing,0,Tottenham Hotspur,Liverpool,87.4,1.6,,,,,,,,,,,,,,,
3cb70cbe-9267-43eb-8937-b1f8d00cc902,Pass,0,5,1,Tottenham Hotspur,Kieran Trippier,Right Back,0,Tottenham Hotspur,Liverpool,33.5,76.6,Harry Kane,Incomplete,Recovery,High Pass,Head,54.5,65.9,0.00977659,0.0138454,0.004068810000000001,,,,,
0c45c33c-2e7b-482a-9bda-4d38f0348d3a,Ball Receipt*,0,7,1,Tottenham Hotspur,Harry Kane,Center Forward,0,Tottenham Hotspur,Liverpool,51.2,69.1,,,,,,,,,,,,,,,
9babcee7-0db0-4cf5-bbd3-b6ca2c0ff6e2,Pass,0,7,1,Liverpool,Fábio Henrique Tavares,Center Defensive Midfield,0,Tottenham Hotspur,Liverpool,65.6,14.2,Roberto Firmino Barbosa de Oliveira,Incomplete,Recovery,High Pass,Head,82.8,17.1,0.01611813,0.02401521,0.007897079999999997,,,,,
c1eae3aa-6fd0-459d-9172-1b4ab353a022,Ball Receipt*,0,8,1,Liverpool,Roberto Firmino Barbosa de Oliveira,Center Forward,0,Tottenham Hotspur,Liverpool,78.8,12.9,,,,,,,,,,,,,,,
ed845f12-5ed4-40e7-b296-a2e55d7482d7,Pass,0,8,1,Tottenham Hotspur,Moussa Sissoko,Right Defensive Midfield,0,Tottenham Hotspur,Liverpool,37.3,63.0,Harry Winks,Incomplete,Recovery,High Pass,Left Foot,44.9,60.7,0.0105949,0.01214719,0.00155229,,,,,
7d2c9d00-6155-4833-b6eb-95ac0301a835,Ball Receipt*,0,10,1,Tottenham Hotspur,Harry Winks,Left Center Midfield,0,Tottenham Hotspur,Liverpool,42.8,59.0,,,,,,,,,,,,,,,
8887961c-cda3-4c79-b28d-7e3c8ea250dc,Duel,0,10,1,Tottenham Hotspur,Harry Winks,Left Center Midfield,1,Tottenham Hotspur,Liverpool,44.9,60.7,,,,,,,,,,,,,,,
70ba5469-65c6-457b-aeee-280a2d2a79c1,Pass,0,10,1,Liverpool,Jordan Brian Henderson,Right Center Midfield,1,Tottenham Hotspur,Liverpool,75.2,19.4,Sadio Mané,Incomplete,Recovery,High Pass,,86.4,20.3,0.01870347,0.0241224,0.005418929999999999,,,,,
1691bc21-e242-4baf-8561-955ae0cd787a,Ball Receipt*,0,11,1,Liverpool,Sadio Mané,Left Wing,0,Tottenham Hotspur,Liverpool,91.0,18.6,,,,,,,,,,,,,,,
66785f3c-c999-4474-8f7f-5d09b11e64e1,Pass,0,11,1,Tottenham Hotspur,Toby Alderweireld,Right Center Back,0,Tottenham Hotspur,Liverpool,33.7,59.8,Harry Kane,Incomplete,Recovery,High Pass,Head,60.6,60.5,0.01110462,0.01611813,0.005013510000000001,,,,,
5dd70c63-4030-47d1-8a09-fae25c18ad4d,Ball Receipt*,0,14,1,Tottenham Hotspur,Harry Kane,Center Forward,0,Tottenham Hotspur,Liverpool,60.8,62.6,,,,,,,,,,,,,,,
3b52ec7a-0b60-480a-8673-475fce779342,Pass,0,14,1,Liverpool,Virgil van Dijk,Left Center Back,0,Tottenham Hotspur,Liverpool,59.5,19.6,Georginio Wijnaldum,,Recovery,Low Pass,Head,65.4,19.2,0.0138454,0.01611813,0.002272730000000001,,,,,
df4587a3-40a4-4b68-9a72-e48761ac6a4a,Pressure,0,15,1,Tottenham Hotspur,Harry Winks,Left Center Midfield,0,Tottenham Hotspur,Liverpool,52.6,59.6,,,,,,,,,,,,,,,
bdead4f4-7821-4837-9edc-424a8c433a65,Ball Receipt*,0,15,1,Liverpool,Georginio Wijnaldum,Left Center Midfield,1,Tottenham Hotspur,Liverpool,65.4,19.2,,,,,,,,,,,,,,,
80805ccb-f84b-4e42-a1fd-5fb5f07c6bfa,Carry,0,15,1,Liverpool,Georginio Wijnaldum,Left Center Midfield,1,Tottenham Hotspur,Liverpool,65.4,19.2,,,,,,,,,,,64.7,18.4,0.0,,
0be6b52c-a97a-40fd-aa49-ec977ed51727,Pass,0,16,1,Liverpool,Georginio Wijnaldum,Left Center Midfield,1,Tottenham Hotspur,Liverpool,64.7,18.4,Jordan Brian Henderson,,,Low Pass,Right Foot,64.9,23.8,0.01611813,0.01685596,0.0007378299999999983,,,,,
bc978401-3bdf-4d44-ac03-a0081664fd4e,Ball Receipt*,0,16,1,Liverpool,Jordan Brian Henderson,Right Center Midfield,0,Tottenham Hotspur,Liverpool,64.9,23.8,,,,,,,,,,,,,,,
78b43baf-e104-4903-8e83-9988b7dec943,Carry,0,16,1,Liverpool,Jordan Brian Henderson,Right Center Midfield,0,Tottenham Hotspur,Liverpool,64.9,23.8,,,,,,,,,,,64.3,24.3,0.0,,
58da02c1-4fc2-45ee-a8ae-7b40bdb01238,Pass,0,17,1,Liverpool,Jordan Brian Henderson,Right Center Midfield,0,Tottenham Hotspur,Liverpool,64.3,24.3,Sadio Mané,,,High Pass,Right Foot,99.2,24.5,0.01685596,0.02855202,0.01169606,,,,,
0db11b7a-2581-4f5e-a2d4-53b1c10a72b3,Ball Receipt*,0,19,1,Liverpool,Sadio Mané,Left Wing,0,Tottenham Hotspur,Liverpool,99.2,24.5,,,,,,,,,,,,,,,
39a3f79a-cec3-48f8-9358-39cabf146529,Carry,0,19,1,Liverpool,Sadio Mané,Left Wing,0,Tottenham Hotspur,Liverpool,99.2,24.5,,,,,,,,,,,106.1,23.4,0.02635936,,
954c4fd1-a071-4016-a44e-00b5441730d0,Pass,0,22,1,Liverpool,Sadio Mané,Left Wing,0,Tottenham Hotspur,Liverpool,106.1,23.4,Jordan Brian Henderson,Unknown,,High Pass,Right Foot,104.2,26.4,0.05491138,0.05491138,0.0,,,,,
108eb77f-7c6a-4a5d-997c-8a8ec1ef9672,Ball Receipt*,0,22,1,Liverpool,Jordan Brian Henderson,Right Center Midfield,0,Tottenham Hotspur,Liverpool,91.6,40.7,,,,,,,,,,,,,,,
8ff4ccaf-29e0-4476-bd12-3d0bfd45d510,Foul Committed,0,22,1,Tottenham Hotspur,Moussa Sissoko,Right Defensive Midfield,0,Tottenham Hotspur,Liverpool,15.7,54.2,,,,,,,,,,,,,,,
ea96e2b2-af1e-4157-a700-5919a9c075dc,Shot,1,48,1,Liverpool,Mohamed Salah,Right Wing,0,Tottenham Hotspur,Liverpool,108.2,40.1,,,,,,,,,,,,,,0.7835,Goal
f217b194-5f63-4e41-8d4f-e6a8f56733a4,Goal Keeper,1,48,1,Tottenham Hotspur,Hugo Lloris,Goalkeeper,0,Tottenham Hotspur,Liverpool,1.0,40.0,,,,,,,,,,,,,,,
b86d0c15-cee3-496d-9544-b49eba5819c0,Pass,2,42,1,Tottenham Hotspur,Harry Kane,Center Forward,0,Tottenham Hotspur,Liverpool,60.0,40.0,Bamidele Alli,,Kick Off,Ground Pass,Right Foot,43.4,40.3,0.01689528,0.01262646,-0.004268819999999998,,,,,
1420cb69-dc92-41ea-9b3e-0121d6e16cb9,Ball Receipt*,2,44,1,Tottenham Hotspur,Bamidele Alli,Center Attacking Midfield,0,Tottenham Hotspur,Liverpool,43.4,40.3,,,,,,,,,,,,,,,
5a153bbb-1e1e-4949-80d8-782d08b21bd6,Pass,2,45,1,Tottenham Hotspur,Bamidele Alli,Center Attacking Midfield,0,Tottenham Hotspur,Liverpool,42.8,40.3,,Incomplete,,High Pass,Right Foot,106.2,58.8,0.01262646,0.05491138,0.04228492,,,,,
4ade8d61-2e78-4f07-be68-08416d0be74e,Clearance,2,47,1,Liverpool,Virgil van Dijk,Left Center Back,1,Tottenham Hotspur,Liverpool,13.9,21.3,,,,,,,,,,,,,,,
679ccb6a-8d3c-43bd-b5c7-e0d5d057f6e7,Ball Recovery,2,48,1,Tottenham Hotspur,Christian Dannemann Eriksen,Right Wing,0,Tottenham Hotspur,Liverpool,97.8,68.2,,,,,,,,,,,,,,,
64a8132f-4ae5-420c-ac0a-61edee66455d,Carry,2,48,1,Tottenham Hotspur,Christian Dannemann Eriksen,Right Wing,1,Tottenham Hotspur,Liverpool,97.8,68.2,,,,,,,,,,,99.3,75.8,-0.001969599999999998,,
991c6a9c-d777-4b2e-8aa8-8731db475b46,Pressure,2,48,1,Liverpool,Georginio Wijnaldum,Left Center Midfield,0,Tottenham Hotspur,Liverpool,20.4,9.1,,,,,,,,,,,,,,,
997097db-1269-4564-9d90-1ab1f3df50b4,Pass,2,49,1,Tottenham Hotspur,Christian Dannemann Eriksen,Right Wing,0,Tottenham Hotspur,Liverpool,99.3,75.8,Harry Kane,Incomplete,,Ground Pass,Right Foot,105.6,72.4,0.02756312,0.03485072,0.007287600000000002,,,,,
13903a9e-c717-4aa2-b8ab-b13b36f6c3bc,Ball Receipt*,2,50,1,Tottenham Hotspur,Harry Kane,Center Forward,0,Tottenham Hotspur,Liverpool,106.4,69.3,,,,,,,,,,,,,,,
883a45ed-3525-445d-b167-304e3db4467d,Pass,2,50,1,Liverpool,Andrew Robertson,Left Back,0,Tottenham Hotspur,Liverpool,14.5,7.7,Roberto Firmino Barbosa de Oliveira,Incomplete,Recovery,High Pass,Left Foot,45.0,27.6,0.00779616,0.01269174,0.00489558,,,,,
c50439b7-bbf4-47b1-8fae-429ef29ab59e,Ball Receipt*,2,52,1,Liverpool,Roberto Firmino Barbosa de Oliveira,Center Forward,0,Tottenham Hotspur,Liverpool,43.3,25.1,,,,,,,,,,,,,,,
79a66d0d-8c8b-45a4-a5f1-e1d246732689,Pass,2,52,1,Tottenham Hotspur,Toby Alderweireld,Right Center Back,0,Tottenham Hotspur,Liverpool,75.1,52.5,Bamidele Alli,Incomplete,Recovery,High Pass,Head,91.9,51.6,0.01935132,0.02855202,0.0092007,,,,,
8678231e-f8b9-4156-b5b9-74490dbd22cb,Ball Receipt*,2,53,1,Tottenham Hotspur,Bamidele Alli,Center Attacking Midfield,0,Tottenham Hotspur,Liverpool,93.2,49.5,,,,,,,,,,,,,,,
53d96b64-9cb6-4081-9ea8-b1f7a11424f6,Pass,2,53,1,Liverpool,Fábio Henrique Tavares,Center Defensive Midfield,0,Tottenham Hotspur,Liverpool,28.2,28.5,Mohamed Salah,Incomplete,Recovery,High Pass,Head,64.2,29.7,0.01001304,0.01685596,0.006842919999999999,,,,,
f11bafcd-ffa4-4821-a75e-3aa8c465ac81,Ball Receipt*,2,56,1,Liverpool,Mohamed Salah,Right Wing,0,Tottenham Hotspur,Liverpool,59.6,31.6,,,,,,,,,,,,,,,
980e78ea-07b7-4766-a51b-c7a175cf5c1f,Pass,2,56,1,Tottenham Hotspur,Jan Vertonghen,Left Center Back,0,Tottenham Hotspur,Liverpool,55.9,50.4,Bamidele Alli,Incomplete,Recovery,High Pass,Head,75.0,52.7,0.01429128,0.01935132,0.005060040000000002,,,,,
3e6e1002-3993-4336-a480-ee114b92f89b,Ball Receipt*,2,57,1,Tottenham Hotspur,Bamidele Alli,Center Attacking Midfield,0,Tottenham Hotspur,Liverpool,74.5,49.9,,,,,,,,,,,,,,,
1ffcc6ee-c048-4670-96ff-cb095dc9130a,Pass,2,57,1,Liverpool,Fábio Henrique Tavares,Center Defensive Midfield,0,Tottenham Hotspur,Liverpool,45.1,27.4,Sadio Mané,Incomplete,Recovery,High Pass,Head,70.4,17.8,0.01269174,0.01870347,0.00601173,,,,,
351b6357-dbdc-4625-9507-419f41f18e18,Ball Receipt*,3,0,1,Liverpool,Sadio Mané,Left Wing,0,Tottenham Hotspur,Liverpool,69.6,15.0,,,,,,,,,,,,,,,
046c40e6-a465-4eac-b60a-1e1109dc13fe,Duel,3,0,1,Liverpool,Sadio Mané,Left Wing,1,Tottenham Hotspur,Liverpool,70.4,17.8,,,,,,,,,,,,,,,
cac06cc3-68b0-4cc6-98c0-e0caadaca530,Pass,3,0,1,Tottenham Hotspur,Kieran Trippier,Right Back,1,Tottenham Hotspur,Liverpool,49.7,62.3,Harry Winks,,Recovery,High Pass,,54.0,49.4,0.01214719,0.01484598,0.00269879,,,,,
c4ea159a-d4c7-4a36-a708-ac828e0a0244,Ball Receipt*,3,1,1,Tottenham Hotspur,Harry Winks,Left Center Midfield,0,Tottenham Hotspur,Liverpool,54.0,49.4,,,,,,,,,,,,,,,
a40924e7-b5ca-4f23-9025-ac535d63dab8,Foul Committed,3,1,1,Liverpool,Sadio Mané,Left Wing,0,Tottenham Hotspur,Liverpool,71.6,18.0,,,,,,,,,,,,,,,
ab97cfb7-8813-4f55-a13f-315fdc00a70f,Foul Won,3,1,1,Tottenham Hotspur,Kieran Trippier,Right Back,1,Tottenham Hotspur,Liverpool,48.5,62.1,,,,,,,,,,,,,,,
43d1ded6-f17e-4250-8e5d-39a21218d5da,Pass,3,1,1,Tottenham Hotspur,Harry Winks,Left Center Midfield,0,Tottenham Hotspur,Liverpool,53.6,50.1,Bamidele Alli,,,Low Pass,Right Foot,60.0,53.4,0.01429128,0.01685596,0.00256468,,,,,
e69f4668-c420-4bd3-b734-7c7630cfd18a,Pressure,3,1,1,Liverpool,Fábio Henrique Tavares,Center Defensive Midfield,0,Tottenham Hotspur,Liverpool,57.6,23.4,,,,,,,,,,,,,,,
10584549-9077-42dc-bef5-23c455164655,Ball Receipt*,3,2,1,Tottenham Hotspur,Bamidele Alli,Center Attacking Midfield,0,Tottenham Hotspur,Liverpool,60.0,53.4,,,,,,,,,,,,,,,
ce7abe50-a588-46a8-9336-14cf69a8154e,Carry,3,2,1,Tottenham Hotspur,Bamidele Alli,Center Attacking Midfield,0,Tottenham Hotspur,Liverpool,60.0,53.4,,,,,,,,,,,57.7,56.9,-0.00256468,,
961349c6-b5e5-453a-bd60-9c05c8de4e15,Pass,3,2,1,Tottenham Hotspur,Bamidele Alli,Center Attacking Midfield,0,Tottenham Hotspur,Liverpool,57.7,56.9,Christian Dannemann Eriksen,Out,,Ground Pass,Right Foot,77.7,80.0,0.01429128,0.0174506,0.00315932,,,,,
a0456b63-6e36-496b-8b15-89466a9ce697,Ball Receipt*,3,5,1,Tottenham Hotspur,Christian Dannemann Eriksen,Right Wing,0,Tottenham Hotspur,Liverpool,63.8,64.2,,,,,,,,,,,,,,,
bb75248f-a6dd-4ade-8c6d-05301df5efa9,Pass,3,19,1,Liverpool,Andrew Robertson,Left Back,0,Tottenham Hotspur,Liverpool,43.7,0.1,Sadio Mané,,Throw-in,High Pass,,53.6,8.5,0.01126267,0.01248344,0.001220769999999999,,,,,
9c03e47a-dff9-448c-8cdc-688b2b9ec088,Ball Receipt*,3,20,1,Liverpool,Sadio Mané,Left Wing,0,Tottenham Hotspur,Liverpool,53.6,8.5,,,,,,,,,,,,,,,
6fd1b89d-d316-496a-a7f1-1f8d07c348ef,Carry,3,20,1,Liverpool,Sadio Mané,Left Wing,1,Tottenham Hotspur,Liverpool,53.6,8.5,,,,,,,,,,,49.2,4.3,-0.001220769999999999,,
e6913135-9e26-464a-b2e6-41098b81aeb9,Pressure,3,20,1,Tottenham Hotspur,Moussa Sissoko,Right Defensive Midfield,0,Tottenham Hotspur,Liverpool,65.9,71.0,,,,,,,,,,,,,,,
c364a0a2-f88d-4906-ba66-c5e5ff13c0c5,Pass,3,21,1,Liverpool,Sadio Mané,Left Wing,1,Tottenham Hotspur,Liverpool,49.2,4.3,Andrew Robertson,,,Ground Pass,Right Foot,41.6,4.3,0.01126267,0.01126267,0.0,,,,,
f667df93-6c62-4a43-b2e3-b09db629f6d5,Ball Receipt*,3,22,1,Liverpool,Andrew Robertson,Left Back,0,Tottenham Hotspur,Liverpool,41.6,4.3,,,,,,,,,,,,,,,
8357ce7c-c0f1-44b0-bbb8-d1a66bcf1d0e,Pass,3,22,1,Liverpool,Andrew Robertson,Left Back,0,Tottenham Hotspur,Liverpool,41.6,4.3,Mohamed Salah,Incomplete,,Low Pass,Left Foot,63.7,51.2,0.01126267,0.01685596,0.005593289999999999,,,,,
e875e5f3-9838-43cf-af3f-9b2006cbe87a,Ball Receipt*,3,24,1,Liverpool,Mohamed Salah,Right Wing,0,Tottenham Hotspur,Liverpool,62.8,55.6,,,,,,,,,,,,,,,
5df26385-53a4-433a-be3a-29a4f6f4877b,Interception,3,24,1,Tottenham Hotspur,Danny Rose,Left Back,0,Tottenham Hotspur,Liverpool,56.4,28.9,,,,,,,,,,,,,,,
038c5b64-e189-4585-9911-b118db8385ea,Duel,3,27,1,Tottenham Hotspur,Heung-Min Son,Left Wing,1,Tottenham Hotspur,Liverpool,88.8,34.7,,,,,,,,,,,,,,,
b1d0afd0-0e26-4be0-b9b6-7ee788a8a9ff,Pass,3,27,1,Liverpool,Joël Andre Job Matip,Right Center Back,1,Tottenham Hotspur,Liverpool,31.3,45.4,Roberto Firmino Barbosa de Oliveira,,Recovery,High Pass,,54.6,46.8,0.01132376,0.01484598,0.00352222,,,,,
1149cdb7-09af-46a3-8c15-813362de591a,Ball Receipt*,3,29,1,Liverpool,Roberto Firmino Barbosa de Oliveira,Center Forward,0,Tottenham Hotspur,Liverpool,54.6,46.8,,,,,,,,,,,,,,,
2e541827-29a0-4a18-a0fb-0f57875c9fb9,Carry,3,29,1,Liverpool,Roberto Firmino Barbosa de Oliveira,Center Forward,0,Tottenham Hotspur,Liverpool,54.6,46.8,,,,,,,,,,,54.6,46.8,0.0,,
adb3a5d5-469d-4a35-a4a9-09652fffa260,Miscontrol,3,30,1,Liverpool,Roberto Firmino Barbosa de Oliveira,Center Forward,0,Tottenham Hotspur,Liverpool,54.6,46.8,,,,,,,,,,,,,,,
e3df0eb9-1f07-40b8-bfd6-579276b8475a,Pass,3,31,1,Tottenham Hotspur,Harry Winks,Left Center Midfield,0,Tottenham Hotspur,Liverpool,67.1,20.4,Bamidele Alli,Incomplete,Recovery,High Pass,Head,76.6,14.4,0.01685596,0.01870347,0.00184751,,,,,
48f2d36a-227b-4428-bf65-22f1f5278592,Ball Receipt*,3,33,1,Tottenham Hotspur,Bamidele Alli,Center Attacking Midfield,0,Tottenham Hotspur,Liverpool,74.0,17.5,,,,,,,,,,,,,,,
174bd590-320d-45d2-b0e7-29666352fc8a,Pass,3,33,1,Liverpool,Trent Alexander-Arnold,Right Back,0,Tottenham Hotspur,Liverpool,43.5,65.7,Mohamed Salah,Incomplete,Recovery,High Pass,Right Foot,78.1,64.7,0.01214719,0.01870347,0.006556279999999999,,,,,
b281cd2e-b5e5-40b7-bc14-db065ebcf9ca,Ball Receipt*,3,36,1,Liverpool,Mohamed Salah,Right Wing,0,Tottenham Hotspur,Liverpool,80.8,63.8,,,,,,,,,,,,,,,
ea8bd6fd-a927-468a-b846-ef1b214baae7,Pass,3,36,1,Tottenham Hotspur,Danny Rose,Left Back,0,Tottenham Hotspur,Liverpool,42.0,15.4,Heung-Min Son,,Recovery,High Pass,Head,60.5,16.5,0.01214719,0.01611813,0.003970940000000001,,,,,
a74bc63b-2609-4daf-9a23-bd651ed118d4,Ball Receipt*,3,37,1,Tottenham Hotspur,Heung-Min Son,Left Wing,0,Tottenham Hotspur,Liverpool,60.5,16.5,,,,,,,,,,,,,,,
83e0fe4d-c734-4cca-a55a-6b48bc80096e,Pass,3,38,1,Tottenham Hotspur,Heung-Min Son,Left Wing,0,Tottenham Hotspur,Liverpool,60.5,16.5,,Incomplete,,High Pass,Head,70.8,26.9,0.01611813,0.01935132,0.00323319,,,,,
f8a31cbc-4699-434d-b1fd-00ab0ea324fe,Ball Recovery,3,40,1,Liverpool,Fábio Henrique Tavares,Center Defensive Midfield,0,Tottenham Hotspur,Liverpool,49.3,53.2,,,,,,,,,,,,,,,
cdf85448-bcd7-4b6a-b28e-73d84ff9d57e,Carry,3,40,1,Liverpool,Fábio Henrique Tavares,Center Defensive Midfield,1,Tottenham Hotspur,Liverpool,49.3,53.2,,,,,,,,,,,50.0,51.8,0.00159954,,
2374dfba-a195-4807-90c3-9b76478b2930,Pressure,3,40,1,Tottenham Hotspur,Harry Kane,Center Forward,0,Tottenham Hotspur,Liverpool,68.0,25.7,,,,,,,,,,,,,,,
e5d40ec5-15ff-4363-94d3-9d48f938b2ad,Pass,3,41,1,Liverpool,Fábio Henrique Tavares,Center Defensive Midfield,1,Tottenham Hotspur,Liverpool,50.0,51.8,Roberto Firmino Barbosa de Oliveira,Incomplete,,High Pass,Right Foot,63.6,62.4,0.01429128,0.01611813,0.001826850000000001,,,,,
6936edac-ba70-4fa7-8d7e-e71f7ea3fc3f,Ball Receipt*,3,43,1,Liverpool,Roberto Firmino Barbosa de Oliveira,Center Forward,0,Tottenham Hotspur,Liverpool,63.3,64.5,,,,,,,,,,,,,,,
34774b07-3bce-4e00-a3de-1922fa75b5af,Pass,3,43,1,Tottenham Hotspur,Harry Winks,Left Center Midfield,1,Tottenham Hotspur,Liverpool,56.5,17.7,Bamidele Alli,Incomplete,Recovery,Low Pass,,58.6,22.3,0.0138454,0.01429128,0.0004458799999999992,,,,,
e2b9c4de-6246-46f5-b0a3-1338a4a84074,Duel,3,43,1,Liverpool,Roberto Firmino Barbosa de Oliveira,Center Forward,1,Tottenham Hotspur,Liverpool,63.6,62.4,,,,,,,,,,,,,,,
020e03f4-b2dd-43c9-81ef-fd4df72bda08,Ball Receipt*,3,44,1,Tottenham Hotspur,Bamidele Alli,Center Attacking Midfield,0,Tottenham Hotspur,Liverpool,61.6,22.7,,,,,,,,,,,,,,,
b2aad89a-22b8-4874-a50c-de0021bea359,Ball Recovery,3,44,1,Liverpool,Jordan Brian Henderson,Right Center Midfield,0,Tottenham Hotspur,Liverpool,61.5,57.8,,,,,,,,,,,,,,,
9544b305-b424-4536-afb1-31f004f9ac9b,Carry,3,44,1,Liverpool,Jordan Brian Henderson,Right Center Midfield,1,Tottenham Hotspur,Liverpool,61.5,57.8,,,,,,,,,,,62.2,58.3,0.0,,
ff6258ba-4533-435c-9be0-74090e97980b,Pressure,3,44,1,Tottenham Hotspur,Bamidele Alli,Center Attacking Midfield,0,Tottenham Hotspur,Liverpool,58.2,21.8,,,,,,,,,,,,,,,
5be682c7-2128-4a17-8f15-510f16f65f55,Pass,3,44,1,Liverpool,Jordan Brian Henderson,Right Center Midfield,1,Tottenham Hotspur,Liverpool,62.2,58.3,Sadio Mané,Incomplete,,High Pass,Right Foot,83.1,28.6,0.01685596,0.0241224,0.007266439999999999,,,,,
f42a09ad-8acc-485e-9d44-3d5129e64c59,Ball Receipt*,3,46,1,Liverpool,Sadio Mané,Left Wing,0,Tottenham Hotspur,Liverpool,76.9,28.8,,,,,,,,,,,,,,,
d71d3219-8ba6-444a-b95d-150f5b86a117,Pass,3,46,1,Tottenham Hotspur,Kieran Trippier,Right Back,0,Tottenham Hotspur,Liverpool,37.0,51.5,Toby Alderweireld,,Recovery,High Pass,Head,29.2,44.2,0.01110462,0.01016549,-0.0009391300000000016,,,,,
431d71e4-48f0-49ef-acae-578a417dd6b5,Ball Receipt*,3,48,1,Tottenham Hotspur,Toby Alderweireld,Right Center Back,0,Tottenham Hotspur,Liverpool,29.2,44.2,,,,,,,,,,,,,,,
c4aa24fd-8dbc-4c33-97a8-b52c4a8f5bbc,Pass,3,48,1,Tottenham Hotspur,Toby Alderweireld,Right Center Back,0,Tottenham Hotspur,Liverpool,29.2,44.2,Hugo Lloris,,,Low Pass,Head,7.3,48.1,0.01016549,0.00941056,-0.0007549299999999991,,,,,
cdd9910f-dc1a-4294-8874-74a44b4e08d5,Ball Receipt*,3,51,1,Tottenham Hotspur,Hugo Lloris,Goalkeeper,0,Tottenham Hotspur,Liverpool,7.3,48.1,,,,,,,,,,,,,,,
ed70d0c3-6a7b-48be-aec0-c2f7fe4090d7,Pass,3,57,1,Tottenham Hotspur,Hugo Lloris,Goalkeeper,0,Tottenham Hotspur,Liverpool,7.9,43.6,Toby Alderweireld,,,Ground Pass,Left Foot,10.2,52.1,0.00941056,0.00977745,0.0003668899999999999,,,,,
ab0790ea-2348-452e-9c8b-828e40f031b3,Ball Receipt*,3,58,1,Tottenham Hotspur,Toby Alderweireld,Right Center Back,0,Tottenham Hotspur,Liverpool,10.2,52.1,,,,,,,,,,,,,,,
be90e2df-ba30-4a3e-a8c5-a712c9816fe3,Pass,3,58,1,Tottenham Hotspur,Toby Alderweireld,Right Center Back,0,Tottenham Hotspur,Liverpool,11.7,47.8,Jan Vertonghen,,,Ground Pass,Right Foot,10.2,23.7,0.01082722,0.00977745,-0.00104977,,,,,
4ec3b2c1-4d08-4db7-a731-3ae90ff6beb8,Ball Receipt*,4,0,1,Tottenham Hotspur,Jan Vertonghen,Left Center Back,0,Tottenham Hotspur,Liverpool,10.2,23.7,,,,,,,,,,,,,,,
759eeeb2-5b4a-42e9-8ff6-43b7046b4d16,Carry,4,0,1,Tottenham Hotspur,Jan Vertonghen,Left Center Back,1,Tottenham Hotspur,Liverpool,10.2,23.7,,,,,,,,,,,9.6,25.2,-0.0008975500000000004,,
95d64d29-2a47-4ae2-b8d5-4a57daa70c9d,Pressure,4,1,1,Liverpool,Mohamed Salah,Right Wing,0,Tottenham Hotspur,Liverpool,104.7,56.4,,,,,,,,,,,,,,,
352d0bf4-2178-4ec5-a438-a000cdca66db,Pass,4,1,1,Tottenham Hotspur,Jan Vertonghen,Left Center Back,1,Tottenham Hotspur,Liverpool,9.6,25.2,Hugo Lloris,,,Ground Pass,Left Foot,3.3,40.7,0.0088799,0.00941056,0.0005306600000000005,,,,,
37afbd69-c823-48b2-90b0-9400d68e0aaf,Pressure,4,3,1,Liverpool,Mohamed Salah,Right Wing,0,Tottenham Hotspur,Liverpool,112.6,43.6,,,,,,,,,,,,,,,
30c78f6e-d854-4f5d-a54f-034b0d0c788a,Ball Receipt*,4,3,1,Tottenham Hotspur,Hugo Lloris,Goalkeeper,1,Tottenham Hotspur,Liverpool,3.3,40.7,,,,,,,,,,,,,,,
c8bc219d-a371-4e2e-9cf1-21e6bb5d2a1c,Carry,4,3,1,Tottenham Hotspur,Hugo Lloris,Goalkeeper,1,Tottenham Hotspur,Liverpool,3.3,40.7,,,,,,,,,,,3.9,40.9,0.0,,
ee04c744-e6d4-43eb-af5e-b5292dc1ea3e,Pass,4,3,1,Tottenham Hotspur,Hugo Lloris,Goalkeeper,1,Tottenham Hotspur,Liverpool,3.9,40.9,Toby Alderweireld,,,Ground Pass,Left Foot,3.7,55.8,0.00941056,0.0088799,-0.0005306600000000005,,,,,
a5d5748c-884c-4711-b9fc-6fe3d369a994,Pressure,4,4,1,Liverpool,Sadio Mané,Left Wing,0,Tottenham Hotspur,Liverpool,110.5,22.8,,,,,,,,,,,,,,,
2c8e275e-faff-453c-96b8-3f3c668dfdbc,Ball Receipt*,4,4,1,Tottenham Hotspur,Toby Alderweireld,Right Center Back,1,Tottenham Hotspur,Liverpool,3.7,55.8,,,,,,,,,,,,,,,
41acad38-c345-408e-918b-a0a0eeaab19f,Carry,4,4,1,Tottenham Hotspur,Toby Alderweireld,Right Center Back,1,Tottenham Hotspur,Liverpool,3.7,55.8,,,,,,,,,,,3.0,57.5,0.0,,
1c522ca9-8082-4c67-ad08-51984b8ff749,Pass,4,5,1,Tottenham Hotspur,Toby Alderweireld,Right Center Back,1,Tottenham Hotspur,Liverpool,3.0,57.5,Kieran Trippier,,,Ground Pass,Right Foot,14.8,76.9,0.0088799,0.00779616,-0.00108374,,,,,
b48614ed-aad1-427b-9959-0f474059df0d,Ball Receipt*,4,6,1,Tottenham Hotspur,Kieran Trippier,Right Back,0,Tottenham Hotspur,Liverpool,14.8,76.9,,,,,,,,,,,,,,,
887f1932-406a-4c33-9639-ea6ebb8a5074,Carry,4,6,1,Tottenham Hotspur,Kieran Trippier,Right Back,1,Tottenham Hotspur,Liverpool,14.8,76.9,,,,,,,,,,,13.6,76.2,0.0,,
5c5cdbcd-9d0f-4f77-81a9-6b05f36e0f60,Pressure,4,7,1,Liverpool,Sadio Mané,Left Wing,0,Tottenham Hotspur,Liverpool,111.6,5.8,,,,,,,,,,,,,,,
4df174b0-49b4-4a7d-8bd3-18777e28fd22,Pass,4,7,1,Tottenham Hotspur,Kieran Trippier,Right Back,1,Tottenham Hotspur,Liverpool,13.6,76.2,Christian Dannemann Eriksen,,,Low Pass,Right Foot,28.3,60.9,0.00779616,0.00942382,0.00162766,,,,,
ef670405-5d54-4d6c-be65-ef2034d77a3a,Ball Receipt*,4,8,1,Tottenham Hotspur,Christian Dannemann Eriksen,Right Wing,0,Tottenham Hotspur,Liverpool,28.3,60.9,,,,,,,,,,,,,,,
5ff37757-bf51-4376-afec-b84424d97cf5,Carry,4,8,1,Tottenham Hotspur,Christian Dannemann Eriksen,Right Wing,1,Tottenham Hotspur,Liverpool,28.3,60.9,,,,,,,,,,,29.5,59.8,0.0005892200000000014,,
9866352a-87f4-4375-9486-5e4c6d9e2486,Pressure,4,8,1,Liverpool,Georginio Wijnaldum,Left Center Midfield,0,Tottenham Hotspur,Liverpool,96.7,18.0,,,,,,,,,,,,,,,
21dfa211-ff99-4065-940b-50dec5d80a8c,Pass,4,9,1,Tottenham Hotspur,Christian Dannemann Eriksen,Right Wing,1,Tottenham Hotspur,Liverpool,29.5,59.8,Harry Winks,,,Ground Pass,Left Foot,30.6,43.4,0.01001304,0.01132376,0.00131072,,,,,
33b77225-a938-4fbf-a3c4-680d00c1c208,Ball Receipt*,4,10,1,Tottenham Hotspur,Harry Winks,Left Center Midfield,0,Tottenham Hotspur,Liverpool,30.6,43.4,,,,,,,,,,,,,,,
19e9270c-c0d0-412a-8e50-13c0db914d36,Carry,4,10,1,Tottenham Hotspur,Harry Winks,Left Center Midfield,1,Tottenham Hotspur,Liverpool,30.6,43.4,,,,,,,,,,,31.6,46.4,0.0,,
80d7ec5b-4daa-4b9e-9916-82bd80a49a77,Pressure,4,11,1,Liverpool,Jordan Brian Henderson,Right Center Midfield,0,Tottenham Hotspur,Liverpool,86.2,38.8,,,,,,,,,,,,,,,
52bbbd19-9206-4932-8ec8-0e1ca5469975,Pass,4,11,1,Tottenham Hotspur,Harry Winks,Left Center Midfield,1,Tottenham Hotspur,Liverpool,31.6,46.4,Toby Alderweireld,,,Ground Pass,Right Foot,14.6,56.3,0.01132376,0.00977745,-0.00154631,,,,,
f4259864-e992-4cda-b06a-4286c761e0f4,Ball Receipt*,4,12,1,Tottenham Hotspur,Toby Alderweireld,Right Center Back,0,Tottenham Hotspur,Liverpool,14.6,56.3,,,,,,,,,,,,,,,
c606bd81-1705-4986-bb14-c9cc503b011c,Carry,4,12,1,Tottenham Hotspur,Toby Alderweireld,Right Center Back,0,Tottenham Hotspur,Liverpool,14.6,56.3,,,,,,,,,,,14.6,53.7,0.0,,
2d592d98-5e99-4f43-8d01-597361590001,Pass,4,13,1,Tottenham Hotspur,Toby Alderweireld,Right Center Back,0,Tottenham Hotspur,Liverpool,14.6,53.7,Danny Rose,,,High Pass,Left Foot,35.6,3.7,0.00977745,0.00977659,-8.600000000000968e-07,,,,,
c3d46305-8bd4-4f3a-9641-cecc20d05b1a,Ball Receipt*,4,15,1,Tottenham Hotspur,Danny Rose,Left Back,0,Tottenham Hotspur,Liverpool,35.6,3.7,,,,,,,,,,,,,,,
b6d46db9-25be-402f-b810-f3a0acb04559,Carry,4,15,1,Tottenham Hotspur,Danny Rose,Left Back,1,Tottenham Hotspur,Liverpool,35.6,3.7,,,,,,,,,,,49.7,2.0,0.001486080000000001,,
4dc095fc-ff19-418c-a5ed-c06aca1e39d1,Pressure,4,18,1,Liverpool,Jordan Brian Henderson,Right Center Midfield,0,Tottenham Hotspur,Liverpool,69.6,74.1,,,,,,,,,,,,,,,
70d6e30d-56f8-4ba7-9335-a782ddd35ec2,Pass,4,18,1,Tottenham Hotspur,Danny Rose,Left Back,1,Tottenham Hotspur,Liverpool,49.7,2.0,Heung-Min Son,,,Ground Pass,Left Foot,64.4,2.0,0.01126267,0.01473596,0.003473289999999999,,,,,
bd0c4d01-4e49-48e7-894d-14a3086b21ed,Ball Receipt*,4,19,1,Tottenham Hotspur,Heung-Min Son,Left Wing,0,Tottenham Hotspur,Liverpool,64.4,2.0,,,,,,,,,,,,,,,
a3fcb5c2-a49b-4e3c-8a3e-07fa91b04ba2,Carry,4,19,1,Tottenham Hotspur,Heung-Min Son,Left Wing,0,Tottenham Hotspur,Liverpool,64.4,2.0,,,,,,,,,,,49.3,5.4,-0.003473289999999999,,
9e471f20-72a6-4d9c-a362-dc333983844f,Pass,4,22,1,Tottenham Hotspur,Heung-Min Son,Left Wing,0,Tottenham Hotspur,Liverpool,49.3,5.4,Jan Vertonghen,,,Ground Pass,Right Foot,41.9,10.2,0.01126267,0.01214719,0.0008845199999999998,,,,,
1881d7fb-0a16-4439-a2f1-c1e6c2b90771,Ball Receipt*,4,24,1,Tottenham Hotspur,Jan Vertonghen,Left Center Back,0,Tottenham Hotspur,Liverpool,41.9,10.2,,,,,,,,,,,,,,,
de2d9b83-c078-4957-b138-0b3fc58569df,Carry,4,24,1,Tottenham Hotspur,Jan Vertonghen,Left Center Back,0,Tottenham Hotspur,Liverpool,41.9,10.2,,,,,,,,,,,41.1,13.2,0.0,,
ee88ec07-8871-48af-a09f-4a4804311d66,Pass,4,24,1,Tottenham Hotspur,Jan Vertonghen,Left Center Back,0,Tottenham Hotspur,Liverpool,41.1,13.2,Toby Alderweireld,,,Ground Pass,Left Foot,40.7,42.2,0.01214719,0.01262646,0.0004792700000000004,,,,,
19de9e7e-21c2-437f-b346-24ec63d27f08,Ball Receipt*,4,26,1,Tottenham Hotspur,Toby Alderweireld,Right Center Back,0,Tottenham Hotspur,Liverpool,40.7,42.2,,,,,,,,,,,,,,,
3d4b1e45-fc4a-4f3d-9db3-f14c9228322b,Carry,4,26,1,Tottenham Hotspur,Toby Alderweireld,Right Center Back,0,Tottenham Hotspur,Liverpool,40.7,42.2,,,,,,,,,,,41.3,46.0,0.0,,
b1e262cd-97da-4bbf-bf75-f503e7c9a2c2,Pass,4,28,1,Tottenham Hotspur,Toby Alderweireld,Right Center Back,0,Tottenham Hotspur,Liverpool,41.3,46.0,Bamidele Alli,Incomplete,,High Pass,Right Foot,98.2,20.5,0.01262646,0.02855202,0.01592556,,,,,
0ff8f99f-88e7-4fcc-99d6-b75ef2a8e3ee,Ball Receipt*,4,32,1,Tottenham Hotspur,Bamidele Alli,Center Attacking Midfield,0,Tottenham Hotspur,Liverpool,98.9,23.5,,,,,,,,,,,,,,,
c7a08fcc-ffd3-443e-b647-56820d843703,Ball Recovery,4,32,1,Liverpool,Trent Alexander-Arnold,Right Back,0,Tottenham Hotspur,Liverpool,21.9,59.6,,,,,,,,,,,,,,,
06cfb861-933d-46b0-8051-3678d9400cfa,Ball Recovery,4,33,1,Tottenham Hotspur,Bamidele Alli,Center Attacking Midfield,0,Tottenham Hotspur,Liverpool,104.3,17.2,,,,,,,,,,,,,,,
6f310718-fa51-4c7f-b39a-b3cd560c65c6,Carry,4,33,1,Tottenham Hotspur,Bamidele Alli,Center Attacking Midfield,1,Tottenham Hotspur,Liverpool,104.3,17.2,,,,,,,,,,,99.9,17.4,-0.0111372,,
8da30aeb-1550-4389-ab71-6b1890de729f,Pressure,4,33,1,Liverpool,Trent Alexander-Arnold,Right Back,0,Tottenham Hotspur,Liverpool,14.7,65.9,,,,,,,,,,,,,,,
2b45a397-11fc-41fb-803d-7f183a6c2370,Pass,4,34,1,Tottenham Hotspur,Bamidele Alli,Center Attacking Midfield,1,Tottenham Hotspur,Liverpool,99.9,17.4,Heung-Min Son,,,Ground Pass,Right Foot,100.1,24.7,0.02953272,0.05491138,0.02537866,,,,,
d65c4077-76d2-4423-b3c2-036ddfe9a9fa,Ball Receipt*,4,36,1,Tottenham Hotspur,Heung-Min Son,Left Wing,0,Tottenham Hotspur,Liverpool,100.1,24.7,,,,,,,,,,,,,,,
31eec6d3-0e46-4fef-bf2b-25515b6b0378,Carry,4,36,1,Tottenham Hotspur,Heung-Min Son,Left Wing,1,Tottenham Hotspur,Liverpool,100.1,24.7,,,,,,,,,,,106.0,24.5,0.0,,
5d868b44-4c93-4dc6-b3fa-022c8d28837b,Pressure,4,36,1,Liverpool,Jordan Brian Henderson,Right Center Midfield,0,Tottenham Hotspur,Liverpool,15.8,54.7,,,,,,,,,,,,,,,
97a55d81-1023-4eee-b9d2-3d0c65fde3ea,Dispossessed,4,37,1,Tottenham Hotspur,Heung-Min Son,Left Wing,1,Tottenham Hotspur,Liverpool,106.0,24.5,,,,,,,,,,,,,,,
6f018a48-e18f-4b5c-8b0e-53e4278ce5dd,Duel,4,37,1,Liverpool,Jordan Brian Henderson,Right Center Midfield,1,Tottenham Hotspur,Liverpool,14.1,55.6,,,,,,,,,,,,,,,
33131ce4-5bab-44ba-a1f5-04d975862714,Pass,5,16,1,Tottenham Hotspur,Kieran Trippier,Right Back,0,Tottenham Hotspur,Liverpool,120.0,0.1,Jan Vertonghen,Incomplete,Corner,High Pass,Right Foot,110.6,44.3,0.0379259,0.25745362,0.21952772,,,,,
f3961595-c975-4b4f-800f-cf1e1f4a0a61,Ball Receipt*,5,18,1,Tottenham Hotspur,Jan Vertonghen,Left Center Back,0,Tottenham Hotspur,Liverpool,109.6,44.7,,,,,,,,,,,,,,,
54055cfa-e1dc-4407-a25d-72cf7d36650a,Duel,5,18,1,Tottenham Hotspur,Jan Vertonghen,Left Center Back,1,Tottenham Hotspur,Liverpool,110.6,44.3,,,,,,,,,,,,,,,
40c4f0af-6335-4aa2-abdb-fc13d0dd668e,Clearance,5,18,1,Liverpool,Virgil van Dijk,Left Center Back,1,Tottenham Hotspur,Liverpool,9.5,35.8,,,,,,,,,,,,,,,
99d8f623-3638-48b0-9128-ac0a3d9f6bd5,Pressure,5,21,1,Liverpool,Mohamed Salah,Right Wing,0,Tottenham Hotspur,Liverpool,34.7,28.7,,,,,,,,,,,,,,,
c81f3c37-df21-46c2-8503-8374d8ebdc95,Ball Recovery,5,22,1,Tottenham Hotspur,Moussa Sissoko,Right Defensive Midfield,1,Tottenham Hotspur,Liverpool,82.5,55.6,,,,,,,,,,,,,,,
f7edabd4-4e42-401b-b027-8045c82d1b3b,Carry,5,22,1,Tottenham Hotspur,Moussa Sissoko,Right Defensive Midfield,1,Tottenham Hotspur,Liverpool,82.5,55.6,,,,,,,,,,,76.4,57.5,-0.004771079999999997,,
0e452722-f9b2-4a44-81ec-50b268350dba,Pass,5,23,1,Tottenham Hotspur,Moussa Sissoko,Right Defensive Midfield,1,Tottenham Hotspur,Liverpool,76.4,57.5,Hugo Lloris,,,Ground Pass,Right Foot,25.3,53.5,0.01935132,0.01001304,-0.009338280000000001,,,,,
88ae8ddc-2559-40bb-aa75-705647140be6,Ball Receipt*,5,27,1,Tottenham Hotspur,Hugo Lloris,Goalkeeper,0,Tottenham Hotspur,Liverpool,25.3,53.5,,,,,,,,,,,,,,,
7d9a214d-d1d4-40bc-ae47-3ef420780561,Carry,5,27,1,Tottenham Hotspur,Hugo Lloris,Goalkeeper,0,Tottenham Hotspur,Liverpool,25.3,53.5,,,,,,,,,,,22.8,50.8,0.0,,
ef55686a-f9b0-4db9-bf09-0e48d6ec4fa5,Pass,5,28,1,Tottenham Hotspur,Hugo Lloris,Goalkeeper,0,Tottenham Hotspur,Liverpool,22.8,50.8,Jan Vertonghen,,,Ground Pass,Left Foot,29.5,14.6,0.01001304,0.00942382,-0.0005892200000000014,,,,,
a71a2d61-4ed1-485c-94d4-30b5f4f72a36,Ball Receipt*,5,30,1,Tottenham Hotspur,Jan Vertonghen,Left Center Back,0,Tottenham Hotspur,Liverpool,29.5,14.6,,,,,,,,,,,,,,,
281feddd-ec01-41e8-92a8-24a1c629b948,Carry,5,30,1,Tottenham Hotspur,Jan Vertonghen,Left Center Back,0,Tottenham Hotspur,Liverpool,29.5,14.6,,,,,,,,,,,36.7,10.0,0.001171080000000001,,
4d8c81d1-4578-4c1e-bbb5-d3a6d8ade2b5,Pass,5,34,1,Tottenham Hotspur,Jan Vertonghen,Left Center Back,0,Tottenham Hotspur,Liverpool,36.7,10.0,Hugo Lloris,,,Ground Pass,Right Foot,10.4,28.5,0.0105949,0.00977745,-0.0008174500000000008,,,,,
54b538db-2454-4697-bfd3-7000418c82e7,Ball Receipt*,5,36,1,Tottenham Hotspur,Hugo Lloris,Goalkeeper,0,Tottenham Hotspur,Liverpool,10.4,28.5,,,,,,,,,,,,,,,
218fe875-49ea-4b88-b252-c4332274a473,Carry,5,36,1,Tottenham Hotspur,Hugo Lloris,Goalkeeper,0,Tottenham Hotspur,Liverpool,10.4,28.5,,,,,,,,,,,8.9,29.6,-0.0008975500000000004,,
77611f01-ace0-456a-b7b8-5cecb9e984cf,Pass,5,38,1,Tottenham Hotspur,Hugo Lloris,Goalkeeper,0,Tottenham Hotspur,Liverpool,8.9,29.6,Toby Alderweireld,,,Ground Pass,Left Foot,20.5,57.1,0.0088799,0.01001304,0.001133140000000001,,,,,
8fb69904-f714-42b5-8c36-43878bffd4a1,Ball Receipt*,5,39,1,Tottenham Hotspur,Toby Alderweireld,Right Center Back,0,Tottenham Hotspur,Liverpool,20.5,57.1,,,,,,,,,,,,,,,
1dd4533a-642b-4733-a082-10bbcce361f7,Carry,5,39,1,Tottenham Hotspur,Toby Alderweireld,Right Center Back,0,Tottenham Hotspur,Liverpool,20.5,57.1,,,,,,,,,,,22.0,59.4,0.0,,
0630376e-0640-4e48-a1c5-13a79cc0a193,Pass,5,43,1,Tottenham Hotspur,Toby Alderweireld,Right Center Back,0,Tottenham Hotspur,Liverpool,22.0,59.4,Kieran Trippier,,,Ground Pass,Right Foot,43.2,76.2,0.01001304,0.01126267,0.00124963,,,,,
304e5365-8cdf-4258-89c3-b3b6967ea6b7,Ball Receipt*,5,44,1,Tottenham Hotspur,Kieran Trippier,Right Back,0,Tottenham Hotspur,Liverpool,43.2,76.2,,,,,,,,,,,,,,,
e0889313-f5f7-45ea-9e0c-eb64463ede04,Carry,5,44,1,Tottenham Hotspur,Kieran Trippier,Right Back,1,Tottenham Hotspur,Liverpool,43.2,76.2,,,,,,,,,,,53.5,77.1,0.001220769999999999,,
8e442fa2-21fd-46e9-9bba-cd50440ee8da,Pressure,5,45,1,Liverpool,Roberto Firmino Barbosa de Oliveira,Center Forward,0,Tottenham Hotspur,Liverpool,77.3,8.9,,,,,,,,,,,,,,,
8c91c85b-50c8-48a4-b106-2916574fbf72,Pass,5,46,1,Tottenham Hotspur,Kieran Trippier,Right Back,1,Tottenham Hotspur,Liverpool,53.5,77.1,Bamidele Alli,Incomplete,,Ground Pass,Right Foot,63.4,57.5,0.01248344,0.01685596,0.00437252,,,,,
40e78115-f543-44d5-b9e6-33cb3c0692b0,Ball Receipt*,5,47,1,Tottenham Hotspur,Bamidele Alli,Center Attacking Midfield,0,Tottenham Hotspur,Liverpool,64.2,43.6,,,,,,,,,,,,,,,
31a52497-8438-4d02-8708-ad395e351321,Ball Recovery,5,47,1,Liverpool,Fábio Henrique Tavares,Center Defensive Midfield,0,Tottenham Hotspur,Liverpool,56.7,22.6,,,,,,,,,,,,,,,
fcae1a0f-57d0-4832-b670-a4d2d6eb5bad,Carry,5,47,1,Liverpool,Fábio Henrique Tavares,Center Defensive Midfield,0,Tottenham Hotspur,Liverpool,56.7,22.6,,,,,,,,,,,58.0,23.2,0.0,,
d7b1f8cc-1636-49cc-bec8-f7434a1dfb9e,Pass,5,48,1,Liverpool,Fábio Henrique Tavares,Center Defensive Midfield,0,Tottenham Hotspur,Liverpool,58.0,23.2,Sadio Mané,,,Low Pass,Right Foot,77.8,31.0,0.01429128,0.0199707,0.005679420000000001,,,,,
b0dcee6a-5034-444f-a617-9ab56d3e0c66,Ball Receipt*,5,49,1,Liverpool,Sadio Mané,Left Wing,0,Tottenham Hotspur,Liverpool,77.8,31.0,,,,,,,,,,,,,,,
86102118-7651-42c8-ab52-248257e6250b,Carry,5,49,1,Liverpool,Sadio Mané,Left Wing,1,Tottenham Hotspur,Liverpool,77.8,31.0,,,,,,,,,,,85.3,50.7,0.004151699999999998,,
6879c356-7be6-48f7-97e0-72d37e8d3263,Pressure,5,50,1,Tottenham Hotspur,Harry Winks,Left Center Midfield,0,Tottenham Hotspur,Liverpool,40.0,44.1,,,,,,,,,,,,,,,
64f9eb3e-9784-4218-bdc2-a7a2c49e84be,Pass,5,53,1,Liverpool,Sadio Mané,Left Wing,0,Tottenham Hotspur,Liverpool,85.3,50.7,Jordan Brian Henderson,,,Ground Pass,Left Foot,78.2,53.3,0.0241224,0.01935132,-0.004771079999999997,,,,,
b9ae82f2-69ce-47b2-931e-fc9609c06d49,Ball Receipt*,5,53,1,Liverpool,Jordan Brian Henderson,Right Center Midfield,0,Tottenham Hotspur,Liverpool,78.2,53.3,,,,,,,,,,,,,,,
17aa9614-f6d9-48a0-bcf3-a2fce28c7ba9,Carry,5,53,1,Liverpool,Jordan Brian Henderson,Right Center Midfield,1,Tottenham Hotspur,Liverpool,78.2,53.3,,,,,,,,,,,81.1,50.3,0.004771079999999997,,
934f97d2-fcb8-4256-bd46-77f2e253bed1,Pressure,5,53,1,Tottenham Hotspur,Heung-Min Son,Left Wing,0,Tottenham Hotspur,Liverpool,39.6,24.5,,,,,,,,,,,,,,,
fe07f9b0-97d1-4b89-afcc-6021ba53e4a4,Pass,5,54,1,Liverpool,Jordan Brian Henderson,Right Center Midfield,1,Tottenham Hotspur,Liverpool,81.1,50.3,Sadio Mané,,,Ground Pass,Left Foot,88.5,65.0,0.0241224,0.02401521,-0.0001071900000000001,,,,,
6cc6f75f-9672-4f50-8228-ed79c3162d95,Ball Receipt*,5,55,1,Liverpool,Sadio Mané,Left Wing,0,Tottenham Hotspur,Liverpool,88.5,65.0,,,,,,,,,,,,,,,
1da1bf45-4324-4d62-b27e-ea138af0d333,Carry,5,55,1,Liverpool,Sadio Mané,Left Wing,0,Tottenham Hotspur,Liverpool,88.5,65.0,,,,,,,,,,,91.8,65.0,0.00551751,,
d18b5262-8712-45c5-a749-4682922a37ee,Pass,5,59,1,Liverpool,Sadio Mané,Left Wing,0,Tottenham Hotspur,Liverpool,91.8,65.0,Mohamed Salah,,,Ground Pass,Right Foot,104.0,56.8,0.02953272,0.05491138,0.02537866,,,,,
d326d08c-0f5b-4da0-971f-c2ef71c9277b,Ball Receipt*,6,0,1,Liverpool,Mohamed Salah,Right Wing,0,Tottenham Hotspur,Liverpool,104.0,56.8,,,,,,,,,,,,,,,
512a8f1d-5812-44c5-bc72-f049c2d951f4,Carry,6,0,1,Liverpool,Mohamed Salah,Right Wing,1,Tottenham Hotspur,Liverpool,104.0,56.8,,,,,,,,,,,105.1,56.6,0.0,,
07d176eb-8ad5-4173-afb1-001649142c30,Pressure,6,0,1,Tottenham Hotspur,Jan Vertonghen,Left Center Back,0,Tottenham Hotspur,Liverpool,14.0,24.7,,,,,,,,,,,,,,,
12fe5ca2-9898-45ac-a882-8db019d359be,Pass,6,1,1,Liverpool,Mohamed Salah,Right Wing,1,Tottenham Hotspur,Liverpool,105.1,56.6,Sadio Mané,Incomplete,,Ground Pass,Left Foot,104.0,51.4,0.05491138,0.05491138,0.0,,,,,
3e33fdf7-361b-47ea-858f-41b4f668bbf7,Ball Receipt*,6,2,1,Liverpool,Sadio Mané,Left Wing,0,Tottenham Hotspur,Liverpool,99.0,49.3,,,,,,,,,,,,,,,
2757a594-f6f2-42a2-a9ef-e801c6fc6e98,Pass,6,2,1,Tottenham Hotspur,Heung-Min Son,Left Wing,0,Tottenham Hotspur,Liverpool,16.1,28.7,Toby Alderweireld,,Recovery,Ground Pass,Left Foot,14.2,33.6,0.00977745,0.01082722,0.00104977,,,,,
e553c0fb-2e39-431a-96b4-633f30c1b440,Ball Receipt*,6,3,1,Tottenham Hotspur,Toby Alderweireld,Right Center Back,0,Tottenham Hotspur,Liverpool,14.2,33.6,,,,,,,,,,,,,,,
01d8c875-13c9-4438-96cc-90dbd01c203c,Pass,6,3,1,Tottenham Hotspur,Toby Alderweireld,Right Center Back,0,Tottenham Hotspur,Liverpool,13.6,33.6,,Out,,High Pass,Right Foot,37.1,0.8,0.01082722,0.00977659,-0.00105063,,,,,
338b0a8f-66cd-46b6-99b4-c9ae3950390e,Pass,6,31,1,Liverpool,Trent Alexander-Arnold,Right Back,0,Tottenham Hotspur,Liverpool,83.4,80.0,Mohamed Salah,Incomplete,Throw-in,High Pass,,112.4,69.7,0.02122129,0.04647721,0.02525592,,,,,
72593959-255c-4842-a19e-44640d5d48ff,Ball Receipt*,6,33,1,Liverpool,Mohamed Salah,Right Wing,0,Tottenham Hotspur,Liverpool,107.2,70.3,,,,,,,,,,,,,,,
4d409667-81b7-40c3-b2fe-0e28dc593b16,Pass,6,33,1,Tottenham Hotspur,Danny Rose,Left Back,0,Tottenham Hotspur,Liverpool,7.7,10.4,Hugo Lloris,,Recovery,Ground Pass,Left Foot,3.3,27.7,0.00750072,0.0088799,0.00137918,,,,,
d5c4632b-d502-416a-a929-b829c621d376,Pressure,6,34,1,Liverpool,Sadio Mané,Left Wing,0,Tottenham Hotspur,Liverpool,110.7,46.8,,,,,,,,,,,,,,,
8d1f240f-3a15-452c-a169-5156bb2a4b61,Ball Receipt*,6,35,1,Tottenham Hotspur,Hugo Lloris,Goalkeeper,1,Tottenham Hotspur,Liverpool,3.3,27.7,,,,,,,,,,,,,,,
49d4ce1d-b25e-4ed5-ba27-e8c36562589b,Pass,6,35,1,Tottenham Hotspur,Hugo Lloris,Goalkeeper,1,Tottenham Hotspur,Liverpool,3.7,25.2,Harry Kane,Incomplete,,High Pass,Left Foot,63.6,11.1,0.0088799,0.01611813,0.007238230000000002,,,,,
d3fa87ed-50a4-4c2d-b610-c1fd3a707476,Ball Receipt*,6,38,1,Tottenham Hotspur,Harry Kane,Center Forward,0,Tottenham Hotspur,Liverpool,60.8,10.9,,,,,,,,,,,,,,,
72d06ffa-b55d-46f4-a255-9c998c21a76b,Ball Recovery,6,38,1,Liverpool,Joël Andre Job Matip,Right Center Back,0,Tottenham Hotspur,Liverpool,56.5,69.0,,,,,,,,,,,,,,,
fc841fb9-8c3d-47c7-8a58-9308afc94640,Pressure,6,40,1,Liverpool,Trent Alexander-Arnold,Right Back,0,Tottenham Hotspur,Liverpool,40.1,73.4,,,,,,,,,,,,,,,
e31e1996-b5aa-4544-899c-01e251fa6e03,Ball Recovery,6,41,1,Tottenham Hotspur,Bamidele Alli,Center Attacking Midfield,1,Tottenham Hotspur,Liverpool,90.9,4.1,,,,,,,,,,,,,,,
c61838ca-5287-4849-87d1-2ca876de199b,Carry,6,41,1,Tottenham Hotspur,Bamidele Alli,Center Attacking Midfield,1,Tottenham Hotspur,Liverpool,90.9,4.1,,,,,,,,,,,97.0,4.3,0.0,,
e57f6956-64e3-451c-9757-4511f12cd4c6,Dispossessed,6,42,1,Tottenham Hotspur,Bamidele Alli,Center Attacking Midfield,1,Tottenham Hotspur,Liverpool,97.0,4.3,,,,,,,,,,,,,,,
139ded2c-af84-491c-8bf1-8991a309481c,Duel,6,42,1,Liverpool,Trent Alexander-Arnold,Right Back,1,Tottenham Hotspur,Liverpool,23.1,75.8,,,,,,,,,,,,,,,
4f50c00a-1201-498e-9fc3-bd0d944b6eff,Carry,6,42,1,Liverpool,Trent Alexander-Arnold,Right Back,1,Tottenham Hotspur,Liverpool,23.1,75.8,,,,,,,,,,,2.1,66.3,-0.0009478199999999994,,
42b340d2-2c55-444e-b39d-179910b1e940,Pressure,6,44,1,Tottenham Hotspur,Bamidele Alli,Center Attacking Midfield,0,Tottenham Hotspur,Liverpool,111.9,11.1,,,,,,,,,,,,,,,
df879a8d-d7e2-48a7-8856-783928669917,Pass,6,45,1,Liverpool,Trent Alexander-Arnold,Right Back,1,Tottenham Hotspur,Liverpool,2.1,66.3,,Out,,Low Pass,Right Foot,26.9,79.5,0.00750072,0.00844854,0.0009478199999999994,,,,,
1d2d0ba9-3d03-4317-8118-9c0f94a4f7f6,Pass,6,55,1,Tottenham Hotspur,Heung-Min Son,Left Wing,0,Tottenham Hotspur,Liverpool,84.6,0.1,Jan Vertonghen,,Throw-in,High Pass,,56.6,8.1,0.02122129,0.01248344,-0.00873785,,,,,
12842dc2-abb8-4eb3-a280-5e8e08de4659,Ball Receipt*,6,58,1,Tottenham Hotspur,Jan Vertonghen,Left Center Back,0,Tottenham Hotspur,Liverpool,56.6,8.1,,,,,,,,,,,,,,,
14ca5502-2ca9-436d-8580-51c517a4cd84,Carry,6,58,1,Tottenham Hotspur,Jan Vertonghen,Left Center Back,0,Tottenham Hotspur,Liverpool,56.6,8.1,,,,,,,,,,,55.2,12.3,0.001361960000000001,,
b7c34b7d-ba54-486a-8e30-f907995f3332,Pass,6,59,1,Tottenham Hotspur,Jan Vertonghen,Left Center Back,0,Tottenham Hotspur,Liverpool,55.2,12.3,Toby Alderweireld,,,Ground Pass,Right Foot,47.8,33.1,0.0138454,0.01262646,-0.00121894,,,,,
858b2b96-f8bd-449a-9618-a57a1dda5beb,Ball Receipt*,7,0,1,Tottenham Hotspur,Toby Alderweireld,Right Center Back,0,Tottenham Hotspur,Liverpool,47.8,33.1,,,,,,,,,,,,,,,
f2a586be-1b6e-4404-857a-468955e32b65,Carry,7,0,1,Tottenham Hotspur,Toby Alderweireld,Right Center Back,0,Tottenham Hotspur,Liverpool,47.8,33.1,,,,,,,,,,,49.3,36.3,0.0,,
1fcc70ea-cbfd-400e-bdb1-45fa7ea93111,Pass,7,2,1,Tottenham Hotspur,Toby Alderweireld,Right Center Back,0,Tottenham Hotspur,Liverpool,49.3,36.3,Jan Vertonghen,,,Ground Pass,Right Foot,49.1,22.2,0.01262646,0.01269174,6.527999999999916e-05,,,,,
2c248ddd-eb17-453e-beac-327552b832f2,Ball Receipt*,7,4,1,Tottenham Hotspur,Jan Vertonghen,Left Center Back,0,Tottenham Hotspur,Liverpool,49.1,22.2,,,,,,,,,,,,,,,
3bad5f76-a04b-43cf-bd24-a513ebe6166d,Carry,7,4,1,Tottenham Hotspur,Jan Vertonghen,Left Center Back,0,Tottenham Hotspur,Liverpool,49.1,22.2,,,,,,,,,,,50.8,23.7,0.00159954,,
abf5b535-5d7f-44b3-bd1c-3bcdeed15faa,Pass,7,8,1,Tottenham Hotspur,Jan Vertonghen,Left Center Back,0,Tottenham Hotspur,Liverpool,50.8,23.7,Toby Alderweireld,,,Ground Pass,Left Foot,46.5,38.2,0.01429128,0.01262646,-0.001664819999999999,,,,,
95b97fab-a32a-44ff-a277-9719433786a5,Pressure,7,9,1,Liverpool,Sadio Mané,Left Wing,0,Tottenham Hotspur,Liverpool,67.7,39.2,,,,,,,,,,,,,,,
a69b137e-8fa0-43dc-8125-281bf48d876d,Ball Receipt*,7,9,1,Tottenham Hotspur,Toby Alderweireld,Right Center Back,1,Tottenham Hotspur,Liverpool,46.5,38.2,,,,,,,,,,,,,,,
cef495b3-7672-4f97-a9a1-a81ac90cc450,Carry,7,9,1,Tottenham Hotspur,Toby Alderweireld,Right Center Back,1,Tottenham Hotspur,Liverpool,46.5,38.2,,,,,,,,,,,47.8,35.5,0.0,,
bfe52b01-d083-41c9-a4db-612de3a9df98,Pressure,7,9,1,Liverpool,Roberto Firmino Barbosa de Oliveira,Center Forward,0,Tottenham Hotspur,Liverpool,70.0,48.4,,,,,,,,,,,,,,,
649a14f0-fc95-41bf-979a-e421593f4392,Pass,7,10,1,Tottenham Hotspur,Toby Alderweireld,Right Center Back,1,Tottenham Hotspur,Liverpool,47.8,35.5,Jan Vertonghen,,,Low Pass,Right Foot,40.5,17.4,0.01262646,0.01214719,-0.0004792700000000004,,,,,
c8c5b9bf-492b-4cb4-a48e-7b58e111e92b,Ball Receipt*,7,12,1,Tottenham Hotspur,Jan Vertonghen,Left Center Back,0,Tottenham Hotspur,Liverpool,40.5,17.4,,,,,,,,,,,,,,,
0ae0d900-fb0b-46bd-8f4f-a1860626d3d8,Carry,7,12,1,Tottenham Hotspur,Jan Vertonghen,Left Center Back,0,Tottenham Hotspur,Liverpool,40.5,17.4,,,,,,,,,,,40.0,14.4,0.0,,
bef5bbc5-be66-4113-80d5-23e4c78c8158,Pass,7,12,1,Tottenham Hotspur,Jan Vertonghen,Left Center Back,0,Tottenham Hotspur,Liverpool,40.0,14.4,Moussa Sissoko,,,Ground Pass,Left Foot,49.1,21.6,0.01214719,0.01269174,0.0005445499999999995,,,,,
ff543305-641f-44fe-93e9-b502f0830723,Pressure,7,13,1,Liverpool,Mohamed Salah,Right Wing,0,Tottenham Hotspur,Liverpool,76.3,68.8,,,,,,,,,,,,,,,
220c0932-2df2-4909-ab5e-92de565b1c86,Ball Receipt*,7,14,1,Tottenham Hotspur,Moussa Sissoko,Right Defensive Midfield,0,Tottenham Hotspur,Liverpool,49.1,21.6,,,,,,,,,,,,,,,
688ff62c-b97a-4a88-8a81-02681ba2f1d1,Carry,7,14,1,Tottenham Hotspur,Moussa Sissoko,Right Defensive Midfield,1,Tottenham Hotspur,Liverpool,49.1,21.6,,,,,,,,,,,61.3,21.8,0.00416422,,
5630b884-aee3-40b7-a946-083ff8c37b55,Pressure,7,15,1,Liverpool,Roberto Firmino Barbosa de Oliveira,Center Forward,0,Tottenham Hotspur,Liverpool,70.0,64.2,,,,,,,,,,,,,,,
837e2a01-586c-415d-95cb-405e19a3b1e5,Pressure,7,16,1,Liverpool,Fábio Henrique Tavares,Center Defensive Midfield,0,Tottenham Hotspur,Liverpool,56.5,61.3,,,,,,,,,,,,,,,
661f234c-2414-494a-b227-24f552b4a8ce,Pass,7,17,1,Tottenham Hotspur,Moussa Sissoko,Right Defensive Midfield,1,Tottenham Hotspur,Liverpool,61.3,21.8,Christian Dannemann Eriksen,,,Ground Pass,Right Foot,71.1,31.0,0.01685596,0.0199707,0.003114740000000001,,,,,
0db071f9-fda8-4d89-ad4e-06dc5d470e61,Ball Receipt*,7,18,1,Tottenham Hotspur,Christian Dannemann Eriksen,Right Wing,0,Tottenham Hotspur,Liverpool,71.1,31.0,,,,,,,,,,,,,,,
d8e4fcd4-ab60-4ecf-8e99-9dfc21ac3005,Carry,7,18,1,Tottenham Hotspur,Christian Dannemann Eriksen,Right Wing,0,Tottenham Hotspur,Liverpool,71.1,31.0,,,,,,,,,,,71.3,31.9,0.0,,
d2c08d74-50a5-4036-9db1-8083e3a52940,Pass,7,18,1,Tottenham Hotspur,Christian Dannemann Eriksen,Right Wing,0,Tottenham Hotspur,Liverpool,71.3,31.9,Harry Kane,Incomplete,,High Pass,Left Foot,110.2,14.0,0.0199707,0.04647721,0.02650651,,,,,
147d1bc5-f702-4ce3-aa75-18e6063f90cc,Ball Receipt*,7,22,1,Tottenham Hotspur,Harry Kane,Center Forward,0,Tottenham Hotspur,Liverpool,79.8,25.8,,,,,,,,,,,,,,,
7b93d583-223a-48b3-aa06-8317ba88e152,Pass,7,22,1,Liverpool,Trent Alexander-Arnold,Right Back,0,Tottenham Hotspur,Liverpool,9.9,66.1,Alisson Ramsés Becker,,Recovery,Ground Pass,Left Foot,2.1,52.0,0.00750072,0.0088799,0.00137918,,,,,
0545c93d-3734-4ebd-8d24-0c289b239e10,Ball Receipt*,7,23,1,Liverpool,Alisson Ramsés Becker,Goalkeeper,0,Tottenham Hotspur,Liverpool,2.1,52.0,,,,,,,,,,,,,,,
b296d238-f20f-4db4-be2d-ddba56cbf1fb,Carry,7,23,1,Liverpool,Alisson Ramsés Becker,Goalkeeper,0,Tottenham Hotspur,Liverpool,2.1,52.0,,,,,,,,,,,2.1,52.0,0.0,,
c01e8693-3bd7-489b-b796-0234251c02c3,Pass,7,23,1,Liverpool,Alisson Ramsés Becker,Goalkeeper,0,Tottenham Hotspur,Liverpool,2.1,52.0,,Out,,High Pass,Right Foot,41.2,79.3,0.0088799,0.01126267,0.002382770000000001,,,,,
4a45892a-39bb-4133-82d5-6c9da1147784,Pass,7,31,1,Tottenham Hotspur,Heung-Min Son,Left Wing,0,Tottenham Hotspur,Liverpool,96.6,0.1,Moussa Sissoko,,Throw-in,High Pass,,90.3,20.9,0.02756312,0.02855202,0.0009889000000000009,,,,,
7c1fb820-a877-48f2-b17e-b97ca43c223b,Ball Receipt*,7,34,1,Tottenham Hotspur,Moussa Sissoko,Right Defensive Midfield,0,Tottenham Hotspur,Liverpool,90.3,20.9,,,,,,,,,,,,,,,
e9c13c0a-513f-4d34-893c-d3339e62f601,Carry,7,34,1,Tottenham Hotspur,Moussa Sissoko,Right Defensive Midfield,1,Tottenham Hotspur,Liverpool,90.3,20.9,,,,,,,,,,,88.8,25.4,-0.004429620000000002,,
c3d7c9d2-4cac-4d15-95be-7e6ef447748b,Pressure,7,34,1,Liverpool,Jordan Brian Henderson,Right Center Midfield,0,Tottenham Hotspur,Liverpool,28.4,62.5,,,,,,,,,,,,,,,
247e1fab-c0b1-4a91-bd7f-31dc90ffac4e,Pressure,7,35,1,Liverpool,Fábio Henrique Tavares,Center Defensive Midfield,0,Tottenham Hotspur,Liverpool,28.2,54.7,,,,,,,,,,,,,,,
3e9dbe90-f6e8-4282-8147-8f44f9d6be07,Pass,7,35,1,Tottenham Hotspur,Moussa Sissoko,Right Defensive Midfield,1,Tottenham Hotspur,Liverpool,88.8,25.4,Harry Winks,,,Ground Pass,Left Foot,78.5,40.7,0.0241224,0.0199707,-0.004151699999999998,,,,,
2e337a42-2d3d-489b-ab11-679e5d6b3385,Ball Receipt*,7,36,1,Tottenham Hotspur,Harry Winks,Left Center Midfield,0,Tottenham Hotspur,Liverpool,78.5,40.7,,,,,,,,,,,,,,,
32b872ea-655d-464f-b3db-1bdb03425038,Carry,7,36,1,Tottenham Hotspur,Harry Winks,Left Center Midfield,0,Tottenham Hotspur,Liverpool,78.5,40.7,,,,,,,,,,,75.3,47.4,0.0,,
c33d6fc2-7e2b-40ef-a921-6b0ba536538c,Pass,7,38,1,Tottenham Hotspur,Harry Winks,Left Center Midfield,0,Tottenham Hotspur,Liverpool,75.3,47.4,Kieran Trippier,,,Ground Pass,Right Foot,91.5,72.0,0.0199707,0.02756312,0.007592419999999999,,,,,
49ab8148-4014-470b-86d1-7c1967f10500,Ball Receipt*,7,40,1,Tottenham Hotspur,Kieran Trippier,Right Back,0,Tottenham Hotspur,Liverpool,91.5,72.0,,,,,,,,,,,,,,,
1d1e7473-3a42-422c-94fa-e665bd213c0e,Carry,7,40,1,Tottenham Hotspur,Kieran Trippier,Right Back,0,Tottenham Hotspur,Liverpool,91.5,72.0,,,,,,,,,,,90.7,75.0,0.0,,
f64bbd3d-62ee-46db-b902-a54e1aa55084,Pass,7,41,1,Tottenham Hotspur,Kieran Trippier,Right Back,0,Tottenham Hotspur,Liverpool,90.7,75.0,Harry Winks,,,Ground Pass,Right Foot,76.4,66.6,0.02756312,0.01870347,-0.00885965,,,,,
4e00d3bb-8e42-472a-ba4d-309ef2571e5a,Pressure,7,43,1,Liverpool,Georginio Wijnaldum,Left Center Midfield,0,Tottenham Hotspur,Liverpool,35.9,18.0,,,,,,,,,,,,,,,
dbfe4f82-5c24-4298-bb72-4ca53cf100cb,Ball Receipt*,7,44,1,Tottenham Hotspur,Harry Winks,Left Center Midfield,1,Tottenham Hotspur,Liverpool,76.4,66.6,,,,,,,,,,,,,,,
4edb5fc8-c6a0-49f5-827b-6c752d98eba2,Carry,7,44,1,Tottenham Hotspur,Harry Winks,Left Center Midfield,1,Tottenham Hotspur,Liverpool,76.4,66.6,,,,,,,,,,,76.8,63.8,0.0,,
550567a1-d668-48a5-88a5-5625f95739e5,Pass,7,44,1,Tottenham Hotspur,Harry Winks,Left Center Midfield,1,Tottenham Hotspur,Liverpool,76.8,63.8,Toby Alderweireld,,,Ground Pass,Right Foot,57.1,56.9,0.01870347,0.01429128,-0.00441219,,,,,
0e0ffce9-a830-4be6-a3f1-1b9babdb0054,Ball Receipt*,7,45,1,Tottenham Hotspur,Toby Alderweireld,Right Center Back,0,Tottenham Hotspur,Liverpool,57.1,56.9,,,,,,,,,,,,,,,
27993bec-5aea-42d0-8b19-fe1251d5dd8e,Carry,7,45,1,Tottenham Hotspur,Toby Alderweireld,Right Center Back,0,Tottenham Hotspur,Liverpool,57.1,56.9,,,,,,,,,,,62.3,54.4,0.00256468,,
1406e1a9-7606-4144-b3cf-7f54b0816fce,Pass,7,46,1,Tottenham Hotspur,Toby Alderweireld,Right Center Back,0,Tottenham Hotspur,Liverpool,62.3,54.4,Danny Rose,,,High Pass,Right Foot,102.9,1.6,0.01685596,0.03485072,0.01799476,,,,,
47102cd2-cf18-4b94-b411-0cc5caf9f172,Ball Receipt*,7,50,1,Tottenham Hotspur,Danny Rose,Left Back,0,Tottenham Hotspur,Liverpool,102.9,1.6,,,,,,,,,,,,,,,
48cb7464-3c22-4b6c-a4ad-8e2d448fcb64,Carry,7,50,1,Tottenham Hotspur,Danny Rose,Left Back,0,Tottenham Hotspur,Liverpool,102.9,1.6,,,,,,,,,,,104.3,1.6,0.0,,
dc1a0137-9d29-4e01-a22e-ab49fec8b681,Miscontrol,7,50,1,Tottenham Hotspur,Danny Rose,Left Back,0,Tottenham Hotspur,Liverpool,104.3,1.6,,,,,,,,,,,,,,,
9922f3d8-7d63-4a1b-a793-deb85e641847,Pass,8,14,1,Liverpool,Trent Alexander-Arnold,Right Back,0,Tottenham Hotspur,Liverpool,23.1,80.0,Jordan Brian Henderson,Incomplete,Throw-in,High Pass,,42.2,70.1,0.00844854,0.01126267,0.002814130000000001,,,,,
e172933a-d549-4b19-bce7-b768a2d4c50f,Ball Receipt*,8,15,1,Liverpool,Jordan Brian Henderson,Right Center Midfield,0,Tottenham Hotspur,Liverpool,37.4,72.2,,,,,,,,,,,,,,,
8ffdaf4f-e377-4e03-bbd0-dbd9c8b2cfe6,Ball Recovery,8,15,1,Tottenham Hotspur,Moussa Sissoko,Right Defensive Midfield,0,Tottenham Hotspur,Liverpool,77.9,10.0,,,,,,,,,,,,,,,
66cf880a-970f-46fe-b7e2-5dfb77a70f29,Carry,8,15,1,Tottenham Hotspur,Moussa Sissoko,Right Defensive Midfield,1,Tottenham Hotspur,Liverpool,77.9,10.0,,,,,,,,,,,81.9,24.1,0.005418929999999999,,
1151524e-c493-4211-be36-e97a42ef593d,Pressure,8,16,1,Liverpool,Fábio Henrique Tavares,Center Defensive Midfield,0,Tottenham Hotspur,Liverpool,35.5,59.8,,,,,,,,,,,,,,,
8a4bd45e-19ac-4ec9-ac5b-841c70cfe1b3,Dispossessed,8,17,1,Tottenham Hotspur,Moussa Sissoko,Right Defensive Midfield,1,Tottenham Hotspur,Liverpool,81.9,24.1,,,,,,,,,,,,,,,
9b457be9-0f48-41d6-bc17-ce0b05c5a5ae,Duel,8,17,1,Liverpool,Fábio Henrique Tavares,Center Defensive Midfield,1,Tottenham Hotspur,Liverpool,38.2,56.0,,,,,,,,,,,,,,,
6771f8df-b61a-45c9-8f90-3cf180fa786a,Pass,8,20,1,Liverpool,Andrew Robertson,Left Back,0,Tottenham Hotspur,Liverpool,33.8,40.0,Mohamed Salah,Incomplete,Recovery,High Pass,Left Foot,84.1,68.4,0.01132376,0.02401521,0.01269145,,,,,
c7d0d054-fa9f-4a96-bd61-2b59bbd08827,Ball Receipt*,8,22,1,Liverpool,Mohamed Salah,Right Wing,0,Tottenham Hotspur,Liverpool,78.6,65.7,,,,,,,,,,,,,,,
4b4c03e3-f6b2-440a-8029-3bb7a4b2d9cb,Pass,8,22,1,Tottenham Hotspur,Jan Vertonghen,Left Center Back,0,Tottenham Hotspur,Liverpool,36.0,11.7,Danny Rose,,Recovery,High Pass,Head,42.6,10.0,0.0105949,0.01214719,0.00155229,,,,,
7236e7c0-6a69-4cea-80be-ca4e5fd7cf4e,Ball Receipt*,8,24,1,Tottenham Hotspur,Danny Rose,Left Back,0,Tottenham Hotspur,Liverpool,42.6,10.0,,,,,,,,,,,,,,,
7fbfe5af-4706-4994-b622-e7899f2d51f1,Carry,8,24,1,Tottenham Hotspur,Danny Rose,Left Back,1,Tottenham Hotspur,Liverpool,42.6,10.0,,,,,,,,,,,41.7,10.2,0.0,,
52be729c-1559-422e-b15c-d63f469ce8ea,Pressure,8,24,1,Liverpool,Roberto Firmino Barbosa de Oliveira,Center Forward,0,Tottenham Hotspur,Liverpool,75.9,67.1,,,,,,,,,,,,,,,
05a40ffb-51ce-4b52-84d7-6c004425928e,Dribbled Past,8,25,1,Liverpool,Roberto Firmino Barbosa de Oliveira,Center Forward,0,Tottenham Hotspur,Liverpool,78.4,69.9,,,,,,,,,,,,,,,
9051253a-98f2-41f8-89e8-6f51a0e3d64e,Dribble,8,25,1,Tottenham Hotspur,Danny Rose,Left Back,1,Tottenham Hotspur,Liverpool,41.7,10.2,,,,,,,,,,,,,,,
bb421bf5-9c6b-4540-a5a9-0e737442a2a5,Carry,8,25,1,Tottenham Hotspur,Danny Rose,Left Back,1,Tottenham Hotspur,Liverpool,41.7,10.2,,,,,,,,,,,42.6,11.3,0.0,,
24f49483-d437-40c2-bf5f-c6b3e5456d48,Foul Committed,8,26,1,Liverpool,Roberto Firmino Barbosa de Oliveira,Center Forward,0,Tottenham Hotspur,Liverpool,77.5,68.8,,,,,,,,,,,,,,,
303979f5-4f1b-41b8-9611-bc9a4a35131c,Foul Won,8,26,1,Tottenham Hotspur,Danny Rose,Left Back,1,Tottenham Hotspur,Liverpool,42.6,11.3,,,,,,,,,,,,,,,
ce5bf647-e1b7-4f97-8eff-56d2e33a2969,Carry,8,26,1,Tottenham Hotspur,Danny Rose,Left Back,1,Tottenham Hotspur,Liverpool,42.6,11.3,,,,,,,,,,,61.3,2.5,0.002588769999999999,,
d2221bb2-126e-44f8-9927-bf68db414833,Pressure,8,27,1,Liverpool,Jordan Brian Henderson,Right Center Midfield,0,Tottenham Hotspur,Liverpool,63.7,72.8,,,,,,,,,,,,,,,
d63deaa5-18c0-4991-9bf7-90b129e8a5f6,Pass,8,28,1,Tottenham Hotspur,Danny Rose,Left Back,1,Tottenham Hotspur,Liverpool,61.3,2.5,Heung-Min Son,,,Ground Pass,Left Foot,77.4,2.2,0.01473596,0.0174506,0.002714640000000001,,,,,
802db441-2d99-4e20-836c-11c53b789fd2,Ball Receipt*,8,29,1,Tottenham Hotspur,Heung-Min Son,Left Wing,0,Tottenham Hotspur,Liverpool,77.4,2.2,,,,,,,,,,,,,,,
b2de29ff-ba26-49ed-a482-a1b75d1a3351,Carry,8,29,1,Tottenham Hotspur,Heung-Min Son,Left Wing,0,Tottenham Hotspur,Liverpool,77.4,2.2,,,,,,,,,,,76.2,2.2,0.0,,
9ba8d76b-1987-4641-aded-4e075ae510ec,Pass,8,29,1,Tottenham Hotspur,Heung-Min Son,Left Wing,0,Tottenham Hotspur,Liverpool,76.2,2.2,Bamidele Alli,,,Ground Pass,Right Foot,74.9,11.5,0.0174506,0.01870347,0.00125287,,,,,
ba8dc9ac-6780-487c-b678-9ae84183c86d,Pressure,8,30,1,Liverpool,Joël Andre Job Matip,Right Center Back,0,Tottenham Hotspur,Liverpool,42.4,68.6,,,,,,,,,,,,,,,
0782c1b4-75a7-487d-9002-5657e7634279,Ball Receipt*,8,30,1,Tottenham Hotspur,Bamidele Alli,Center Attacking Midfield,1,Tottenham Hotspur,Liverpool,74.9,11.5,,,,,,,,,,,,,,,
89807dd8-89e3-4969-bae7-cd93322600b0,Carry,8,30,1,Tottenham Hotspur,Bamidele Alli,Center Attacking Midfield,1,Tottenham Hotspur,Liverpool,74.9,11.5,,,,,,,,,,,74.9,10.7,0.0,,
a12848a7-11fd-4766-b233-9466a7b96a49,Pass,8,30,1,Tottenham Hotspur,Bamidele Alli,Center Attacking Midfield,1,Tottenham Hotspur,Liverpool,74.9,10.7,Danny Rose,,,Ground Pass,Right Foot,68.4,4.1,0.01870347,0.01473596,-0.00396751,,,,,
61a671bc-55d5-4471-ad10-ae06bcebce46,Ball Receipt*,8,31,1,Tottenham Hotspur,Danny Rose,Left Back,0,Tottenham Hotspur,Liverpool,68.4,4.1,,,,,,,,,,,,,,,
b3411803-22ae-4c6a-a349-dd119659ad32,Carry,8,31,1,Tottenham Hotspur,Danny Rose,Left Back,0,Tottenham Hotspur,Liverpool,68.4,4.1,,,,,,,,,,,68.2,4.3,0.0,,
1dd91df2-48c1-4602-82b3-302c2b1cd831,Pass,8,32,1,Tottenham Hotspur,Danny Rose,Left Back,0,Tottenham Hotspur,Liverpool,68.2,4.3,Jan Vertonghen,,,Ground Pass,Left Foot,50.1,14.0,0.01473596,0.0138454,-0.0008905599999999986,,,,,
7cb303c1-b281-43a8-b130-aa52e9f9b7e3,Ball Receipt*,8,33,1,Tottenham Hotspur,Jan Vertonghen,Left Center Back,0,Tottenham Hotspur,Liverpool,50.1,14.0,,,,,,,,,,,,,,,
ddd595b0-91d5-4ebc-a496-15e3e5afad42,Carry,8,33,1,Tottenham Hotspur,Jan Vertonghen,Left Center Back,0,Tottenham Hotspur,Liverpool,50.1,14.0,,,,,,,,,,,48.9,14.9,-0.00169821,,
1533c8da-eb05-47f2-92ea-47dd932073ef,Pass,8,33,1,Tottenham Hotspur,Jan Vertonghen,Left Center Back,0,Tottenham Hotspur,Liverpool,48.9,14.9,Toby Alderweireld,,,Ground Pass,Right Foot,47.0,30.0,0.01214719,0.01262646,0.0004792700000000004,,,,,
ad9100c2-7b1d-4c57-b5f8-9a7f30613c41,Ball Receipt*,8,35,1,Tottenham Hotspur,Toby Alderweireld,Right Center Back,0,Tottenham Hotspur,Liverpool,47.0,30.0,,,,,,,,,,,,,,,
cdadfc18-d3e5-4a71-9708-0126151d0fd6,Carry,8,35,1,Tottenham Hotspur,Toby Alderweireld,Right Center Back,0,Tottenham Hotspur,Liverpool,47.0,30.0,,,,,,,,,,,50.3,51.4,0.001664819999999999,,
de4911a9-5331-4fc1-9794-ebb6edd3df57,Pass,8,41,1,Tottenham Hotspur,Toby Alderweireld,Right Center Back,0,Tottenham Hotspur,Liverpool,50.3,51.4,Jan Vertonghen,,,Ground Pass,Right Foot,41.7,31.9,0.01429128,0.01262646,-0.001664819999999999,,,,,
3b8f1d33-2cd6-4f2d-9902-e9d30d59cc87,Ball Receipt*,8,43,1,Tottenham Hotspur,Jan Vertonghen,Left Center Back,0,Tottenham Hotspur,Liverpool,41.7,31.9,,,,,,,,,,,,,,,
3262a809-a0f2-49c5-a03c-f6e2f5dd49c2,Carry,8,43,1,Tottenham Hotspur,Jan Vertonghen,Left Center Back,1,Tottenham Hotspur,Liverpool,41.7,31.9,,,,,,,,,,,42.6,30.6,0.0,,
e4e680fb-31f0-4b19-afe7-b1cd52794bce,Pressure,8,43,1,Liverpool,Mohamed Salah,Right Wing,0,Tottenham Hotspur,Liverpool,72.3,53.1,,,,,,,,,,,,,,,
8db9bb3c-d318-4fc2-a38e-a6ae1204224a,Pass,8,43,1,Tottenham Hotspur,Jan Vertonghen,Left Center Back,1,Tottenham Hotspur,Liverpool,42.6,30.6,Harry Winks,,,Ground Pass,Right Foot,51.6,30.8,0.01262646,0.01484598,0.002219519999999999,,,,,
7ef81414-e043-43ac-b5a3-713bf3db7594,Ball Receipt*,8,45,1,Tottenham Hotspur,Harry Winks,Left Center Midfield,0,Tottenham Hotspur,Liverpool,51.6,30.8,,,,,,,,,,,,,,,
d6990154-fccc-4a69-bb1e-22d523c1e2e9,Carry,8,45,1,Tottenham Hotspur,Harry Winks,Left Center Midfield,0,Tottenham Hotspur,Liverpool,51.6,30.8,,,,,,,,,,,57.5,10.2,-0.001000579999999999,,
6e8f6f64-a792-450e-b14b-9e83bf6a48c9,Pass,8,47,1,Tottenham Hotspur,Harry Winks,Left Center Midfield,0,Tottenham Hotspur,Liverpool,57.5,10.2,Heung-Min Son,,,Ground Pass,Right Foot,77.4,1.8,0.0138454,0.0174506,0.003605199999999999,,,,,
88ce51ea-27ba-4c6b-b7d2-09f85eeabc61,Ball Receipt*,8,48,1,Tottenham Hotspur,Heung-Min Son,Left Wing,0,Tottenham Hotspur,Liverpool,77.4,1.8,,,,,,,,,,,,,,,
cf04f795-91bf-4ef4-9c7c-b6747a84efa8,Carry,8,48,1,Tottenham Hotspur,Heung-Min Son,Left Wing,1,Tottenham Hotspur,Liverpool,77.4,1.8,,,,,,,,,,,97.4,18.2,0.01208212,,
6a5981d8-4bc6-4735-b84b-cb91107ff709,Pressure,8,51,1,Liverpool,Trent Alexander-Arnold,Right Back,0,Tottenham Hotspur,Liverpool,27.9,73.2,,,,,,,,,,,,,,,
5447b832-a700-42ae-a2f1-2babc68f8be7,Pressure,8,54,1,Liverpool,Fábio Henrique Tavares,Center Defensive Midfield,0,Tottenham Hotspur,Liverpool,22.7,58.7,,,,,,,,,,,,,,,
c723df2a-ed2e-449a-9fa8-c62d9bb0bbe1,Pass,8,54,1,Tottenham Hotspur,Heung-Min Son,Left Wing,1,Tottenham Hotspur,Liverpool,97.4,18.2,Bamidele Alli,Incomplete,,Ground Pass,Right Foot,100.3,21.8,0.02953272,0.05491138,0.02537866,,,,,
5ff9db40-f5bf-41e1-9a9b-2c3c22e07ce1,Ball Receipt*,8,55,1,Tottenham Hotspur,Bamidele Alli,Center Attacking Midfield,0,Tottenham Hotspur,Liverpool,105.2,26.4,,,,,,,,,,,,,,,
8c12917e-dedc-4c2d-8077-b49cc345eba2,Interception,8,55,1,Liverpool,Jordan Brian Henderson,Right Center Midfield,0,Tottenham Hotspur,Liverpool,19.8,58.3,,,,,,,,,,,,,,,
04d11a41-cd8a-4df5-8323-4802ae5c6c98,Pressure,8,55,1,Liverpool,Jordan Brian Henderson,Right Center Midfield,0,Tottenham Hotspur,Liverpool,21.9,54.7,,,,,,,,,,,,,,,
5e753df6-9d71-44e4-b09c-e80126b32313,50/50,8,56,1,Liverpool,Jordan Brian Henderson,Right Center Midfield,1,Tottenham Hotspur,Liverpool,24.0,54.3,,,,,,,,,,,,,,,
b4124ad8-0ed5-4d95-8d9e-aaec02465cf1,50/50,8,56,1,Tottenham Hotspur,Heung-Min Son,Left Wing,1,Tottenham Hotspur,Liverpool,96.1,25.8,,,,,,,,,,,,,,,
c4ff5bf9-1555-4a22-9b50-e3d8e2192084,Ball Recovery,8,57,1,Tottenham Hotspur,Christian Dannemann Eriksen,Right Wing,0,Tottenham Hotspur,Liverpool,97.8,31.5,,,,,,,,,,,,,,,
9576eb6f-5c7e-49c7-bc59-ca6549d9a438,Carry,8,57,1,Tottenham Hotspur,Christian Dannemann Eriksen,Right Wing,0,Tottenham Hotspur,Liverpool,97.8,31.5,,,,,,,,,,,97.4,26.8,-0.006561239999999999,,
362a67a2-3ae2-45d1-813a-f3a3997d183f,Pass,8,58,1,Tottenham Hotspur,Christian Dannemann Eriksen,Right Wing,0,Tottenham Hotspur,Liverpool,97.4,26.8,Heung-Min Son,,,Ground Pass,Right Foot,99.5,23.3,0.02855202,0.02855202,0.0,,,,,
fde2d48c-b3d8-4c1f-a096-fcd763748e3d,Ball Receipt*,8,59,1,Tottenham Hotspur,Heung-Min Son,Left Wing,0,Tottenham Hotspur,Liverpool,99.5,23.3,,,,,,,,,,,,,,,
73b3ea87-5125-417e-a54f-71e339282f85,Carry,8,59,1,Tottenham Hotspur,Heung-Min Son,Left Wing,1,Tottenham Hotspur,Liverpool,99.5,23.3,,,,,,,,,,,105.4,23.7,0.02635936,,
e6e035dc-b1f1-4ee2-9b38-9483b7084a14,Pressure,9,0,1,Liverpool,Trent Alexander-Arnold,Right Back,0,Tottenham Hotspur,Liverpool,13.2,54.9,,,,,,,,,,,,,,,
713f20b1-1160-4417-9bbc-25b959fd36d5,Pressure,9,0,1,Liverpool,Fábio Henrique Tavares,Center Defensive Midfield,0,Tottenham Hotspur,Liverpool,16.2,53.3,,,,,,,,,,,,,,,
004599d3-ac9a-47ad-82be-52375596e203,Dribbled Past,9,0,1,Liverpool,Trent Alexander-Arnold,Right Back,0,Tottenham Hotspur,Liverpool,14.7,56.4,,,,,,,,,,,,,,,
4c19da34-3f07-4b33-9017-5d1ad7e19b8b,Dribble,9,0,1,Tottenham Hotspur,Heung-Min Son,Left Wing,1,Tottenham Hotspur,Liverpool,105.4,23.7,,,,,,,,,,,,,,,
3811da22-336f-4faf-9b23-f60f183b1c07,Clearance,9,1,1,Liverpool,Joël Andre Job Matip,Right Center Back,1,Tottenham Hotspur,Liverpool,13.0,49.7,,,,,,,,,,,,,,,
e20be728-652b-44fc-8c2b-acd15d77a9a4,Ball Recovery,9,3,1,Tottenham Hotspur,Moussa Sissoko,Right Defensive Midfield,0,Tottenham Hotspur,Liverpool,90.9,44.1,,,,,,,,,,,,,,,
31d3f96d-3cdb-4df4-ba4b-0ae4b852751c,Carry,9,3,1,Tottenham Hotspur,Moussa Sissoko,Right Defensive Midfield,1,Tottenham Hotspur,Liverpool,90.9,44.1,,,,,,,,,,,91.9,43.1,0.0,,
3f87348e-cd6a-4507-a279-bcb35d9d48a6,Pressure,9,4,1,Liverpool,Georginio Wijnaldum,Left Center Midfield,0,Tottenham Hotspur,Liverpool,20.8,41.1,,,,,,,,,,,,,,,
67b9cbde-0eb7-4800-9bfe-c2ce1ad406a6,Shot,9,4,1,Tottenham Hotspur,Moussa Sissoko,Right Defensive Midfield,1,Tottenham Hotspur,Liverpool,91.9,43.1,,,,,,,,,,,,,,0.026188651,Off T
97d0c110-fbe6-4d69-a6bb-fef07a6aada2,Goal Keeper,9,5,1,Liverpool,Alisson Ramsés Becker,Goalkeeper,0,Tottenham Hotspur,Liverpool,1.9,40.3,,,,,,,,,,,,,,,
6a3af7b9-e016-4f05-8f4a-9578ef30c9d7,Pass,9,21,1,Liverpool,Alisson Ramsés Becker,Goalkeeper,0,Tottenham Hotspur,Liverpool,7.0,36.1,Virgil van Dijk,,Goal Kick,Ground Pass,Right Foot,8.2,15.0,0.00941056,0.00750072,-0.00190984,,,,,
8ff24ea9-c162-486b-bd51-76b7629090d6,Ball Receipt*,9,22,1,Liverpool,Virgil van Dijk,Left Center Back,0,Tottenham Hotspur,Liverpool,8.2,15.0,,,,,,,,,,,,,,,
27d5aa43-7ea4-422b-af04-4ddd51dce3de,Carry,9,22,1,Liverpool,Virgil van Dijk,Left Center Back,1,Tottenham Hotspur,Liverpool,8.2,15.0,,,,,,,,,,,7.8,14.2,0.0,,
2c7d87aa-5087-4f11-adea-ded42a19dc1b,Pressure,9,24,1,Tottenham Hotspur,Christian Dannemann Eriksen,Right Wing,0,Tottenham Hotspur,Liverpool,109.6,65.1,,,,,,,,,,,,,,,
0430ed72-6680-4b75-8a6f-4cbb6ff88325,Pass,9,25,1,Liverpool,Virgil van Dijk,Left Center Back,1,Tottenham Hotspur,Liverpool,7.8,14.2,Alisson Ramsés Becker,,,Ground Pass,Left Foot,2.7,32.7,0.00750072,0.00941056,0.00190984,,,,,
1a953b91-eb90-43b0-86a5-ae7977f868f8,Ball Receipt*,9,26,1,Liverpool,Alisson Ramsés Becker,Goalkeeper,0,Tottenham Hotspur,Liverpool,2.7,32.7,,,,,,,,,,,,,,,
aa8ebd88-3eb1-44a6-94de-0ef4e9720475,Carry,9,26,1,Liverpool,Alisson Ramsés Becker,Goalkeeper,1,Tottenham Hotspur,Liverpool,2.7,32.7,,,,,,,,,,,8.2,36.0,0.0,,
c43cde26-8341-4d4a-a7ce-0937122d61fe,Pressure,9,27,1,Tottenham Hotspur,Christian Dannemann Eriksen,Right Wing,0,Tottenham Hotspur,Liverpool,110.9,47.6,,,,,,,,,,,,,,,
07c94210-28fe-47ed-80b2-bc0fd96e6ba2,Pass,9,28,1,Liverpool,Alisson Ramsés Becker,Goalkeeper,1,Tottenham Hotspur,Liverpool,8.2,36.0,Fábio Henrique Tavares,,,Ground Pass,Right Foot,24.8,45.3,0.00941056,0.01016549,0.0007549299999999991,,,,,
883146a9-1d1d-4b87-bf29-a942d1aea311,Ball Receipt*,9,29,1,Liverpool,Fábio Henrique Tavares,Center Defensive Midfield,0,Tottenham Hotspur,Liverpool,24.8,45.3,,,,,,,,,,,,,,,
f6efab70-3d8d-4987-81a3-5e61e9a18f37,Carry,9,29,1,Liverpool,Fábio Henrique Tavares,Center Defensive Midfield,1,Tottenham Hotspur,Liverpool,24.8,45.3,,,,,,,,,,,35.5,40.9,0.001158270000000001,,
1e4025bf-3d4e-4870-a3da-cda8120269d8,Pressure,9,30,1,Tottenham Hotspur,Heung-Min Son,Left Wing,0,Tottenham Hotspur,Liverpool,91.3,31.7,,,,,,,,,,,,,,,
1893e545-2fa5-43e6-8f2e-e8049e3bb691,Pass,9,32,1,Liverpool,Fábio Henrique Tavares,Center Defensive Midfield,0,Tottenham Hotspur,Liverpool,35.5,40.9,Alisson Ramsés Becker,,,Ground Pass,Right Foot,10.1,39.0,0.01132376,0.01082722,-0.0004965400000000002,,,,,
6705fea6-8d99-476c-8d4f-a4ebe5115f00,Ball Receipt*,9,34,1,Liverpool,Alisson Ramsés Becker,Goalkeeper,0,Tottenham Hotspur,Liverpool,10.1,39.0,,,,,,,,,,,,,,,
226b4be4-e657-43be-9774-d8ab7bc9adff,Carry,9,34,1,Liverpool,Alisson Ramsés Becker,Goalkeeper,0,Tottenham Hotspur,Liverpool,10.1,39.0,,,,,,,,,,,13.4,42.8,0.0,,
358381d7-e5dd-4901-aea3-225bec7cefcf,Pass,9,35,1,Liverpool,Alisson Ramsés Becker,Goalkeeper,0,Tottenham Hotspur,Liverpool,13.4,42.8,Virgil van Dijk,,,Ground Pass,Right Foot,18.9,30.4,0.01082722,0.01082722,0.0,,,,,
10b1175f-2070-40f3-b727-99d7d576c7e1,Ball Receipt*,9,37,1,Liverpool,Virgil van Dijk,Left Center Back,0,Tottenham Hotspur,Liverpool,18.9,30.4,,,,,,,,,,,,,,,
0d88757f-2efc-4b2a-a3f8-2eea274ad603,Carry,9,37,1,Liverpool,Virgil van Dijk,Left Center Back,0,Tottenham Hotspur,Liverpool,18.9,30.4,,,,,,,,,,,24.2,30.1,-0.000661730000000001,,
9732aaae-f898-46a5-a2be-de9fb354bbf6,Pass,9,39,1,Liverpool,Virgil van Dijk,Left Center Back,0,Tottenham Hotspur,Liverpool,24.2,30.1,Sadio Mané,,,High Pass,Right Foot,111.2,25.9,0.01016549,0.06442595,0.05426046,,,,,
6f56b338-90e5-4ca6-ba34-a0080e4d3419,Ball Receipt*,9,44,1,Liverpool,Sadio Mané,Left Wing,0,Tottenham Hotspur,Liverpool,111.2,25.9,,,,,,,,,,,,,,,
bf4470f6-750c-4977-9cf3-133addce812e,Carry,9,44,1,Liverpool,Sadio Mané,Left Wing,0,Tottenham Hotspur,Liverpool,111.2,25.9,,,,,,,,,,,113.7,25.3,0.0,,
41f8cb13-c540-47bf-ac8e-d1b334d6dc48,Dispossessed,9,44,1,Liverpool,Sadio Mané,Left Wing,1,Tottenham Hotspur,Liverpool,113.7,25.3,,,,,,,,,,,,,,,
99366881-6c34-4601-859e-47f024fc78ce,Duel,9,44,1,Tottenham Hotspur,Kieran Trippier,Right Back,1,Tottenham Hotspur,Liverpool,6.4,54.8,,,,,,,,,,,,,,,
1d29f865-9cfb-4159-b276-f847f64ab860,Pass,10,41,1,Liverpool,Trent Alexander-Arnold,Right Back,0,Tottenham Hotspur,Liverpool,120.0,0.1,Virgil van Dijk,Incomplete,Corner,High Pass,Right Foot,116.0,41.9,0.0379259,0.25745362,0.21952772,,,,,
ce75b8e5-0289-476c-aa43-78eac27dffb0,Ball Receipt*,10,43,1,Liverpool,Virgil van Dijk,Left Center Back,0,Tottenham Hotspur,Liverpool,115.4,40.4,,,,,,,,,,,,,,,
b62119cc-b25e-46e8-9592-fca260b73c40,Goal Keeper,10,43,1,Tottenham Hotspur,Hugo Lloris,Goalkeeper,0,Tottenham Hotspur,Liverpool,4.1,38.2,,,,,,,,,,,,,,,
5b3db49d-f14d-4ea8-8afb-4b38cb91a7fa,Clearance,10,44,1,Tottenham Hotspur,Kieran Trippier,Right Back,1,Tottenham Hotspur,Liverpool,14.4,42.4,,,,,,,,,,,,,,,
db5b9ef8-c523-42ee-967d-38f859747b5b,Pass,10,50,1,Liverpool,Andrew Robertson,Left Back,0,Tottenham Hotspur,Liverpool,41.4,32.5,Alisson Ramsés Becker,,Recovery,High Pass,Head,13.2,36.5,0.01262646,0.01082722,-0.001799240000000001,,,,,
2fc7c68a-2c64-4132-95fb-a9c7b1e100a5,Ball Receipt*,10,52,1,Liverpool,Alisson Ramsés Becker,Goalkeeper,0,Tottenham Hotspur,Liverpool,13.2,36.5,,,,,,,,,,,,,,,
8970422e-1470-4021-aaa5-1bb10123a4e5,Carry,10,52,1,Liverpool,Alisson Ramsés Becker,Goalkeeper,1,Tottenham Hotspur,Liverpool,13.2,36.5,,,,,,,,,,,15.1,44.0,0.0,,
e83b45ca-366e-469f-a6c4-ccefa4c6f893,Pressure,11,3,1,Tottenham Hotspur,Harry Kane,Center Forward,0,Tottenham Hotspur,Liverpool,100.1,36.7,,,,,,,,,,,,,,,
0628794e-0efe-498b-9d57-e1b3a5df857c,Pass,11,5,1,Liverpool,Alisson Ramsés Becker,Goalkeeper,0,Tottenham Hotspur,Liverpool,15.1,44.0,Joël Andre Job Matip,,,Ground Pass,Keeper Arm,26.7,60.8,0.01082722,0.00942382,-0.001403400000000001,,,,,
d3d0f640-f95a-4477-8d70-d5a85768a9a5,Ball Receipt*,11,6,1,Liverpool,Joël Andre Job Matip,Right Center Back,0,Tottenham Hotspur,Liverpool,26.7,60.8,,,,,,,,,,,,,,,
364b8d2d-c56c-4ded-9bba-c1881e3b9239,Carry,11,6,1,Liverpool,Joël Andre Job Matip,Right Center Back,0,Tottenham Hotspur,Liverpool,26.7,60.8,,,,,,,,,,,31.9,68.6,0.001171080000000001,,
f39ba828-bf06-4b0e-a211-9675d3e5585c,Pass,11,9,1,Liverpool,Joël Andre Job Matip,Right Center Back,0,Tottenham Hotspur,Liverpool,31.9,68.6,Mohamed Salah,Out,,High Pass,Right Foot,92.7,78.7,0.0105949,0.02756312,0.01696822,,,,,
5e2b2f62-fba5-4318-b93a-0dff125cffe3,Ball Receipt*,11,13,1,Liverpool,Mohamed Salah,Right Wing,0,Tottenham Hotspur,Liverpool,72.9,60.4,,,,,,,,,,,,,,,
c62a9e79-f426-43aa-864a-4bc6616b1c8b,Pass,11,35,1,Tottenham Hotspur,Danny Rose,Left Back,0,Tottenham Hotspur,Liverpool,40.7,0.1,Harry Kane,,Throw-in,High Pass,,69.2,3.9,0.01126267,0.01473596,0.003473289999999999,,,,,
a4bc9e5d-ffc0-4955-bdbf-c0dec7b3eed9,Ball Receipt*,11,37,1,Tottenham Hotspur,Harry Kane,Center Forward,0,Tottenham Hotspur,Liverpool,69.2,3.9,,,,,,,,,,,,,,,
dbe3f7cb-1d39-469c-9d84-2879b3c8189e,Carry,11,37,1,Tottenham Hotspur,Harry Kane,Center Forward,1,Tottenham Hotspur,Liverpool,69.2,3.9,,,,,,,,,,,70.3,11.5,0.00396751,,
0a9fcd6d-b8de-4ed0-8a75-179f5ee7a470,Pressure,11,37,1,Liverpool,Joël Andre Job Matip,Right Center Back,0,Tottenham Hotspur,Liverpool,49.2,74.7,,,,,,,,,,,,,,,
12e40a0f-279e-4da7-ad37-14c42697b1cc,Dispossessed,11,38,1,Tottenham Hotspur,Harry Kane,Center Forward,1,Tottenham Hotspur,Liverpool,70.3,11.5,,,,,,,,,,,,,,,
772023e1-c5d5-4ab2-b283-37454e1d8405,Duel,11,38,1,Liverpool,Joël Andre Job Matip,Right Center Back,1,Tottenham Hotspur,Liverpool,49.8,68.6,,,,,,,,,,,,,,,
a76b62cd-0372-4d07-983e-fc45a54f7d4a,50/50,11,39,1,Liverpool,Joël Andre Job Matip,Right Center Back,1,Tottenham Hotspur,Liverpool,41.8,69.7,,,,,,,,,,,,,,,
8d8f1f95-3f22-498a-840e-9663cbe9080d,50/50,11,39,1,Tottenham Hotspur,Bamidele Alli,Center Attacking Midfield,1,Tottenham Hotspur,Liverpool,78.3,10.4,,,,,,,,,,,,,,,
9135feef-4f39-4036-b8a5-46ad68643ca0,Pressure,11,41,1,Liverpool,Joël Andre Job Matip,Right Center Back,0,Tottenham Hotspur,Liverpool,41.8,74.5,,,,,,,,,,,,,,,
3903db3a-2fe0-43b0-9982-20e388ec6487,Ball Recovery,11,41,1,Tottenham Hotspur,Harry Kane,Center Forward,1,Tottenham Hotspur,Liverpool,76.6,6.7,,,,,,,,,,,,,,,
82e35c65-96c9-4241-ae09-a06da3ee47d5,Carry,11,41,1,Tottenham Hotspur,Harry Kane,Center Forward,1,Tottenham Hotspur,Liverpool,76.6,6.7,,,,,,,,,,,77.7,4.1,0.0,,
b4c42b64-7b25-4d44-a394-e95d1de9d781,Foul Committed,11,42,1,Liverpool,Joël Andre Job Matip,Right Center Back,0,Tottenham Hotspur,Liverpool,42.4,76.0,,,,,,,,,,,,,,,
d31e6f3d-4114-4c8d-912d-817ef954be8a,Foul Won,11,42,1,Tottenham Hotspur,Harry Kane,Center Forward,1,Tottenham Hotspur,Liverpool,77.7,4.1,,,,,,,,,,,,,,,
0ba93adf-f1d9-40df-8777-4a1a73d2fd46,Pass,12,12,1,Tottenham Hotspur,Bamidele Alli,Center Attacking Midfield,0,Tottenham Hotspur,Liverpool,80.4,12.8,Heung-Min Son,,Free Kick,Ground Pass,Right Foot,98.7,17.0,0.02401521,0.02953272,0.00551751,,,,,
1446a481-148e-4aed-9723-1722b9510267,Ball Receipt*,12,13,1,Tottenham Hotspur,Heung-Min Son,Left Wing,0,Tottenham Hotspur,Liverpool,98.7,17.0,,,,,,,,,,,,,,,
4ece5927-4671-47c5-8e36-608c4ef4b6fd,Carry,12,13,1,Tottenham Hotspur,Heung-Min Son,Left Wing,0,Tottenham Hotspur,Liverpool,98.7,17.0,,,,,,,,,,,98.7,20.1,-0.0009806999999999975,,
882a9153-b413-44c0-96d4-560c8a245ad8,Miscontrol,12,14,1,Tottenham Hotspur,Heung-Min Son,Left Wing,0,Tottenham Hotspur,Liverpool,98.7,20.1,,,,,,,,,,,,,,,
c05ba8ae-db74-4e02-8bf5-078980ce3818,Ball Recovery,12,14,1,Liverpool,Andrew Robertson,Left Back,0,Tottenham Hotspur,Liverpool,15.8,57.7,,,,,,,,,,,,,,,
7b02232a-e3e9-42d5-8109-eeea16d80183,Carry,12,14,1,Liverpool,Andrew Robertson,Left Back,0,Tottenham Hotspur,Liverpool,15.8,57.7,,,,,,,,,,,31.1,76.2,-8.600000000000968e-07,,
3d71ed50-e647-4dcf-8323-844a181830d5,Pass,12,18,1,Liverpool,Andrew Robertson,Left Back,0,Tottenham Hotspur,Liverpool,31.1,76.2,Sadio Mané,Out,,High Pass,Left Foot,83.6,79.3,0.00977659,0.02122129,0.0114447,,,,,
6f1d81e3-c17d-4d23-82df-a26cd8f6b110,Ball Receipt*,12,21,1,Liverpool,Sadio Mané,Left Wing,0,Tottenham Hotspur,Liverpool,70.2,74.5,,,,,,,,,,,,,,,
6c5aabf7-d549-42bb-910f-3b9b6d3790cd,Pass,12,32,1,Tottenham Hotspur,Danny Rose,Left Back,0,Tottenham Hotspur,Liverpool,49.7,0.1,Hugo Lloris,,Throw-in,High Pass,,8.7,30.2,0.01126267,0.00941056,-0.001852110000000001,,,,,
ae574ae3-35e7-4f18-82b6-b00a038721ce,Ball Receipt*,12,34,1,Tottenham Hotspur,Hugo Lloris,Goalkeeper,0,Tottenham Hotspur,Liverpool,8.7,30.2,,,,,,,,,,,,,,,
65179836-a9b6-4fea-b2a1-6d198a32cb7d,Pass,12,35,1,Tottenham Hotspur,Hugo Lloris,Goalkeeper,0,Tottenham Hotspur,Liverpool,8.7,32.1,Toby Alderweireld,,,Ground Pass,Right Foot,14.6,44.9,0.00941056,0.01082722,0.00141666,,,,,
c18c8e8d-52d4-47b4-bf08-460733f7d722,Ball Receipt*,12,38,1,Tottenham Hotspur,Toby Alderweireld,Right Center Back,0,Tottenham Hotspur,Liverpool,14.6,44.9,,,,,,,,,,,,,,,
5398f020-6eb8-48a8-bab7-a49c03486666,Carry,12,38,1,Tottenham Hotspur,Toby Alderweireld,Right Center Back,0,Tottenham Hotspur,Liverpool,14.6,44.9,,,,,,,,,,,23.2,48.5,-0.000661730000000001,,
3818d533-b21b-4e59-a27e-e381f63db679,Pass,12,39,1,Tottenham Hotspur,Toby Alderweireld,Right Center Back,0,Tottenham Hotspur,Liverpool,23.2,48.5,Harry Winks,,,Ground Pass,Right Foot,30.6,32.9,0.01016549,0.01132376,0.001158270000000001,,,,,
b2b74e8c-b3df-456b-bae2-fc61c149fcee,Ball Receipt*,12,41,1,Tottenham Hotspur,Harry Winks,Left Center Midfield,0,Tottenham Hotspur,Liverpool,30.6,32.9,,,,,,,,,,,,,,,
b3114c5b-5fd5-4c97-adc9-f78956214be6,Carry,12,41,1,Tottenham Hotspur,Harry Winks,Left Center Midfield,0,Tottenham Hotspur,Liverpool,30.6,32.9,,,,,,,,,,,36.9,31.2,0.0,,
d5328fdf-b43f-40b3-848b-90e482a40027,Pass,12,43,1,Tottenham Hotspur,Harry Winks,Left Center Midfield,0,Tottenham Hotspur,Liverpool,36.9,31.2,Jan Vertonghen,,,Ground Pass,Right Foot,36.0,16.5,0.01132376,0.0105949,-0.0007288599999999996,,,,,
ff6cdfa5-caac-4f05-a428-9026f718f268,Ball Receipt*,12,45,1,Tottenham Hotspur,Jan Vertonghen,Left Center Back,0,Tottenham Hotspur,Liverpool,36.0,16.5,,,,,,,,,,,,,,,
d5ee88d8-27cd-4bf5-adec-1522f7c7fac8,Carry,12,45,1,Tottenham Hotspur,Jan Vertonghen,Left Center Back,0,Tottenham Hotspur,Liverpool,36.0,16.5,,,,,,,,,,,36.7,10.4,0.0,,
e3b36286-e666-462e-adce-2ffe6e1b156b,Pass,12,46,1,Tottenham Hotspur,Jan Vertonghen,Left Center Back,0,Tottenham Hotspur,Liverpool,36.7,10.4,Danny Rose,,,Ground Pass,Right Foot,46.8,4.3,0.0105949,0.01126267,0.0006677699999999998,,,,,
04446ca2-b362-42b9-a5b8-91dc557a7a0b,Ball Receipt*,12,48,1,Tottenham Hotspur,Danny Rose,Left Back,0,Tottenham Hotspur,Liverpool,46.8,4.3,,,,,,,,,,,,,,,
963c6de7-c3b8-4205-baab-196fa4e441b4,Carry,12,48,1,Tottenham Hotspur,Danny Rose,Left Back,0,Tottenham Hotspur,Liverpool,46.8,4.3,,,,,,,,,,,48.2,3.7,0.0,,
3d5d9f10-e0be-40e2-80b2-9e3d72d695b2,Pass,12,48,1,Tottenham Hotspur,Danny Rose,Left Back,0,Tottenham Hotspur,Liverpool,48.2,3.7,Jan Vertonghen,,,Ground Pass,Left Foot,38.6,10.2,0.01126267,0.0105949,-0.0006677699999999998,,,,,
50ed10ce-e4f0-4c1a-a632-2e668df11d6e,Ball Receipt*,12,49,1,Tottenham Hotspur,Jan Vertonghen,Left Center Back,0,Tottenham Hotspur,Liverpool,38.6,10.2,,,,,,,,,,,,,,,
c2507247-2885-4627-88df-b565d2424ec4,Carry,12,49,1,Tottenham Hotspur,Jan Vertonghen,Left Center Back,0,Tottenham Hotspur,Liverpool,38.6,10.2,,,,,,,,,,,35.6,12.8,0.0,,
f56c5d09-9641-4cac-8e7b-10d654fb3176,Pass,12,50,1,Tottenham Hotspur,Jan Vertonghen,Left Center Back,0,Tottenham Hotspur,Liverpool,35.6,12.8,Toby Alderweireld,,,Ground Pass,Left Foot,28.9,27.9,0.0105949,0.01001304,-0.00058186,,,,,
edaa7e10-4ead-43fb-b453-e0039bba8f63,Ball Receipt*,12,51,1,Tottenham Hotspur,Toby Alderweireld,Right Center Back,0,Tottenham Hotspur,Liverpool,28.9,27.9,,,,,,,,,,,,,,,
e04a169d-c0e1-48c2-90f0-e67320f4f26a,Carry,12,51,1,Tottenham Hotspur,Toby Alderweireld,Right Center Back,1,Tottenham Hotspur,Liverpool,28.9,27.9,,,,,,,,,,,23.4,28.1,0.0,,
37b924bb-d525-45de-95b7-464eb34a6013,Pressure,12,51,1,Liverpool,Roberto Firmino Barbosa de Oliveira,Center Forward,0,Tottenham Hotspur,Liverpool,86.4,51.6,,,,,,,,,,,,,,,
25a5e154-8cb3-4def-8e7a-435246fef05c,Pass,12,52,1,Tottenham Hotspur,Toby Alderweireld,Right Center Back,1,Tottenham Hotspur,Liverpool,23.4,28.1,Hugo Lloris,,,Ground Pass,Right Foot,4.9,36.9,0.01001304,0.00941056,-0.0006024800000000007,,,,,
bea9e031-a4b8-4844-a12a-8dbab9e90ae2,Ball Receipt*,12,54,1,Tottenham Hotspur,Hugo Lloris,Goalkeeper,0,Tottenham Hotspur,Liverpool,4.9,36.9,,,,,,,,,,,,,,,
43b764be-1b0d-4804-9f55-e979a199eedf,Carry,12,54,1,Tottenham Hotspur,Hugo Lloris,Goalkeeper,1,Tottenham Hotspur,Liverpool,4.9,36.9,,,,,,,,,,,3.3,32.7,0.0,,
14276a5e-895a-4842-8ab4-1e6b95e8936a,Pressure,12,55,1,Liverpool,Roberto Firmino Barbosa de Oliveira,Center Forward,0,Tottenham Hotspur,Liverpool,107.4,44.6,,,,,,,,,,,,,,,
97cee344-9eb4-468d-8439-78d72312aef1,Pass,12,56,1,Tottenham Hotspur,Hugo Lloris,Goalkeeper,1,Tottenham Hotspur,Liverpool,3.3,32.7,,Incomplete,,High Pass,Left Foot,55.8,12.3,0.00941056,0.0138454,0.004434840000000001,,,,,
5355d867-2941-4fb4-9d37-85a144afc176,Pass,13,0,1,Liverpool,Trent Alexander-Arnold,Right Back,0,Tottenham Hotspur,Liverpool,64.3,67.8,Mohamed Salah,Incomplete,Recovery,High Pass,Head,84.7,70.7,0.01611813,0.02122129,0.005103159999999999,,,,,
f9e67ca7-3662-4503-abf0-7953de96fb6e,Ball Receipt*,13,1,1,Liverpool,Mohamed Salah,Right Wing,0,Tottenham Hotspur,Liverpool,84.1,67.6,,,,,,,,,,,,,,,
ad87090d-2c44-45d2-ac7d-ba4d6415736f,Pass,13,1,1,Tottenham Hotspur,Danny Rose,Left Back,0,Tottenham Hotspur,Liverpool,35.4,9.4,Harry Kane,Incomplete,Recovery,High Pass,Head,62.9,26.4,0.00977659,0.01685596,0.00707937,,,,,
176d13db-814c-4107-a8c2-a1fbf8848239,Ball Receipt*,13,4,1,Tottenham Hotspur,Harry Kane,Center Forward,0,Tottenham Hotspur,Liverpool,64.6,24.9,,,,,,,,,,,,,,,
993d578f-9856-46e0-ba12-2730f5583f35,Pass,13,4,1,Liverpool,Virgil van Dijk,Left Center Back,1,Tottenham Hotspur,Liverpool,57.2,53.7,Mohamed Salah,Incomplete,Recovery,High Pass,,71.0,69.4,0.01429128,0.01870347,0.00441219,,,,,
c7695e5c-bb61-4af4-9abd-5702ee737226,Duel,13,4,1,Tottenham Hotspur,Harry Kane,Center Forward,1,Tottenham Hotspur,Liverpool,62.9,26.4,,,,,,,,,,,,,,,
33a9af92-c233-4d04-bd74-b562156fcad4,Ball Receipt*,13,6,1,Liverpool,Mohamed Salah,Right Wing,0,Tottenham Hotspur,Liverpool,75.2,68.4,,,,,,,,,,,,,,,
66a4c5e0-f4bf-4b78-b663-69dd45be75cb,Pass,13,6,1,Tottenham Hotspur,Danny Rose,Left Back,0,Tottenham Hotspur,Liverpool,49.1,10.7,Heung-Min Son,,Recovery,Ground Pass,Left Foot,62.7,3.3,0.01214719,0.01473596,0.002588769999999999,,,,,
c0ee767b-6f36-4be5-924b-e494f66717a7,Ball Receipt*,13,8,1,Tottenham Hotspur,Heung-Min Son,Left Wing,0,Tottenham Hotspur,Liverpool,62.7,3.3,,,,,,,,,,,,,,,
535f73dd-7217-4727-97fb-69fe3c4b1d02,Carry,13,8,1,Tottenham Hotspur,Heung-Min Son,Left Wing,1,Tottenham Hotspur,Liverpool,62.7,3.3,,,,,,,,,,,56.4,4.8,-0.002252519999999999,,
6274224c-bbb6-4e85-a0c8-c4d30d93a63c,Pressure,13,10,1,Liverpool,Jordan Brian Henderson,Right Center Midfield,0,Tottenham Hotspur,Liverpool,57.4,70.9,,,,,,,,,,,,,,,
7d49aeaf-737e-452e-804e-d26107e76593,Pass,13,11,1,Tottenham Hotspur,Heung-Min Son,Left Wing,1,Tottenham Hotspur,Liverpool,56.4,4.8,Jan Vertonghen,,,Ground Pass,Right Foot,43.2,15.9,0.01248344,0.01214719,-0.0003362499999999997,,,,,
cb44d89f-bef7-49b3-8f0f-dd005734de0e,Ball Receipt*,13,12,1,Tottenham Hotspur,Jan Vertonghen,Left Center Back,0,Tottenham Hotspur,Liverpool,43.2,15.9,,,,,,,,,,,,,,,
22507c56-00f8-4f70-bd1a-af22d76de2e6,Carry,13,12,1,Tottenham Hotspur,Jan Vertonghen,Left Center Back,0,Tottenham Hotspur,Liverpool,43.2,15.9,,,,,,,,,,,42.3,16.1,0.0,,
f82b9112-99ed-4ef7-ba83-9036afb549ad,Pass,13,13,1,Tottenham Hotspur,Jan Vertonghen,Left Center Back,0,Tottenham Hotspur,Liverpool,42.3,16.1,Toby Alderweireld,,,Ground Pass,Left Foot,40.0,34.4,0.01214719,0.01262646,0.0004792700000000004,,,,,
4ef385c8-603a-44ea-99b8-2c4e42a81bd2,Ball Receipt*,13,14,1,Tottenham Hotspur,Toby Alderweireld,Right Center Back,0,Tottenham Hotspur,Liverpool,40.0,34.4,,,,,,,,,,,,,,,
768f4432-7f5f-4b1c-a24e-af5c1afee8b9,Carry,13,14,1,Tottenham Hotspur,Toby Alderweireld,Right Center Back,0,Tottenham Hotspur,Liverpool,40.0,34.4,,,,,,,,,,,39.2,40.5,-0.0013027,,
5367d0f0-c785-4aeb-95db-42cbc9a07443,Pass,13,15,1,Tottenham Hotspur,Toby Alderweireld,Right Center Back,0,Tottenham Hotspur,Liverpool,39.2,40.5,Jan Vertonghen,,,Ground Pass,Right Foot,42.6,22.6,0.01132376,0.01269174,0.00136798,,,,,
d2bf660c-b69f-4d40-b15a-dd3d12aaeb9c,Ball Receipt*,13,17,1,Tottenham Hotspur,Jan Vertonghen,Left Center Back,0,Tottenham Hotspur,Liverpool,42.6,22.6,,,,,,,,,,,,,,,
b8ca7b98-ce53-46a1-a6c7-da7223ae657c,Carry,13,17,1,Tottenham Hotspur,Jan Vertonghen,Left Center Back,0,Tottenham Hotspur,Liverpool,42.6,22.6,,,,,,,,,,,47.2,20.9,0.0,,
9c63b7a4-9dba-49e5-92b1-98ec78deac2b,Pass,13,18,1,Tottenham Hotspur,Jan Vertonghen,Left Center Back,0,Tottenham Hotspur,Liverpool,47.2,20.9,Kieran Trippier,,,High Pass,Left Foot,117.4,71.2,0.01269174,0.0379259,0.02523416,,,,,
c646930f-e642-4680-bfc8-9363bc6dcb53,Ball Receipt*,13,25,1,Tottenham Hotspur,Kieran Trippier,Right Back,0,Tottenham Hotspur,Liverpool,117.4,71.2,,,,,,,,,,,,,,,
79c77dfa-f260-4982-a298-eee05d66b19d,Carry,13,25,1,Tottenham Hotspur,Kieran Trippier,Right Back,0,Tottenham Hotspur,Liverpool,117.4,71.2,,,,,,,,,,,117.0,73.5,0.0,,
b09e1050-6a80-4513-84f0-9c61185bc4b7,Pass,13,25,1,Tottenham Hotspur,Kieran Trippier,Right Back,0,Tottenham Hotspur,Liverpool,117.0,73.5,Christian Dannemann Eriksen,,,Ground Pass,Right Foot,106.2,68.4,0.0379259,0.04066992,0.00274402,,,,,
e2083dd5-d7e2-4057-8e25-14a5a8b80126,Ball Receipt*,13,26,1,Tottenham Hotspur,Christian Dannemann Eriksen,Right Wing,0,Tottenham Hotspur,Liverpool,106.2,68.4,,,,,,,,,,,,,,,
d2d5f843-1d67-4c7f-982c-bbe4fac2b838,Carry,13,26,1,Tottenham Hotspur,Christian Dannemann Eriksen,Right Wing,0,Tottenham Hotspur,Liverpool,106.2,68.4,,,,,,,,,,,103.9,67.6,0.0,,
8d0c5f77-e25f-44d5-b104-a75f8276408a,Pass,13,27,1,Tottenham Hotspur,Christian Dannemann Eriksen,Right Wing,0,Tottenham Hotspur,Liverpool,103.9,67.6,Moussa Sissoko,,,Ground Pass,Right Foot,85.0,66.6,0.04066992,0.02401521,-0.01665471,,,,,
c11f3116-05b2-4f45-9512-8a286953c985,Ball Receipt*,13,29,1,Tottenham Hotspur,Moussa Sissoko,Right Defensive Midfield,0,Tottenham Hotspur,Liverpool,85.0,66.6,,,,,,,,,,,,,,,
c8afd173-0a24-48b2-ba10-e00008c59bcb,Carry,13,29,1,Tottenham Hotspur,Moussa Sissoko,Right Defensive Midfield,0,Tottenham Hotspur,Liverpool,85.0,66.6,,,,,,,,,,,85.2,68.7,0.0,,
80c1bf0e-e6c2-4b4f-a992-f399d8097a4f,Pass,13,29,1,Tottenham Hotspur,Moussa Sissoko,Right Defensive Midfield,0,Tottenham Hotspur,Liverpool,85.2,68.7,Christian Dannemann Eriksen,,,Ground Pass,Right Foot,96.4,75.4,0.02401521,0.02756312,0.003547910000000001,,,,,
dc5fe2ef-df85-4bbe-8aa1-0aaf1c6580d3,Ball Receipt*,13,31,1,Tottenham Hotspur,Christian Dannemann Eriksen,Right Wing,0,Tottenham Hotspur,Liverpool,96.4,75.4,,,,,,,,,,,,,,,
4c68ac08-d990-4283-8134-1d5a1ce35a18,Carry,13,31,1,Tottenham Hotspur,Christian Dannemann Eriksen,Right Wing,1,Tottenham Hotspur,Liverpool,96.4,75.4,,,,,,,,,,,88.6,68.2,-0.003547910000000001,,
d97fb906-bd92-4212-bb06-bab48679405d,Pressure,13,32,1,Liverpool,Georginio Wijnaldum,Left Center Midfield,0,Tottenham Hotspur,Liverpool,22.9,8.5,,,,,,,,,,,,,,,
e1ae0a7d-0bde-4d88-b2d4-d1015facdb91,Pass,13,34,1,Tottenham Hotspur,Christian Dannemann Eriksen,Right Wing,1,Tottenham Hotspur,Liverpool,88.6,68.2,Heung-Min Son,Incomplete,,High Pass,Left Foot,105.2,29.4,0.02401521,0.05491138,0.03089617,,,,,
60ea95d3-41e4-4bd3-a548-23183b3ab898,Ball Receipt*,13,36,1,Tottenham Hotspur,Heung-Min Son,Left Wing,0,Tottenham Hotspur,Liverpool,105.8,23.3,,,,,,,,,,,,,,,
7e387700-1931-47fc-bf86-f1b97dfc8125,Clearance,13,36,1,Liverpool,Trent Alexander-Arnold,Right Back,1,Tottenham Hotspur,Liverpool,14.9,50.7,,,,,,,,,,,,,,,
ac4b4e2b-4bc4-4db0-8c26-6ebfb094c95a,Pass,13,46,1,Tottenham Hotspur,Danny Rose,Left Back,0,Tottenham Hotspur,Liverpool,87.5,0.1,Harry Winks,,Throw-in,High Pass,,79.3,6.7,0.02122129,0.0174506,-0.00377069,,,,,
58d6b77a-930f-4102-918f-68767927946c,Ball Receipt*,13,47,1,Tottenham Hotspur,Harry Winks,Left Center Midfield,0,Tottenham Hotspur,Liverpool,79.3,6.7,,,,,,,,,,,,,,,
4656a0a4-7307-4052-9343-daa87fcf247f,Carry,13,47,1,Tottenham Hotspur,Harry Winks,Left Center Midfield,1,Tottenham Hotspur,Liverpool,79.3,6.7,,,,,,,,,,,77.4,4.8,0.0,,
da339f53-d152-470d-a111-2a96dd5ed689,Pressure,13,48,1,Liverpool,Mohamed Salah,Right Wing,0,Tottenham Hotspur,Liverpool,36.1,76.8,,,,,,,,,,,,,,,
449923a8-c822-422d-9047-fec53d728102,Pass,13,48,1,Tottenham Hotspur,Harry Winks,Left Center Midfield,1,Tottenham Hotspur,Liverpool,77.4,4.8,Toby Alderweireld,,,Ground Pass,Right Foot,55.4,37.6,0.0174506,0.01484598,-0.00260462,,,,,
91b8ad11-7df3-48ab-afca-87391a3189d8,Ball Receipt*,13,51,1,Tottenham Hotspur,Toby Alderweireld,Right Center Back,0,Tottenham Hotspur,Liverpool,55.4,37.6,,,,,,,,,,,,,,,
be0d27a9-bbef-422b-b50a-b93e00d1b0e4,Carry,13,51,1,Tottenham Hotspur,Toby Alderweireld,Right Center Back,0,Tottenham Hotspur,Liverpool,55.4,37.6,,,,,,,,,,,61.7,44.3,0.002049299999999999,,
8328cfe6-f05e-4394-8d61-270aa95d88fa,Pass,13,55,1,Tottenham Hotspur,Toby Alderweireld,Right Center Back,0,Tottenham Hotspur,Liverpool,61.7,44.3,Kieran Trippier,Out,,High Pass,Right Foot,95.1,79.4,0.01689528,0.02756312,0.01066784,,,,,
6fe5efca-db71-4690-a5ff-5e4a8eda2245,Ball Receipt*,13,58,1,Tottenham Hotspur,Kieran Trippier,Right Back,0,Tottenham Hotspur,Liverpool,97.0,77.5,,,,,,,,,,,,,,,
78d008f6-91ba-470e-a9be-a8d67984b9f0,Pass,14,24,1,Liverpool,Andrew Robertson,Left Back,0,Tottenham Hotspur,Liverpool,25.4,0.1,,Incomplete,Throw-in,High Pass,,70.6,7.0,0.00844854,0.0174506,0.009002060000000001,,,,,
2f420131-fe44-424a-89ad-11e51a8b223b,Clearance,14,25,1,Tottenham Hotspur,Kieran Trippier,Right Back,1,Tottenham Hotspur,Liverpool,49.5,73.1,,,,,,,,,,,,,,,
d497b169-6668-4e16-ae2d-15e645dfb116,Pass,14,27,1,Liverpool,Virgil van Dijk,Left Center Back,0,Tottenham Hotspur,Liverpool,29.4,29.1,Andrew Robertson,,Recovery,High Pass,Head,26.1,3.2,0.01001304,0.00844854,-0.001564500000000002,,,,,
329cfc68-9e8b-43d4-a74a-a0c177416c9f,Ball Receipt*,14,30,1,Liverpool,Andrew Robertson,Left Back,0,Tottenham Hotspur,Liverpool,26.1,3.2,,,,,,,,,,,,,,,
4f3c5c86-5e64-4422-8f7f-2eb11929f94a,Carry,14,30,1,Liverpool,Andrew Robertson,Left Back,0,Tottenham Hotspur,Liverpool,26.1,3.2,,,,,,,,,,,26.1,3.2,0.0,,
32b67d17-052c-41d8-ae60-a5166e74679a,Pass,14,30,1,Liverpool,Andrew Robertson,Left Back,0,Tottenham Hotspur,Liverpool,26.1,3.2,Roberto Firmino Barbosa de Oliveira,,,High Pass,Left Foot,50.0,15.6,0.00844854,0.0138454,0.005396860000000002,,,,,
c47a56e4-c641-4cf5-a122-86da56357ac7,Ball Receipt*,14,31,1,Liverpool,Roberto Firmino Barbosa de Oliveira,Center Forward,0,Tottenham Hotspur,Liverpool,50.0,15.6,,,,,,,,,,,,,,,
385c8a6e-0005-4fef-ba89-ae8284a0f808,Carry,14,31,1,Liverpool,Roberto Firmino Barbosa de Oliveira,Center Forward,1,Tottenham Hotspur,Liverpool,50.0,15.6,,,,,,,,,,,51.9,13.8,0.0,,
4428b2dc-c53f-418e-971d-a248852b7047,Pressure,14,31,1,Tottenham Hotspur,Moussa Sissoko,Right Defensive Midfield,0,Tottenham Hotspur,Liverpool,69.2,69.3,,,,,,,,,,,,,,,
cda5f93b-64c3-41ca-b8a7-02455e318d85,Dispossessed,14,32,1,Liverpool,Roberto Firmino Barbosa de Oliveira,Center Forward,1,Tottenham Hotspur,Liverpool,51.9,13.8,,,,,,,,,,,,,,,
77af32a0-8ebc-4c55-a656-237785b24917,Duel,14,32,1,Tottenham Hotspur,Moussa Sissoko,Right Defensive Midfield,1,Tottenham Hotspur,Liverpool,68.2,66.3,,,,,,,,,,,,,,,
c44abac7-fe3a-47cd-9997-9920a8d3a673,Ball Recovery,14,33,1,Tottenham Hotspur,Harry Winks,Left Center Midfield,0,Tottenham Hotspur,Liverpool,61.0,62.1,,,,,,,,,,,,,,,
20c0fdb7-0c50-4137-bc97-ec5883adf745,Carry,14,33,1,Tottenham Hotspur,Harry Winks,Left Center Midfield,0,Tottenham Hotspur,Liverpool,61.0,62.1,,,,,,,,,,,61.0,57.1,0.0007378299999999983,,
097d408f-0baa-4eaf-b8e1-f9ceae96088f,Pass,14,34,1,Tottenham Hotspur,Harry Winks,Left Center Midfield,0,Tottenham Hotspur,Liverpool,61.0,57.1,Danny Rose,,,Ground Pass,Right Foot,56.6,25.8,0.01685596,0.01429128,-0.00256468,,,,,
6999e5de-a2cb-4179-9690-07553fe6d540,Ball Receipt*,14,36,1,Tottenham Hotspur,Danny Rose,Left Back,0,Tottenham Hotspur,Liverpool,56.6,25.8,,,,,,,,,,,,,,,
c7e5bce1-e2f5-44cd-81d2-33829ac099ba,Carry,14,36,1,Tottenham Hotspur,Danny Rose,Left Back,0,Tottenham Hotspur,Liverpool,56.6,25.8,,,,,,,,,,,57.1,16.1,-0.0004458799999999992,,
8e061bc9-e9b5-4d31-8c03-ee3189aa16d8,Pass,14,39,1,Tottenham Hotspur,Danny Rose,Left Back,0,Tottenham Hotspur,Liverpool,57.1,16.1,Harry Winks,,,Ground Pass,Left Foot,54.5,26.6,0.0138454,0.01429128,0.0004458799999999992,,,,,
029d7579-ce8f-491b-ab02-d3c57c0acc66,Ball Receipt*,14,40,1,Tottenham Hotspur,Harry Winks,Left Center Midfield,0,Tottenham Hotspur,Liverpool,54.5,26.6,,,,,,,,,,,,,,,
d3bcf894-2ec9-4c1a-884d-5a5ec98e430a,Carry,14,40,1,Tottenham Hotspur,Harry Winks,Left Center Midfield,0,Tottenham Hotspur,Liverpool,54.5,26.6,,,,,,,,,,,55.4,26.6,0.0,,
b6800bf6-0f44-4fd8-b244-1fdb8e976e3c,Pass,14,40,1,Tottenham Hotspur,Harry Winks,Left Center Midfield,0,Tottenham Hotspur,Liverpool,55.4,26.6,Hugo Lloris,,,Ground Pass,Right Foot,13.8,30.4,0.01429128,0.01082722,-0.00346406,,,,,
eb1fd0c6-686e-4a97-a165-35869a9b6fab,Ball Receipt*,14,43,1,Tottenham Hotspur,Hugo Lloris,Goalkeeper,0,Tottenham Hotspur,Liverpool,13.8,30.4,,,,,,,,,,,,,,,
56142c56-bc26-4056-a176-0b1a48ba71d9,Carry,14,43,1,Tottenham Hotspur,Hugo Lloris,Goalkeeper,0,Tottenham Hotspur,Liverpool,13.8,30.4,,,,,,,,,,,14.4,33.1,0.0,,
638f98b3-260e-48c2-90f1-2b7661a10b70,Pass,14,45,1,Tottenham Hotspur,Hugo Lloris,Goalkeeper,0,Tottenham Hotspur,Liverpool,14.4,33.1,Jan Vertonghen,,,Ground Pass,Right Foot,27.2,23.1,0.01082722,0.01001304,-0.0008141799999999994,,,,,
d8246245-0c6f-4397-830b-b0553e3f167e,Ball Receipt*,14,46,1,Tottenham Hotspur,Jan Vertonghen,Left Center Back,0,Tottenham Hotspur,Liverpool,27.2,23.1,,,,,,,,,,,,,,,
b96441af-ef62-4699-9af3-d6ea9392c7bc,Carry,14,46,1,Tottenham Hotspur,Jan Vertonghen,Left Center Back,0,Tottenham Hotspur,Liverpool,27.2,23.1,,,,,,,,,,,22.4,23.7,0.0,,
a89d6323-0c28-46dc-9e1b-d616c3015020,Pass,14,48,1,Tottenham Hotspur,Jan Vertonghen,Left Center Back,0,Tottenham Hotspur,Liverpool,22.4,23.7,Toby Alderweireld,,,Ground Pass,Left Foot,23.9,46.0,0.01001304,0.01016549,0.0001524499999999984,,,,,
b753af0e-1ee0-430a-a97f-17bc1ff74214,Ball Receipt*,14,50,1,Tottenham Hotspur,Toby Alderweireld,Right Center Back,0,Tottenham Hotspur,Liverpool,23.9,46.0,,,,,,,,,,,,,,,
bad94a13-17c7-49e7-a365-c27244f2d86f,Carry,14,50,1,Tottenham Hotspur,Toby Alderweireld,Right Center Back,0,Tottenham Hotspur,Liverpool,23.9,46.0,,,,,,,,,,,22.8,46.2,0.0,,
b42daf5e-1b04-4c52-b9f5-acb768d04077,Pass,14,52,1,Tottenham Hotspur,Toby Alderweireld,Right Center Back,0,Tottenham Hotspur,Liverpool,22.8,46.2,Jan Vertonghen,,,Ground Pass,Left Foot,29.1,23.5,0.01016549,0.01001304,-0.0001524499999999984,,,,,
06f8df37-c702-4bdb-9a53-95d4986a1c2b,Ball Receipt*,14,53,1,Tottenham Hotspur,Jan Vertonghen,Left Center Back,0,Tottenham Hotspur,Liverpool,29.1,23.5,,,,,,,,,,,,,,,
4cbc7522-2869-496b-ba32-d5ba14bf954e,Carry,14,53,1,Tottenham Hotspur,Jan Vertonghen,Left Center Back,0,Tottenham Hotspur,Liverpool,29.1,23.5,,,,,,,,,,,40.7,17.2,0.00213415,,
85debd66-6695-43b1-adaf-c9c575c68400,Pass,14,55,1,Tottenham Hotspur,Jan Vertonghen,Left Center Back,0,Tottenham Hotspur,Liverpool,40.7,17.2,Harry Winks,,,Ground Pass,Left Foot,42.8,36.3,0.01214719,0.01262646,0.0004792700000000004,,,,,
3a0db316-283d-4822-a515-5e32711f57e9,Ball Receipt*,14,56,1,Tottenham Hotspur,Harry Winks,Left Center Midfield,0,Tottenham Hotspur,Liverpool,42.8,36.3,,,,,,,,,,,,,,,
ba9c57ea-244b-400e-bc59-706a6a8d7eed,Carry,14,56,1,Tottenham Hotspur,Harry Winks,Left Center Midfield,0,Tottenham Hotspur,Liverpool,42.8,36.3,,,,,,,,,,,46.1,38.6,0.0,,
ed613fa5-7bf4-4328-b68b-5b19a519d8ab,Pass,14,58,1,Tottenham Hotspur,Harry Winks,Left Center Midfield,0,Tottenham Hotspur,Liverpool,46.1,38.6,Moussa Sissoko,,,Ground Pass,Right Foot,48.9,52.7,0.01262646,0.01269174,6.527999999999916e-05,,,,,
ac563c89-cf3c-4345-9079-8bf504d43158,Ball Receipt*,14,59,1,Tottenham Hotspur,Moussa Sissoko,Right Defensive Midfield,0,Tottenham Hotspur,Liverpool,48.9,52.7,,,,,,,,,,,,,,,
9be4dd0b-305d-49a5-9765-b683f3235bb3,Carry,14,59,1,Tottenham Hotspur,Moussa Sissoko,Right Defensive Midfield,1,Tottenham Hotspur,Liverpool,48.9,52.7,,,,,,,,,,,48.9,53.7,0.0,,
cadb5828-441c-47cf-9064-50061d8cfc16,Pressure,15,0,1,Liverpool,Sadio Mané,Left Wing,0,Tottenham Hotspur,Liverpool,65.1,20.3,,,,,,,,,,,,,,,
1bc493b3-28be-46dd-9afc-03f32c7bf4f0,Pass,15,0,1,Tottenham Hotspur,Moussa Sissoko,Right Defensive Midfield,1,Tottenham Hotspur,Liverpool,48.9,53.7,Bamidele Alli,,,Low Pass,Right Foot,65.3,42.8,0.01269174,0.01689528,0.004203539999999999,,,,,
bd486637-77a4-4d68-8996-4d0686299ecd,Ball Receipt*,15,1,1,Tottenham Hotspur,Bamidele Alli,Center Attacking Midfield,0,Tottenham Hotspur,Liverpool,65.3,42.8,,,,,,,,,,,,,,,
8051aa62-2d63-451b-8826-2788d268c25a,Carry,15,1,1,Tottenham Hotspur,Bamidele Alli,Center Attacking Midfield,0,Tottenham Hotspur,Liverpool,65.3,42.8,,,,,,,,,,,69.5,43.6,0.0,,
eca8563b-3fbd-46ad-9ab6-fd8b5f0404b8,Miscontrol,15,2,1,Tottenham Hotspur,Bamidele Alli,Center Attacking Midfield,0,Tottenham Hotspur,Liverpool,69.5,43.6,,,,,,,,,,,,,,,
196cb159-c8ad-4dfa-81cd-88a6f6570f6e,Pass,15,3,1,Liverpool,Andrew Robertson,Left Back,0,Tottenham Hotspur,Liverpool,41.2,29.3,Fábio Henrique Tavares,Incomplete,Recovery,Ground Pass,Right Foot,47.7,30.6,0.01269174,0.01262646,-6.527999999999916e-05,,,,,
c1ff1c55-30cc-4921-9bbe-4e2f4d1ea69a,Ball Receipt*,15,3,1,Liverpool,Fábio Henrique Tavares,Center Defensive Midfield,0,Tottenham Hotspur,Liverpool,51.3,33.1,,,,,,,,,,,,,,,
f0a8d725-dd13-4c21-b786-858e941eb78f,Block,15,3,1,Tottenham Hotspur,Christian Dannemann Eriksen,Right Wing,0,Tottenham Hotspur,Liverpool,72.4,49.5,,,,,,,,,,,,,,,
62605e7b-0aa2-4c61-a6e9-70650b7b89e4,Pass,15,5,1,Liverpool,Andrew Robertson,Left Back,0,Tottenham Hotspur,Liverpool,42.7,20.1,Georginio Wijnaldum,,Recovery,Low Pass,Left Foot,56.1,22.2,0.01269174,0.01429128,0.00159954,,,,,
ff25a7d8-5ba9-4e88-b3b1-1767c1371015,Ball Receipt*,15,6,1,Liverpool,Georginio Wijnaldum,Left Center Midfield,0,Tottenham Hotspur,Liverpool,56.1,22.2,,,,,,,,,,,,,,,
78cf4379-77cd-4b92-bd21-806fe43d29d0,Carry,15,6,1,Liverpool,Georginio Wijnaldum,Left Center Midfield,0,Tottenham Hotspur,Liverpool,56.1,22.2,,,,,,,,,,,55.9,22.2,0.0,,
797a68cd-c298-4684-b2bc-0f81fa270804,Miscontrol,15,6,1,Liverpool,Georginio Wijnaldum,Left Center Midfield,0,Tottenham Hotspur,Liverpool,55.9,22.2,,,,,,,,,,,,,,,
cc25a15f-a5f0-418d-9f89-2fc7ae4453a3,Ball Recovery,15,7,1,Tottenham Hotspur,Kieran Trippier,Right Back,0,Tottenham Hotspur,Liverpool,50.8,62.6,,,,,,,,,,,,,,,
34fd23d2-87dd-483f-bda4-1836c9f90b4f,Carry,15,7,1,Tottenham Hotspur,Kieran Trippier,Right Back,0,Tottenham Hotspur,Liverpool,50.8,62.6,,,,,,,,,,,49.3,61.9,-0.00169821,,
d5f89823-cff9-4333-848c-bc8b09c8514f,Pass,15,7,1,Tottenham Hotspur,Kieran Trippier,Right Back,0,Tottenham Hotspur,Liverpool,49.3,61.9,Harry Winks,,,Ground Pass,Right Foot,54.5,53.9,0.01214719,0.01429128,0.00214409,,,,,
cb135c83-d961-4aeb-b6a0-c3de4ddeb727,Pressure,15,7,1,Liverpool,Sadio Mané,Left Wing,0,Tottenham Hotspur,Liverpool,71.9,18.4,,,,,,,,,,,,,,,
72a138bb-7dc7-4d10-8864-213e70e0ac71,Ball Receipt*,15,8,1,Tottenham Hotspur,Harry Winks,Left Center Midfield,0,Tottenham Hotspur,Liverpool,54.5,53.9,,,,,,,,,,,,,,,
260c8e66-8937-4d1a-94c0-0d9464efd13a,Carry,15,8,1,Tottenham Hotspur,Harry Winks,Left Center Midfield,0,Tottenham Hotspur,Liverpool,54.5,53.9,,,,,,,,,,,55.6,53.5,0.0,,
489c62cc-2a31-42ae-90fc-77c19b8d9462,Pass,15,8,1,Tottenham Hotspur,Harry Winks,Left Center Midfield,0,Tottenham Hotspur,Liverpool,55.6,53.5,Moussa Sissoko,,,Ground Pass,Right Foot,43.2,58.4,0.01429128,0.01269174,-0.00159954,,,,,
52c17f4e-50e0-492e-8217-8fc2fd2dc010,Ball Receipt*,15,9,1,Tottenham Hotspur,Moussa Sissoko,Right Defensive Midfield,0,Tottenham Hotspur,Liverpool,43.2,58.4,,,,,,,,,,,,,,,
f8fc3f87-575b-4ad2-9936-c366c08e2bd4,Carry,15,9,1,Tottenham Hotspur,Moussa Sissoko,Right Defensive Midfield,0,Tottenham Hotspur,Liverpool,43.2,58.4,,,,,,,,,,,42.3,53.1,0.0,,
96c33780-0718-4805-bfc6-fbda76cd83da,Pass,15,10,1,Tottenham Hotspur,Moussa Sissoko,Right Defensive Midfield,0,Tottenham Hotspur,Liverpool,42.3,53.1,Jan Vertonghen,,,Ground Pass,Right Foot,36.9,35.9,0.01269174,0.01132376,-0.00136798,,,,,
23562509-303f-4516-bbc2-2b4ce5e20ecf,Ball Receipt*,15,11,1,Tottenham Hotspur,Jan Vertonghen,Left Center Back,0,Tottenham Hotspur,Liverpool,36.9,35.9,,,,,,,,,,,,,,,
c6419189-6908-432d-b065-4a7685542f0f,Carry,15,11,1,Tottenham Hotspur,Jan Vertonghen,Left Center Back,0,Tottenham Hotspur,Liverpool,36.9,35.9,,,,,,,,,,,42.8,29.8,0.00136798,,
858d0e58-07fe-4f5c-88fe-e83af9e6f9ad,Pass,15,14,1,Tottenham Hotspur,Jan Vertonghen,Left Center Back,0,Tottenham Hotspur,Liverpool,42.8,29.8,Heung-Min Son,Out,,High Pass,Left Foot,119.7,8.1,0.01269174,0.0379259,0.02523416,,,,,
bd79b78c-08ed-4c32-841b-2332c2337b35,Shield,15,19,1,Liverpool,Trent Alexander-Arnold,Right Back,0,Tottenham Hotspur,Liverpool,6.7,73.0,,,,,,,,,,,,,,,
02ca2988-74a0-4222-bba9-03644f090cab,Ball Receipt*,15,21,1,Tottenham Hotspur,Heung-Min Son,Left Wing,0,Tottenham Hotspur,Liverpool,98.0,7.9,,,,,,,,,,,,,,,
eb9bde87-32e7-4137-b6d3-243dd59f2f01,Pass,15,44,1,Liverpool,Alisson Ramsés Becker,Goalkeeper,0,Tottenham Hotspur,Liverpool,7.0,44.1,Virgil van Dijk,,Goal Kick,Ground Pass,Right Foot,10.7,15.6,0.00941056,0.00878589,-0.0006246700000000008,,,,,
9329512b-4f9e-46dc-aed2-6b97d0a7dee9,Ball Receipt*,15,45,1,Liverpool,Virgil van Dijk,Left Center Back,0,Tottenham Hotspur,Liverpool,10.7,15.6,,,,,,,,,,,,,,,
914cb140-a5d4-4d67-8a01-ab1f24e8c956,Carry,15,45,1,Liverpool,Virgil van Dijk,Left Center Back,0,Tottenham Hotspur,Liverpool,10.7,15.6,,,,,,,,,,,14.3,13.1,0.0,,
c54d7332-75c3-4471-839d-01e1c6503e7b,Pass,15,46,1,Liverpool,Virgil van Dijk,Left Center Back,0,Tottenham Hotspur,Liverpool,14.3,13.1,Alisson Ramsés Becker,,,Ground Pass,Left Foot,9.5,36.0,0.00878589,0.00941056,0.0006246700000000008,,,,,
cccf2a06-4d12-4924-a122-71514139a66a,Ball Receipt*,15,48,1,Liverpool,Alisson Ramsés Becker,Goalkeeper,0,Tottenham Hotspur,Liverpool,9.5,36.0,,,,,,,,,,,,,,,
5860e709-4c6a-4dfd-b885-2c5572fc244d,Carry,15,48,1,Liverpool,Alisson Ramsés Becker,Goalkeeper,0,Tottenham Hotspur,Liverpool,9.5,36.0,,,,,,,,,,,10.7,37.5,0.00141666,,
652325d1-409b-4ad5-9085-3087f6584238,Pass,15,49,1,Liverpool,Alisson Ramsés Becker,Goalkeeper,0,Tottenham Hotspur,Liverpool,10.7,37.5,Fábio Henrique Tavares,,,Ground Pass,Right Foot,25.0,37.1,0.01082722,0.01016549,-0.000661730000000001,,,,,
c3f166d7-c740-4ab7-a4b9-6bd6df397c21,Ball Receipt*,15,50,1,Liverpool,Fábio Henrique Tavares,Center Defensive Midfield,0,Tottenham Hotspur,Liverpool,25.0,37.1,,,,,,,,,,,,,,,
aaf5d3ab-576d-4c18-a907-1fff4f0108eb,Carry,15,50,1,Liverpool,Fábio Henrique Tavares,Center Defensive Midfield,0,Tottenham Hotspur,Liverpool,25.0,37.1,,,,,,,,,,,24.0,51.4,-0.0001524499999999984,,
9fb2181e-fe6c-4a48-8b3e-877674039a4b,Pass,15,52,1,Liverpool,Fábio Henrique Tavares,Center Defensive Midfield,0,Tottenham Hotspur,Liverpool,24.0,51.4,Joël Andre Job Matip,,,Ground Pass,Right Foot,15.5,59.2,0.01001304,0.00977745,-0.0002355900000000008,,,,,
37dfa8b9-dcd7-447a-b7bb-61d6cc4616d8,Ball Receipt*,15,53,1,Liverpool,Joël Andre Job Matip,Right Center Back,0,Tottenham Hotspur,Liverpool,15.5,59.2,,,,,,,,,,,,,,,
dc0df2e1-76b1-43f9-a471-f4fe4790297d,Carry,15,53,1,Liverpool,Joël Andre Job Matip,Right Center Back,0,Tottenham Hotspur,Liverpool,15.5,59.2,,,,,,,,,,,16.4,58.9,0.0,,
44e840d9-bbb5-4fae-8454-45ae0fcafee2,Pass,15,53,1,Liverpool,Joël Andre Job Matip,Right Center Back,0,Tottenham Hotspur,Liverpool,16.4,58.9,Virgil van Dijk,,,Ground Pass,Right Foot,14.5,23.0,0.00977745,0.00977745,0.0,,,,,
09158e8e-c335-4b52-aa24-185b3443be6e,Ball Receipt*,15,56,1,Liverpool,Virgil van Dijk,Left Center Back,0,Tottenham Hotspur,Liverpool,14.5,23.0,,,,,,,,,,,,,,,
e8a054c4-4b5c-48ca-87dc-356a558458d5,Carry,15,56,1,Liverpool,Virgil van Dijk,Left Center Back,0,Tottenham Hotspur,Liverpool,14.5,23.0,,,,,,,,,,,14.5,23.0,0.0,,
76b370a1-69d9-487f-a68f-a2fe2ec54e9c,Pass,15,57,1,Liverpool,Virgil van Dijk,Left Center Back,0,Tottenham Hotspur,Liverpool,14.5,23.0,Andrew Robertson,,,Ground Pass,Right Foot,40.6,5.6,0.00977745,0.01126267,0.001485220000000001,,,,,
50c4c6cc-e2fa-4d98-9e1c-f36eabf6c7ce,Ball Receipt*,15,58,1,Liverpool,Andrew Robertson,Left Back,0,Tottenham Hotspur,Liverpool,40.6,5.6,,,,,,,,,,,,,,,
6f468277-1580-493f-aa9e-a2b2da51abaa,Carry,15,58,1,Liverpool,Andrew Robertson,Left Back,0,Tottenham Hotspur,Liverpool,40.6,5.6,,,,,,,,,,,40.6,7.5,0.0,,
753b71b8-370a-45b5-a20c-b2f9c392e54d,Pass,15,59,1,Liverpool,Andrew Robertson,Left Back,0,Tottenham Hotspur,Liverpool,40.6,7.5,Virgil van Dijk,,,Ground Pass,Left Foot,23.5,22.6,0.01126267,0.01001304,-0.00124963,,,,,
887918cc-529c-41b1-a951-fc971629753c,Ball Receipt*,16,1,1,Liverpool,Virgil van Dijk,Left Center Back,0,Tottenham Hotspur,Liverpool,23.5,22.6,,,,,,,,,,,,,,,
d750fb35-f7c6-4690-b05e-4bf65ff045ea,Carry,16,1,1,Liverpool,Virgil van Dijk,Left Center Back,0,Tottenham Hotspur,Liverpool,23.5,22.6,,,,,,,,,,,23.5,28.5,0.0,,
f4b4b833-0a1e-4e48-b918-1f3cc31158d0,Pass,16,3,1,Liverpool,Virgil van Dijk,Left Center Back,0,Tottenham Hotspur,Liverpool,23.5,28.5,Joël Andre Job Matip,,,Ground Pass,Left Foot,23.5,54.7,0.01001304,0.01001304,0.0,,,,,
f6138509-ce27-42ad-a902-595f98c81008,Ball Receipt*,16,4,1,Liverpool,Joël Andre Job Matip,Right Center Back,0,Tottenham Hotspur,Liverpool,23.5,54.7,,,,,,,,,,,,,,,
b08b0e09-8bac-4921-b220-9a83f064af74,Carry,16,4,1,Liverpool,Joël Andre Job Matip,Right Center Back,0,Tottenham Hotspur,Liverpool,23.5,54.7,,,,,,,,,,,29.4,51.6,0.0,,
6e6b6a32-90c9-4e54-b9a0-bebff686beb0,Pass,16,8,1,Liverpool,Joël Andre Job Matip,Right Center Back,0,Tottenham Hotspur,Liverpool,29.4,51.6,Virgil van Dijk,,,Ground Pass,Right Foot,28.4,33.9,0.01001304,0.01016549,0.0001524499999999984,,,,,
4e4ada85-1a2f-44cf-90b0-987f286f3795,Ball Receipt*,16,9,1,Liverpool,Virgil van Dijk,Left Center Back,0,Tottenham Hotspur,Liverpool,28.4,33.9,,,,,,,,,,,,,,,
f4f2d211-6d2b-4514-91fe-86160975d094,Carry,16,9,1,Liverpool,Virgil van Dijk,Left Center Back,0,Tottenham Hotspur,Liverpool,28.4,33.9,,,,,,,,,,,28.4,38.6,0.0,,
819f0789-77b0-4ddd-b278-29dec45fc855,Pass,16,10,1,Liverpool,Virgil van Dijk,Left Center Back,0,Tottenham Hotspur,Liverpool,28.4,38.6,Joël Andre Job Matip,,,Ground Pass,Left Foot,28.4,54.7,0.01016549,0.01001304,-0.0001524499999999984,,,,,
2eebea85-4e87-4d99-945e-bbf1bf451355,Ball Receipt*,16,12,1,Liverpool,Joël Andre Job Matip,Right Center Back,0,Tottenham Hotspur,Liverpool,28.4,54.7,,,,,,,,,,,,,,,
06d5a326-bdbf-46eb-8a32-3bd3092df0ff,Carry,16,12,1,Liverpool,Joël Andre Job Matip,Right Center Back,1,Tottenham Hotspur,Liverpool,28.4,54.7,,,,,,,,,,,41.8,62.5,0.00213415,,
f93fee2e-1530-4b3d-93f6-a9b551866641,Pressure,16,14,1,Tottenham Hotspur,Bamidele Alli,Center Attacking Midfield,0,Tottenham Hotspur,Liverpool,76.8,23.9,,,,,,,,,,,,,,,
89788f10-fc69-4ad8-bd97-53b737b4c440,Pass,16,14,1,Liverpool,Joël Andre Job Matip,Right Center Back,1,Tottenham Hotspur,Liverpool,41.8,62.5,Sadio Mané,,,High Pass,Right Foot,91.6,44.9,0.01214719,0.03511326,0.02296607,,,,,
6e9b74c2-2ca0-440a-aab8-a1e6b157433f,Ball Receipt*,16,17,1,Liverpool,Sadio Mané,Left Wing,0,Tottenham Hotspur,Liverpool,91.6,44.9,,,,,,,,,,,,,,,
c86a2f7d-b59a-4ab4-b5ae-31c12323de91,Carry,16,17,1,Liverpool,Sadio Mané,Left Wing,0,Tottenham Hotspur,Liverpool,91.6,44.9,,,,,,,,,,,93.7,45.3,0.0,,
99f32c8b-fd70-4211-a026-efea39f80625,Miscontrol,16,17,1,Liverpool,Sadio Mané,Left Wing,0,Tottenham Hotspur,Liverpool,93.7,45.3,,,,,,,,,,,,,,,
19d14579-77b1-47b1-b593-33d7ba08f3c5,Clearance,16,18,1,Tottenham Hotspur,Jan Vertonghen,Left Center Back,1,Tottenham Hotspur,Liverpool,28.1,32.1,,,,,,,,,,,,,,,
d3f1f4ac-44b5-47e1-aff2-23e7bc80ffdf,Pass,16,40,1,Liverpool,Andrew Robertson,Left Back,0,Tottenham Hotspur,Liverpool,77.1,0.1,Roberto Firmino Barbosa de Oliveira,,Throw-in,High Pass,,79.4,15.0,0.0174506,0.01870347,0.00125287,,,,,
df37d863-c1f0-4ba3-831b-079eda96185c,Ball Receipt*,16,41,1,Liverpool,Roberto Firmino Barbosa de Oliveira,Center Forward,0,Tottenham Hotspur,Liverpool,79.4,15.0,,,,,,,,,,,,,,,
cf075783-2406-48ab-b5c3-d06e7608182b,Carry,16,41,1,Liverpool,Roberto Firmino Barbosa de Oliveira,Center Forward,0,Tottenham Hotspur,Liverpool,79.4,15.0,,,,,,,,,,,79.4,19.0,0.0,,
2d9fbbe2-1a40-4af6-9350-aa142212dea6,Miscontrol,16,41,1,Liverpool,Roberto Firmino Barbosa de Oliveira,Center Forward,0,Tottenham Hotspur,Liverpool,79.4,19.0,,,,,,,,,,,,,,,
f5e078fc-c69c-4781-807f-0c812e578f77,Pass,16,41,1,Tottenham Hotspur,Harry Winks,Left Center Midfield,0,Tottenham Hotspur,Liverpool,37.3,57.5,Bamidele Alli,Incomplete,Recovery,Low Pass,Head,42.6,57.5,0.01110462,0.01269174,0.001587119999999999,,,,,
fe635efc-5301-4dda-a8d2-96bf7e6be0be,Ball Receipt*,16,43,1,Tottenham Hotspur,Bamidele Alli,Center Attacking Midfield,0,Tottenham Hotspur,Liverpool,45.5,55.8,,,,,,,,,,,,,,,
33391212-333f-4c9e-bd05-72fba0cc3255,Interception,16,43,1,Liverpool,Roberto Firmino Barbosa de Oliveira,Center Forward,0,Tottenham Hotspur,Liverpool,77.5,22.6,,,,,,,,,,,,,,,
dde94ebc-b1f9-4921-ad67-d07836121068,Ball Recovery,16,43,1,Tottenham Hotspur,Bamidele Alli,Center Attacking Midfield,0,Tottenham Hotspur,Liverpool,43.8,53.9,,,,,,,,,,,,,,,
79eaeb3f-1875-4906-a6dc-3ade56d7f6b2,Pass,16,44,1,Liverpool,Fábio Henrique Tavares,Center Defensive Midfield,0,Tottenham Hotspur,Liverpool,73.1,29.3,Jordan Brian Henderson,,Recovery,Ground Pass,Right Foot,76.5,33.7,0.01935132,0.0199707,0.0006193799999999992,,,,,
a8011b03-80d4-4ba7-856b-23cae85910ee,Pressure,16,44,1,Tottenham Hotspur,Bamidele Alli,Center Attacking Midfield,0,Tottenham Hotspur,Liverpool,41.3,48.1,,,,,,,,,,,,,,,
9d90770e-9d6b-45a5-9b79-1e8ce6c0c266,Ball Receipt*,16,44,1,Liverpool,Jordan Brian Henderson,Right Center Midfield,1,Tottenham Hotspur,Liverpool,76.5,33.7,,,,,,,,,,,,,,,
96fb85a9-843b-46af-b9d0-0ebd1072ab53,Carry,16,44,1,Liverpool,Jordan Brian Henderson,Right Center Midfield,1,Tottenham Hotspur,Liverpool,76.5,33.7,,,,,,,,,,,77.1,36.2,0.0,,
c89283e8-b874-48dc-be60-b6dc99b3cf05,Pass,16,45,1,Liverpool,Jordan Brian Henderson,Right Center Midfield,1,Tottenham Hotspur,Liverpool,77.1,36.2,Trent Alexander-Arnold,,,Ground Pass,Right Foot,79.2,53.7,0.0199707,0.01935132,-0.0006193799999999992,,,,,
2f8dbab7-a2df-479c-b0ae-d40f0209a62c,Ball Receipt*,16,46,1,Liverpool,Trent Alexander-Arnold,Right Back,0,Tottenham Hotspur,Liverpool,79.2,53.7,,,,,,,,,,,,,,,
c2cf9e73-0189-4de9-8e99-e2741fcd28a7,Carry,16,46,1,Liverpool,Trent Alexander-Arnold,Right Back,0,Tottenham Hotspur,Liverpool,79.2,53.7,,,,,,,,,,,90.2,59.3,0.0092007,,
08c3746b-a125-4adb-991e-c8053578451a,Shot,16,48,1,Liverpool,Trent Alexander-Arnold,Right Back,0,Tottenham Hotspur,Liverpool,90.2,59.3,,,,,,,,,,,,,,0.0062032556,Off T
928d7af0-2cbc-4b56-a766-186939179d9b,Goal Keeper,16,50,1,Tottenham Hotspur,Hugo Lloris,Goalkeeper,0,Tottenham Hotspur,Liverpool,1.1,37.6,,,,,,,,,,,,,,,
53f4f969-a064-412d-9a85-685488be6de8,Pass,17,9,1,Tottenham Hotspur,Hugo Lloris,Goalkeeper,0,Tottenham Hotspur,Liverpool,6.0,36.0,Heung-Min Son,Incomplete,Goal Kick,High Pass,Right Foot,64.2,2.2,0.00941056,0.01473596,0.005325399999999999,,,,,
373b08db-3005-43a7-b710-10d3297ed39c,Ball Receipt*,17,12,1,Tottenham Hotspur,Heung-Min Son,Left Wing,0,Tottenham Hotspur,Liverpool,62.7,3.1,,,,,,,,,,,,,,,
23a701f2-3b87-41e1-a427-93d66afcf067,Pass,17,12,1,Liverpool,Trent Alexander-Arnold,Right Back,0,Tottenham Hotspur,Liverpool,55.9,77.9,Jordan Brian Henderson,,Recovery,High Pass,Right Foot,64.9,76.8,0.01248344,0.01473596,0.002252519999999999,,,,,
7e03fc56-93c4-4e82-91e5-71ccd0436b79,Ball Receipt*,17,14,1,Liverpool,Jordan Brian Henderson,Right Center Midfield,0,Tottenham Hotspur,Liverpool,64.9,76.8,,,,,,,,,,,,,,,
bc3c1168-35b5-4640-bd09-7ff53e6a0943,Carry,17,14,1,Liverpool,Jordan Brian Henderson,Right Center Midfield,0,Tottenham Hotspur,Liverpool,64.9,76.8,,,,,,,,,,,64.9,76.8,0.0,,
28884d4e-ad01-4e42-99fa-626450dc6b2c,Pass,17,14,1,Liverpool,Jordan Brian Henderson,Right Center Midfield,0,Tottenham Hotspur,Liverpool,64.9,76.8,Mohamed Salah,Incomplete,,High Pass,Right Foot,78.0,67.1,0.01473596,0.01870347,0.00396751,,,,,
34d96279-c0eb-4e7a-9089-9002d1e605d3,Ball Receipt*,17,15,1,Liverpool,Mohamed Salah,Right Wing,0,Tottenham Hotspur,Liverpool,77.3,71.5,,,,,,,,,,,,,,,
07b1989d-0dda-47dd-9167-3da5ddd89590,Pass,17,15,1,Tottenham Hotspur,Harry Winks,Left Center Midfield,0,Tottenham Hotspur,Liverpool,42.1,13.0,Harry Kane,Incomplete,Recovery,High Pass,Head,70.9,12.8,0.01214719,0.01870347,0.006556279999999999,,,,,
62e5faa8-389f-4bff-9d14-8b0ec3973f63,Ball Receipt*,17,20,1,Tottenham Hotspur,Harry Kane,Center Forward,0,Tottenham Hotspur,Liverpool,69.7,12.5,,,,,,,,,,,,,,,
fc3a6ad8-25ec-48cb-84db-5e35887f2603,Duel,17,20,1,Tottenham Hotspur,Harry Kane,Center Forward,1,Tottenham Hotspur,Liverpool,70.9,12.8,,,,,,,,,,,,,,,
430d22c5-18bb-4e74-b845-6a09ccc356bd,Pass,17,20,1,Liverpool,Joël Andre Job Matip,Right Center Back,1,Tottenham Hotspur,Liverpool,49.2,67.3,Fábio Henrique Tavares,Unknown,Recovery,High Pass,,53.0,60.6,0.01214719,0.0138454,0.00169821,,,,,
2708b5f2-6324-4e71-9245-b0d1eded4bf9,Injury Stoppage,17,20,1,Tottenham Hotspur,Moussa Sissoko,Right Defensive Midfield,0,Tottenham Hotspur,Liverpool,,,,,,,,,,,,,,,,,
3959360d-eb76-4b0e-8ce4-8978d28d417c,Ball Receipt*,17,21,1,Liverpool,Fábio Henrique Tavares,Center Defensive Midfield,0,Tottenham Hotspur,Liverpool,50.0,58.1,,,,,,,,,,,,,,,
07895c86-c0ef-4639-8cfd-895826f57383,Injury Stoppage,17,22,1,Liverpool,Fábio Henrique Tavares,Center Defensive Midfield,0,Tottenham Hotspur,Liverpool,,,,,,,,,,,,,,,,,
8886bcce-caf5-4667-b32d-3636af23da61,Referee Ball-Drop,18,2,1,Liverpool,,,0,Tottenham Hotspur,Liverpool,50.9,64.0,,,,,,,,,,,,,,,
ec6722bb-4b9e-4f4d-8835-f257ad86a6cb,Referee Ball-Drop,18,2,1,Tottenham Hotspur,,,0,Tottenham Hotspur,Liverpool,68.2,16.5,,,,,,,,,,,,,,,
fb8dc83f-7737-427b-83f3-99741a1891d1,Pass,18,3,1,Tottenham Hotspur,Harry Kane,Center Forward,0,Tottenham Hotspur,Liverpool,70.5,17.0,,Incomplete,Recovery,Ground Pass,Left Foot,108.3,25.2,0.01870347,0.05491138,0.03620791,,,,,
869c5a34-fdd8-4f7e-bd4a-256fb65f389e,Ball Recovery,18,7,1,Liverpool,Alisson Ramsés Becker,Goalkeeper,0,Tottenham Hotspur,Liverpool,11.8,54.9,,,,,,,,,,,,,,,
a24adddb-ca20-432a-a9d9-fbf3e57651cf,Carry,18,7,1,Liverpool,Alisson Ramsés Becker,Goalkeeper,0,Tottenham Hotspur,Liverpool,11.8,54.9,,,,,,,,,,,12.4,46.8,0.00104977,,
63ad2847-c43e-4d59-bd40-e45b0656e1ed,Pass,18,9,1,Liverpool,Alisson Ramsés Becker,Goalkeeper,0,Tottenham Hotspur,Liverpool,12.4,46.8,Virgil van Dijk,,,Ground Pass,Right Foot,16.2,35.4,0.01082722,0.01082722,0.0,,,,,
b2f344bb-c6d2-4f4d-a2dd-d57e863ee1a7,Ball Receipt*,18,10,1,Liverpool,Virgil van Dijk,Left Center Back,0,Tottenham Hotspur,Liverpool,16.2,35.4,,,,,,,,,,,,,,,
22d3735e-5da5-4ada-8d35-dffd19e0c947,Carry,18,10,1,Liverpool,Virgil van Dijk,Left Center Back,0,Tottenham Hotspur,Liverpool,16.2,35.4,,,,,,,,,,,21.9,30.6,-0.000661730000000001,,
cafe40ec-10de-48a3-b878-f316753720bc,Pass,18,12,1,Liverpool,Virgil van Dijk,Left Center Back,0,Tottenham Hotspur,Liverpool,21.9,30.6,Andrew Robertson,,,Ground Pass,Right Foot,36.6,5.6,0.01016549,0.00977659,-0.0003888999999999993,,,,,
894a34e7-9a7c-41a4-9ee1-c69972197f29,Ball Receipt*,18,13,1,Liverpool,Andrew Robertson,Left Back,0,Tottenham Hotspur,Liverpool,36.6,5.6,,,,,,,,,,,,,,,
eb325d4a-671f-4044-b886-21fa4c5bb0b1,Carry,18,13,1,Liverpool,Andrew Robertson,Left Back,0,Tottenham Hotspur,Liverpool,36.6,5.6,,,,,,,,,,,41.6,4.1,0.001486080000000001,,
82b0d446-bc81-463e-9308-3a07ecedbd83,Pass,18,15,1,Liverpool,Andrew Robertson,Left Back,0,Tottenham Hotspur,Liverpool,41.6,4.1,Sadio Mané,,,Ground Pass,Left Foot,54.6,4.1,0.01126267,0.01248344,0.001220769999999999,,,,,
78748d50-224a-428c-8c27-7f7e03aa85ff,Pressure,18,16,1,Tottenham Hotspur,Kieran Trippier,Right Back,0,Tottenham Hotspur,Liverpool,62.9,76.0,,,,,,,,,,,,,,,
49f6e2f8-046f-431a-a1bd-d65361709298,Ball Receipt*,18,16,1,Liverpool,Sadio Mané,Left Wing,1,Tottenham Hotspur,Liverpool,54.6,4.1,,,,,,,,,,,,,,,
a6d6eec3-bc97-4425-9493-bffdde2955a6,Carry,18,16,1,Liverpool,Sadio Mané,Left Wing,1,Tottenham Hotspur,Liverpool,54.6,4.1,,,,,,,,,,,54.4,3.7,0.0,,
8051b835-b51b-4a9d-a20c-02f1659c0417,Miscontrol,18,17,1,Liverpool,Sadio Mané,Left Wing,0,Tottenham Hotspur,Liverpool,54.4,3.7,,,,,,,,,,,,,,,
f410a797-6f0c-4731-84e4-ef9c64bc89a6,Pass,18,18,1,Tottenham Hotspur,Christian Dannemann Eriksen,Right Wing,0,Tottenham Hotspur,Liverpool,71.1,74.1,Bamidele Alli,,Recovery,Ground Pass,Right Foot,76.2,60.5,0.0174506,0.01870347,0.00125287,,,,,
f472f86f-7576-4d4b-b894-0aecc4ac314f,Ball Receipt*,18,19,1,Tottenham Hotspur,Bamidele Alli,Center Attacking Midfield,0,Tottenham Hotspur,Liverpool,76.2,60.5,,,,,,,,,,,,,,,
ad27ab49-c7c0-4298-8d58-26b55ff803f3,Carry,18,19,1,Tottenham Hotspur,Bamidele Alli,Center Attacking Midfield,0,Tottenham Hotspur,Liverpool,76.2,60.5,,,,,,,,,,,76.2,60.5,0.0,,
ec860978-0ad9-46e9-a28d-5f9a2e71825e,Pass,18,20,1,Tottenham Hotspur,Bamidele Alli,Center Attacking Midfield,0,Tottenham Hotspur,Liverpool,76.2,60.5,Christian Dannemann Eriksen,,,Ground Pass,Right Foot,70.3,60.7,0.01870347,0.01870347,0.0,,,,,
706cff97-bb36-4517-baea-b7c786712304,Pressure,18,21,1,Liverpool,Fábio Henrique Tavares,Center Defensive Midfield,0,Tottenham Hotspur,Liverpool,43.3,27.4,,,,,,,,,,,,,,,
cc0bfef6-099e-4b98-8f1f-ad61e2c0103f,Ball Receipt*,18,21,1,Tottenham Hotspur,Christian Dannemann Eriksen,Right Wing,1,Tottenham Hotspur,Liverpool,70.3,60.7,,,,,,,,,,,,,,,
c9427df2-c9b8-4e07-bb82-9ddd09dc4e20,Carry,18,21,1,Tottenham Hotspur,Christian Dannemann Eriksen,Right Wing,1,Tottenham Hotspur,Liverpool,70.3,60.7,,,,,,,,,,,71.6,50.8,0.0006478500000000019,,
847955cc-fe2f-4515-828a-cb11d57acec8,Pass,18,22,1,Tottenham Hotspur,Christian Dannemann Eriksen,Right Wing,0,Tottenham Hotspur,Liverpool,71.6,50.8,Harry Kane,Incomplete,,Low Pass,Left Foot,77.7,47.2,0.01935132,0.0199707,0.0006193799999999992,,,,,
3c10c075-0ce7-4ae7-a148-c77ec7399a05,Ball Receipt*,18,22,1,Tottenham Hotspur,Harry Kane,Center Forward,0,Tottenham Hotspur,Liverpool,82.1,46.0,,,,,,,,,,,,,,,
3164cea2-b024-4944-8cd5-bc92f03dff6e,Interception,18,22,1,Liverpool,Jordan Brian Henderson,Right Center Midfield,0,Tottenham Hotspur,Liverpool,42.4,32.9,,,,,,,,,,,,,,,
fdcfacde-7dec-443c-8236-5a8b5f6e861d,Ball Recovery,18,23,1,Liverpool,Joël Andre Job Matip,Right Center Back,0,Tottenham Hotspur,Liverpool,36.1,49.7,,,,,,,,,,,,,,,
40257306-331e-4e80-ab6c-f7194d7a5b83,Carry,18,23,1,Liverpool,Joël Andre Job Matip,Right Center Back,0,Tottenham Hotspur,Liverpool,36.1,49.7,,,,,,,,,,,43.5,53.9,0.00136798,,
bedd6ab3-3fd4-4d7a-92de-99ac7e2f3ea0,Pass,18,26,1,Liverpool,Joël Andre Job Matip,Right Center Back,0,Tottenham Hotspur,Liverpool,43.5,53.9,Fábio Henrique Tavares,,,Ground Pass,Right Foot,51.3,48.4,0.01269174,0.01484598,0.00215424,,,,,
fcb50ad2-2593-4edc-bb55-4d43a770c625,Pressure,18,26,1,Tottenham Hotspur,Harry Winks,Left Center Midfield,0,Tottenham Hotspur,Liverpool,63.4,34.8,,,,,,,,,,,,,,,
47c35212-e9ad-4c25-b453-615897378aa3,Ball Receipt*,18,27,1,Liverpool,Fábio Henrique Tavares,Center Defensive Midfield,1,Tottenham Hotspur,Liverpool,51.3,48.4,,,,,,,,,,,,,,,
f4f78be5-64b5-46f2-b65d-7208b444ef77,Carry,18,27,1,Liverpool,Fábio Henrique Tavares,Center Defensive Midfield,1,Tottenham Hotspur,Liverpool,51.3,48.4,,,,,,,,,,,52.5,50.5,-0.0005547,,
4ae5fd8f-5007-411d-94ff-d1fa666ebc93,Pass,18,27,1,Liverpool,Fábio Henrique Tavares,Center Defensive Midfield,1,Tottenham Hotspur,Liverpool,52.5,50.5,Jordan Brian Henderson,,,Ground Pass,Right Foot,50.0,46.8,0.01429128,0.01484598,0.0005547,,,,,
4c7e5a9e-d92d-471c-97d8-a73b5f68a3b1,Ball Receipt*,18,28,1,Liverpool,Jordan Brian Henderson,Right Center Midfield,0,Tottenham Hotspur,Liverpool,50.0,46.8,,,,,,,,,,,,,,,
eb5b25ca-4a74-4c9a-b9e7-8807d039024f,Carry,18,28,1,Liverpool,Jordan Brian Henderson,Right Center Midfield,0,Tottenham Hotspur,Liverpool,50.0,46.8,,,,,,,,,,,57.2,43.2,0.0,,
b41fa657-6ec1-4e74-8554-37810c703827,Pass,18,29,1,Liverpool,Jordan Brian Henderson,Right Center Midfield,0,Tottenham Hotspur,Liverpool,57.2,43.2,Andrew Robertson,,,Ground Pass,Right Foot,58.4,14.2,0.01484598,0.0138454,-0.001000579999999999,,,,,
7e62c417-62e2-4ab6-b7b2-6af500dc952f,Ball Receipt*,18,30,1,Liverpool,Andrew Robertson,Left Back,0,Tottenham Hotspur,Liverpool,58.4,14.2,,,,,,,,,,,,,,,
62e9788e-3760-42ec-bd24-d16c2e853091,Carry,18,30,1,Liverpool,Andrew Robertson,Left Back,1,Tottenham Hotspur,Liverpool,58.4,14.2,,,,,,,,,,,100.7,6.8,0.02100532,,
efd8ae4b-b66d-4c16-abde-664d3cd86be9,Pressure,18,34,1,Tottenham Hotspur,Moussa Sissoko,Right Defensive Midfield,0,Tottenham Hotspur,Liverpool,21.1,67.8,,,,,,,,,,,,,,,
ae0644aa-e9e7-4ce3-9f2e-8be5ecb66fbe,Miscontrol,18,35,1,Liverpool,Andrew Robertson,Left Back,1,Tottenham Hotspur,Liverpool,100.7,6.8,,,,,,,,,,,,,,,
893197c0-bea5-44f8-ade7-fcf4c1ae26d5,Pressure,18,36,1,Liverpool,Andrew Robertson,Left Back,0,Tottenham Hotspur,Liverpool,107.0,6.6,,,,,,,,,,,,,,,
3993585a-d1b2-44b7-a260-34d59d8a99d0,Shield,18,37,1,Tottenham Hotspur,Moussa Sissoko,Right Defensive Midfield,1,Tottenham Hotspur,Liverpool,8.3,74.1,,,,,,,,,,,,,,,
809dc4bb-7903-4d38-a56b-6e84ee1a6887,Pass,18,54,1,Tottenham Hotspur,Hugo Lloris,Goalkeeper,0,Tottenham Hotspur,Liverpool,6.0,36.0,Toby Alderweireld,,Goal Kick,Ground Pass,Left Foot,4.3,64.2,0.00941056,0.00750072,-0.00190984,,,,,
6ce82c96-53a6-462f-aecb-141ba04127b1,Ball Receipt*,18,56,1,Tottenham Hotspur,Toby Alderweireld,Right Center Back,0,Tottenham Hotspur,Liverpool,4.3,64.2,,,,,,,,,,,,,,,
7a5e5a99-e28a-4b48-a4e6-926217b8ced7,Carry,18,56,1,Tottenham Hotspur,Toby Alderweireld,Right Center Back,0,Tottenham Hotspur,Liverpool,4.3,64.2,,,,,,,,,,,7.0,65.5,0.0,,
09873918-466d-4e51-8172-3dc77cf151ac,Pass,18,57,1,Tottenham Hotspur,Toby Alderweireld,Right Center Back,0,Tottenham Hotspur,Liverpool,7.0,65.5,Kieran Trippier,,,Ground Pass,Right Foot,13.8,77.9,0.00750072,0.00779616,0.0002954400000000001,,,,,
55250403-2d36-4ff7-abba-79786e9dd9fb,Ball Receipt*,18,58,1,Tottenham Hotspur,Kieran Trippier,Right Back,0,Tottenham Hotspur,Liverpool,13.8,77.9,,,,,,,,,,,,,,,
765ceacc-a81e-430d-a5d4-cb455d586952,Carry,18,58,1,Tottenham Hotspur,Kieran Trippier,Right Back,0,Tottenham Hotspur,Liverpool,13.8,77.9,,,,,,,,,,,13.8,77.5,0.0,,
35b90ce4-930b-41b6-8a08-7e664c067266,Pass,18,58,1,Tottenham Hotspur,Kieran Trippier,Right Back,0,Tottenham Hotspur,Liverpool,13.8,77.5,Toby Alderweireld,,,Ground Pass,Right Foot,7.5,59.2,0.00779616,0.0088799,0.00108374,,,,,
ad780e0f-5114-4449-bb1f-e05b0fb38bcd,Ball Receipt*,18,59,1,Tottenham Hotspur,Toby Alderweireld,Right Center Back,0,Tottenham Hotspur,Liverpool,7.5,59.2,,,,,,,,,,,,,,,
144d0a30-8c1f-47df-8cd8-6d8f1718a570,Carry,18,59,1,Tottenham Hotspur,Toby Alderweireld,Right Center Back,0,Tottenham Hotspur,Liverpool,7.5,59.2,,,,,,,,,,,8.7,64.5,-0.00137918,,
0fd27a71-d618-433b-b452-0794cc14ed50,Pass,19,0,1,Tottenham Hotspur,Toby Alderweireld,Right Center Back,0,Tottenham Hotspur,Liverpool,8.7,64.5,Kieran Trippier,,,Ground Pass,Right Foot,9.6,76.4,0.00750072,0.00638303,-0.00111769,,,,,
0bff78b7-4dc4-43d6-9fc7-f2144fc17f1d,Ball Receipt*,19,1,1,Tottenham Hotspur,Kieran Trippier,Right Back,0,Tottenham Hotspur,Liverpool,9.6,76.4,,,,,,,,,,,,,,,
aacc917a-8dcd-439f-87a7-0e4e173cf577,Carry,19,1,1,Tottenham Hotspur,Kieran Trippier,Right Back,1,Tottenham Hotspur,Liverpool,9.6,76.4,,,,,,,,,,,9.6,77.3,0.0,,
210d35d4-e1d9-4716-89ea-478c1d506a89,Pressure,19,1,1,Liverpool,Sadio Mané,Left Wing,0,Tottenham Hotspur,Liverpool,107.6,5.8,,,,,,,,,,,,,,,
7f16e7bf-1036-4c66-bbf7-6ec93527a4e3,Pass,19,2,1,Tottenham Hotspur,Kieran Trippier,Right Back,1,Tottenham Hotspur,Liverpool,9.6,77.3,Harry Kane,,,High Pass,Right Foot,43.6,61.5,0.00638303,0.01214719,0.005764160000000001,,,,,
bcf94e2c-6e05-4a48-8196-70feaeeaaeea,Pressure,19,4,1,Liverpool,Virgil van Dijk,Left Center Back,0,Tottenham Hotspur,Liverpool,74.4,18.8,,,,,,,,,,,,,,,
48ee1c7c-bb01-415c-9398-dadb105d8994,Ball Receipt*,19,4,1,Tottenham Hotspur,Harry Kane,Center Forward,1,Tottenham Hotspur,Liverpool,43.6,61.5,,,,,,,,,,,,,,,
417ff005-f8f8-4fde-b656-77285b2f9cda,Carry,19,4,1,Tottenham Hotspur,Harry Kane,Center Forward,1,Tottenham Hotspur,Liverpool,43.6,61.5,,,,,,,,,,,39.6,63.4,-0.00155229,,
4d9c73dc-2bc9-4069-8d6a-37c89f74ebea,Pass,19,5,1,Tottenham Hotspur,Harry Kane,Center Forward,1,Tottenham Hotspur,Liverpool,39.6,63.4,Christian Dannemann Eriksen,,,Ground Pass,Right Foot,39.8,55.0,0.0105949,0.01110462,0.00050972,,,,,
ff391cb9-3b80-4ea7-8046-1142b36fdc4d,Pressure,19,6,1,Liverpool,Virgil van Dijk,Left Center Back,0,Tottenham Hotspur,Liverpool,78.0,22.8,,,,,,,,,,,,,,,
991c6772-04e9-45eb-8e1e-b371557e981f,Ball Receipt*,19,6,1,Tottenham Hotspur,Christian Dannemann Eriksen,Right Wing,1,Tottenham Hotspur,Liverpool,39.8,55.0,,,,,,,,,,,,,,,
5583a898-94d9-4d4e-8271-07a240adaddf,Carry,19,6,1,Tottenham Hotspur,Christian Dannemann Eriksen,Right Wing,1,Tottenham Hotspur,Liverpool,39.8,55.0,,,,,,,,,,,42.6,50.0,0.001587119999999999,,
a6c30ae6-91c4-44d3-ba35-c6992858f28c,Pressure,19,7,1,Liverpool,Jordan Brian Henderson,Right Center Midfield,0,Tottenham Hotspur,Liverpool,77.1,34.1,,,,,,,,,,,,,,,
c357ab03-1d4e-457f-9ea5-2256c9a2a241,Pass,19,7,1,Tottenham Hotspur,Christian Dannemann Eriksen,Right Wing,1,Tottenham Hotspur,Liverpool,42.6,50.0,Heung-Min Son,,,Ground Pass,Left Foot,72.6,48.3,0.01269174,0.0199707,0.007278960000000001,,,,,
00eede2d-a86b-42d4-8e38-6f7595ae064c,Ball Receipt*,19,9,1,Tottenham Hotspur,Heung-Min Son,Left Wing,0,Tottenham Hotspur,Liverpool,72.6,48.3,,,,,,,,,,,,,,,
3fa24450-1025-4286-a424-84f6c4d968ad,Carry,19,9,1,Tottenham Hotspur,Heung-Min Son,Left Wing,1,Tottenham Hotspur,Liverpool,72.6,48.3,,,,,,,,,,,96.6,51.8,0.00858132,,
13f99e12-ab69-4815-9e3c-9644980caffa,Pressure,19,10,1,Liverpool,Trent Alexander-Arnold,Right Back,0,Tottenham Hotspur,Liverpool,33.4,36.9,,,,,,,,,,,,,,,
b8d60576-5418-4256-bcde-e58ec3407480,Dribble,19,12,1,Tottenham Hotspur,Heung-Min Son,Left Wing,1,Tottenham Hotspur,Liverpool,96.6,51.8,,,,,,,,,,,,,,,
91eb9b24-0f62-4ee5-80ba-de126fe5b10f,Duel,19,12,1,Liverpool,Trent Alexander-Arnold,Right Back,1,Tottenham Hotspur,Liverpool,23.5,28.3,,,,,,,,,,,,,,,
e05f4a99-5848-4395-9c86-47de52fb19fa,Pass,19,14,1,Liverpool,Fábio Henrique Tavares,Center Defensive Midfield,0,Tottenham Hotspur,Liverpool,34.9,28.7,Trent Alexander-Arnold,,Recovery,Ground Pass,Right Foot,26.1,14.6,0.01110462,0.00942382,-0.001680800000000001,,,,,
b890f6f1-fc65-4a39-b3eb-4804e0d81353,Ball Receipt*,19,15,1,Liverpool,Trent Alexander-Arnold,Right Back,0,Tottenham Hotspur,Liverpool,26.1,14.6,,,,,,,,,,,,,,,
e8a82e65-7c0d-4b8a-9ccb-0fbc35d08775,Carry,19,15,1,Liverpool,Trent Alexander-Arnold,Right Back,0,Tottenham Hotspur,Liverpool,26.1,14.6,,,,,,,,,,,26.3,15.6,0.0,,
eacd335e-1229-4fad-aa3d-d791f7250309,Pass,19,16,1,Liverpool,Trent Alexander-Arnold,Right Back,0,Tottenham Hotspur,Liverpool,26.3,15.6,Roberto Firmino Barbosa de Oliveira,Incomplete,,Ground Pass,Right Foot,50.6,24.7,0.00942382,0.01429128,0.004867460000000001,,,,,
1b628d63-5b0c-421d-a194-11b3c6989736,Ball Receipt*,19,18,1,Liverpool,Roberto Firmino Barbosa de Oliveira,Center Forward,0,Tottenham Hotspur,Liverpool,49.0,26.6,,,,,,,,,,,,,,,
e3e51bca-5156-420b-a1c2-289c8a665814,Interception,19,18,1,Tottenham Hotspur,Moussa Sissoko,Right Defensive Midfield,0,Tottenham Hotspur,Liverpool,69.5,55.4,,,,,,,,,,,,,,,
c877f512-f362-4e2c-8414-4387ef8b8c5b,Ball Recovery,19,18,1,Tottenham Hotspur,Harry Winks,Left Center Midfield,0,Tottenham Hotspur,Liverpool,69.2,47.8,,,,,,,,,,,,,,,
64395487-79ba-410b-aaa2-49ffcd41117f,Carry,19,18,1,Tottenham Hotspur,Harry Winks,Left Center Midfield,1,Tottenham Hotspur,Liverpool,69.2,47.8,,,,,,,,,,,76.4,43.4,0.003075420000000002,,
04040efa-1dce-46c3-a0d0-b445f1f7cd7a,Pressure,19,21,1,Liverpool,Fábio Henrique Tavares,Center Defensive Midfield,0,Tottenham Hotspur,Liverpool,40.6,39.6,,,,,,,,,,,,,,,
49e5fef6-f700-4df9-984c-08bcc6c874e1,Pass,19,21,1,Tottenham Hotspur,Harry Winks,Left Center Midfield,1,Tottenham Hotspur,Liverpool,76.4,43.4,Bamidele Alli,,,Ground Pass,Right Foot,84.8,48.1,0.0199707,0.02385149,0.003880789999999999,,,,,
39586bcd-c2c1-40b2-b747-050e7c188205,Pressure,19,22,1,Liverpool,Georginio Wijnaldum,Left Center Midfield,0,Tottenham Hotspur,Liverpool,37.4,29.7,,,,,,,,,,,,,,,
6d320736-1595-436b-9d14-6f8637189b25,Ball Receipt*,19,22,1,Tottenham Hotspur,Bamidele Alli,Center Attacking Midfield,1,Tottenham Hotspur,Liverpool,84.8,48.1,,,,,,,,,,,,,,,
973b3e07-daae-477c-9fd6-997217289710,Carry,19,22,1,Tottenham Hotspur,Bamidele Alli,Center Attacking Midfield,1,Tottenham Hotspur,Liverpool,84.8,48.1,,,,,,,,,,,84.2,46.8,0.0,,
2dffd96a-62c8-4828-9960-a7abda562b03,Pass,19,22,1,Tottenham Hotspur,Bamidele Alli,Center Attacking Midfield,1,Tottenham Hotspur,Liverpool,84.2,46.8,Moussa Sissoko,,,Ground Pass,Right Foot,75.1,50.0,0.02385149,0.01935132,-0.004500169999999998,,,,,
42b4821e-0178-423b-8613-364ade8205e7,Ball Receipt*,19,23,1,Tottenham Hotspur,Moussa Sissoko,Right Defensive Midfield,0,Tottenham Hotspur,Liverpool,75.1,50.0,,,,,,,,,,,,,,,
51979147-8106-4d9f-af33-b0b21b9ab3b1,Carry,19,23,1,Tottenham Hotspur,Moussa Sissoko,Right Defensive Midfield,1,Tottenham Hotspur,Liverpool,75.1,50.0,,,,,,,,,,,78.3,49.3,0.0006193799999999992,,
fe25c167-945f-4e5a-ac47-2fc0b14831ba,Pressure,19,24,1,Liverpool,Roberto Firmino Barbosa de Oliveira,Center Forward,0,Tottenham Hotspur,Liverpool,41.8,34.6,,,,,,,,,,,,,,,
5738194f-5711-4b20-a0bd-10237dc6e6a5,Pass,19,25,1,Tottenham Hotspur,Moussa Sissoko,Right Defensive Midfield,1,Tottenham Hotspur,Liverpool,78.3,49.3,Bamidele Alli,,,Ground Pass,Right Foot,86.9,57.1,0.0199707,0.0241224,0.004151699999999998,,,,,
320ecd44-ebc1-4b92-abe5-008d92494c80,Ball Receipt*,19,25,1,Tottenham Hotspur,Bamidele Alli,Center Attacking Midfield,0,Tottenham Hotspur,Liverpool,86.9,57.1,,,,,,,,,,,,,,,
74274dce-6091-4a9d-8ef7-ac9bf2015270,Carry,19,25,1,Tottenham Hotspur,Bamidele Alli,Center Attacking Midfield,0,Tottenham Hotspur,Liverpool,86.9,57.1,,,,,,,,,,,89.0,56.7,0.0,,
a43c7f73-4b55-4473-a95c-0335108338b7,Pass,19,27,1,Tottenham Hotspur,Bamidele Alli,Center Attacking Midfield,0,Tottenham Hotspur,Liverpool,89.0,56.7,Harry Winks,,,Ground Pass,Right Foot,86.7,40.7,0.0241224,0.02385149,-0.0002709099999999992,,,,,
81189397-6fa6-4a06-8298-23c495604689,Ball Receipt*,19,28,1,Tottenham Hotspur,Harry Winks,Left Center Midfield,0,Tottenham Hotspur,Liverpool,86.7,40.7,,,,,,,,,,,,,,,
ebfbc529-37c1-4786-b2bd-7a0483de9677,Carry,19,28,1,Tottenham Hotspur,Harry Winks,Left Center Midfield,1,Tottenham Hotspur,Liverpool,86.7,40.7,,,,,,,,,,,85.8,43.4,0.0,,
ac13d6f1-9d76-466e-a9ca-7f0adea5c903,Pressure,19,29,1,Liverpool,Fábio Henrique Tavares,Center Defensive Midfield,0,Tottenham Hotspur,Liverpool,28.6,36.9,,,,,,,,,,,,,,,
c4249396-1d19-48b1-8f3b-3e75bd39a0b6,Pass,19,29,1,Tottenham Hotspur,Harry Winks,Left Center Midfield,1,Tottenham Hotspur,Liverpool,85.8,43.4,Bamidele Alli,,,Ground Pass,Right Foot,88.4,50.0,0.02385149,0.0241224,0.0002709099999999992,,,,,
7ce3362e-090d-440e-8a42-786507d09fa4,Ball Receipt*,19,30,1,Tottenham Hotspur,Bamidele Alli,Center Attacking Midfield,0,Tottenham Hotspur,Liverpool,88.4,50.0,,,,,,,,,,,,,,,
5b2c0255-e817-4181-8851-d6f14b0b6e29,Carry,19,30,1,Tottenham Hotspur,Bamidele Alli,Center Attacking Midfield,0,Tottenham Hotspur,Liverpool,88.4,50.0,,,,,,,,,,,88.8,51.0,0.0,,
08206879-a24f-4ab5-a47b-bc51bf9820b6,Pass,19,30,1,Tottenham Hotspur,Bamidele Alli,Center Attacking Midfield,0,Tottenham Hotspur,Liverpool,88.8,51.0,Christian Dannemann Eriksen,,,Ground Pass,Right Foot,93.4,39.0,0.0241224,0.03511326,0.01099086,,,,,
3c1759f8-53e5-4b03-a7a2-47c2ec1abf7a,Ball Receipt*,19,31,1,Tottenham Hotspur,Christian Dannemann Eriksen,Right Wing,0,Tottenham Hotspur,Liverpool,93.4,39.0,,,,,,,,,,,,,,,
f23ce707-1fa1-4a13-bc4a-3a68fc036c51,Carry,19,31,1,Tottenham Hotspur,Christian Dannemann Eriksen,Right Wing,1,Tottenham Hotspur,Liverpool,93.4,39.0,,,,,,,,,,,94.0,32.9,0.0,,
e0f2f064-84be-4c0e-a9f6-9fbff30c8795,Pressure,19,32,1,Liverpool,Joël Andre Job Matip,Right Center Back,0,Tottenham Hotspur,Liverpool,22.3,46.1,,,,,,,,,,,,,,,
b11f9cf2-d5fe-4a96-a9c0-9bc8b19179a0,Pass,19,33,1,Tottenham Hotspur,Christian Dannemann Eriksen,Right Wing,1,Tottenham Hotspur,Liverpool,94.0,32.9,Heung-Min Son,Incomplete,,Ground Pass,Left Foot,105.6,30.8,0.03511326,0.10805102,0.07293775999999999,,,,,
b79d9522-b87f-418a-b44a-c9465d79b88c,Ball Receipt*,19,33,1,Tottenham Hotspur,Heung-Min Son,Left Wing,0,Tottenham Hotspur,Liverpool,106.4,20.1,,,,,,,,,,,,,,,
90a1de00-2d21-4521-a9f9-1d4861da5fa8,Interception,19,33,1,Liverpool,Jordan Brian Henderson,Right Center Midfield,0,Tottenham Hotspur,Liverpool,14.5,49.3,,,,,,,,,,,,,,,
2df98ab9-138c-4a25-8c68-a6fc7e504db8,Carry,19,33,1,Liverpool,Jordan Brian Henderson,Right Center Midfield,0,Tottenham Hotspur,Liverpool,14.5,49.3,,,,,,,,,,,8.4,45.5,-0.00141666,,
27b9b6e4-305a-4a04-b2e9-3c42104f10f4,Pass,19,35,1,Liverpool,Jordan Brian Henderson,Right Center Midfield,0,Tottenham Hotspur,Liverpool,8.4,45.5,,Out,,High Pass,Right Foot,19.5,79.3,0.00941056,0.00779616,-0.0016144,,,,,
5f109d83-0e4a-482a-bde9-e896ccfb3058,Pass,19,40,1,Tottenham Hotspur,Christian Dannemann Eriksen,Right Wing,0,Tottenham Hotspur,Liverpool,98.0,0.1,Bamidele Alli,,Throw-in,High Pass,,98.0,11.1,0.02756312,0.02953272,0.001969599999999998,,,,,
922ac5f0-04fd-47e4-95af-043f6a6ac4ba,Pressure,19,41,1,Liverpool,Jordan Brian Henderson,Right Center Midfield,0,Tottenham Hotspur,Liverpool,18.3,69.0,,,,,,,,,,,,,,,
e88abd06-b764-4a10-bf37-a9df34f49f82,Ball Receipt*,19,42,1,Tottenham Hotspur,Bamidele Alli,Center Attacking Midfield,1,Tottenham Hotspur,Liverpool,98.0,11.1,,,,,,,,,,,,,,,
da739ea0-bad4-45d5-913c-1d6f8ff147e4,Carry,19,42,1,Tottenham Hotspur,Bamidele Alli,Center Attacking Midfield,1,Tottenham Hotspur,Liverpool,98.0,11.1,,,,,,,,,,,97.6,10.7,0.0,,
2de78271-8899-4f27-af04-bdf86a51b19f,Pass,19,42,1,Tottenham Hotspur,Bamidele Alli,Center Attacking Midfield,1,Tottenham Hotspur,Liverpool,97.6,10.7,Christian Dannemann Eriksen,,,Low Pass,Right Foot,104.6,2.0,0.02953272,0.03485072,0.005318000000000003,,,,,
5e450efb-a982-43e5-97fc-a3456228d167,Ball Receipt*,19,43,1,Tottenham Hotspur,Christian Dannemann Eriksen,Right Wing,0,Tottenham Hotspur,Liverpool,104.6,2.0,,,,,,,,,,,,,,,
c2a1e290-4918-4077-83d2-73eede98fc67,Carry,19,43,1,Tottenham Hotspur,Christian Dannemann Eriksen,Right Wing,1,Tottenham Hotspur,Liverpool,104.6,2.0,,,,,,,,,,,103.9,3.1,0.0,,
60c23890-d596-472c-a143-05e0031ec7ae,Pressure,19,45,1,Liverpool,Trent Alexander-Arnold,Right Back,0,Tottenham Hotspur,Liverpool,14.1,70.3,,,,,,,,,,,,,,,
0945763f-422d-4126-9463-3aa47b85f9d8,Pass,19,45,1,Tottenham Hotspur,Christian Dannemann Eriksen,Right Wing,1,Tottenham Hotspur,Liverpool,103.9,3.1,Harry Kane,Incomplete,,High Pass,Right Foot,117.0,39.0,0.03485072,0.25745362,0.2226029,,,,,
5161e332-564a-4cde-b475-84ba699be0d7,Ball Receipt*,19,47,1,Tottenham Hotspur,Harry Kane,Center Forward,0,Tottenham Hotspur,Liverpool,111.3,40.5,,,,,,,,,,,,,,,
85c470b3-fd12-4f0c-a899-293ed5dfb125,Goal Keeper,19,47,1,Liverpool,Alisson Ramsés Becker,Goalkeeper,0,Tottenham Hotspur,Liverpool,3.1,41.1,,,,,,,,,,,,,,,
dce9f7ca-0b5a-4ba4-a76e-6b0ceda8b9ab,Carry,19,47,1,Liverpool,Alisson Ramsés Becker,Goalkeeper,0,Tottenham Hotspur,Liverpool,3.1,41.1,,,,,,,,,,,11.8,42.8,0.00141666,,
1b8c8974-4986-462e-93af-d7b4e8483ee8,Pass,19,50,1,Liverpool,Alisson Ramsés Becker,Goalkeeper,0,Tottenham Hotspur,Liverpool,11.8,42.8,Andrew Robertson,,,Ground Pass,Keeper Arm,25.8,19.2,0.01082722,0.00942382,-0.001403400000000001,,,,,
b17d70df-f55d-4a90-9a52-b9c16f3ea3b7,Ball Receipt*,19,52,1,Liverpool,Andrew Robertson,Left Back,0,Tottenham Hotspur,Liverpool,25.8,19.2,,,,,,,,,,,,,,,
4687c928-d484-4f4f-97bd-b682f2ebfbc1,Carry,19,52,1,Liverpool,Andrew Robertson,Left Back,0,Tottenham Hotspur,Liverpool,25.8,19.2,,,,,,,,,,,35.7,16.7,0.001171080000000001,,
eb647d0f-cd5a-446b-8e38-ed2498ebcb4e,Pass,19,54,1,Liverpool,Andrew Robertson,Left Back,0,Tottenham Hotspur,Liverpool,35.7,16.7,Georginio Wijnaldum,,,Ground Pass,Left Foot,42.7,30.6,0.0105949,0.01262646,0.00203156,,,,,
b6849d42-5149-4a19-88b3-1df2990500be,Ball Receipt*,19,55,1,Liverpool,Georginio Wijnaldum,Left Center Midfield,0,Tottenham Hotspur,Liverpool,42.7,30.6,,,,,,,,,,,,,,,
57a373fc-eb08-49a3-aa8e-d1ab8e11acb7,Carry,19,55,1,Liverpool,Georginio Wijnaldum,Left Center Midfield,0,Tottenham Hotspur,Liverpool,42.7,30.6,,,,,,,,,,,65.6,17.1,0.003491670000000001,,
2704f1ec-5a74-489d-bf67-dcd6afeecb85,Pass,19,59,1,Liverpool,Georginio Wijnaldum,Left Center Midfield,0,Tottenham Hotspur,Liverpool,65.6,17.1,Sadio Mané,,,Ground Pass,Left Foot,68.9,21.3,0.01611813,0.01685596,0.0007378299999999983,,,,,
3bd09f89-ac9a-4a42-b05c-f93a2065dd52,Ball Receipt*,20,0,1,Liverpool,Sadio Mané,Left Wing,0,Tottenham Hotspur,Liverpool,68.9,21.3,,,,,,,,,,,,,,,
0d80de73-b9b5-4806-a782-b8a3bb828c78,Carry,20,0,1,Liverpool,Sadio Mané,Left Wing,0,Tottenham Hotspur,Liverpool,68.9,21.3,,,,,,,,,,,69.3,20.1,0.0,,
64b7eb08-b89d-4114-a00e-a00960dc2fbb,Pass,20,3,1,Liverpool,Sadio Mané,Left Wing,0,Tottenham Hotspur,Liverpool,69.3,20.1,Georginio Wijnaldum,,,Ground Pass,Right Foot,70.2,14.4,0.01685596,0.01870347,0.00184751,,,,,
11baeb1b-d280-4d9d-8abe-e39f80a30f91,Ball Receipt*,20,4,1,Liverpool,Georginio Wijnaldum,Left Center Midfield,0,Tottenham Hotspur,Liverpool,70.2,14.4,,,,,,,,,,,,,,,
e70a22d0-75f6-4e34-9024-3fec51b6c4bf,Carry,20,4,1,Liverpool,Georginio Wijnaldum,Left Center Midfield,0,Tottenham Hotspur,Liverpool,70.2,14.4,,,,,,,,,,,70.0,12.9,0.0,,
43686094-febe-4f7b-ad1c-9db351786ffa,Pass,20,5,1,Liverpool,Georginio Wijnaldum,Left Center Midfield,0,Tottenham Hotspur,Liverpool,70.0,12.9,Andrew Robertson,,,Ground Pass,Left Foot,59.7,5.6,0.01870347,0.01248344,-0.00622003,,,,,
987ec81b-4b64-455e-aaae-6e48b1c3f4c0,Ball Receipt*,20,7,1,Liverpool,Andrew Robertson,Left Back,0,Tottenham Hotspur,Liverpool,59.7,5.6,,,,,,,,,,,,,,,
f0418c52-1fce-4b14-b03e-e15a1c0df71d,Carry,20,7,1,Liverpool,Andrew Robertson,Left Back,0,Tottenham Hotspur,Liverpool,59.7,5.6,,,,,,,,,,,58.4,5.6,0.0,,
46483f28-9f91-4537-a8da-6abccca7d4b3,Pass,20,7,1,Liverpool,Andrew Robertson,Left Back,0,Tottenham Hotspur,Liverpool,58.4,5.6,Virgil van Dijk,,,Ground Pass,Left Foot,33.0,29.3,0.01248344,0.01110462,-0.001378819999999999,,,,,
b87ee029-fb61-4beb-9698-5cad9833a060,Ball Receipt*,20,10,1,Liverpool,Virgil van Dijk,Left Center Back,0,Tottenham Hotspur,Liverpool,33.0,29.3,,,,,,,,,,,,,,,
8c4f4e1e-dcd6-42bd-a44f-25ab6e9b2988,Carry,20,10,1,Liverpool,Virgil van Dijk,Left Center Back,0,Tottenham Hotspur,Liverpool,33.0,29.3,,,,,,,,,,,28.4,31.0,-0.0009391300000000016,,
5763b065-8232-45ae-9222-0ac252eeb315,Pass,20,13,1,Liverpool,Virgil van Dijk,Left Center Back,0,Tottenham Hotspur,Liverpool,28.4,31.0,Alisson Ramsés Becker,,,Ground Pass,Left Foot,14.1,44.0,0.01016549,0.01082722,0.000661730000000001,,,,,
c91cb0dc-f89a-4a0b-b524-605fa158cd7a,Ball Receipt*,20,15,1,Liverpool,Alisson Ramsés Becker,Goalkeeper,0,Tottenham Hotspur,Liverpool,14.1,44.0,,,,,,,,,,,,,,,
370fa5be-c783-4686-903a-1baab07cf965,Carry,20,15,1,Liverpool,Alisson Ramsés Becker,Goalkeeper,0,Tottenham Hotspur,Liverpool,14.1,44.0,,,,,,,,,,,15.5,43.2,0.0,,
5285a178-ef81-4b1f-8fc1-fdccd9b164e7,Pass,20,15,1,Liverpool,Alisson Ramsés Becker,Goalkeeper,0,Tottenham Hotspur,Liverpool,15.5,43.2,Virgil van Dijk,,,Ground Pass,Right Foot,22.3,24.3,0.01082722,0.01001304,-0.0008141799999999994,,,,,
821d54f8-3637-4456-bf4e-d70bdaa3d8b0,Ball Receipt*,20,16,1,Liverpool,Virgil van Dijk,Left Center Back,0,Tottenham Hotspur,Liverpool,22.3,24.3,,,,,,,,,,,,,,,
0a618652-c09d-4bc7-99be-92bf796c68f0,Carry,20,16,1,Liverpool,Virgil van Dijk,Left Center Back,0,Tottenham Hotspur,Liverpool,22.3,24.3,,,,,,,,,,,35.3,29.7,0.00109158,,
14e08492-1e74-441d-9b8b-45d98a06458d,Pass,20,20,1,Liverpool,Virgil van Dijk,Left Center Back,0,Tottenham Hotspur,Liverpool,35.3,29.7,Jordan Brian Henderson,,,Ground Pass,Right Foot,54.8,53.7,0.01110462,0.01429128,0.003186659999999999,,,,,
19009544-29a2-4c3f-8834-d3bc8ac1b992,Ball Receipt*,20,21,1,Liverpool,Jordan Brian Henderson,Right Center Midfield,0,Tottenham Hotspur,Liverpool,54.8,53.7,,,,,,,,,,,,,,,
746f02f4-748c-4e37-bcd7-ced3f522c4e5,Carry,20,21,1,Liverpool,Jordan Brian Henderson,Right Center Midfield,0,Tottenham Hotspur,Liverpool,54.8,53.7,,,,,,,,,,,64.1,61.3,0.001826850000000001,,
c32772ea-0784-478f-ab4a-f6d1b45a57d3,Pass,20,23,1,Liverpool,Jordan Brian Henderson,Right Center Midfield,0,Tottenham Hotspur,Liverpool,64.1,61.3,Mohamed Salah,,,Ground Pass,Right Foot,76.1,77.9,0.01611813,0.0174506,0.001332469999999999,,,,,
ebc912d3-ea93-4fbb-8347-1ff4c2b75a59,Ball Receipt*,20,24,1,Liverpool,Mohamed Salah,Right Wing,0,Tottenham Hotspur,Liverpool,76.1,77.9,,,,,,,,,,,,,,,
72b8dcd4-482d-4550-ab59-26f61cf4b647,Carry,20,24,1,Liverpool,Mohamed Salah,Right Wing,0,Tottenham Hotspur,Liverpool,76.1,77.9,,,,,,,,,,,91.4,66.9,0.01208212,,
c016b975-4f1e-4d53-a6c6-05ca1bca3956,Pass,20,28,1,Liverpool,Mohamed Salah,Right Wing,0,Tottenham Hotspur,Liverpool,91.4,66.9,Roberto Firmino Barbosa de Oliveira,,,Ground Pass,Left Foot,92.5,52.8,0.02953272,0.02855202,-0.0009806999999999975,,,,,
7a2edf8f-fd6d-409c-ae81-5f43090d10f7,Ball Receipt*,20,28,1,Liverpool,Roberto Firmino Barbosa de Oliveira,Center Forward,0,Tottenham Hotspur,Liverpool,92.5,52.8,,,,,,,,,,,,,,,
e4ebd68f-a316-4013-bf3e-3512a11aae69,Carry,20,28,1,Liverpool,Roberto Firmino Barbosa de Oliveira,Center Forward,0,Tottenham Hotspur,Liverpool,92.5,52.8,,,,,,,,,,,93.1,52.4,0.0,,
187df48f-eb6d-4f29-8595-88efee955ce4,Pass,20,28,1,Liverpool,Roberto Firmino Barbosa de Oliveira,Center Forward,0,Tottenham Hotspur,Liverpool,93.1,52.4,Mohamed Salah,,,Ground Pass,Right Foot,92.3,56.8,0.02855202,0.02855202,0.0,,,,,
bf6ab944-076d-454a-a3ab-5660dabc2ffa,Pressure,20,29,1,Tottenham Hotspur,Heung-Min Son,Left Wing,0,Tottenham Hotspur,Liverpool,24.3,23.9,,,,,,,,,,,,,,,
c27565f9-75e0-4a35-8359-750dbcc96678,Ball Receipt*,20,29,1,Liverpool,Mohamed Salah,Right Wing,1,Tottenham Hotspur,Liverpool,92.3,56.8,,,,,,,,,,,,,,,
6756f294-3db9-4576-819c-e286efc1aa93,Carry,20,29,1,Liverpool,Mohamed Salah,Right Wing,1,Tottenham Hotspur,Liverpool,92.3,56.8,,,,,,,,,,,95.2,47.2,0.006561239999999999,,
8fb3106d-10fb-42c6-bcf6-2ea34c7ff9a3,Shot,20,31,1,Liverpool,Mohamed Salah,Right Wing,0,Tottenham Hotspur,Liverpool,95.2,47.2,,,,,,,,,,,,,,0.03979926,Blocked
e6958e35-d658-4285-b884-88badd13a695,Block,20,31,1,Tottenham Hotspur,Toby Alderweireld,Right Center Back,0,Tottenham Hotspur,Liverpool,20.4,33.9,,,,,,,,,,,,,,,
85f8a658-6483-45a2-9a78-ae6802ed7034,Goal Keeper,20,31,1,Tottenham Hotspur,Hugo Lloris,Goalkeeper,0,Tottenham Hotspur,Liverpool,1.0,39.6,,,,,,,,,,,,,,,
67928eca-31c5-48b4-a600-f646f1ff41d3,Pass,21,12,1,Liverpool,Trent Alexander-Arnold,Right Back,0,Tottenham Hotspur,Liverpool,120.0,0.1,Virgil van Dijk,Incomplete,Corner,High Pass,Right Foot,116.1,42.9,0.0379259,0.25745362,0.21952772,,,,,
292c0508-599f-42b8-b330-8c81c9cb1bed,Ball Receipt*,21,14,1,Liverpool,Virgil van Dijk,Left Center Back,0,Tottenham Hotspur,Liverpool,117.4,40.1,,,,,,,,,,,,,,,
df386277-fda3-4e82-96f1-1da4ce115b3b,Goal Keeper,21,14,1,Tottenham Hotspur,Hugo Lloris,Goalkeeper,0,Tottenham Hotspur,Liverpool,4.0,37.2,,,,,,,,,,,,,,,
a6bac83c-96ee-4643-9fea-20d05dbcd0b0,Pass,21,48,1,Liverpool,Trent Alexander-Arnold,Right Back,0,Tottenham Hotspur,Liverpool,91.8,80.0,Mohamed Salah,,Throw-in,High Pass,,115.8,67.1,0.02756312,0.04647721,0.01891409,,,,,
1785a15c-ca0e-4c5b-9eb6-086117d98623,Pressure,21,50,1,Tottenham Hotspur,Jan Vertonghen,Left Center Back,0,Tottenham Hotspur,Liverpool,4.1,15.3,,,,,,,,,,,,,,,
f2dd28a9-b9aa-4505-9cf1-028a53e6acb2,Ball Receipt*,21,50,1,Liverpool,Mohamed Salah,Right Wing,1,Tottenham Hotspur,Liverpool,115.8,67.1,,,,,,,,,,,,,,,
1b37cb22-b30d-4888-8b62-0a6b2bbb53f2,Carry,21,50,1,Liverpool,Mohamed Salah,Right Wing,1,Tottenham Hotspur,Liverpool,115.8,67.1,,,,,,,,,,,113.0,59.5,0.01794874,,
4004264d-14a1-4e0d-b01d-a5d025e26c17,Shot,21,53,1,Liverpool,Mohamed Salah,Right Wing,0,Tottenham Hotspur,Liverpool,113.0,59.5,,,,,,,,,,,,,,0.007077651,Wayward
95dcc94e-c7b6-4b66-94c6-c20ecfec1c2c,Goal Keeper,21,54,1,Tottenham Hotspur,Hugo Lloris,Goalkeeper,0,Tottenham Hotspur,Liverpool,0.8,36.7,,,,,,,,,,,,,,,
87754817-553a-41c4-82ca-8fba23c03262,Pass,22,18,1,Tottenham Hotspur,Kieran Trippier,Right Back,0,Tottenham Hotspur,Liverpool,15.9,80.0,Bamidele Alli,,Throw-in,High Pass,,20.9,73.3,0.00779616,0.00844854,0.0006523799999999993,,,,,
045901bf-a9f6-49bd-9ec5-816c3e72df1d,Pressure,22,19,1,Liverpool,Sadio Mané,Left Wing,0,Tottenham Hotspur,Liverpool,97.5,7.9,,,,,,,,,,,,,,,
f225e02c-2d79-4965-b9d0-1d4016fefff5,Ball Receipt*,22,19,1,Tottenham Hotspur,Bamidele Alli,Center Attacking Midfield,1,Tottenham Hotspur,Liverpool,20.9,73.3,,,,,,,,,,,,,,,
1a1d43dc-ee6a-4d34-b1e4-ceaee049e577,Carry,22,19,1,Tottenham Hotspur,Bamidele Alli,Center Attacking Midfield,1,Tottenham Hotspur,Liverpool,20.9,73.3,,,,,,,,,,,21.5,75.2,0.0,,
d98c0d57-a437-4d6b-81f1-24cca0bb52e0,Dispossessed,22,20,1,Tottenham Hotspur,Bamidele Alli,Center Attacking Midfield,1,Tottenham Hotspur,Liverpool,21.5,75.2,,,,,,,,,,,,,,,
60703b10-7965-4e6b-b852-3cbf440c437b,Duel,22,20,1,Liverpool,Sadio Mané,Left Wing,1,Tottenham Hotspur,Liverpool,98.6,4.9,,,,,,,,,,,,,,,
0f63dd89-f12e-424f-9005-779952dcc57b,Ball Recovery,22,21,1,Liverpool,Roberto Firmino Barbosa de Oliveira,Center Forward,0,Tottenham Hotspur,Liverpool,104.0,10.4,,,,,,,,,,,,,,,
5fee3954-d12d-48cf-9f01-3b83d112ddeb,Carry,22,21,1,Liverpool,Roberto Firmino Barbosa de Oliveira,Center Forward,1,Tottenham Hotspur,Liverpool,104.0,10.4,,,,,,,,,,,104.7,21.1,0.01424146,,
0a9185fc-7271-4d76-9773-d667e048824f,Pressure,22,22,1,Tottenham Hotspur,Bamidele Alli,Center Attacking Midfield,0,Tottenham Hotspur,Liverpool,16.9,65.9,,,,,,,,,,,,,,,
2b421277-6888-49ce-8a6f-562c7f6f798d,Pass,22,22,1,Liverpool,Roberto Firmino Barbosa de Oliveira,Center Forward,1,Tottenham Hotspur,Liverpool,104.7,21.1,Mohamed Salah,Incomplete,,Ground Pass,Right Foot,107.2,31.2,0.05491138,0.10805102,0.05313963999999999,,,,,
0e920b81-a5ee-4aff-8afe-b7a28f6bec95,Ball Receipt*,22,23,1,Liverpool,Mohamed Salah,Right Wing,0,Tottenham Hotspur,Liverpool,103.2,34.4,,,,,,,,,,,,,,,
c923b124-f8d0-4597-8179-d7f1ac884745,Clearance,22,23,1,Tottenham Hotspur,Jan Vertonghen,Left Center Back,1,Tottenham Hotspur,Liverpool,12.9,48.9,,,,,,,,,,,,,,,
4c5bcc96-ffd9-49d0-a6f4-7cd93638583a,Ball Recovery,22,26,1,Tottenham Hotspur,Christian Dannemann Eriksen,Right Wing,0,Tottenham Hotspur,Liverpool,28.9,64.5,,,,,,,,,,,,,,,
2551df69-35d4-4620-911e-5a60606043ff,Carry,22,26,1,Tottenham Hotspur,Christian Dannemann Eriksen,Right Wing,1,Tottenham Hotspur,Liverpool,28.9,64.5,,,,,,,,,,,28.5,68.7,0.0,,
859d2a34-14a1-45ea-ac75-6c095c6f6904,Pressure,22,26,1,Liverpool,Georginio Wijnaldum,Left Center Midfield,0,Tottenham Hotspur,Liverpool,90.2,18.8,,,,,,,,,,,,,,,
47726a72-87f8-4ca1-b8a0-f5f517f0afa7,Pressure,22,27,1,Liverpool,Sadio Mané,Left Wing,0,Tottenham Hotspur,Liverpool,93.1,10.6,,,,,,,,,,,,,,,
eade48cc-0167-44c1-bcd2-b75c14184423,Miscontrol,22,27,1,Tottenham Hotspur,Christian Dannemann Eriksen,Right Wing,1,Tottenham Hotspur,Liverpool,28.5,68.7,,,,,,,,,,,,,,,
54c626bc-cb9f-4c31-a1c1-b2aff539d39e,Pass,22,29,1,Liverpool,Sadio Mané,Left Wing,0,Tottenham Hotspur,Liverpool,85.7,9.3,Andrew Robertson,,Recovery,Ground Pass,Right Foot,77.8,7.7,0.02122129,0.0174506,-0.00377069,,,,,
8578dd4f-872f-40b1-9deb-5703201b2927,Ball Receipt*,22,30,1,Liverpool,Andrew Robertson,Left Back,0,Tottenham Hotspur,Liverpool,77.8,7.7,,,,,,,,,,,,,,,
cdaf47e5-096d-4345-8dae-ca0696dbbb1a,Carry,22,30,1,Liverpool,Andrew Robertson,Left Back,0,Tottenham Hotspur,Liverpool,77.8,7.7,,,,,,,,,,,78.6,7.2,0.0,,
fb1a61ee-3231-4887-8d98-f98c99b892b0,Pass,22,30,1,Liverpool,Andrew Robertson,Left Back,0,Tottenham Hotspur,Liverpool,78.6,7.2,Roberto Firmino Barbosa de Oliveira,,,Ground Pass,Left Foot,91.6,15.9,0.0174506,0.02953272,0.01208212,,,,,
1326b170-c323-4862-b3bf-17320ec39325,Ball Receipt*,22,30,1,Liverpool,Roberto Firmino Barbosa de Oliveira,Center Forward,0,Tottenham Hotspur,Liverpool,91.6,15.9,,,,,,,,,,,,,,,
a088759b-10d7-4cf2-890b-7156387d5601,Carry,22,30,1,Liverpool,Roberto Firmino Barbosa de Oliveira,Center Forward,0,Tottenham Hotspur,Liverpool,91.6,15.9,,,,,,,,,,,91.6,15.9,0.0,,
86b9851b-54b8-44e0-8877-a5bbd3a4fa22,Pass,22,31,1,Liverpool,Roberto Firmino Barbosa de Oliveira,Center Forward,0,Tottenham Hotspur,Liverpool,91.6,15.9,Sadio Mané,,,Ground Pass,Right Foot,87.0,10.2,0.02953272,0.02401521,-0.00551751,,,,,
11cf9128-5780-42aa-a9cd-097c3bff2116,Ball Receipt*,22,31,1,Liverpool,Sadio Mané,Left Wing,0,Tottenham Hotspur,Liverpool,87.0,10.2,,,,,,,,,,,,,,,
6e1f8af4-9cf4-4c9e-a22c-8cf182f929d4,Carry,22,31,1,Liverpool,Sadio Mané,Left Wing,0,Tottenham Hotspur,Liverpool,87.0,10.2,,,,,,,,,,,98.6,20.5,0.004536810000000002,,
89754892-3ab8-4806-9cae-3995d71f4cc4,Pass,22,33,1,Liverpool,Sadio Mané,Left Wing,0,Tottenham Hotspur,Liverpool,98.6,20.5,Georginio Wijnaldum,,,Low Pass,Right Foot,107.0,10.6,0.02855202,0.04066992,0.0121179,,,,,
b4d5538c-267b-434e-92f7-c23e22183d05,Ball Receipt*,22,34,1,Liverpool,Georginio Wijnaldum,Left Center Midfield,0,Tottenham Hotspur,Liverpool,107.0,10.6,,,,,,,,,,,,,,,
acfc7c10-28e7-4164-b88e-ee8677c281fa,Carry,22,34,1,Liverpool,Georginio Wijnaldum,Left Center Midfield,0,Tottenham Hotspur,Liverpool,107.0,10.6,,,,,,,,,,,109.1,11.4,0.0,,
7c53f7ec-41f3-47be-b58b-f05ded0faec0,Pass,22,37,1,Liverpool,Georginio Wijnaldum,Left Center Midfield,0,Tottenham Hotspur,Liverpool,109.1,11.4,Andrew Robertson,,,Ground Pass,Left Foot,103.2,3.7,0.04066992,0.03485072,-0.005819199999999997,,,,,
d89a1f19-2564-4049-8515-07e9bf8697ac,Ball Receipt*,22,39,1,Liverpool,Andrew Robertson,Left Back,0,Tottenham Hotspur,Liverpool,103.2,3.7,,,,,,,,,,,,,,,
1c81a2ec-ae73-428a-a3df-902ad7288a0c,Carry,22,39,1,Liverpool,Andrew Robertson,Left Back,0,Tottenham Hotspur,Liverpool,103.2,3.7,,,,,,,,,,,101.7,4.1,0.0,,
87665425-d781-4921-80ee-ef43e84f92b2,Pass,22,39,1,Liverpool,Andrew Robertson,Left Back,0,Tottenham Hotspur,Liverpool,101.7,4.1,Mohamed Salah,Incomplete,,High Pass,Left Foot,113.3,41.3,0.03485072,0.25745362,0.2226029,,,,,
eefdeef9-f6e0-4185-82b7-453c791861ff,Ball Receipt*,22,40,1,Liverpool,Mohamed Salah,Right Wing,0,Tottenham Hotspur,Liverpool,112.4,43.6,,,,,,,,,,,,,,,
bf02af2f-1cc7-40d0-b905-c527dae8f6e9,Clearance,22,40,1,Tottenham Hotspur,Danny Rose,Left Back,1,Tottenham Hotspur,Liverpool,6.8,38.8,,,,,,,,,,,,,,,
b29ad771-271f-401c-a16c-1e1c71ed56c2,Pass,23,4,1,Liverpool,Trent Alexander-Arnold,Right Back,0,Tottenham Hotspur,Liverpool,112.8,80.0,Jordan Brian Henderson,,Throw-in,High Pass,,116.0,68.0,0.0379259,0.04647721,0.00855131,,,,,
62872a75-e86a-49f3-b9db-8a82d1abacda,Ball Receipt*,23,4,1,Liverpool,Jordan Brian Henderson,Right Center Midfield,0,Tottenham Hotspur,Liverpool,116.0,68.0,,,,,,,,,,,,,,,
9433c735-f178-4b4c-ba69-9ef281d0f243,Pass,23,5,1,Liverpool,Jordan Brian Henderson,Right Center Midfield,0,Tottenham Hotspur,Liverpool,116.6,68.2,Roberto Firmino Barbosa de Oliveira,Incomplete,,High Pass,Head,114.5,57.0,0.04647721,0.06442595,0.01794874,,,,,
aef361f4-1d2c-40df-8d23-65e24234f29b,Ball Receipt*,23,5,1,Liverpool,Roberto Firmino Barbosa de Oliveira,Center Forward,0,Tottenham Hotspur,Liverpool,112.2,60.0,,,,,,,,,,,,,,,
a2c51c04-2af6-46e9-bcb5-6503e14bf261,Pass,23,5,1,Tottenham Hotspur,Jan Vertonghen,Left Center Back,0,Tottenham Hotspur,Liverpool,5.6,23.1,Heung-Min Son,,Recovery,High Pass,Head,11.2,9.8,0.0088799,0.00779616,-0.00108374,,,,,
db146217-99e0-4c47-894a-8961ae7d7e2c,Ball Receipt*,23,7,1,Tottenham Hotspur,Heung-Min Son,Left Wing,0,Tottenham Hotspur,Liverpool,11.2,9.8,,,,,,,,,,,,,,,
ab23db68-e575-4c59-872e-1ad386122df2,Carry,23,7,1,Tottenham Hotspur,Heung-Min Son,Left Wing,0,Tottenham Hotspur,Liverpool,11.2,9.8,,,,,,,,,,,9.8,11.1,-0.0002954400000000001,,
9be5fa97-9cb8-4bb7-812c-576920de0ab9,Pass,23,7,1,Tottenham Hotspur,Heung-Min Son,Left Wing,0,Tottenham Hotspur,Liverpool,9.8,11.1,Christian Dannemann Eriksen,Incomplete,,Ground Pass,Right Foot,27.8,26.6,0.00750072,0.01001304,0.002512320000000001,,,,,
e1c7d8f2-5639-4823-a319-87461db34165,Ball Receipt*,23,9,1,Tottenham Hotspur,Christian Dannemann Eriksen,Right Wing,0,Tottenham Hotspur,Liverpool,35.0,32.9,,,,,,,,,,,,,,,
da303db3-f136-4d4a-b399-34e422148721,Ball Recovery,23,9,1,Liverpool,Georginio Wijnaldum,Left Center Midfield,0,Tottenham Hotspur,Liverpool,92.3,53.5,,,,,,,,,,,,,,,
3c797a4b-33f4-4666-9d2b-de3ee0a8866b,Carry,23,9,1,Liverpool,Georginio Wijnaldum,Left Center Midfield,0,Tottenham Hotspur,Liverpool,92.3,53.5,,,,,,,,,,,92.0,61.0,0.0009806999999999975,,
b5f87f7a-45dc-4e5d-8eb2-c271ec6b9325,Pass,23,10,1,Liverpool,Georginio Wijnaldum,Left Center Midfield,0,Tottenham Hotspur,Liverpool,92.0,61.0,Fábio Henrique Tavares,,,Ground Pass,Right Foot,88.1,65.0,0.02953272,0.02401521,-0.00551751,,,,,
0f55d614-2e2e-41d8-9ab3-13ab11a5a08a,Ball Receipt*,23,11,1,Liverpool,Fábio Henrique Tavares,Center Defensive Midfield,0,Tottenham Hotspur,Liverpool,88.1,65.0,,,,,,,,,,,,,,,
ccef2ce4-a4ff-4c23-8745-cedb0ca76eb7,Carry,23,11,1,Liverpool,Fábio Henrique Tavares,Center Defensive Midfield,0,Tottenham Hotspur,Liverpool,88.1,65.0,,,,,,,,,,,87.8,62.3,0.0,,
13845de0-65ec-403d-a160-3e291c437b10,Pass,23,11,1,Liverpool,Fábio Henrique Tavares,Center Defensive Midfield,0,Tottenham Hotspur,Liverpool,87.8,62.3,Andrew Robertson,,,High Pass,Right Foot,84.5,22.2,0.02401521,0.0241224,0.0001071900000000001,,,,,
55ad3904-ef60-4b28-b436-cd98f18a727a,Ball Receipt*,23,14,1,Liverpool,Andrew Robertson,Left Back,0,Tottenham Hotspur,Liverpool,84.5,22.2,,,,,,,,,,,,,,,
5e825597-8b91-4f25-ba51-282612f7836b,Carry,23,14,1,Liverpool,Andrew Robertson,Left Back,0,Tottenham Hotspur,Liverpool,84.5,22.2,,,,,,,,,,,92.7,22.0,0.004429620000000002,,
8eb78fcc-f0d2-4be7-8452-8fed6754508f,Pass,23,16,1,Liverpool,Andrew Robertson,Left Back,0,Tottenham Hotspur,Liverpool,92.7,22.0,Sadio Mané,,,Ground Pass,Left Foot,102.8,9.8,0.02855202,0.03485072,0.006298700000000001,,,,,
876a02fa-f031-4dce-8a79-3555219e85c9,Ball Receipt*,23,17,1,Liverpool,Sadio Mané,Left Wing,0,Tottenham Hotspur,Liverpool,102.8,9.8,,,,,,,,,,,,,,,
e249f76f-36ef-4a3c-8e05-a263698b146c,Carry,23,17,1,Liverpool,Sadio Mané,Left Wing,1,Tottenham Hotspur,Liverpool,102.8,9.8,,,,,,,,,,,117.9,20.5,0.02957522999999999,,
6b5fa10c-0fc2-4616-8f1c-d04ab669d99c,Pressure,23,21,1,Tottenham Hotspur,Kieran Trippier,Right Back,0,Tottenham Hotspur,Liverpool,7.5,63.0,,,,,,,,,,,,,,,
6afa3ad9-2e2a-4e8f-b05b-20b125c6a7d9,Pass,23,22,1,Liverpool,Sadio Mané,Left Wing,1,Tottenham Hotspur,Liverpool,117.9,20.5,Roberto Firmino Barbosa de Oliveira,Incomplete,,Low Pass,Left Foot,117.3,23.6,0.06442595,0.06442595,0.0,,,,,
76398f87-b2b1-4ad4-b5c4-63dbb31e35e5,Ball Receipt*,23,23,1,Liverpool,Roberto Firmino Barbosa de Oliveira,Center Forward,1,Tottenham Hotspur,Liverpool,111.2,38.8,,,,,,,,,,,,,,,
761829f3-b814-4b2c-97be-98e8144c7e01,Block,23,23,1,Tottenham Hotspur,Kieran Trippier,Right Back,0,Tottenham Hotspur,Liverpool,2.8,56.5,,,,,,,,,,,,,,,
176c0a13-c0c2-472f-b477-3f52d660e668,Pass,23,51,1,Liverpool,Trent Alexander-Arnold,Right Back,0,Tottenham Hotspur,Liverpool,120.0,0.1,Jordan Brian Henderson,,Corner,Ground Pass,Right Foot,116.0,23.8,0.0379259,0.06442595,0.02650005,,,,,
838f94a2-b504-4a6c-9f7a-f325084bc108,Ball Receipt*,23,52,1,Liverpool,Jordan Brian Henderson,Right Center Midfield,0,Tottenham Hotspur,Liverpool,116.0,23.8,,,,,,,,,,,,,,,
ca33709d-b7f1-4357-9590-e3432a6540d5,Carry,23,52,1,Liverpool,Jordan Brian Henderson,Right Center Midfield,0,Tottenham Hotspur,Liverpool,116.0,23.8,,,,,,,,,,,116.8,24.1,0.0,,
bb1c3c6c-ce45-4680-8bbc-258f6a2484c0,Pass,23,52,1,Liverpool,Jordan Brian Henderson,Right Center Midfield,0,Tottenham Hotspur,Liverpool,116.8,24.1,Andrew Robertson,,,Ground Pass,Right Foot,90.6,18.2,0.06442595,0.02953272,-0.03489323,,,,,
4e2dba29-644f-4967-9bfa-bbc95bc028ad,Ball Receipt*,23,55,1,Liverpool,Andrew Robertson,Left Back,0,Tottenham Hotspur,Liverpool,90.6,18.2,,,,,,,,,,,,,,,
32742c79-26a0-4ee5-8dec-10b476243815,Carry,23,55,1,Liverpool,Andrew Robertson,Left Back,0,Tottenham Hotspur,Liverpool,90.6,18.2,,,,,,,,,,,91.7,20.7,-0.0009806999999999975,,
d77de9cb-c885-4181-a9c6-e959fa557592,Pass,23,55,1,Liverpool,Andrew Robertson,Left Back,0,Tottenham Hotspur,Liverpool,91.7,20.7,Sadio Mané,Incomplete,,High Pass,Left Foot,107.8,35.2,0.02855202,0.10805102,0.079499,,,,,
bed82ce3-3566-49f3-9cfd-2e6cb56e7e33,Ball Receipt*,23,55,1,Liverpool,Sadio Mané,Left Wing,0,Tottenham Hotspur,Liverpool,110.3,40.5,,,,,,,,,,,,,,,
ddd0a8a0-4a9b-4dd7-953e-db6eb84f3968,Clearance,23,55,1,Tottenham Hotspur,Harry Winks,Left Center Midfield,1,Tottenham Hotspur,Liverpool,12.3,44.9,,,,,,,,,,,,,,,
217eacb2-9ae1-4b61-ab07-627c3e15ecaf,Foul Committed,23,58,1,Liverpool,Andrew Robertson,Left Back,0,Tottenham Hotspur,Liverpool,84.7,18.6,,,,,,,,,,,,,,,
89a64938-0ad0-4043-8675-66ad7ecf4937,Foul Won,23,58,1,Tottenham Hotspur,Kieran Trippier,Right Back,1,Tottenham Hotspur,Liverpool,35.4,61.5,,,,,,,,,,,,,,,
c16bfeef-fac3-4e97-a4af-276bfb44e2df,Pass,24,52,1,Tottenham Hotspur,Toby Alderweireld,Right Center Back,0,Tottenham Hotspur,Liverpool,35.6,63.0,Jan Vertonghen,,Free Kick,Ground Pass,Right Foot,27.0,33.8,0.0105949,0.01016549,-0.0004294100000000016,,,,,
c6092bb0-1fd8-4b4d-ab0f-58de6d856e38,Ball Receipt*,24,54,1,Tottenham Hotspur,Jan Vertonghen,Left Center Back,0,Tottenham Hotspur,Liverpool,27.0,33.8,,,,,,,,,,,,,,,
ad91e349-0aef-4e2a-9d39-8beadfd7d985,Carry,24,54,1,Tottenham Hotspur,Jan Vertonghen,Left Center Back,0,Tottenham Hotspur,Liverpool,27.0,33.8,,,,,,,,,,,27.0,33.8,0.0,,
620a7be0-5274-4681-bbb9-eba4058e51bf,Pass,24,57,1,Tottenham Hotspur,Jan Vertonghen,Left Center Back,0,Tottenham Hotspur,Liverpool,27.0,33.8,Toby Alderweireld,,,Ground Pass,Left Foot,25.1,49.7,0.01016549,0.01016549,0.0,,,,,
50f5b973-2609-4356-aeb9-68ddb3906d14,Ball Receipt*,24,59,1,Tottenham Hotspur,Toby Alderweireld,Right Center Back,0,Tottenham Hotspur,Liverpool,25.1,49.7,,,,,,,,,,,,,,,
f7e31f51-e059-404d-8dda-0c32135af059,Carry,24,59,1,Tottenham Hotspur,Toby Alderweireld,Right Center Back,0,Tottenham Hotspur,Liverpool,25.1,49.7,,,,,,,,,,,26.0,49.1,0.0,,
f3b4d2ca-937b-46dd-8562-55e3edebd00a,Pass,24,59,1,Tottenham Hotspur,Toby Alderweireld,Right Center Back,0,Tottenham Hotspur,Liverpool,26.0,49.1,Hugo Lloris,,,Ground Pass,Right Foot,3.5,39.7,0.01016549,0.00941056,-0.0007549299999999991,,,,,
407d0074-7d84-467c-b949-1f98df79dccb,Ball Receipt*,25,0,1,Tottenham Hotspur,Hugo Lloris,Goalkeeper,0,Tottenham Hotspur,Liverpool,3.5,39.7,,,,,,,,,,,,,,,
c8df9e46-680a-4d16-a24b-39f98726cea5,Carry,25,0,1,Tottenham Hotspur,Hugo Lloris,Goalkeeper,1,Tottenham Hotspur,Liverpool,3.5,39.7,,,,,,,,,,,3.3,40.5,0.0,,
9fb58d9b-5e5b-4d85-aa7b-a83b62073130,Pressure,25,1,1,Liverpool,Roberto Firmino Barbosa de Oliveira,Center Forward,0,Tottenham Hotspur,Liverpool,108.9,43.6,,,,,,,,,,,,,,,
65153a30-c951-4df9-8bbe-9af1516758b8,Pass,25,2,1,Tottenham Hotspur,Hugo Lloris,Goalkeeper,1,Tottenham Hotspur,Liverpool,3.3,40.5,Kieran Trippier,,,High Pass,Left Foot,37.1,75.0,0.00941056,0.00977659,0.0003660299999999998,,,,,
985a058f-0179-411a-a274-8c7594660b5e,Ball Receipt*,25,4,1,Tottenham Hotspur,Kieran Trippier,Right Back,0,Tottenham Hotspur,Liverpool,37.1,75.0,,,,,,,,,,,,,,,
161690eb-9733-4ca6-9d0a-bcb9e22cecb4,Carry,25,4,1,Tottenham Hotspur,Kieran Trippier,Right Back,1,Tottenham Hotspur,Liverpool,37.1,75.0,,,,,,,,,,,47.0,75.8,0.001486080000000001,,
06f25faf-2ddc-49fe-a984-b072182e149f,Pressure,25,5,1,Liverpool,Georginio Wijnaldum,Left Center Midfield,0,Tottenham Hotspur,Liverpool,77.1,7.7,,,,,,,,,,,,,,,
eb15825e-6cf6-4b6b-9153-4124e21313ad,Pass,25,5,1,Tottenham Hotspur,Kieran Trippier,Right Back,1,Tottenham Hotspur,Liverpool,47.0,75.8,Christian Dannemann Eriksen,,,Low Pass,Right Foot,53.5,64.9,0.01126267,0.0138454,0.00258273,,,,,
e18e3d75-39a5-458a-a1a2-d676100d548e,Ball Receipt*,25,6,1,Tottenham Hotspur,Christian Dannemann Eriksen,Right Wing,0,Tottenham Hotspur,Liverpool,53.5,64.9,,,,,,,,,,,,,,,
0051d66a-3a13-4e59-ad9c-ad24592ddd09,Carry,25,6,1,Tottenham Hotspur,Christian Dannemann Eriksen,Right Wing,0,Tottenham Hotspur,Liverpool,53.5,64.9,,,,,,,,,,,46.1,66.8,-0.00169821,,
973d3950-5ea0-41a0-a3a4-17301a0fa9a6,Pass,25,9,1,Tottenham Hotspur,Christian Dannemann Eriksen,Right Wing,0,Tottenham Hotspur,Liverpool,46.1,66.8,Toby Alderweireld,,,Ground Pass,Right Foot,28.1,60.7,0.01214719,0.00942382,-0.002723370000000001,,,,,
4f441d99-3bce-4bbd-8326-2cf0f2a6998a,Ball Receipt*,25,11,1,Tottenham Hotspur,Toby Alderweireld,Right Center Back,0,Tottenham Hotspur,Liverpool,28.1,60.7,,,,,,,,,,,,,,,
8b387d36-dcca-4593-a083-4efb2eaab8b4,Carry,25,11,1,Tottenham Hotspur,Toby Alderweireld,Right Center Back,0,Tottenham Hotspur,Liverpool,28.1,60.7,,,,,,,,,,,28.5,51.0,0.0005892200000000014,,
efbba910-0e0a-40c3-b3be-d00862857c6a,Pass,25,12,1,Tottenham Hotspur,Toby Alderweireld,Right Center Back,0,Tottenham Hotspur,Liverpool,28.5,51.0,Jan Vertonghen,,,Ground Pass,Right Foot,32.9,30.2,0.01001304,0.01132376,0.00131072,,,,,
df20efed-53ff-4f5a-8bde-6e28e0b4baf9,Ball Receipt*,25,14,1,Tottenham Hotspur,Jan Vertonghen,Left Center Back,0,Tottenham Hotspur,Liverpool,32.9,30.2,,,,,,,,,,,,,,,
82aefb09-35ad-4673-8f3d-218f48012060,Carry,25,14,1,Tottenham Hotspur,Jan Vertonghen,Left Center Back,0,Tottenham Hotspur,Liverpool,32.9,30.2,,,,,,,,,,,42.1,11.9,0.00082343,,
e051e755-6d90-47eb-bf12-b082daabeeeb,Pass,25,18,1,Tottenham Hotspur,Jan Vertonghen,Left Center Back,0,Tottenham Hotspur,Liverpool,42.1,11.9,Toby Alderweireld,,,Ground Pass,Left Foot,37.9,32.3,0.01214719,0.01132376,-0.00082343,,,,,
69decd32-1c8e-436d-b039-6147efe57a20,Ball Receipt*,25,20,1,Tottenham Hotspur,Toby Alderweireld,Right Center Back,0,Tottenham Hotspur,Liverpool,37.9,32.3,,,,,,,,,,,,,,,
aebe0014-f395-4cc4-ba29-f9755645a949,Carry,25,20,1,Tottenham Hotspur,Toby Alderweireld,Right Center Back,1,Tottenham Hotspur,Liverpool,37.9,32.3,,,,,,,,,,,43.6,41.1,0.0013027,,
f6398415-5125-4403-ac24-37d4f49a2a6f,Pressure,25,23,1,Liverpool,Roberto Firmino Barbosa de Oliveira,Center Forward,0,Tottenham Hotspur,Liverpool,75.0,42.3,,,,,,,,,,,,,,,
a7f46cd1-33de-4ad0-9389-02cc25f5b8dd,Pass,25,24,1,Tottenham Hotspur,Toby Alderweireld,Right Center Back,1,Tottenham Hotspur,Liverpool,43.6,41.1,Moussa Sissoko,,,Ground Pass,Left Foot,41.5,54.2,0.01262646,0.01269174,6.527999999999916e-05,,,,,
03c18625-4747-48a5-b3a5-d0769652606a,Ball Receipt*,25,25,1,Tottenham Hotspur,Moussa Sissoko,Right Defensive Midfield,0,Tottenham Hotspur,Liverpool,41.5,54.2,,,,,,,,,,,,,,,
ccf85422-a561-4043-a68e-9fc409235377,Carry,25,25,1,Tottenham Hotspur,Moussa Sissoko,Right Defensive Midfield,0,Tottenham Hotspur,Liverpool,41.5,54.2,,,,,,,,,,,41.7,55.4,0.0,,
adab8ae2-87eb-49f1-a1d9-549a03a41055,Pass,25,26,1,Tottenham Hotspur,Moussa Sissoko,Right Defensive Midfield,0,Tottenham Hotspur,Liverpool,41.7,55.4,Hugo Lloris,,,Ground Pass,Right Foot,13.3,37.1,0.01269174,0.01082722,-0.00186452,,,,,
0cd364b1-0b98-4107-abc2-7d7e08e3b089,Ball Receipt*,25,29,1,Tottenham Hotspur,Hugo Lloris,Goalkeeper,0,Tottenham Hotspur,Liverpool,13.3,37.1,,,,,,,,,,,,,,,
9210066a-b231-43f9-9b9d-55f291b53863,Carry,25,29,1,Tottenham Hotspur,Hugo Lloris,Goalkeeper,0,Tottenham Hotspur,Liverpool,13.3,37.1,,,,,,,,,,,10.6,36.3,0.0,,
0aa942dd-e1eb-4c29-a84c-af09a78d0c52,Pass,25,32,1,Tottenham Hotspur,Hugo Lloris,Goalkeeper,0,Tottenham Hotspur,Liverpool,10.6,36.3,Christian Dannemann Eriksen,Incomplete,,High Pass,Left Foot,84.4,48.1,0.01082722,0.02385149,0.01302427,,,,,
1045ca87-540d-4bf5-86dc-2be5059191b8,Ball Receipt*,25,36,1,Tottenham Hotspur,Christian Dannemann Eriksen,Right Wing,0,Tottenham Hotspur,Liverpool,77.9,50.0,,,,,,,,,,,,,,,
222282a5-027a-46db-9a67-e74d41337957,Pass,25,36,1,Liverpool,Virgil van Dijk,Left Center Back,0,Tottenham Hotspur,Liverpool,35.7,32.0,Georginio Wijnaldum,Incomplete,Recovery,High Pass,Head,62.0,23.4,0.01132376,0.01685596,0.005532199999999999,,,,,
fd316f9f-d473-45fe-a70e-9d491a1b67f4,Ball Receipt*,25,38,1,Liverpool,Georginio Wijnaldum,Left Center Midfield,0,Tottenham Hotspur,Liverpool,53.4,25.7,,,,,,,,,,,,,,,
71d29df1-5b17-4355-a352-c14bbed42a0a,Ball Recovery,25,38,1,Tottenham Hotspur,Moussa Sissoko,Right Defensive Midfield,0,Tottenham Hotspur,Liverpool,58.1,56.7,,,,,,,,,,,,,,,
4ea95ff8-66ae-454a-9290-ca1b2ee52d51,Carry,25,38,1,Tottenham Hotspur,Moussa Sissoko,Right Defensive Midfield,1,Tottenham Hotspur,Liverpool,58.1,56.7,,,,,,,,,,,69.7,64.0,0.001826850000000001,,
34d78b81-15dd-4079-8b25-f74984a6fa79,Pressure,25,38,1,Liverpool,Georginio Wijnaldum,Left Center Midfield,0,Tottenham Hotspur,Liverpool,53.2,19.6,,,,,,,,,,,,,,,
edd7e76b-b905-4fec-9ce7-5771988cc507,Miscontrol,25,39,1,Tottenham Hotspur,Moussa Sissoko,Right Defensive Midfield,0,Tottenham Hotspur,Liverpool,69.7,64.0,,,,,,,,,,,,,,,
a31fa515-ec8d-45dc-849e-90dfb72b6725,Pass,25,59,1,Liverpool,Andrew Robertson,Left Back,0,Tottenham Hotspur,Liverpool,54.4,0.1,Georginio Wijnaldum,Incomplete,Throw-in,High Pass,,75.7,3.2,0.01248344,0.0174506,0.00496716,,,,,
7e773460-5b25-4b18-926e-9774748aa36f,Ball Receipt*,26,0,1,Liverpool,Georginio Wijnaldum,Left Center Midfield,0,Tottenham Hotspur,Liverpool,72.1,2.8,,,,,,,,,,,,,,,
da33049a-8d03-4945-90bd-d407f089f4ac,Pass,26,0,1,Tottenham Hotspur,Kieran Trippier,Right Back,0,Tottenham Hotspur,Liverpool,44.4,76.9,Moussa Sissoko,Incomplete,Recovery,High Pass,Head,54.1,66.1,0.01126267,0.0138454,0.00258273,,,,,
425a45d4-2f62-466a-a598-e823e9d005dd,Ball Receipt*,26,3,1,Tottenham Hotspur,Moussa Sissoko,Right Defensive Midfield,0,Tottenham Hotspur,Liverpool,55.4,68.4,,,,,,,,,,,,,,,
0426128f-9272-4e6f-9366-f7b52c4788ed,Ball Recovery,26,3,1,Liverpool,Roberto Firmino Barbosa de Oliveira,Center Forward,0,Tottenham Hotspur,Liverpool,66.0,14.0,,,,,,,,,,,,,,,
7f029859-dfa4-4f45-90a3-1483a45a8455,Pressure,26,3,1,Liverpool,Jordan Brian Henderson,Right Center Midfield,0,Tottenham Hotspur,Liverpool,69.1,24.3,,,,,,,,,,,,,,,
ab439991-56ec-4242-a2d4-b95d4414c5aa,Pass,26,3,1,Tottenham Hotspur,Bamidele Alli,Center Attacking Midfield,1,Tottenham Hotspur,Liverpool,50.5,60.7,Heung-Min Son,,Recovery,Low Pass,Right Foot,63.2,45.1,0.0138454,0.01689528,0.003049879999999998,,,,,
d6f60bb3-1556-4a5c-9f41-0208b0a0512c,Pressure,26,3,1,Liverpool,Roberto Firmino Barbosa de Oliveira,Center Forward,0,Tottenham Hotspur,Liverpool,70.6,17.7,,,,,,,,,,,,,,,
edfa10c4-c7f0-4cc2-99c3-d78dc6069cba,Ball Receipt*,26,4,1,Tottenham Hotspur,Heung-Min Son,Left Wing,0,Tottenham Hotspur,Liverpool,63.2,45.1,,,,,,,,,,,,,,,
f3c8479f-2492-4679-bb4d-271fa7692886,Carry,26,4,1,Tottenham Hotspur,Heung-Min Son,Left Wing,0,Tottenham Hotspur,Liverpool,63.2,45.1,,,,,,,,,,,63.6,44.3,0.0,,
9ccc691f-85d0-4427-9bbd-5f8ef0cff304,Miscontrol,26,5,1,Tottenham Hotspur,Heung-Min Son,Left Wing,0,Tottenham Hotspur,Liverpool,63.6,44.3,,,,,,,,,,,,,,,
db9e9826-26e3-4dcc-9419-bda02ddd4e01,Pass,26,6,1,Liverpool,Trent Alexander-Arnold,Right Back,0,Tottenham Hotspur,Liverpool,49.8,43.4,Sadio Mané,Incomplete,Recovery,High Pass,Left Foot,83.6,21.7,0.01262646,0.0241224,0.01149594,,,,,
b5c3a355-5fdf-4683-9eff-3f989278237f,Ball Receipt*,26,8,1,Liverpool,Sadio Mané,Left Wing,0,Tottenham Hotspur,Liverpool,83.8,24.5,,,,,,,,,,,,,,,
3c99c406-8462-42e7-843c-f9165a0d7fc0,Pass,26,8,1,Tottenham Hotspur,Kieran Trippier,Right Back,0,Tottenham Hotspur,Liverpool,36.5,58.4,Christian Dannemann Eriksen,,Recovery,High Pass,Head,55.6,60.5,0.01110462,0.0138454,0.00274078,,,,,
39ce7b50-c8f9-46f5-a3ef-6a878eaa1469,Ball Receipt*,26,9,1,Tottenham Hotspur,Christian Dannemann Eriksen,Right Wing,0,Tottenham Hotspur,Liverpool,55.6,60.5,,,,,,,,,,,,,,,
9dac0205-e79c-4a31-bc06-a8622f8dfd81,Carry,26,9,1,Tottenham Hotspur,Christian Dannemann Eriksen,Right Wing,0,Tottenham Hotspur,Liverpool,55.6,60.5,,,,,,,,,,,56.8,61.5,0.0,,
020cd0b0-e934-4de8-a0d3-268bd43c98ac,Pass,26,10,1,Tottenham Hotspur,Christian Dannemann Eriksen,Right Wing,0,Tottenham Hotspur,Liverpool,56.8,61.5,Moussa Sissoko,,,Low Pass,Right Foot,47.4,54.8,0.0138454,0.01269174,-0.001153660000000001,,,,,
614a8fde-f570-496b-878b-093cfaf5e55f,Pressure,26,11,1,Liverpool,Sadio Mané,Left Wing,0,Tottenham Hotspur,Liverpool,74.8,22.8,,,,,,,,,,,,,,,
2a38d6f5-4e88-44b9-875c-ba93e6fa3c21,Ball Receipt*,26,11,1,Tottenham Hotspur,Moussa Sissoko,Right Defensive Midfield,1,Tottenham Hotspur,Liverpool,47.4,54.8,,,,,,,,,,,,,,,
77201717-de00-4a88-b66c-476a6c2e96e3,Pass,26,11,1,Tottenham Hotspur,Moussa Sissoko,Right Defensive Midfield,1,Tottenham Hotspur,Liverpool,47.4,52.7,Hugo Lloris,,,Low Pass,Right Foot,13.8,40.1,0.01269174,0.01082722,-0.00186452,,,,,
8ecdc494-2f25-466b-934e-c47a42ac17a4,Ball Receipt*,26,14,1,Tottenham Hotspur,Hugo Lloris,Goalkeeper,0,Tottenham Hotspur,Liverpool,13.8,40.1,,,,,,,,,,,,,,,
cdae830d-bf35-41fc-bfe5-abd55d8656e2,Carry,26,14,1,Tottenham Hotspur,Hugo Lloris,Goalkeeper,0,Tottenham Hotspur,Liverpool,13.8,40.1,,,,,,,,,,,14.6,37.8,0.0,,
e25bd2bb-b643-446e-aa35-2e6197a6c75a,Pass,26,15,1,Tottenham Hotspur,Hugo Lloris,Goalkeeper,0,Tottenham Hotspur,Liverpool,14.6,37.8,Jan Vertonghen,,,Ground Pass,Left Foot,24.1,28.9,0.01082722,0.01001304,-0.0008141799999999994,,,,,
5a52101a-2716-441e-9ba3-b57aba42a5c2,Ball Receipt*,26,16,1,Tottenham Hotspur,Jan Vertonghen,Left Center Back,0,Tottenham Hotspur,Liverpool,24.1,28.9,,,,,,,,,,,,,,,
d76788df-e54a-4edd-b27b-b4d72c9b6726,Carry,26,16,1,Tottenham Hotspur,Jan Vertonghen,Left Center Back,0,Tottenham Hotspur,Liverpool,24.1,28.9,,,,,,,,,,,28.3,24.1,0.0,,
c8411f8e-986a-4a70-9f5f-c52d8610ac8b,Pass,26,19,1,Tottenham Hotspur,Jan Vertonghen,Left Center Back,0,Tottenham Hotspur,Liverpool,28.3,24.1,Moussa Sissoko,,,Ground Pass,Left Foot,35.4,40.9,0.01001304,0.01132376,0.00131072,,,,,
8cfa82af-9caa-4967-981c-c674e898a793,Ball Receipt*,26,21,1,Tottenham Hotspur,Moussa Sissoko,Right Defensive Midfield,0,Tottenham Hotspur,Liverpool,35.4,40.9,,,,,,,,,,,,,,,
62281bd5-f54c-4edc-ab49-f459a3301297,Carry,26,21,1,Tottenham Hotspur,Moussa Sissoko,Right Defensive Midfield,1,Tottenham Hotspur,Liverpool,35.4,40.9,,,,,,,,,,,40.2,42.8,0.0013027,,
5058f92b-029d-4bc5-bcb4-f6dadd1c894f,Pressure,26,21,1,Liverpool,Roberto Firmino Barbosa de Oliveira,Center Forward,0,Tottenham Hotspur,Liverpool,79.0,45.7,,,,,,,,,,,,,,,
6f6327c2-b94a-4846-a1a3-9ea9299dd7bf,Pass,26,22,1,Tottenham Hotspur,Moussa Sissoko,Right Defensive Midfield,1,Tottenham Hotspur,Liverpool,40.2,42.8,Bamidele Alli,Incomplete,,Ground Pass,Right Foot,63.6,33.6,0.01262646,0.01689528,0.004268819999999998,,,,,
0253dcaa-a47b-4bbe-acd8-b5ce354820c0,Ball Receipt*,26,24,1,Tottenham Hotspur,Bamidele Alli,Center Attacking Midfield,0,Tottenham Hotspur,Liverpool,61.9,32.5,,,,,,,,,,,,,,,
a089b9c7-1f00-46f2-b783-723cd75bf4d6,Interception,26,24,1,Liverpool,Joël Andre Job Matip,Right Center Back,0,Tottenham Hotspur,Liverpool,56.5,46.5,,,,,,,,,,,,,,,
d1891eea-9b43-4c2b-b623-0868cd191284,Ball Recovery,26,25,1,Liverpool,Trent Alexander-Arnold,Right Back,0,Tottenham Hotspur,Liverpool,47.7,60.2,,,,,,,,,,,,,,,
f0c1a0cb-9ecd-4d9e-a390-cdcea160ae15,Carry,26,25,1,Liverpool,Trent Alexander-Arnold,Right Back,0,Tottenham Hotspur,Liverpool,47.7,60.2,,,,,,,,,,,49.2,63.6,0.0,,
c1d827f5-3d34-45fd-9666-35027adf1fb5,Pass,26,27,1,Liverpool,Trent Alexander-Arnold,Right Back,0,Tottenham Hotspur,Liverpool,49.2,63.6,Mohamed Salah,Out,,High Pass,Right Foot,119.6,66.5,0.01214719,0.04647721,0.03433002,,,,,
ff9bfa63-a729-49a2-8d11-4e4b9091b861,Ball Receipt*,26,32,1,Liverpool,Mohamed Salah,Right Wing,0,Tottenham Hotspur,Liverpool,77.1,66.5,,,,,,,,,,,,,,,
97b18963-4ce7-4f8a-a451-63ad626521b3,Pass,26,39,1,Tottenham Hotspur,Hugo Lloris,Goalkeeper,0,Tottenham Hotspur,Liverpool,6.0,36.0,Harry Winks,,Goal Kick,Ground Pass,Right Foot,20.9,29.1,0.00941056,0.01001304,0.0006024800000000007,,,,,
39206834-d974-4832-8a02-979264acccba,Ball Receipt*,26,41,1,Tottenham Hotspur,Harry Winks,Left Center Midfield,0,Tottenham Hotspur,Liverpool,20.9,29.1,,,,,,,,,,,,,,,
717cb1b1-b265-49dc-b27b-94ecf723bea9,Pressure,26,41,1,Liverpool,Roberto Firmino Barbosa de Oliveira,Center Forward,0,Tottenham Hotspur,Liverpool,91.0,53.7,,,,,,,,,,,,,,,
f3eccd96-1f26-462f-97fd-e0a607e7ebbd,Pass,26,44,1,Tottenham Hotspur,Harry Winks,Left Center Midfield,1,Tottenham Hotspur,Liverpool,20.5,28.1,Moussa Sissoko,,,Ground Pass,Right Foot,24.7,42.0,0.01001304,0.01016549,0.0001524499999999984,,,,,
5f6109c4-ae91-4017-acd9-49eacf4119c7,Ball Receipt*,26,45,1,Tottenham Hotspur,Moussa Sissoko,Right Defensive Midfield,0,Tottenham Hotspur,Liverpool,24.7,42.0,,,,,,,,,,,,,,,
4cbaf2ca-0c91-4938-b5eb-b8fd71b6e477,Carry,26,45,1,Tottenham Hotspur,Moussa Sissoko,Right Defensive Midfield,0,Tottenham Hotspur,Liverpool,24.7,42.0,,,,,,,,,,,24.5,42.0,0.0,,
62b80195-14dc-4b7f-a693-a56ceabf7eb2,Pass,26,45,1,Tottenham Hotspur,Moussa Sissoko,Right Defensive Midfield,0,Tottenham Hotspur,Liverpool,24.5,42.0,Harry Winks,,,Ground Pass,Right Foot,15.4,38.2,0.01016549,0.01082722,0.000661730000000001,,,,,
3e06bb85-b2b1-4bc8-be46-7cce18611bbd,Ball Receipt*,26,46,1,Tottenham Hotspur,Harry Winks,Left Center Midfield,0,Tottenham Hotspur,Liverpool,15.4,38.2,,,,,,,,,,,,,,,
493fd0a7-fe6a-4239-9e7c-52078aa64cb7,Carry,26,46,1,Tottenham Hotspur,Harry Winks,Left Center Midfield,0,Tottenham Hotspur,Liverpool,15.4,38.2,,,,,,,,,,,21.3,55.2,-0.0008141799999999994,,
577494a7-0ef8-4871-88f9-a31788fa0200,Pass,26,51,1,Tottenham Hotspur,Harry Winks,Left Center Midfield,0,Tottenham Hotspur,Liverpool,21.3,55.2,Moussa Sissoko,,,Ground Pass,Right Foot,26.2,36.1,0.01001304,0.01016549,0.0001524499999999984,,,,,
9176b8c4-4cda-4e39-992e-b0885f643492,Ball Receipt*,26,53,1,Tottenham Hotspur,Moussa Sissoko,Right Defensive Midfield,0,Tottenham Hotspur,Liverpool,26.2,36.1,,,,,,,,,,,,,,,
9fc9a091-9c5a-4124-a85b-f4da5a164abd,Carry,26,53,1,Tottenham Hotspur,Moussa Sissoko,Right Defensive Midfield,0,Tottenham Hotspur,Liverpool,26.2,36.1,,,,,,,,,,,26.8,30.6,0.0,,
4e6467e0-2291-47e5-a677-2e943976c79c,Pass,26,53,1,Tottenham Hotspur,Moussa Sissoko,Right Defensive Midfield,0,Tottenham Hotspur,Liverpool,26.8,30.6,Jan Vertonghen,,,Ground Pass,Right Foot,28.3,10.9,0.01016549,0.00942382,-0.0007416699999999998,,,,,
bfe6414b-6494-45a8-b9d4-40d3f4acd79c,Ball Receipt*,26,56,1,Tottenham Hotspur,Jan Vertonghen,Left Center Back,0,Tottenham Hotspur,Liverpool,28.3,10.9,,,,,,,,,,,,,,,
a7a5340a-7878-48c9-ad99-0761f13e37f0,Carry,26,56,1,Tottenham Hotspur,Jan Vertonghen,Left Center Back,0,Tottenham Hotspur,Liverpool,28.3,10.9,,,,,,,,,,,29.7,4.3,-0.0009752800000000002,,
df3530ec-1f66-4a18-abb8-47e5ef0a55c9,Pass,26,57,1,Tottenham Hotspur,Jan Vertonghen,Left Center Back,0,Tottenham Hotspur,Liverpool,29.7,4.3,Danny Rose,,,Ground Pass,Right Foot,38.1,2.2,0.00844854,0.00977659,0.001328050000000001,,,,,
c9f74bf9-c02e-4ab8-be19-1922a1bc2995,Ball Receipt*,26,58,1,Tottenham Hotspur,Danny Rose,Left Back,0,Tottenham Hotspur,Liverpool,38.1,2.2,,,,,,,,,,,,,,,
7c9f4daa-1e67-46c6-9edf-432a17705419,Carry,26,58,1,Tottenham Hotspur,Danny Rose,Left Back,0,Tottenham Hotspur,Liverpool,38.1,2.2,,,,,,,,,,,35.2,2.5,0.0,,
8e998ddf-babe-4aba-8076-3c0840dc3e61,Pass,27,0,1,Tottenham Hotspur,Danny Rose,Left Back,0,Tottenham Hotspur,Liverpool,35.2,2.5,Jan Vertonghen,,,Ground Pass,Left Foot,28.9,6.9,0.00977659,0.00844854,-0.001328050000000001,,,,,
ae7f69bc-e23d-4a72-825e-184864e8e8e6,Ball Receipt*,27,1,1,Tottenham Hotspur,Jan Vertonghen,Left Center Back,0,Tottenham Hotspur,Liverpool,28.9,6.9,,,,,,,,,,,,,,,
7fc42bcc-e4e5-4aa4-afb7-d48aa333b098,Carry,27,1,1,Tottenham Hotspur,Jan Vertonghen,Left Center Back,0,Tottenham Hotspur,Liverpool,28.9,6.9,,,,,,,,,,,28.9,9.6,0.0,,
04649a75-5087-46b1-8ee9-b34ddd2d1ba0,Pass,27,2,1,Tottenham Hotspur,Jan Vertonghen,Left Center Back,0,Tottenham Hotspur,Liverpool,28.9,9.6,Toby Alderweireld,,,Ground Pass,Left Foot,22.8,26.6,0.00844854,0.01001304,0.001564500000000002,,,,,
f34aa8bc-c6ae-4a3c-a86f-00109ff95600,Ball Receipt*,27,4,1,Tottenham Hotspur,Toby Alderweireld,Right Center Back,0,Tottenham Hotspur,Liverpool,22.8,26.6,,,,,,,,,,,,,,,
3ee200d2-6d59-4c0a-9eb0-199c1d94cb91,Carry,27,4,1,Tottenham Hotspur,Toby Alderweireld,Right Center Back,0,Tottenham Hotspur,Liverpool,22.8,26.6,,,,,,,,,,,22.8,29.1,0.0,,
dae1f704-cf21-4c47-a399-e447c632f168,Pass,27,5,1,Tottenham Hotspur,Toby Alderweireld,Right Center Back,0,Tottenham Hotspur,Liverpool,22.8,29.1,Jan Vertonghen,,,Ground Pass,Right Foot,27.2,18.8,0.01001304,0.00942382,-0.0005892200000000014,,,,,
181675ca-d6d7-4691-913c-ecedb3f4f604,Ball Receipt*,27,6,1,Tottenham Hotspur,Jan Vertonghen,Left Center Back,0,Tottenham Hotspur,Liverpool,27.2,18.8,,,,,,,,,,,,,,,
e65a09eb-7f15-4948-abe1-79a7778a7b13,Carry,27,6,1,Tottenham Hotspur,Jan Vertonghen,Left Center Back,0,Tottenham Hotspur,Liverpool,27.2,18.8,,,,,,,,,,,28.1,17.4,0.0,,
d4958a38-58ff-49d8-8274-a30fc8c69296,Pass,27,7,1,Tottenham Hotspur,Jan Vertonghen,Left Center Back,0,Tottenham Hotspur,Liverpool,28.1,17.4,Toby Alderweireld,,,Ground Pass,Left Foot,19.4,32.9,0.00942382,0.01082722,0.001403400000000001,,,,,
2ad2f55b-e181-4d5a-b87c-cd2faa920a08,Ball Receipt*,27,8,1,Tottenham Hotspur,Toby Alderweireld,Right Center Back,0,Tottenham Hotspur,Liverpool,19.4,32.9,,,,,,,,,,,,,,,
01c4eef2-1d3b-4c71-b05d-4d1bd58725b7,Carry,27,8,1,Tottenham Hotspur,Toby Alderweireld,Right Center Back,1,Tottenham Hotspur,Liverpool,19.4,32.9,,,,,,,,,,,15.4,35.2,0.0,,
48f4a4a8-839e-4033-b768-79684c795c14,Pressure,27,8,1,Liverpool,Roberto Firmino Barbosa de Oliveira,Center Forward,0,Tottenham Hotspur,Liverpool,95.4,45.7,,,,,,,,,,,,,,,
bf4ab6bc-85a2-43e4-9e1f-824e09b0fc64,Pass,27,9,1,Tottenham Hotspur,Toby Alderweireld,Right Center Back,1,Tottenham Hotspur,Liverpool,15.4,35.2,Kieran Trippier,,,High Pass,Right Foot,49.9,75.2,0.01082722,0.01126267,0.0004354500000000004,,,,,
efe10661-aa6d-40f1-a64a-4ddc968b4e22,Pressure,27,12,1,Liverpool,Andrew Robertson,Left Back,0,Tottenham Hotspur,Liverpool,66.0,8.3,,,,,,,,,,,,,,,
be97712f-acfe-442b-a5af-2c5b6dbede79,Ball Receipt*,27,12,1,Tottenham Hotspur,Kieran Trippier,Right Back,1,Tottenham Hotspur,Liverpool,49.9,75.2,,,,,,,,,,,,,,,
def14032-25e2-46e0-88b1-a74f44cc11f7,Pass,27,12,1,Tottenham Hotspur,Kieran Trippier,Right Back,1,Tottenham Hotspur,Liverpool,49.9,75.4,,Incomplete,,Low Pass,Right Foot,55.4,72.0,0.01126267,0.01248344,0.001220769999999999,,,,,
d9bcbaf2-b842-41da-987e-025942dc2cc5,Block,27,13,1,Liverpool,Andrew Robertson,Left Back,0,Tottenham Hotspur,Liverpool,64.7,8.1,,,,,,,,,,,,,,,
0e366f6f-6266-4ee2-92a1-aef05fb971f2,Pass,27,25,1,Tottenham Hotspur,Kieran Trippier,Right Back,0,Tottenham Hotspur,Liverpool,56.0,80.0,Moussa Sissoko,,Throw-in,High Pass,,54.3,68.9,0.01248344,0.0138454,0.001361960000000001,,,,,
f3c461d1-0812-4462-a369-9195944c090d,Ball Receipt*,27,27,1,Tottenham Hotspur,Moussa Sissoko,Right Defensive Midfield,0,Tottenham Hotspur,Liverpool,54.3,68.9,,,,,,,,,,,,,,,
2eb02e70-3fb4-43b5-b12f-082b64f823fb,Pass,27,27,1,Tottenham Hotspur,Moussa Sissoko,Right Defensive Midfield,0,Tottenham Hotspur,Liverpool,53.3,68.7,Kieran Trippier,,,Low Pass,Right Foot,49.1,76.0,0.0138454,0.01126267,-0.00258273,,,,,
c6885a2e-845c-4a6f-9316-ee4542255e1f,Ball Receipt*,27,29,1,Tottenham Hotspur,Kieran Trippier,Right Back,0,Tottenham Hotspur,Liverpool,49.1,76.0,,,,,,,,,,,,,,,
1ffc81f4-4e66-45ae-9084-0462247eb497,Carry,27,29,1,Tottenham Hotspur,Kieran Trippier,Right Back,0,Tottenham Hotspur,Liverpool,49.1,76.0,,,,,,,,,,,49.1,76.0,0.0,,
77637574-5829-40dd-9139-3ae3ae5805b9,Pass,27,29,1,Tottenham Hotspur,Kieran Trippier,Right Back,0,Tottenham Hotspur,Liverpool,49.1,76.0,Toby Alderweireld,,,Ground Pass,Right Foot,28.3,59.8,0.01126267,0.01001304,-0.00124963,,,,,
5d2040b4-7f91-4f8d-a528-0d91e62e0738,Ball Receipt*,27,30,1,Tottenham Hotspur,Toby Alderweireld,Right Center Back,0,Tottenham Hotspur,Liverpool,28.3,59.8,,,,,,,,,,,,,,,
215aac4b-34fd-4964-b23c-515a71b2a9e9,Carry,27,30,1,Tottenham Hotspur,Toby Alderweireld,Right Center Back,0,Tottenham Hotspur,Liverpool,28.3,59.8,,,,,,,,,,,28.7,50.2,0.0,,
114a9b3d-13a6-4ed2-9440-f6d238595ee0,Pass,27,32,1,Tottenham Hotspur,Toby Alderweireld,Right Center Back,0,Tottenham Hotspur,Liverpool,28.7,50.2,Jan Vertonghen,,,Ground Pass,Right Foot,33.1,35.7,0.01001304,0.01132376,0.00131072,,,,,
cc6b3257-0e6d-4eb0-a4ae-3a0db8901771,Ball Receipt*,27,34,1,Tottenham Hotspur,Jan Vertonghen,Left Center Back,0,Tottenham Hotspur,Liverpool,33.1,35.7,,,,,,,,,,,,,,,
9f7895fe-5995-41f4-982d-41ec063a64e2,Carry,27,34,1,Tottenham Hotspur,Jan Vertonghen,Left Center Back,0,Tottenham Hotspur,Liverpool,33.1,35.7,,,,,,,,,,,36.5,30.6,0.0,,
36e0be4d-e121-434a-900e-0801fbdbb1e2,Pass,27,35,1,Tottenham Hotspur,Jan Vertonghen,Left Center Back,0,Tottenham Hotspur,Liverpool,36.5,30.6,Harry Winks,,,Ground Pass,Left Foot,47.2,40.5,0.01132376,0.01262646,0.0013027,,,,,
2d76efc5-b054-4ad8-9051-a8680c049eb5,Ball Receipt*,27,36,1,Tottenham Hotspur,Harry Winks,Left Center Midfield,0,Tottenham Hotspur,Liverpool,47.2,40.5,,,,,,,,,,,,,,,
62774948-f5fa-4cea-a4f8-5065c8e49e65,Carry,27,36,1,Tottenham Hotspur,Harry Winks,Left Center Midfield,1,Tottenham Hotspur,Liverpool,47.2,40.5,,,,,,,,,,,46.8,42.8,0.0,,
13acdde7-0576-43d8-bde0-ed73f9eb18b8,Pressure,27,37,1,Liverpool,Fábio Henrique Tavares,Center Defensive Midfield,0,Tottenham Hotspur,Liverpool,66.8,40.4,,,,,,,,,,,,,,,
f1da0840-030d-4eb2-8298-650911007f23,Pass,27,38,1,Tottenham Hotspur,Harry Winks,Left Center Midfield,0,Tottenham Hotspur,Liverpool,46.8,42.8,Moussa Sissoko,,,Ground Pass,Right Foot,54.3,56.5,0.01262646,0.01429128,0.001664819999999999,,,,,
da8b305c-c258-4aa1-8593-6ab08f659438,Pressure,27,39,1,Liverpool,Georginio Wijnaldum,Left Center Midfield,0,Tottenham Hotspur,Liverpool,63.7,27.0,,,,,,,,,,,,,,,
8b7dfb5f-27cf-41b7-9fe0-7c161ba217ab,Ball Receipt*,27,39,1,Tottenham Hotspur,Moussa Sissoko,Right Defensive Midfield,1,Tottenham Hotspur,Liverpool,54.3,56.5,,,,,,,,,,,,,,,
2712ba9d-5bad-495e-94d5-58d0ea4fdf59,Carry,27,39,1,Tottenham Hotspur,Moussa Sissoko,Right Defensive Midfield,1,Tottenham Hotspur,Liverpool,54.3,56.5,,,,,,,,,,,53.3,56.3,0.0,,
ab380e33-e947-4ec2-8f37-c69422e456ba,Pass,27,39,1,Tottenham Hotspur,Moussa Sissoko,Right Defensive Midfield,1,Tottenham Hotspur,Liverpool,53.3,56.3,Toby Alderweireld,,,Ground Pass,Right Foot,37.5,50.4,0.01429128,0.01110462,-0.003186659999999999,,,,,
55cd1610-e942-4670-bf72-cf20ea3f819b,Ball Receipt*,27,41,1,Tottenham Hotspur,Toby Alderweireld,Right Center Back,0,Tottenham Hotspur,Liverpool,37.5,50.4,,,,,,,,,,,,,,,
dd2b163c-ac37-43f9-bbba-5754d4bb30e4,Carry,27,41,1,Tottenham Hotspur,Toby Alderweireld,Right Center Back,0,Tottenham Hotspur,Liverpool,37.5,50.4,,,,,,,,,,,42.6,49.5,0.00152184,,
beb7d019-0478-4b33-b6f0-2c8ea5523122,Pass,27,42,1,Tottenham Hotspur,Toby Alderweireld,Right Center Back,0,Tottenham Hotspur,Liverpool,42.6,49.5,Heung-Min Son,Pass Offside,,High Pass,Right Foot,93.2,39.7,0.01262646,0.03511326,0.0224868,,,,,
7f5a9450-fc46-4abf-a8d1-819039c58918,Ball Receipt*,27,45,1,Tottenham Hotspur,Heung-Min Son,Left Wing,0,Tottenham Hotspur,Liverpool,93.2,39.7,,,,,,,,,,,,,,,
dc3e95dc-b4e0-4e92-93e9-791278d5f61d,Pass,28,14,1,Liverpool,Joël Andre Job Matip,Right Center Back,0,Tottenham Hotspur,Liverpool,21.6,56.6,Trent Alexander-Arnold,,Free Kick,Ground Pass,Right Foot,36.1,77.0,0.01001304,0.00977659,-0.0002364500000000009,,,,,
d5f3b8f9-de47-4878-9287-7242854a8a50,Ball Receipt*,28,16,1,Liverpool,Trent Alexander-Arnold,Right Back,0,Tottenham Hotspur,Liverpool,36.1,77.0,,,,,,,,,,,,,,,
12e83c94-32e4-4f6f-82c1-17a7797b79e5,Pass,28,18,1,Liverpool,Trent Alexander-Arnold,Right Back,0,Tottenham Hotspur,Liverpool,49.4,78.9,Sadio Mané,,,High Pass,Right Foot,78.4,40.2,0.01126267,0.0199707,0.00870803,,,,,
d721405d-a1a9-4bf2-b5f7-9dc1377b4795,Ball Receipt*,28,20,1,Liverpool,Sadio Mané,Left Wing,0,Tottenham Hotspur,Liverpool,78.4,40.2,,,,,,,,,,,,,,,
8d4c0610-ef8c-4d64-a3d9-920953b7b56b,Carry,28,20,1,Liverpool,Sadio Mané,Left Wing,1,Tottenham Hotspur,Liverpool,78.4,40.2,,,,,,,,,,,78.4,42.8,0.0,,
8333007c-1b48-4ebe-8864-da4564a67224,Foul Committed,28,21,1,Tottenham Hotspur,Kieran Trippier,Right Back,0,Tottenham Hotspur,Liverpool,41.7,37.3,,,,,,,,,,,,,,,
4595ce3e-863a-4575-a2e4-4635d541023b,Foul Won,28,21,1,Liverpool,Sadio Mané,Left Wing,1,Tottenham Hotspur,Liverpool,78.4,42.8,,,,,,,,,,,,,,,
ddc22da5-08f4-48ff-b4f2-98984edb852b,Pass,29,0,1,Liverpool,Trent Alexander-Arnold,Right Back,0,Tottenham Hotspur,Liverpool,77.8,38.1,Mohamed Salah,,Free Kick,Ground Pass,Right Foot,82.8,42.1,0.0199707,0.02385149,0.003880789999999999,,,,,
3589cead-0e6f-47ca-8146-1879b79cfba1,Ball Receipt*,29,1,1,Liverpool,Mohamed Salah,Right Wing,0,Tottenham Hotspur,Liverpool,82.8,42.1,,,,,,,,,,,,,,,
7a512d24-21e8-46cd-a6bf-b58c0f2e88c6,Carry,29,1,1,Liverpool,Mohamed Salah,Right Wing,0,Tottenham Hotspur,Liverpool,82.8,42.1,,,,,,,,,,,82.8,42.3,0.0,,
04cbc07a-3e7a-4252-a016-fc0aefa0b37e,Pass,29,1,1,Liverpool,Mohamed Salah,Right Wing,0,Tottenham Hotspur,Liverpool,82.8,42.3,Trent Alexander-Arnold,,,Ground Pass,Left Foot,81.3,39.6,0.02385149,0.02385149,0.0,,,,,
b8acdd34-4fa6-4513-9787-8aea1ab5cc57,Ball Receipt*,29,1,1,Liverpool,Trent Alexander-Arnold,Right Back,0,Tottenham Hotspur,Liverpool,81.3,39.6,,,,,,,,,,,,,,,
2762acd5-f313-486c-af4f-59e65d032d0d,Carry,29,1,1,Liverpool,Trent Alexander-Arnold,Right Back,0,Tottenham Hotspur,Liverpool,81.3,39.6,,,,,,,,,,,81.5,39.2,0.0,,
4a9332d2-bce3-467a-b528-6a9089766bd2,Pass,29,2,1,Liverpool,Trent Alexander-Arnold,Right Back,0,Tottenham Hotspur,Liverpool,81.5,39.2,,Out,,High Pass,Right Foot,119.8,27.0,0.02385149,0.06442595,0.04057445999999999,,,,,
92187ada-2133-4573-9c29-4965cd34bd55,Pass,29,21,1,Tottenham Hotspur,Hugo Lloris,Goalkeeper,0,Tottenham Hotspur,Liverpool,6.0,36.0,Moussa Sissoko,,Goal Kick,Ground Pass,Left Foot,20.9,47.2,0.00941056,0.01016549,0.0007549299999999991,,,,,
b4114c60-8371-4124-abb5-38a99e1dbd95,Ball Receipt*,29,23,1,Tottenham Hotspur,Moussa Sissoko,Right Defensive Midfield,0,Tottenham Hotspur,Liverpool,20.9,47.2,,,,,,,,,,,,,,,
4cf925bc-72c4-468f-9ab9-083bf0236da6,Carry,29,23,1,Tottenham Hotspur,Moussa Sissoko,Right Defensive Midfield,1,Tottenham Hotspur,Liverpool,20.9,47.2,,,,,,,,,,,19.2,45.5,0.000661730000000001,,
fd5f32dc-6aaf-4149-b443-0e8c09a43a7d,Pressure,29,23,1,Liverpool,Roberto Firmino Barbosa de Oliveira,Center Forward,0,Tottenham Hotspur,Liverpool,100.0,37.1,,,,,,,,,,,,,,,
15607fd0-0b66-4ae8-b949-c4cc0b36da86,Pass,29,23,1,Tottenham Hotspur,Moussa Sissoko,Right Defensive Midfield,1,Tottenham Hotspur,Liverpool,19.2,45.5,Hugo Lloris,,,Ground Pass,Right Foot,3.9,40.1,0.01082722,0.00941056,-0.00141666,,,,,
d8ffbec9-b905-44c1-817e-8234762af530,Ball Receipt*,29,24,1,Tottenham Hotspur,Hugo Lloris,Goalkeeper,0,Tottenham Hotspur,Liverpool,3.9,40.1,,,,,,,,,,,,,,,
9b4a2aa9-ecc1-48a4-931e-daf38435bfa0,Carry,29,24,1,Tottenham Hotspur,Hugo Lloris,Goalkeeper,0,Tottenham Hotspur,Liverpool,3.9,40.1,,,,,,,,,,,3.9,40.1,0.0,,
efe70907-1547-4317-b873-c1631e0da5b2,Pass,29,24,1,Tottenham Hotspur,Hugo Lloris,Goalkeeper,0,Tottenham Hotspur,Liverpool,3.9,40.1,Toby Alderweireld,,,Ground Pass,Left Foot,5.1,64.7,0.00941056,0.00750072,-0.00190984,,,,,
b1f384db-5ac4-42b0-ac6c-5dcd97cd02a5,Pressure,29,26,1,Liverpool,Sadio Mané,Left Wing,0,Tottenham Hotspur,Liverpool,108.9,15.0,,,,,,,,,,,,,,,
e9cd31d4-f55a-4321-bf05-7fb7d7ffa001,Ball Receipt*,29,27,1,Tottenham Hotspur,Toby Alderweireld,Right Center Back,1,Tottenham Hotspur,Liverpool,5.1,64.7,,,,,,,,,,,,,,,
324bb6cb-070d-4505-88ad-8c65b1474a67,Carry,29,27,1,Tottenham Hotspur,Toby Alderweireld,Right Center Back,1,Tottenham Hotspur,Liverpool,5.1,64.7,,,,,,,,,,,3.5,56.3,0.00137918,,
0bea2af0-d2da-4f8b-8a02-3ea5a1f19a34,Pass,29,27,1,Tottenham Hotspur,Toby Alderweireld,Right Center Back,1,Tottenham Hotspur,Liverpool,3.5,56.3,Hugo Lloris,,,Ground Pass,Right Foot,3.9,43.9,0.0088799,0.00941056,0.0005306600000000005,,,,,
8413010a-f0dc-4ec4-9f64-823ae26c378e,Pressure,29,28,1,Liverpool,Mohamed Salah,Right Wing,0,Tottenham Hotspur,Liverpool,111.8,41.3,,,,,,,,,,,,,,,
535ffda1-876b-4810-89c7-eefd4ee04cea,Ball Receipt*,29,28,1,Tottenham Hotspur,Hugo Lloris,Goalkeeper,1,Tottenham Hotspur,Liverpool,3.9,43.9,,,,,,,,,,,,,,,
08623e60-2745-4cb0-b2ec-1a9fb08b003b,Carry,29,28,1,Tottenham Hotspur,Hugo Lloris,Goalkeeper,1,Tottenham Hotspur,Liverpool,3.9,43.9,,,,,,,,,,,3.3,42.4,0.0,,
d7ca56a1-ac81-4521-91a1-9b7d6f674aac,Pass,29,28,1,Tottenham Hotspur,Hugo Lloris,Goalkeeper,1,Tottenham Hotspur,Liverpool,3.3,42.4,Christian Dannemann Eriksen,Incomplete,,High Pass,Left Foot,41.5,63.8,0.00941056,0.01214719,0.00273663,,,,,
28b7138e-e354-47c9-85a4-08e54d664a3e,Ball Receipt*,29,31,1,Tottenham Hotspur,Christian Dannemann Eriksen,Right Wing,0,Tottenham Hotspur,Liverpool,44.7,61.1,,,,,,,,,,,,,,,
c4adb391-0856-4db4-9cb4-bc381caadc7b,Pass,29,31,1,Liverpool,Andrew Robertson,Left Back,0,Tottenham Hotspur,Liverpool,78.6,16.3,Sadio Mané,Incomplete,Recovery,High Pass,Head,109.1,23.4,0.01870347,0.05491138,0.03620791,,,,,
fa0ac411-8791-4dfc-bfc9-648ad542553a,Ball Receipt*,29,34,1,Liverpool,Sadio Mané,Left Wing,0,Tottenham Hotspur,Liverpool,107.0,22.6,,,,,,,,,,,,,,,
abbecf6e-4c82-4650-aa65-6afe9ae78687,Duel,29,34,1,Liverpool,Sadio Mané,Left Wing,1,Tottenham Hotspur,Liverpool,109.1,23.4,,,,,,,,,,,,,,,
041c690d-685f-4e33-8274-5fdadbbadbd3,Pass,29,34,1,Tottenham Hotspur,Toby Alderweireld,Right Center Back,1,Tottenham Hotspur,Liverpool,11.0,56.7,Kieran Trippier,,Recovery,Low Pass,,20.7,72.6,0.00977745,0.00844854,-0.001328910000000001,,,,,
63ea4a83-7d7f-4187-a98f-33c723509280,Pressure,29,36,1,Liverpool,Georginio Wijnaldum,Left Center Midfield,0,Tottenham Hotspur,Liverpool,96.2,8.3,,,,,,,,,,,,,,,
5dee0917-6e9e-4f8b-9d04-8fdad2171723,Ball Receipt*,29,37,1,Tottenham Hotspur,Kieran Trippier,Right Back,1,Tottenham Hotspur,Liverpool,20.7,72.6,,,,,,,,,,,,,,,
7fa04453-a0a8-4da9-8639-098dfdd56e21,Carry,29,37,1,Tottenham Hotspur,Kieran Trippier,Right Back,1,Tottenham Hotspur,Liverpool,20.7,72.6,,,,,,,,,,,22.6,76.6,0.0,,
ff450124-e857-401c-8072-05bf842833f5,Pass,29,37,1,Tottenham Hotspur,Kieran Trippier,Right Back,1,Tottenham Hotspur,Liverpool,22.6,76.6,Christian Dannemann Eriksen,,,Low Pass,Right Foot,42.8,64.7,0.00844854,0.01214719,0.003698650000000001,,,,,
157a6820-99bd-4a1c-ace3-eee808ebe406,Ball Receipt*,29,37,1,Tottenham Hotspur,Christian Dannemann Eriksen,Right Wing,0,Tottenham Hotspur,Liverpool,42.8,64.7,,,,,,,,,,,,,,,
628c0270-fdc4-4101-aa24-b1ccf42f5712,Carry,29,37,1,Tottenham Hotspur,Christian Dannemann Eriksen,Right Wing,0,Tottenham Hotspur,Liverpool,42.8,64.7,,,,,,,,,,,42.8,64.9,0.0,,
08e14549-9433-432a-9372-d7320577873f,Pass,29,37,1,Tottenham Hotspur,Christian Dannemann Eriksen,Right Wing,0,Tottenham Hotspur,Liverpool,42.8,64.9,Bamidele Alli,,,Low Pass,Right Foot,47.8,56.5,0.01214719,0.01269174,0.0005445499999999995,,,,,
a62f9919-4ca0-4fbd-99da-d98327f44699,Ball Receipt*,29,38,1,Tottenham Hotspur,Bamidele Alli,Center Attacking Midfield,0,Tottenham Hotspur,Liverpool,47.8,56.5,,,,,,,,,,,,,,,
cffcd135-575a-44ba-8802-72b7b2e19891,Carry,29,38,1,Tottenham Hotspur,Bamidele Alli,Center Attacking Midfield,0,Tottenham Hotspur,Liverpool,47.8,56.5,,,,,,,,,,,47.8,56.5,0.0,,
4fabcc9a-ab8b-4498-b22b-d9fb0bf88375,Pass,29,38,1,Tottenham Hotspur,Bamidele Alli,Center Attacking Midfield,0,Tottenham Hotspur,Liverpool,47.8,56.5,Harry Kane,,,Low Pass,Right Foot,51.2,62.8,0.01269174,0.0138454,0.001153660000000001,,,,,
beaea09a-c3dc-41fc-a8ae-9ad61265a609,Pressure,29,39,1,Liverpool,Fábio Henrique Tavares,Center Defensive Midfield,0,Tottenham Hotspur,Liverpool,71.9,17.3,,,,,,,,,,,,,,,
504da63e-84b0-463d-8374-19889c546579,Ball Receipt*,29,39,1,Tottenham Hotspur,Harry Kane,Center Forward,1,Tottenham Hotspur,Liverpool,51.2,62.8,,,,,,,,,,,,,,,
ce841374-997d-4c78-a1c4-376785b1782b,Carry,29,39,1,Tottenham Hotspur,Harry Kane,Center Forward,1,Tottenham Hotspur,Liverpool,51.2,62.8,,,,,,,,,,,50.5,60.7,0.0,,
82146a18-c08f-40a6-9841-08f02fabf4f5,Foul Committed,29,40,1,Liverpool,Fábio Henrique Tavares,Center Defensive Midfield,0,Tottenham Hotspur,Liverpool,69.6,19.4,,,,,,,,,,,,,,,
a5c0235d-f27a-4e56-84d7-524d30258793,Foul Won,29,40,1,Tottenham Hotspur,Harry Kane,Center Forward,1,Tottenham Hotspur,Liverpool,50.5,60.7,,,,,,,,,,,,,,,
4bec4ca7-6493-464d-982d-af04e70d115d,Pass,29,46,1,Tottenham Hotspur,Toby Alderweireld,Right Center Back,0,Tottenham Hotspur,Liverpool,48.4,58.4,Jan Vertonghen,,Free Kick,Ground Pass,Right Foot,39.6,32.1,0.01269174,0.01132376,-0.00136798,,,,,
f90c75e7-3134-40ad-b847-04864012c36a,Ball Receipt*,29,48,1,Tottenham Hotspur,Jan Vertonghen,Left Center Back,0,Tottenham Hotspur,Liverpool,39.6,32.1,,,,,,,,,,,,,,,
b2b05578-b90d-491d-892a-880497cdff67,Pass,29,51,1,Tottenham Hotspur,Jan Vertonghen,Left Center Back,0,Tottenham Hotspur,Liverpool,43.0,22.4,Danny Rose,,,Ground Pass,Right Foot,55.0,3.5,0.01269174,0.01248344,-0.0002082999999999998,,,,,
a4f9773b-3dfd-468a-88cf-732845b09c19,Ball Receipt*,29,52,1,Tottenham Hotspur,Danny Rose,Left Back,0,Tottenham Hotspur,Liverpool,55.0,3.5,,,,,,,,,,,,,,,
c13dd3fb-2d87-4488-9401-d405def99102,Carry,29,52,1,Tottenham Hotspur,Danny Rose,Left Back,0,Tottenham Hotspur,Liverpool,55.0,3.5,,,,,,,,,,,55.0,3.3,0.0,,
73feee09-1f59-4e97-9478-8056d97e8ba5,Pass,29,53,1,Tottenham Hotspur,Danny Rose,Left Back,0,Tottenham Hotspur,Liverpool,55.0,3.3,Jan Vertonghen,,,Ground Pass,Left Foot,41.1,11.3,0.01248344,0.01214719,-0.0003362499999999997,,,,,
0bbc086d-1269-4e87-b5a4-347448c36cc9,Ball Receipt*,29,55,1,Tottenham Hotspur,Jan Vertonghen,Left Center Back,0,Tottenham Hotspur,Liverpool,41.1,11.3,,,,,,,,,,,,,,,
a226e322-4553-4bf3-a5a1-84d4e8b0cd11,Carry,29,55,1,Tottenham Hotspur,Jan Vertonghen,Left Center Back,0,Tottenham Hotspur,Liverpool,41.1,11.3,,,,,,,,,,,36.0,12.8,-0.00155229,,
edf48d4f-62c9-4065-85c4-93e4095797bc,Pass,29,56,1,Tottenham Hotspur,Jan Vertonghen,Left Center Back,0,Tottenham Hotspur,Liverpool,36.0,12.8,Toby Alderweireld,,,Ground Pass,Left Foot,33.1,31.0,0.0105949,0.01132376,0.0007288599999999996,,,,,
67a697c8-7822-4e69-af9a-517c97b1036b,Ball Receipt*,29,58,1,Tottenham Hotspur,Toby Alderweireld,Right Center Back,0,Tottenham Hotspur,Liverpool,33.1,31.0,,,,,,,,,,,,,,,
3026a2b8-565f-4f93-b39d-ac6dbaf2d2f6,Carry,29,58,1,Tottenham Hotspur,Toby Alderweireld,Right Center Back,0,Tottenham Hotspur,Liverpool,33.1,31.0,,,,,,,,,,,33.7,27.7,-0.0002191399999999996,,
a7be1ee6-182c-4674-8a3e-09a3b64d5bf5,Pass,29,59,1,Tottenham Hotspur,Toby Alderweireld,Right Center Back,0,Tottenham Hotspur,Liverpool,33.7,27.7,Jan Vertonghen,,,Ground Pass,Right Foot,33.7,16.7,0.01110462,0.0105949,-0.00050972,,,,,
829827b4-bf3e-463c-b692-f334492649d6,Ball Receipt*,30,0,1,Tottenham Hotspur,Jan Vertonghen,Left Center Back,0,Tottenham Hotspur,Liverpool,33.7,16.7,,,,,,,,,,,,,,,
a8f2e441-f240-4312-a25c-428cb2de142d,Carry,30,0,1,Tottenham Hotspur,Jan Vertonghen,Left Center Back,1,Tottenham Hotspur,Liverpool,33.7,16.7,,,,,,,,,,,29.9,15.7,-0.001171080000000001,,
1ae79b18-8094-43f3-8e1d-ae5253beb9ee,Pressure,30,0,1,Liverpool,Roberto Firmino Barbosa de Oliveira,Center Forward,0,Tottenham Hotspur,Liverpool,84.5,59.4,,,,,,,,,,,,,,,
0f80697f-f80e-426a-9fc7-75b54705094c,Pass,30,1,1,Tottenham Hotspur,Jan Vertonghen,Left Center Back,1,Tottenham Hotspur,Liverpool,29.9,15.7,Hugo Lloris,,,Ground Pass,Right Foot,7.5,26.2,0.00942382,0.0088799,-0.0005439199999999998,,,,,
51791249-c9ae-4872-babc-8467e8d20da8,Ball Receipt*,30,3,1,Tottenham Hotspur,Hugo Lloris,Goalkeeper,0,Tottenham Hotspur,Liverpool,7.5,26.2,,,,,,,,,,,,,,,
ebad86ae-332c-4396-b678-1c55b65a986c,Pass,30,3,1,Tottenham Hotspur,Hugo Lloris,Goalkeeper,0,Tottenham Hotspur,Liverpool,10.0,25.4,Harry Kane,Incomplete,,High Pass,Left Foot,72.6,26.4,0.00977745,0.01935132,0.009573870000000002,,,,,
979a2f33-8609-4651-9df7-38abd3a87a81,Ball Receipt*,30,7,1,Tottenham Hotspur,Harry Kane,Center Forward,0,Tottenham Hotspur,Liverpool,71.1,27.9,,,,,,,,,,,,,,,
1e15d3b2-57b8-4b2a-9e96-0328b27dda81,Pass,30,7,1,Liverpool,Joël Andre Job Matip,Right Center Back,0,Tottenham Hotspur,Liverpool,47.5,53.7,Virgil van Dijk,,Recovery,High Pass,Left Foot,28.4,33.1,0.01269174,0.01016549,-0.002526250000000001,,,,,
71338dd7-7be7-49e7-aa20-a0572e454114,Ball Receipt*,30,10,1,Liverpool,Virgil van Dijk,Left Center Back,0,Tottenham Hotspur,Liverpool,28.4,33.1,,,,,,,,,,,,,,,
b50cecc5-e0b8-479e-92bd-f892134969cf,Carry,30,10,1,Liverpool,Virgil van Dijk,Left Center Back,0,Tottenham Hotspur,Liverpool,28.4,33.1,,,,,,,,,,,23.1,27.6,-0.0001524499999999984,,
0e84a7ab-79bb-4cc7-be55-bf6e869b6b73,Pass,30,11,1,Liverpool,Virgil van Dijk,Left Center Back,0,Tottenham Hotspur,Liverpool,23.1,27.6,Andrew Robertson,Out,,High Pass,Left Foot,44.5,0.5,0.01001304,0.01126267,0.00124963,,,,,
135147b2-dac1-4690-9f77-55f85d227025,Ball Receipt*,30,14,1,Liverpool,Andrew Robertson,Left Back,0,Tottenham Hotspur,Liverpool,37.2,7.9,,,,,,,,,,,,,,,
13b0a754-aced-4c56-9984-c133a1476330,Pass,30,22,1,Tottenham Hotspur,Kieran Trippier,Right Back,0,Tottenham Hotspur,Liverpool,76.8,80.0,Harry Kane,,Throw-in,High Pass,,82.3,56.9,0.0174506,0.0241224,0.006671799999999999,,,,,
6accf012-728a-4c68-a136-497c8e78d619,Pressure,30,24,1,Liverpool,Joël Andre Job Matip,Right Center Back,0,Tottenham Hotspur,Liverpool,35.9,26.8,,,,,,,,,,,,,,,
3162455e-301e-4848-8412-306484ae67e2,Ball Receipt*,30,24,1,Tottenham Hotspur,Harry Kane,Center Forward,1,Tottenham Hotspur,Liverpool,82.3,56.9,,,,,,,,,,,,,,,
8228d9d3-20ad-415a-bea5-33bad9549851,Carry,30,24,1,Tottenham Hotspur,Harry Kane,Center Forward,1,Tottenham Hotspur,Liverpool,82.3,56.9,,,,,,,,,,,82.9,57.1,0.0,,
f5d2a579-550d-4db9-a63e-11e36bea84bf,Pass,30,24,1,Tottenham Hotspur,Harry Kane,Center Forward,1,Tottenham Hotspur,Liverpool,82.9,57.1,Christian Dannemann Eriksen,Incomplete,,Low Pass,Right Foot,88.6,54.4,0.0241224,0.0241224,0.0,,,,,
96423269-5a92-4dae-b927-cdd6267fab22,Ball Receipt*,30,26,1,Tottenham Hotspur,Christian Dannemann Eriksen,Right Wing,0,Tottenham Hotspur,Liverpool,90.1,56.7,,,,,,,,,,,,,,,
5f423a51-273c-4297-80f3-2b779891cb7e,Pass,30,26,1,Liverpool,Virgil van Dijk,Left Center Back,0,Tottenham Hotspur,Liverpool,31.5,25.7,,Out,Interception,High Pass,Right Foot,86.8,0.7,0.01110462,0.02122129,0.01011667,,,,,
1d2092f5-0a22-4f39-b702-d9672505ae0d,Pass,30,32,1,Tottenham Hotspur,Kieran Trippier,Right Back,0,Tottenham Hotspur,Liverpool,42.6,80.0,Hugo Lloris,,Throw-in,Low Pass,,14.0,51.2,0.01126267,0.00977745,-0.001485220000000001,,,,,
b5eb0ea9-be2f-4576-b1c2-d315a60bfd7e,Ball Receipt*,30,35,1,Tottenham Hotspur,Hugo Lloris,Goalkeeper,0,Tottenham Hotspur,Liverpool,14.0,51.2,,,,,,,,,,,,,,,
dd1cfa75-012f-4439-ab4b-47218f534bfc,Carry,30,35,1,Tottenham Hotspur,Hugo Lloris,Goalkeeper,0,Tottenham Hotspur,Liverpool,14.0,51.2,,,,,,,,,,,18.8,39.7,0.00104977,,
97163853-e24d-451c-aac4-e85a72f75461,Pass,30,37,1,Tottenham Hotspur,Hugo Lloris,Goalkeeper,0,Tottenham Hotspur,Liverpool,18.8,39.7,Jan Vertonghen,,,Ground Pass,Left Foot,26.6,25.6,0.01082722,0.01001304,-0.0008141799999999994,,,,,
c8152777-fa16-4eaa-8529-dd3428c4f101,Ball Receipt*,30,39,1,Tottenham Hotspur,Jan Vertonghen,Left Center Back,0,Tottenham Hotspur,Liverpool,26.6,25.6,,,,,,,,,,,,,,,
cc9b7c71-e41e-46d9-b8cb-8b558a515dd3,Carry,30,39,1,Tottenham Hotspur,Jan Vertonghen,Left Center Back,0,Tottenham Hotspur,Liverpool,26.6,25.6,,,,,,,,,,,28.5,25.4,0.0,,
66d07b0a-c9e0-443e-b5de-3a2edf4a1e35,Pass,30,43,1,Tottenham Hotspur,Jan Vertonghen,Left Center Back,0,Tottenham Hotspur,Liverpool,28.5,25.4,Toby Alderweireld,,,Ground Pass,Left Foot,29.5,40.9,0.01001304,0.01016549,0.0001524499999999984,,,,,
4279b868-9020-4c3c-9e52-3c571ac36fb0,Ball Receipt*,30,45,1,Tottenham Hotspur,Toby Alderweireld,Right Center Back,0,Tottenham Hotspur,Liverpool,29.5,40.9,,,,,,,,,,,,,,,
c1fc8f89-4d82-4d97-bf7a-52be4d0be721,Carry,30,45,1,Tottenham Hotspur,Toby Alderweireld,Right Center Back,0,Tottenham Hotspur,Liverpool,29.5,40.9,,,,,,,,,,,27.8,37.3,0.0,,
bf19cc1d-9d67-4bd7-be23-ec8e4ddfe29a,Pass,30,46,1,Tottenham Hotspur,Toby Alderweireld,Right Center Back,0,Tottenham Hotspur,Liverpool,27.8,37.3,Jan Vertonghen,,,Ground Pass,Left Foot,27.4,22.8,0.01016549,0.01001304,-0.0001524499999999984,,,,,
c29d3111-6516-4d79-a9fe-795af6e97bb5,Ball Receipt*,30,46,1,Tottenham Hotspur,Jan Vertonghen,Left Center Back,0,Tottenham Hotspur,Liverpool,27.4,22.8,,,,,,,,,,,,,,,
47e73774-5be0-4d19-afdc-f38b666a73b2,Carry,30,46,1,Tottenham Hotspur,Jan Vertonghen,Left Center Back,0,Tottenham Hotspur,Liverpool,27.4,22.8,,,,,,,,,,,26.0,22.0,0.0,,
3e6e6114-3320-4ca6-8392-cc041bc7752d,Pass,30,46,1,Tottenham Hotspur,Jan Vertonghen,Left Center Back,0,Tottenham Hotspur,Liverpool,26.0,22.0,Hugo Lloris,,,Low Pass,Left Foot,3.0,34.2,0.01001304,0.00941056,-0.0006024800000000007,,,,,
57807cfd-3efd-406e-a118-0a36d7b92998,Pressure,30,47,1,Liverpool,Mohamed Salah,Right Wing,0,Tottenham Hotspur,Liverpool,90.2,60.2,,,,,,,,,,,,,,,
2f6f9d1c-b182-4aeb-99d6-6f612cce9f9f,Ball Receipt*,30,48,1,Tottenham Hotspur,Hugo Lloris,Goalkeeper,0,Tottenham Hotspur,Liverpool,3.0,34.2,,,,,,,,,,,,,,,
91fe0a9a-868e-4e07-a687-3cde16123cce,Carry,30,48,1,Tottenham Hotspur,Hugo Lloris,Goalkeeper,0,Tottenham Hotspur,Liverpool,3.0,34.2,,,,,,,,,,,7.7,25.2,-0.0005306600000000005,,
fac40aa3-d93c-469b-b478-352aa97b8e75,Pass,30,53,1,Tottenham Hotspur,Hugo Lloris,Goalkeeper,0,Tottenham Hotspur,Liverpool,7.7,25.2,Heung-Min Son,Incomplete,,High Pass,Left Foot,56.0,9.4,0.0088799,0.01248344,0.003603540000000001,,,,,
58782192-7daa-4d73-a105-63c4a287b9cd,Ball Receipt*,30,56,1,Tottenham Hotspur,Heung-Min Son,Left Wing,0,Tottenham Hotspur,Liverpool,54.1,9.4,,,,,,,,,,,,,,,
1e10b594-b87e-475c-ac2a-bd1cb1f27b29,Pass,30,56,1,Liverpool,Trent Alexander-Arnold,Right Back,0,Tottenham Hotspur,Liverpool,64.1,70.7,Jordan Brian Henderson,Incomplete,Recovery,High Pass,Head,66.4,69.9,0.01473596,0.01611813,0.001382170000000002,,,,,
5136d600-89be-410e-b6e8-922340c8fe36,Ball Receipt*,30,57,1,Liverpool,Jordan Brian Henderson,Right Center Midfield,0,Tottenham Hotspur,Liverpool,70.0,71.5,,,,,,,,,,,,,,,
d46c120c-8827-45ea-b2ba-a8410ed65feb,Block,30,57,1,Tottenham Hotspur,Heung-Min Son,Left Wing,0,Tottenham Hotspur,Liverpool,53.7,10.2,,,,,,,,,,,,,,,
4cca3e6d-9147-41f7-af42-d9a0bb76547a,Ball Recovery,30,58,1,Liverpool,Trent Alexander-Arnold,Right Back,0,Tottenham Hotspur,Liverpool,66.2,74.7,,,,,,,,,,,,,,,
5f78ded6-a679-4518-842a-cc5c2530c2b5,Carry,30,58,1,Liverpool,Trent Alexander-Arnold,Right Back,1,Tottenham Hotspur,Liverpool,66.2,74.7,,,,,,,,,,,70.8,77.9,0.002714640000000001,,
011a9b3d-1d79-40e3-b0a2-49e48964dbbd,Pressure,30,58,1,Tottenham Hotspur,Danny Rose,Left Back,0,Tottenham Hotspur,Liverpool,48.2,3.7,,,,,,,,,,,,,,,
f633e31e-f82b-4627-b504-71ee94f8dd74,Pass,30,59,1,Liverpool,Trent Alexander-Arnold,Right Back,1,Tottenham Hotspur,Liverpool,70.8,77.9,Mohamed Salah,,,Ground Pass,Right Foot,83.2,75.3,0.0174506,0.02122129,0.00377069,,,,,
471df30f-acb4-4201-82b6-d14890fc5684,Ball Receipt*,31,0,1,Liverpool,Mohamed Salah,Right Wing,0,Tottenham Hotspur,Liverpool,83.2,75.3,,,,,,,,,,,,,,,
1c92ef20-adfa-485e-a752-44eb4aef782b,Carry,31,0,1,Liverpool,Mohamed Salah,Right Wing,0,Tottenham Hotspur,Liverpool,83.2,75.3,,,,,,,,,,,84.5,74.9,0.0,,
7deec229-882e-476d-ba8f-4ece34480597,Pass,31,1,1,Liverpool,Mohamed Salah,Right Wing,0,Tottenham Hotspur,Liverpool,84.5,74.9,Roberto Firmino Barbosa de Oliveira,Incomplete,,Ground Pass,Left Foot,104.4,56.2,0.02122129,0.05491138,0.03369009000000001,,,,,
68bb4b4d-0b00-4f43-8f4f-7d50c24d91b5,Ball Receipt*,31,3,1,Liverpool,Roberto Firmino Barbosa de Oliveira,Center Forward,0,Tottenham Hotspur,Liverpool,95.6,55.8,,,,,,,,,,,,,,,
aec7c2c1-cb44-4d65-ae80-c6b67b129825,Interception,31,3,1,Tottenham Hotspur,Toby Alderweireld,Right Center Back,0,Tottenham Hotspur,Liverpool,15.7,23.9,,,,,,,,,,,,,,,
4df657be-9b57-4545-9eb0-a7d638836ce4,Carry,31,3,1,Tottenham Hotspur,Toby Alderweireld,Right Center Back,1,Tottenham Hotspur,Liverpool,15.7,23.9,,,,,,,,,,,9.1,20.7,-0.0008975500000000004,,
21f591e4-24b8-4cdf-8d77-9ddad4e063f7,Pressure,31,3,1,Liverpool,Trent Alexander-Arnold,Right Back,0,Tottenham Hotspur,Liverpool,107.6,66.3,,,,,,,,,,,,,,,
28c0295a-aafd-4169-98e8-53e4b9988ec2,Pass,31,4,1,Tottenham Hotspur,Toby Alderweireld,Right Center Back,1,Tottenham Hotspur,Liverpool,9.1,20.7,Bamidele Alli,Incomplete,,High Pass,Left Foot,42.1,16.3,0.0088799,0.01214719,0.003267290000000001,,,,,
39686fec-7037-4ab9-b2ca-3cb36dbbcfc1,Ball Receipt*,31,7,1,Tottenham Hotspur,Bamidele Alli,Center Attacking Midfield,0,Tottenham Hotspur,Liverpool,43.6,14.4,,,,,,,,,,,,,,,
ca07c7e4-317d-4219-a30c-f2e15bea82b7,Duel,31,7,1,Tottenham Hotspur,Bamidele Alli,Center Attacking Midfield,1,Tottenham Hotspur,Liverpool,42.1,16.3,,,,,,,,,,,,,,,
a46af890-8aec-4700-8fbb-9dc6b2f3a5c7,Pass,31,7,1,Liverpool,Jordan Brian Henderson,Right Center Midfield,1,Tottenham Hotspur,Liverpool,78.0,63.8,Fábio Henrique Tavares,,Recovery,High Pass,,79.0,56.2,0.01870347,0.01935132,0.0006478500000000019,,,,,
38c81001-0b97-477e-9419-d8daefb32ba1,Ball Receipt*,31,8,1,Liverpool,Fábio Henrique Tavares,Center Defensive Midfield,0,Tottenham Hotspur,Liverpool,79.0,56.2,,,,,,,,,,,,,,,
faf724cd-c9c8-467b-bbc3-dfe1ae4796f0,Duel,31,8,1,Tottenham Hotspur,Christian Dannemann Eriksen,Right Wing,1,Tottenham Hotspur,Liverpool,41.1,23.9,,,,,,,,,,,,,,,
ad0e4f2b-0c65-436a-be8d-16275b9c7264,Pass,31,8,1,Liverpool,Fábio Henrique Tavares,Center Defensive Midfield,1,Tottenham Hotspur,Liverpool,79.0,56.2,Roberto Firmino Barbosa de Oliveira,Pass Offside,,High Pass,,96.9,65.5,0.01935132,0.02953272,0.0101814,,,,,
31cdf61d-ef59-4b08-9828-0f99dfa13844,Ball Receipt*,31,10,1,Liverpool,Roberto Firmino Barbosa de Oliveira,Center Forward,0,Tottenham Hotspur,Liverpool,96.9,65.5,,,,,,,,,,,,,,,
5dbdc0cb-d675-4a0d-9d1f-3cfcfc15a9e1,Pass,31,14,1,Tottenham Hotspur,Jan Vertonghen,Left Center Back,0,Tottenham Hotspur,Liverpool,27.2,17.0,Toby Alderweireld,,Free Kick,Ground Pass,Left Foot,22.6,27.3,0.00942382,0.01001304,0.0005892200000000014,,,,,
9782a41b-7a60-438d-9c4a-7c1f70eb23b7,Ball Receipt*,31,15,1,Tottenham Hotspur,Toby Alderweireld,Right Center Back,0,Tottenham Hotspur,Liverpool,22.6,27.3,,,,,,,,,,,,,,,
0b44134f-4242-4770-84c1-b523b8f3cc45,Pass,31,16,1,Tottenham Hotspur,Toby Alderweireld,Right Center Back,0,Tottenham Hotspur,Liverpool,23.4,27.7,Harry Winks,,,Ground Pass,Right Foot,32.3,30.6,0.01001304,0.01132376,0.00131072,,,,,
877869bd-3dd6-40d3-8290-f4f7d6748fde,Ball Receipt*,31,17,1,Tottenham Hotspur,Harry Winks,Left Center Midfield,0,Tottenham Hotspur,Liverpool,32.3,30.6,,,,,,,,,,,,,,,
d2896b76-4712-46f1-9ea8-2f95d363ecf8,Pass,31,21,1,Tottenham Hotspur,Harry Winks,Left Center Midfield,0,Tottenham Hotspur,Liverpool,44.0,45.7,Kieran Trippier,,,Ground Pass,Right Foot,56.4,75.8,0.01262646,0.01248344,-0.0001430200000000006,,,,,
1f06a58b-f6e7-4818-b433-0f43e75383d0,Ball Receipt*,31,22,1,Tottenham Hotspur,Kieran Trippier,Right Back,0,Tottenham Hotspur,Liverpool,56.4,75.8,,,,,,,,,,,,,,,
ffb0833d-a67c-4c16-bbc0-8f1ec139038f,Carry,31,22,1,Tottenham Hotspur,Kieran Trippier,Right Back,0,Tottenham Hotspur,Liverpool,56.4,75.8,,,,,,,,,,,56.4,75.8,0.0,,
36a4c22e-6223-4b9f-9f46-e5cc30337151,Pass,31,23,1,Tottenham Hotspur,Kieran Trippier,Right Back,0,Tottenham Hotspur,Liverpool,56.4,75.8,Harry Winks,,,Ground Pass,Right Foot,50.3,65.9,0.01248344,0.0138454,0.001361960000000001,,,,,
a5f16558-eb98-423c-940d-d22feacf12af,Ball Receipt*,31,24,1,Tottenham Hotspur,Harry Winks,Left Center Midfield,0,Tottenham Hotspur,Liverpool,50.3,65.9,,,,,,,,,,,,,,,
37ed055d-a40c-4797-a2af-a6f02d1c0e67,Carry,31,24,1,Tottenham Hotspur,Harry Winks,Left Center Midfield,0,Tottenham Hotspur,Liverpool,50.3,65.9,,,,,,,,,,,50.3,49.3,0.001000579999999999,,
908605ae-d799-4939-b9e3-f1fffa2ffb12,Pass,31,28,1,Tottenham Hotspur,Harry Winks,Left Center Midfield,0,Tottenham Hotspur,Liverpool,50.3,49.3,Jan Vertonghen,,,Ground Pass,Right Foot,42.8,31.0,0.01484598,0.01262646,-0.002219519999999999,,,,,
0529b82e-9bf5-4ea1-bc7c-403aa9957761,Pressure,31,30,1,Liverpool,Mohamed Salah,Right Wing,0,Tottenham Hotspur,Liverpool,70.6,54.3,,,,,,,,,,,,,,,
1b8f19a2-6b54-472b-a1d1-58d4937f702e,Ball Receipt*,31,30,1,Tottenham Hotspur,Jan Vertonghen,Left Center Back,1,Tottenham Hotspur,Liverpool,42.8,31.0,,,,,,,,,,,,,,,
27a0bfd6-28e7-4bb5-bcff-a828d7ce9975,Carry,31,30,1,Tottenham Hotspur,Jan Vertonghen,Left Center Back,1,Tottenham Hotspur,Liverpool,42.8,31.0,,,,,,,,,,,42.6,27.0,6.527999999999916e-05,,
67fe7b61-1516-494b-8412-f20973071526,Pass,31,30,1,Tottenham Hotspur,Jan Vertonghen,Left Center Back,1,Tottenham Hotspur,Liverpool,42.6,27.0,Toby Alderweireld,,,Ground Pass,Left Foot,41.3,47.8,0.01269174,0.01262646,-6.527999999999916e-05,,,,,
5a24bee9-57dd-4b80-a2e9-6bae927f6aa1,Pressure,31,31,1,Liverpool,Roberto Firmino Barbosa de Oliveira,Center Forward,0,Tottenham Hotspur,Liverpool,76.5,38.3,,,,,,,,,,,,,,,
eb6b4330-5076-43eb-8912-859b5198b7cb,Ball Receipt*,31,31,1,Tottenham Hotspur,Toby Alderweireld,Right Center Back,1,Tottenham Hotspur,Liverpool,41.3,47.8,,,,,,,,,,,,,,,
83036a8d-72a9-4148-a28a-ead08153ceea,Carry,31,31,1,Tottenham Hotspur,Toby Alderweireld,Right Center Back,1,Tottenham Hotspur,Liverpool,41.3,47.8,,,,,,,,,,,40.9,48.9,0.0,,
79673d90-5234-437b-8f22-c861b8bf570b,Pass,31,32,1,Tottenham Hotspur,Toby Alderweireld,Right Center Back,1,Tottenham Hotspur,Liverpool,40.9,48.9,Hugo Lloris,,,Ground Pass,Right Foot,7.3,35.2,0.01262646,0.00941056,-0.003215900000000001,,,,,
7353c065-0ee2-43f9-a1e9-173436f1449b,Ball Receipt*,31,34,1,Tottenham Hotspur,Hugo Lloris,Goalkeeper,0,Tottenham Hotspur,Liverpool,7.3,35.2,,,,,,,,,,,,,,,
110c03a5-33ad-4cdb-8135-fc9d42dd3adb,Carry,31,34,1,Tottenham Hotspur,Hugo Lloris,Goalkeeper,0,Tottenham Hotspur,Liverpool,7.3,35.2,,,,,,,,,,,8.1,35.9,0.0,,
a8da46d1-a951-4bd5-9357-d9a175034992,Pass,31,40,1,Tottenham Hotspur,Hugo Lloris,Goalkeeper,0,Tottenham Hotspur,Liverpool,8.1,35.9,Toby Alderweireld,,,Ground Pass,Left Foot,10.0,50.2,0.00941056,0.00977745,0.0003668899999999999,,,,,
053fcc11-9d0f-4b65-a6ad-1d35435c6c62,Ball Receipt*,31,41,1,Tottenham Hotspur,Toby Alderweireld,Right Center Back,0,Tottenham Hotspur,Liverpool,10.0,50.2,,,,,,,,,,,,,,,
9dbb76f1-6e18-4ddd-bec0-1338e5f3c032,Carry,31,41,1,Tottenham Hotspur,Toby Alderweireld,Right Center Back,0,Tottenham Hotspur,Liverpool,10.0,50.2,,,,,,,,,,,12.9,56.5,0.0,,
f4cf6a1d-e017-4fae-aefd-ab16452e6ec0,Pass,31,46,1,Tottenham Hotspur,Toby Alderweireld,Right Center Back,0,Tottenham Hotspur,Liverpool,12.9,56.5,Danny Rose,,,High Pass,Right Foot,42.3,4.8,0.00977745,0.01126267,0.001485220000000001,,,,,
92aede25-000a-401b-b647-7aae21450f51,Pressure,31,49,1,Liverpool,Jordan Brian Henderson,Right Center Midfield,0,Tottenham Hotspur,Liverpool,75.7,72.4,,,,,,,,,,,,,,,
b306f504-62a8-4109-950e-1bb5c377c6e8,Ball Receipt*,31,49,1,Tottenham Hotspur,Danny Rose,Left Back,1,Tottenham Hotspur,Liverpool,42.3,4.8,,,,,,,,,,,,,,,
1b5964d2-c494-427e-88a8-3bf28fb25033,Carry,31,49,1,Tottenham Hotspur,Danny Rose,Left Back,1,Tottenham Hotspur,Liverpool,42.3,4.8,,,,,,,,,,,42.1,4.6,0.0,,
e0dddbdb-d26e-480f-b896-77c7827e5f72,Dribbled Past,31,50,1,Liverpool,Jordan Brian Henderson,Right Center Midfield,0,Tottenham Hotspur,Liverpool,78.0,75.5,,,,,,,,,,,,,,,
def2e911-7e16-4321-baab-3a1730da7238,Dribble,31,50,1,Tottenham Hotspur,Danny Rose,Left Back,1,Tottenham Hotspur,Liverpool,42.1,4.6,,,,,,,,,,,,,,,
7047eeaf-e531-4a72-b335-6603d95dfe51,Carry,31,50,1,Tottenham Hotspur,Danny Rose,Left Back,1,Tottenham Hotspur,Liverpool,42.1,4.6,,,,,,,,,,,68.2,10.7,0.004855460000000001,,
dd0a05c1-4172-49e5-a456-6371484f6021,Pressure,31,52,1,Liverpool,Fábio Henrique Tavares,Center Defensive Midfield,0,Tottenham Hotspur,Liverpool,62.4,66.9,,,,,,,,,,,,,,,
fec024bc-e3ae-48ee-aae9-a84daa9a44a3,Pass,31,53,1,Tottenham Hotspur,Danny Rose,Left Back,1,Tottenham Hotspur,Liverpool,68.2,10.7,Heung-Min Son,Out,,Ground Pass,Left Foot,79.5,0.6,0.01611813,0.0174506,0.001332469999999999,,,,,
18ab3353-4461-4779-99d2-36d0c34d0ce7,Ball Receipt*,31,55,1,Tottenham Hotspur,Heung-Min Son,Left Wing,0,Tottenham Hotspur,Liverpool,77.0,5.2,,,,,,,,,,,,,,,
1f720095-e8f9-4f85-9057-0d108cc22696,Pass,32,21,1,Liverpool,Trent Alexander-Arnold,Right Back,0,Tottenham Hotspur,Liverpool,36.6,80.0,Georginio Wijnaldum,,Throw-in,High Pass,,41.0,70.3,0.00977659,0.01126267,0.001486080000000001,,,,,
5a8287e7-1f74-4cc7-a3e4-e15ecf12cfd7,Ball Receipt*,32,21,1,Liverpool,Georginio Wijnaldum,Left Center Midfield,0,Tottenham Hotspur,Liverpool,41.0,70.3,,,,,,,,,,,,,,,
e534f7b3-e8dd-42d7-b02d-7920a4d4eb41,Carry,32,21,1,Liverpool,Georginio Wijnaldum,Left Center Midfield,0,Tottenham Hotspur,Liverpool,41.0,70.3,,,,,,,,,,,41.6,69.2,0.0008845199999999998,,
d2a25e01-b76e-4f15-8317-de34595e787c,Pass,32,21,1,Liverpool,Georginio Wijnaldum,Left Center Midfield,0,Tottenham Hotspur,Liverpool,41.6,69.2,Trent Alexander-Arnold,,,Low Pass,Right Foot,29.4,77.2,0.01214719,0.00844854,-0.003698650000000001,,,,,
a08d3b05-8cb6-4214-b5a8-1c3f1105ba6d,Ball Receipt*,32,22,1,Liverpool,Trent Alexander-Arnold,Right Back,0,Tottenham Hotspur,Liverpool,29.4,77.2,,,,,,,,,,,,,,,
c6b6c2e3-a034-4d7f-909a-6f59f32c38cb,Carry,32,22,1,Liverpool,Trent Alexander-Arnold,Right Back,0,Tottenham Hotspur,Liverpool,29.4,77.2,,,,,,,,,,,30.3,77.4,0.001328050000000001,,
298302ef-841f-463b-a57c-ae30aa2848be,Pass,32,23,1,Liverpool,Trent Alexander-Arnold,Right Back,0,Tottenham Hotspur,Liverpool,30.3,77.4,,Incomplete,,High Pass,Left Foot,50.9,49.3,0.00977659,0.01484598,0.00506939,,,,,
4675c0e8-7076-45d2-9e07-53162429afcf,Ball Recovery,32,25,1,Tottenham Hotspur,Moussa Sissoko,Right Defensive Midfield,0,Tottenham Hotspur,Liverpool,69.2,30.8,,,,,,,,,,,,,,,
09658c1c-4401-4569-819d-31be46ff07bb,Carry,32,25,1,Tottenham Hotspur,Moussa Sissoko,Right Defensive Midfield,1,Tottenham Hotspur,Liverpool,69.2,30.8,,,,,,,,,,,92.4,41.8,0.01821798,,
d4c6836a-b479-45fd-8db3-e7d3d1a9652b,Pressure,32,26,1,Liverpool,Sadio Mané,Left Wing,0,Tottenham Hotspur,Liverpool,47.5,45.3,,,,,,,,,,,,,,,
3900a6a2-67be-4f2d-be9d-9227cfc421fd,Pass,32,28,1,Tottenham Hotspur,Moussa Sissoko,Right Defensive Midfield,0,Tottenham Hotspur,Liverpool,92.4,41.8,Heung-Min Son,Incomplete,,Ground Pass,Right Foot,99.5,37.6,0.03511326,0.03511326,0.0,,,,,
89a4c562-7ccd-4471-85e2-1ba566059df4,Ball Receipt*,32,29,1,Tottenham Hotspur,Heung-Min Son,Left Wing,0,Tottenham Hotspur,Liverpool,103.3,26.0,,,,,,,,,,,,,,,
86c32337-6a9c-4485-8708-b565c99bc14f,Interception,32,29,1,Liverpool,Joël Andre Job Matip,Right Center Back,0,Tottenham Hotspur,Liverpool,20.6,42.5,,,,,,,,,,,,,,,
3611224a-f389-4d0b-8d9d-589525719ee9,Ball Recovery,32,30,1,Tottenham Hotspur,Harry Winks,Left Center Midfield,0,Tottenham Hotspur,Liverpool,75.8,41.3,,,,,,,,,,,,,,,
6f1c5f54-6231-4da7-94e4-e1939687f308,Carry,32,30,1,Tottenham Hotspur,Harry Winks,Left Center Midfield,1,Tottenham Hotspur,Liverpool,75.8,41.3,,,,,,,,,,,83.3,49.5,0.003880789999999999,,
2d9bac3e-cd39-4947-bef6-a6df26123499,Pressure,32,31,1,Liverpool,Roberto Firmino Barbosa de Oliveira,Center Forward,0,Tottenham Hotspur,Liverpool,43.1,34.4,,,,,,,,,,,,,,,
cbc9d545-9f13-4382-ab43-a101cd8af82e,Pass,32,32,1,Tottenham Hotspur,Harry Winks,Left Center Midfield,1,Tottenham Hotspur,Liverpool,83.3,49.5,Kieran Trippier,,,Ground Pass,Right Foot,84.6,63.6,0.02385149,0.02401521,0.0001637199999999991,,,,,
62e6a1ee-1caa-45f0-bf12-37571c594c45,Ball Receipt*,32,33,1,Tottenham Hotspur,Kieran Trippier,Right Back,0,Tottenham Hotspur,Liverpool,84.6,63.6,,,,,,,,,,,,,,,
36e2556f-9981-4894-8c04-fb545bd366b1,Pass,32,33,1,Tottenham Hotspur,Kieran Trippier,Right Back,0,Tottenham Hotspur,Liverpool,84.6,63.6,Christian Dannemann Eriksen,,,Ground Pass,Right Foot,75.8,50.6,0.02401521,0.01935132,-0.004663889999999997,,,,,
87207bfe-9e2a-4d07-a6a1-3c4858794860,Ball Receipt*,32,34,1,Tottenham Hotspur,Christian Dannemann Eriksen,Right Wing,0,Tottenham Hotspur,Liverpool,75.8,50.6,,,,,,,,,,,,,,,
f0f86b11-3226-4b0c-b3bf-91c667ef09d8,Carry,32,34,1,Tottenham Hotspur,Christian Dannemann Eriksen,Right Wing,1,Tottenham Hotspur,Liverpool,75.8,50.6,,,,,,,,,,,86.9,26.6,0.004771079999999997,,
74d0c201-2ddc-46ae-9f51-577bdbbddbcb,Pressure,32,38,1,Liverpool,Roberto Firmino Barbosa de Oliveira,Center Forward,0,Tottenham Hotspur,Liverpool,41.4,43.8,,,,,,,,,,,,,,,
c44ae705-0581-453d-95b4-8eebfd5140b1,Pass,32,41,1,Tottenham Hotspur,Christian Dannemann Eriksen,Right Wing,0,Tottenham Hotspur,Liverpool,86.9,26.6,Danny Rose,,,Ground Pass,Right Foot,96.4,3.7,0.0241224,0.02756312,0.003440720000000001,,,,,
0701b6dd-a21f-45a3-af5d-653144eeb653,Ball Receipt*,32,42,1,Tottenham Hotspur,Danny Rose,Left Back,0,Tottenham Hotspur,Liverpool,96.4,3.7,,,,,,,,,,,,,,,
e52b110b-4526-4e67-bad7-72d3e7e1a13f,Carry,32,42,1,Tottenham Hotspur,Danny Rose,Left Back,1,Tottenham Hotspur,Liverpool,96.4,3.7,,,,,,,,,,,91.1,2.9,0.0,,
bc8db70c-5416-4eee-bdfb-3ace15fdb417,Pressure,32,44,1,Liverpool,Mohamed Salah,Right Wing,0,Tottenham Hotspur,Liverpool,19.5,76.8,,,,,,,,,,,,,,,
c7a967f3-54ea-4d54-be4c-6df8dc3ccf4e,Pass,32,46,1,Tottenham Hotspur,Danny Rose,Left Back,1,Tottenham Hotspur,Liverpool,91.1,2.9,Jan Vertonghen,,,Ground Pass,Left Foot,70.9,13.2,0.02756312,0.01870347,-0.00885965,,,,,
c7a60af3-a279-4fd1-9068-ac82f6624d15,Ball Receipt*,32,48,1,Tottenham Hotspur,Jan Vertonghen,Left Center Back,0,Tottenham Hotspur,Liverpool,70.9,13.2,,,,,,,,,,,,,,,
0c1d4ed9-4ed8-4bcf-a91f-4f329e4a46c5,Carry,32,48,1,Tottenham Hotspur,Jan Vertonghen,Left Center Back,0,Tottenham Hotspur,Liverpool,70.9,13.2,,,,,,,,,,,69.9,13.2,-0.002585339999999998,,
1310ba27-f32c-4c0f-9bbd-1271dce73ad5,Pass,32,49,1,Tottenham Hotspur,Jan Vertonghen,Left Center Back,0,Tottenham Hotspur,Liverpool,69.9,13.2,Toby Alderweireld,,,Ground Pass,Left Foot,64.8,40.5,0.01611813,0.01689528,0.0007771499999999973,,,,,
40008e16-71cd-4635-bc30-d3367b6c6d01,Ball Receipt*,32,51,1,Tottenham Hotspur,Toby Alderweireld,Right Center Back,0,Tottenham Hotspur,Liverpool,64.8,40.5,,,,,,,,,,,,,,,
a7e801d6-76a7-46b6-afce-8468b9593baa,Carry,32,51,1,Tottenham Hotspur,Toby Alderweireld,Right Center Back,0,Tottenham Hotspur,Liverpool,64.8,40.5,,,,,,,,,,,63.8,42.2,0.0,,
1fc98eb2-63af-4f84-8e8c-a3511b8a3c39,Pass,32,52,1,Tottenham Hotspur,Toby Alderweireld,Right Center Back,0,Tottenham Hotspur,Liverpool,63.8,42.2,Harry Winks,,,Ground Pass,Right Foot,72.0,55.0,0.01689528,0.01935132,0.002456040000000003,,,,,
f8bb07fc-1242-4ecb-a11d-56e237b2112e,Ball Receipt*,32,53,1,Tottenham Hotspur,Harry Winks,Left Center Midfield,0,Tottenham Hotspur,Liverpool,72.0,55.0,,,,,,,,,,,,,,,
acaf1d97-5859-49c7-8534-9ee9a9c0826b,Carry,32,53,1,Tottenham Hotspur,Harry Winks,Left Center Midfield,0,Tottenham Hotspur,Liverpool,72.0,55.0,,,,,,,,,,,71.8,49.7,0.0006193799999999992,,
220e938d-21b5-47cd-ad2b-670ca43e3724,Pass,32,56,1,Tottenham Hotspur,Harry Winks,Left Center Midfield,0,Tottenham Hotspur,Liverpool,71.8,49.7,Bamidele Alli,,,Ground Pass,Right Foot,84.8,35.0,0.0199707,0.02385149,0.003880789999999999,,,,,
38853b8d-7708-4413-8c8e-9f1b985204b0,Pressure,32,57,1,Liverpool,Jordan Brian Henderson,Right Center Midfield,0,Tottenham Hotspur,Liverpool,36.6,47.2,,,,,,,,,,,,,,,
ba020786-d79d-4417-8038-5b11fa4bb667,Ball Receipt*,32,57,1,Tottenham Hotspur,Bamidele Alli,Center Attacking Midfield,0,Tottenham Hotspur,Liverpool,84.8,35.0,,,,,,,,,,,,,,,
375979b9-3151-4c7f-970c-342c24f8ea09,Carry,32,57,1,Tottenham Hotspur,Bamidele Alli,Center Attacking Midfield,0,Tottenham Hotspur,Liverpool,84.8,35.0,,,,,,,,,,,84.6,35.9,0.0,,
26abebae-fef5-4b91-a6da-f014eca80c0c,Pass,32,57,1,Tottenham Hotspur,Bamidele Alli,Center Attacking Midfield,0,Tottenham Hotspur,Liverpool,84.6,35.9,Christian Dannemann Eriksen,,,Low Pass,Right Foot,89.6,42.4,0.02385149,0.02385149,0.0,,,,,
89c8de6c-900d-4439-b7f9-afec70827ed4,Pressure,32,57,1,Liverpool,Joël Andre Job Matip,Right Center Back,0,Tottenham Hotspur,Liverpool,28.8,39.8,,,,,,,,,,,,,,,
cd2e1adf-92c9-4a65-be10-67cb102b3d71,Ball Receipt*,32,58,1,Tottenham Hotspur,Christian Dannemann Eriksen,Right Wing,1,Tottenham Hotspur,Liverpool,89.6,42.4,,,,,,,,,,,,,,,
6533236a-c2ea-4f1f-9e6d-f15fef393ba5,Carry,32,58,1,Tottenham Hotspur,Christian Dannemann Eriksen,Right Wing,1,Tottenham Hotspur,Liverpool,89.6,42.4,,,,,,,,,,,89.4,43.4,0.0,,
4d3dec57-0b94-4a7b-be8e-84b4bf938c20,Pass,32,58,1,Tottenham Hotspur,Christian Dannemann Eriksen,Right Wing,1,Tottenham Hotspur,Liverpool,89.4,43.4,Harry Kane,,,Low Pass,Left Foot,91.5,48.9,0.02385149,0.03511326,0.01126177,,,,,
58b7d17d-309b-4770-8469-55da6c0baf27,Ball Receipt*,32,59,1,Tottenham Hotspur,Harry Kane,Center Forward,0,Tottenham Hotspur,Liverpool,91.5,48.9,,,,,,,,,,,,,,,
07ceaf9c-b481-4bc7-8574-f200940b6cfc,Carry,32,59,1,Tottenham Hotspur,Harry Kane,Center Forward,0,Tottenham Hotspur,Liverpool,91.5,48.9,,,,,,,,,,,86.5,47.8,-0.01126177,,
eb725f65-3868-4cde-a0f6-6b8e2dd4a0ce,Pass,33,0,1,Tottenham Hotspur,Harry Kane,Center Forward,0,Tottenham Hotspur,Liverpool,86.5,47.8,Harry Winks,,,Ground Pass,Right Foot,75.6,55.6,0.02385149,0.01935132,-0.004500169999999998,,,,,
fe5887fe-e487-4e1b-9108-c03a06875b94,Ball Receipt*,33,1,1,Tottenham Hotspur,Harry Winks,Left Center Midfield,0,Tottenham Hotspur,Liverpool,75.6,55.6,,,,,,,,,,,,,,,
92cf0f87-ddb7-4584-a923-9692e3178676,Carry,33,1,1,Tottenham Hotspur,Harry Winks,Left Center Midfield,0,Tottenham Hotspur,Liverpool,75.6,55.6,,,,,,,,,,,75.6,55.6,0.0,,
2f070a1e-d8af-461b-afab-24e2973f3d70,Pass,33,2,1,Tottenham Hotspur,Harry Winks,Left Center Midfield,0,Tottenham Hotspur,Liverpool,75.6,55.6,Christian Dannemann Eriksen,,,Ground Pass,Right Foot,82.9,58.1,0.01935132,0.0241224,0.004771079999999997,,,,,
869db673-b809-45c0-8977-fc7c4433dd48,Ball Receipt*,33,2,1,Tottenham Hotspur,Christian Dannemann Eriksen,Right Wing,0,Tottenham Hotspur,Liverpool,82.9,58.1,,,,,,,,,,,,,,,
865dc937-215c-4538-a13d-b6abeebdec44,Carry,33,2,1,Tottenham Hotspur,Christian Dannemann Eriksen,Right Wing,0,Tottenham Hotspur,Liverpool,82.9,58.1,,,,,,,,,,,83.7,58.8,0.0,,
117978ef-229c-4160-b81f-c8fec71744b9,Pass,33,2,1,Tottenham Hotspur,Christian Dannemann Eriksen,Right Wing,0,Tottenham Hotspur,Liverpool,83.7,58.8,Harry Winks,,,Ground Pass,Right Foot,77.2,57.5,0.0241224,0.01935132,-0.004771079999999997,,,,,
dc73277d-dc50-4b6b-9929-5846daa59b8a,Ball Receipt*,33,3,1,Tottenham Hotspur,Harry Winks,Left Center Midfield,0,Tottenham Hotspur,Liverpool,77.2,57.5,,,,,,,,,,,,,,,
0b98a0f3-3b65-4ce0-a8d5-d950703f4fa9,Carry,33,3,1,Tottenham Hotspur,Harry Winks,Left Center Midfield,0,Tottenham Hotspur,Liverpool,77.2,57.5,,,,,,,,,,,77.0,55.8,0.0,,
8070c3ff-ea85-4d9c-920a-5a8d17897283,Pass,33,4,1,Tottenham Hotspur,Harry Winks,Left Center Midfield,0,Tottenham Hotspur,Liverpool,77.0,55.8,Kieran Trippier,Out,,Ground Pass,Right Foot,97.6,80.0,0.01935132,0.02756312,0.008211799999999998,,,,,
294af0d0-047c-4070-8f91-3aa44e7ac7cc,Ball Receipt*,33,7,1,Tottenham Hotspur,Kieran Trippier,Right Back,0,Tottenham Hotspur,Liverpool,97.8,75.8,,,,,,,,,,,,,,,
8b911dbb-a93e-4e74-8e9b-8e5fb7ae42a2,Pass,33,24,1,Liverpool,Andrew Robertson,Left Back,0,Tottenham Hotspur,Liverpool,28.4,0.1,Roberto Firmino Barbosa de Oliveira,Incomplete,Throw-in,High Pass,,51.3,3.7,0.00844854,0.01248344,0.004034900000000001,,,,,
2ff8b5c7-316a-413e-9f42-cc183f381177,Ball Receipt*,33,25,1,Liverpool,Roberto Firmino Barbosa de Oliveira,Center Forward,0,Tottenham Hotspur,Liverpool,48.8,4.5,,,,,,,,,,,,,,,
d72c3a36-17d1-41ee-83ce-15685377a104,Pass,33,25,1,Tottenham Hotspur,Kieran Trippier,Right Back,0,Tottenham Hotspur,Liverpool,68.8,76.4,Harry Kane,,Recovery,High Pass,Head,91.3,64.7,0.01473596,0.02953272,0.01479676,,,,,
cd49968f-0032-4b2b-a519-50d43e4c75bd,Pressure,33,28,1,Liverpool,Virgil van Dijk,Left Center Back,0,Tottenham Hotspur,Liverpool,27.5,17.5,,,,,,,,,,,,,,,
e7a5414e-a94b-4719-9a34-e87d7664b43c,Ball Receipt*,33,29,1,Tottenham Hotspur,Harry Kane,Center Forward,0,Tottenham Hotspur,Liverpool,91.3,64.7,,,,,,,,,,,,,,,
2c7826dd-9c20-4d10-b775-0dea58e5b8e1,Pass,33,29,1,Tottenham Hotspur,Harry Kane,Center Forward,0,Tottenham Hotspur,Liverpool,91.5,65.1,Bamidele Alli,,,Low Pass,Head,94.7,58.8,0.02953272,0.02855202,-0.0009806999999999975,,,,,
cdf967ab-da59-48d6-a5a0-1a0ed08890e1,Ball Receipt*,33,30,1,Tottenham Hotspur,Bamidele Alli,Center Attacking Midfield,0,Tottenham Hotspur,Liverpool,94.7,58.8,,,,,,,,,,,,,,,
41c65eb3-7e7b-44bf-886f-bfa0104c1e56,Carry,33,30,1,Tottenham Hotspur,Bamidele Alli,Center Attacking Midfield,1,Tottenham Hotspur,Liverpool,94.7,58.8,,,,,,,,,,,112.7,54.6,0.03587393,,
6946b1fd-b717-4782-b6a2-10756bb292a2,Pressure,33,30,1,Liverpool,Andrew Robertson,Left Back,0,Tottenham Hotspur,Liverpool,15.8,15.0,,,,,,,,,,,,,,,
dc79c505-a221-4e8b-a110-a669322980ad,Pressure,33,32,1,Liverpool,Joël Andre Job Matip,Right Center Back,0,Tottenham Hotspur,Liverpool,8.8,30.4,,,,,,,,,,,,,,,
8d6c72a2-44e7-40a5-89c6-7c5b57d6617a,Pass,33,33,1,Tottenham Hotspur,Bamidele Alli,Center Attacking Midfield,1,Tottenham Hotspur,Liverpool,112.7,54.6,Heung-Min Son,Incomplete,,Ground Pass,Right Foot,112.5,50.0,0.06442595,0.06442595,0.0,,,,,
16eff08d-838b-4098-afe3-866e03c877d2,Ball Receipt*,33,34,1,Tottenham Hotspur,Heung-Min Son,Left Wing,0,Tottenham Hotspur,Liverpool,110.2,35.0,,,,,,,,,,,,,,,
addccf67-c6ed-44c4-b827-f4e231309f86,Block,33,34,1,Liverpool,Joël Andre Job Matip,Right Center Back,0,Tottenham Hotspur,Liverpool,7.6,30.1,,,,,,,,,,,,,,,
5bdb34d0-1e21-4ddc-9ec4-f6e55ee14b02,Pass,33,43,1,Tottenham Hotspur,Bamidele Alli,Center Attacking Midfield,0,Tottenham Hotspur,Liverpool,120.0,80.0,Kieran Trippier,,Corner,Ground Pass,Right Foot,112.3,77.3,0.0379259,0.0379259,0.0,,,,,
54ac4fa7-9c81-4929-98e0-249263d161e2,Ball Receipt*,33,44,1,Tottenham Hotspur,Kieran Trippier,Right Back,0,Tottenham Hotspur,Liverpool,112.3,77.3,,,,,,,,,,,,,,,
f8c7598c-cc4a-4be0-858b-5be734b32540,Carry,33,44,1,Tottenham Hotspur,Kieran Trippier,Right Back,0,Tottenham Hotspur,Liverpool,112.3,77.3,,,,,,,,,,,114.2,75.4,0.0,,
03765e6d-1b8f-4249-b8d9-1b90fe977b19,Pass,33,47,1,Tottenham Hotspur,Kieran Trippier,Right Back,0,Tottenham Hotspur,Liverpool,114.2,75.4,,Incomplete,,High Pass,Right Foot,111.7,44.5,0.0379259,0.25745362,0.21952772,,,,,
762725e9-1ed4-43fe-adce-44d8586f85d2,Clearance,33,48,1,Liverpool,Georginio Wijnaldum,Left Center Midfield,1,Tottenham Hotspur,Liverpool,8.4,35.6,,,,,,,,,,,,,,,
838f743c-4a3e-410c-afb7-d145c5e2b37a,Pass,34,12,1,Tottenham Hotspur,Kieran Trippier,Right Back,0,Tottenham Hotspur,Liverpool,91.5,80.0,Christian Dannemann Eriksen,,Throw-in,High Pass,,111.1,76.4,0.02756312,0.0379259,0.01036278,,,,,
c2f3489e-fdd7-4af8-8b57-5924f00f416f,Ball Receipt*,34,14,1,Tottenham Hotspur,Christian Dannemann Eriksen,Right Wing,0,Tottenham Hotspur,Liverpool,111.1,76.4,,,,,,,,,,,,,,,
6b80aa39-b155-4bb4-9610-a5bd1b57a8a9,Carry,34,14,1,Tottenham Hotspur,Christian Dannemann Eriksen,Right Wing,1,Tottenham Hotspur,Liverpool,111.1,76.4,,,,,,,,,,,115.3,76.2,0.0,,
f14d3093-2c0c-469b-9dc9-a230d9b88d93,Pressure,34,14,1,Liverpool,Georginio Wijnaldum,Left Center Midfield,0,Tottenham Hotspur,Liverpool,10.5,5.1,,,,,,,,,,,,,,,
8cca7a27-d951-4678-92fa-a222b3dba460,Pressure,34,15,1,Liverpool,Andrew Robertson,Left Back,0,Tottenham Hotspur,Liverpool,7.1,7.2,,,,,,,,,,,,,,,
ac8a16b5-4e24-4447-999d-02fc92b6c70e,Dispossessed,34,17,1,Tottenham Hotspur,Christian Dannemann Eriksen,Right Wing,1,Tottenham Hotspur,Liverpool,115.3,76.2,,,,,,,,,,,,,,,
d65a814d-faff-435b-beb2-19778f5b9f80,Duel,34,17,1,Liverpool,Andrew Robertson,Left Back,1,Tottenham Hotspur,Liverpool,4.8,3.9,,,,,,,,,,,,,,,
dc0479b4-b361-4e5e-9832-3cfc7a5c1562,Pass,34,27,1,Tottenham Hotspur,Kieran Trippier,Right Back,0,Tottenham Hotspur,Liverpool,111.7,80.0,Harry Kane,Incomplete,Throw-in,High Pass,,112.5,56.3,0.0379259,0.06442595,0.02650005,,,,,
d3c12a11-44aa-4c53-95dc-01bd4c759cd6,Ball Receipt*,34,29,1,Tottenham Hotspur,Harry Kane,Center Forward,0,Tottenham Hotspur,Liverpool,114.0,54.6,,,,,,,,,,,,,,,
277ea1d5-84f4-4a8a-846f-4da61002a1ee,Clearance,34,29,1,Liverpool,Virgil van Dijk,Left Center Back,1,Tottenham Hotspur,Liverpool,7.6,23.8,,,,,,,,,,,,,,,
b16cafb2-338e-43f7-a5cf-e4d81c972057,Duel,34,31,1,Tottenham Hotspur,Harry Winks,Left Center Midfield,1,Tottenham Hotspur,Liverpool,107.3,67.2,,,,,,,,,,,,,,,
aadc0023-9afd-4f61-8b80-cedc22eb42d8,Pass,34,31,1,Liverpool,Sadio Mané,Left Wing,1,Tottenham Hotspur,Liverpool,12.8,12.9,Roberto Firmino Barbosa de Oliveira,,Recovery,High Pass,,28.8,7.0,0.00878589,0.00844854,-0.0003373500000000001,,,,,
f6b0b544-6e7c-4fd3-9ca5-c88c6401402a,Ball Receipt*,34,33,1,Liverpool,Roberto Firmino Barbosa de Oliveira,Center Forward,0,Tottenham Hotspur,Liverpool,28.8,7.0,,,,,,,,,,,,,,,
1a75a27e-5e61-46cb-954b-547d5d131e55,Carry,34,33,1,Liverpool,Roberto Firmino Barbosa de Oliveira,Center Forward,1,Tottenham Hotspur,Liverpool,28.8,7.0,,,,,,,,,,,28.6,6.0,0.0,,
ca3f4776-9fe7-4e69-9ba9-323b5d88ebe3,Pressure,34,33,1,Tottenham Hotspur,Kieran Trippier,Right Back,0,Tottenham Hotspur,Liverpool,93.8,73.3,,,,,,,,,,,,,,,
cc91f449-58ee-42d6-9fe4-366507c6f7df,Dispossessed,34,33,1,Liverpool,Roberto Firmino Barbosa de Oliveira,Center Forward,1,Tottenham Hotspur,Liverpool,28.6,6.0,,,,,,,,,,,,,,,
b824f48a-f2b1-4064-a199-cbe85c13fd23,Duel,34,33,1,Tottenham Hotspur,Kieran Trippier,Right Back,1,Tottenham Hotspur,Liverpool,91.5,74.1,,,,,,,,,,,,,,,
94dbccc9-f886-4588-9c4b-013a65abb717,Carry,34,33,1,Tottenham Hotspur,Kieran Trippier,Right Back,0,Tottenham Hotspur,Liverpool,91.5,74.1,,,,,,,,,,,90.7,73.7,0.0,,
9e386215-2c86-4e6b-8203-35a0b8ec4440,Pass,34,34,1,Tottenham Hotspur,Kieran Trippier,Right Back,0,Tottenham Hotspur,Liverpool,90.7,73.7,Moussa Sissoko,,,Low Pass,Right Foot,85.0,73.1,0.02756312,0.02122129,-0.00634183,,,,,
447c8b7f-8f35-450e-b550-9c51bb0ee96a,Ball Receipt*,34,36,1,Tottenham Hotspur,Moussa Sissoko,Right Defensive Midfield,0,Tottenham Hotspur,Liverpool,85.0,73.1,,,,,,,,,,,,,,,
68edd2a3-7f42-40b0-a89d-b7bd99566136,Carry,34,36,1,Tottenham Hotspur,Moussa Sissoko,Right Defensive Midfield,0,Tottenham Hotspur,Liverpool,85.0,73.1,,,,,,,,,,,71.3,75.0,-0.00377069,,
be2d476d-5635-49db-9ca9-4c4a70079578,Pass,34,36,1,Tottenham Hotspur,Moussa Sissoko,Right Defensive Midfield,0,Tottenham Hotspur,Liverpool,71.3,75.0,Toby Alderweireld,,,Ground Pass,Left Foot,35.8,47.0,0.0174506,0.01132376,-0.00612684,,,,,
faa6fae2-8c84-41d0-be14-e8ce44dae851,Ball Receipt*,34,40,1,Tottenham Hotspur,Toby Alderweireld,Right Center Back,0,Tottenham Hotspur,Liverpool,35.8,47.0,,,,,,,,,,,,,,,
878def40-45c2-48f0-b4f8-53ad0bc164df,Carry,34,40,1,Tottenham Hotspur,Toby Alderweireld,Right Center Back,0,Tottenham Hotspur,Liverpool,35.8,47.0,,,,,,,,,,,35.6,43.2,0.0,,
51b9d7ef-35d5-46be-b1d1-4f552aa00df9,Pass,34,41,1,Tottenham Hotspur,Toby Alderweireld,Right Center Back,0,Tottenham Hotspur,Liverpool,35.6,43.2,Jan Vertonghen,,,Ground Pass,Right Foot,44.0,31.7,0.01132376,0.01262646,0.0013027,,,,,
458b8600-e5f4-47ee-a1aa-6308144d32d1,Ball Receipt*,34,43,1,Tottenham Hotspur,Jan Vertonghen,Left Center Back,0,Tottenham Hotspur,Liverpool,44.0,31.7,,,,,,,,,,,,,,,
1968cbe8-83f6-4482-8b2e-9187b5478b28,Carry,34,43,1,Tottenham Hotspur,Jan Vertonghen,Left Center Back,0,Tottenham Hotspur,Liverpool,44.0,31.7,,,,,,,,,,,48.4,31.0,0.0,,
9da36202-3cd1-4ba8-b8c6-fdc64f1531cf,Pass,34,46,1,Tottenham Hotspur,Jan Vertonghen,Left Center Back,0,Tottenham Hotspur,Liverpool,48.4,31.0,Toby Alderweireld,,,Ground Pass,Left Foot,47.6,57.5,0.01262646,0.01269174,6.527999999999916e-05,,,,,
8fea24b0-7277-4460-ae55-188f8b9fcd79,Ball Receipt*,34,49,1,Tottenham Hotspur,Toby Alderweireld,Right Center Back,0,Tottenham Hotspur,Liverpool,47.6,57.5,,,,,,,,,,,,,,,
b346607f-8674-4946-8170-2fb91c041752,Carry,34,49,1,Tottenham Hotspur,Toby Alderweireld,Right Center Back,0,Tottenham Hotspur,Liverpool,47.6,57.5,,,,,,,,,,,45.5,61.3,-0.0005445499999999995,,
efa1c99a-c511-496b-a683-6aa6b78b9d54,Pass,34,49,1,Tottenham Hotspur,Toby Alderweireld,Right Center Back,0,Tottenham Hotspur,Liverpool,45.5,61.3,Moussa Sissoko,,,Ground Pass,Right Foot,51.6,70.5,0.01214719,0.01248344,0.0003362499999999997,,,,,
d8680295-a190-4811-9a5a-3bc9bf03101e,Pressure,34,50,1,Liverpool,Sadio Mané,Left Wing,0,Tottenham Hotspur,Liverpool,62.2,10.0,,,,,,,,,,,,,,,
0b7d9363-e8c1-4846-b332-1b08a10ee825,Ball Receipt*,34,51,1,Tottenham Hotspur,Moussa Sissoko,Right Defensive Midfield,1,Tottenham Hotspur,Liverpool,51.6,70.5,,,,,,,,,,,,,,,
701db903-f6c7-4d4b-93ff-07a2e3eba54b,Pass,34,51,1,Tottenham Hotspur,Moussa Sissoko,Right Defensive Midfield,1,Tottenham Hotspur,Liverpool,49.7,71.0,Toby Alderweireld,,,Ground Pass,Right Foot,33.3,64.2,0.01126267,0.0105949,-0.0006677699999999998,,,,,
eda415fb-aab2-49f2-9552-36eb1350feea,Ball Receipt*,34,52,1,Tottenham Hotspur,Toby Alderweireld,Right Center Back,0,Tottenham Hotspur,Liverpool,33.3,64.2,,,,,,,,,,,,,,,
0608b8f0-2dd8-4efb-a710-647b7de15018,Carry,34,52,1,Tottenham Hotspur,Toby Alderweireld,Right Center Back,0,Tottenham Hotspur,Liverpool,33.3,64.2,,,,,,,,,,,22.0,58.6,-0.00058186,,
ee429091-e606-4337-9ba9-f0f5702577d0,Pass,34,54,1,Tottenham Hotspur,Toby Alderweireld,Right Center Back,0,Tottenham Hotspur,Liverpool,22.0,58.6,Hugo Lloris,,,Ground Pass,Left Foot,8.9,38.4,0.01001304,0.00941056,-0.0006024800000000007,,,,,
9f166abc-e47a-48d7-8c6d-50b9b6f053ac,Ball Receipt*,34,56,1,Tottenham Hotspur,Hugo Lloris,Goalkeeper,0,Tottenham Hotspur,Liverpool,8.9,38.4,,,,,,,,,,,,,,,
be5e2d97-37bb-4dca-a4c7-c84ab3d1724a,Carry,34,56,1,Tottenham Hotspur,Hugo Lloris,Goalkeeper,0,Tottenham Hotspur,Liverpool,8.9,38.4,,,,,,,,,,,8.9,35.5,0.0,,
67d6d993-95a9-4a29-adf8-579d74baaad8,Pass,34,57,1,Tottenham Hotspur,Hugo Lloris,Goalkeeper,0,Tottenham Hotspur,Liverpool,8.9,35.5,Jan Vertonghen,,,Ground Pass,Right Foot,14.0,22.4,0.00941056,0.00977745,0.0003668899999999999,,,,,
bba02ba9-626f-4479-9365-35a459f468bc,Ball Receipt*,34,59,1,Tottenham Hotspur,Jan Vertonghen,Left Center Back,0,Tottenham Hotspur,Liverpool,14.0,22.4,,,,,,,,,,,,,,,
275b578b-9dcf-4ab0-a3b1-6bb01e6fde51,Carry,34,59,1,Tottenham Hotspur,Jan Vertonghen,Left Center Back,0,Tottenham Hotspur,Liverpool,14.0,22.4,,,,,,,,,,,14.2,25.4,0.0,,
66a8fc0e-40fa-4c18-895b-cbd8f316d17a,Pass,35,0,1,Tottenham Hotspur,Jan Vertonghen,Left Center Back,0,Tottenham Hotspur,Liverpool,14.2,25.4,Hugo Lloris,,,Ground Pass,Left Foot,7.5,39.7,0.00977745,0.00941056,-0.0003668899999999999,,,,,
7fd66036-985b-4b75-9bdd-92610c8d2f5e,Ball Receipt*,35,2,1,Tottenham Hotspur,Hugo Lloris,Goalkeeper,0,Tottenham Hotspur,Liverpool,7.5,39.7,,,,,,,,,,,,,,,
65c18c1c-8d3d-42f8-b835-0471dbb2cbf2,Carry,35,2,1,Tottenham Hotspur,Hugo Lloris,Goalkeeper,0,Tottenham Hotspur,Liverpool,7.5,39.7,,,,,,,,,,,7.5,39.7,0.0,,
3c1bd15b-c58c-48fd-9197-1259ed100e1d,Pass,35,4,1,Tottenham Hotspur,Hugo Lloris,Goalkeeper,0,Tottenham Hotspur,Liverpool,7.5,39.7,Toby Alderweireld,,,Ground Pass,Left Foot,5.4,57.3,0.00941056,0.0088799,-0.0005306600000000005,,,,,
ad085c88-3d38-4d25-94a8-f83d95190683,Ball Receipt*,35,4,1,Tottenham Hotspur,Toby Alderweireld,Right Center Back,0,Tottenham Hotspur,Liverpool,5.4,57.3,,,,,,,,,,,,,,,
db0372d2-7996-4455-abc7-d4491005d02a,Carry,35,4,1,Tottenham Hotspur,Toby Alderweireld,Right Center Back,0,Tottenham Hotspur,Liverpool,5.4,57.3,,,,,,,,,,,9.8,55.8,0.0,,
fed0681e-29d7-49e4-b5cb-c587cc3feab3,Pass,35,7,1,Tottenham Hotspur,Toby Alderweireld,Right Center Back,0,Tottenham Hotspur,Liverpool,9.8,55.8,Danny Rose,Incomplete,,High Pass,Right Foot,41.7,11.3,0.0088799,0.01214719,0.003267290000000001,,,,,
c6097cb2-df21-4b53-b0f9-d85761f4ba09,Ball Receipt*,35,10,1,Tottenham Hotspur,Danny Rose,Left Back,0,Tottenham Hotspur,Liverpool,44.4,2.5,,,,,,,,,,,,,,,
970a2871-f80c-4341-9927-9ed2100d37a2,Interception,35,10,1,Liverpool,Jordan Brian Henderson,Right Center Midfield,0,Tottenham Hotspur,Liverpool,78.4,68.8,,,,,,,,,,,,,,,
006d3daf-f9de-44ee-82b7-f7782a270e5b,Carry,35,10,1,Liverpool,Jordan Brian Henderson,Right Center Midfield,1,Tottenham Hotspur,Liverpool,78.4,68.8,,,,,,,,,,,115.2,76.8,0.01922243,,
e3ac86e9-7b74-4fab-9017-e414b0d10bca,Pressure,35,12,1,Tottenham Hotspur,Danny Rose,Left Back,0,Tottenham Hotspur,Liverpool,28.3,3.5,,,,,,,,,,,,,,,
82ce13d5-3834-4ce3-b263-e8ebea32997d,Pass,35,16,1,Liverpool,Jordan Brian Henderson,Right Center Midfield,1,Tottenham Hotspur,Liverpool,115.2,76.8,Roberto Firmino Barbosa de Oliveira,Out,,High Pass,Right Foot,119.6,52.8,0.0379259,0.06442595,0.02650005,,,,,
57e1e21a-1106-4ef5-9433-0b66920a842a,Ball Receipt*,35,18,1,Liverpool,Roberto Firmino Barbosa de Oliveira,Center Forward,0,Tottenham Hotspur,Liverpool,109.1,43.8,,,,,,,,,,,,,,,
d9cdc833-6493-48b8-bbbd-95eddb0aa0b6,Pass,35,42,1,Tottenham Hotspur,Hugo Lloris,Goalkeeper,0,Tottenham Hotspur,Liverpool,6.0,36.0,Moussa Sissoko,,Goal Kick,Ground Pass,Left Foot,19.9,46.0,0.00941056,0.01082722,0.00141666,,,,,
8cb3bf50-b88f-4005-ba08-aa9263e80c0a,Ball Receipt*,35,44,1,Tottenham Hotspur,Moussa Sissoko,Right Defensive Midfield,0,Tottenham Hotspur,Liverpool,19.9,46.0,,,,,,,,,,,,,,,
7a0521d2-61cc-4ffe-b33a-11b67819896b,Carry,35,44,1,Tottenham Hotspur,Moussa Sissoko,Right Defensive Midfield,1,Tottenham Hotspur,Liverpool,19.9,46.0,,,,,,,,,,,44.4,36.5,0.001799240000000001,,
f5508169-8358-4031-869f-93628ec9bc29,Pressure,35,45,1,Liverpool,Roberto Firmino Barbosa de Oliveira,Center Forward,0,Tottenham Hotspur,Liverpool,99.4,39.4,,,,,,,,,,,,,,,
f82ac6d2-2afe-48f1-99a4-48d3878e01f5,Pressure,35,47,1,Liverpool,Fábio Henrique Tavares,Center Defensive Midfield,0,Tottenham Hotspur,Liverpool,72.5,42.8,,,,,,,,,,,,,,,
6a20723d-ba46-4bad-b443-d36c0f063896,Pass,35,48,1,Tottenham Hotspur,Moussa Sissoko,Right Defensive Midfield,1,Tottenham Hotspur,Liverpool,44.4,36.5,Danny Rose,,,Ground Pass,Right Foot,42.8,3.1,0.01262646,0.01126267,-0.00136379,,,,,
4fe5a27b-5e7f-476e-9ef3-db2657cca719,Ball Receipt*,35,50,1,Tottenham Hotspur,Danny Rose,Left Back,0,Tottenham Hotspur,Liverpool,42.8,3.1,,,,,,,,,,,,,,,
a255dad7-0a48-469b-8d59-f2d1a7e2ad82,Carry,35,50,1,Tottenham Hotspur,Danny Rose,Left Back,0,Tottenham Hotspur,Liverpool,42.8,3.1,,,,,,,,,,,51.2,2.0,0.001220769999999999,,
0b2a2f99-8be6-45e8-8f51-ccb4516eee74,Pass,35,53,1,Tottenham Hotspur,Danny Rose,Left Back,0,Tottenham Hotspur,Liverpool,51.2,2.0,Bamidele Alli,,,High Pass,Left Foot,85.2,23.5,0.01248344,0.0241224,0.01163896,,,,,
6041d1c7-fc82-4d8a-be93-cb0d75ac63ab,Pressure,35,53,1,Liverpool,Mohamed Salah,Right Wing,0,Tottenham Hotspur,Liverpool,64.5,76.0,,,,,,,,,,,,,,,
fb351055-7c62-4a75-9f1a-afa3f0edb9a0,Ball Receipt*,35,55,1,Tottenham Hotspur,Bamidele Alli,Center Attacking Midfield,0,Tottenham Hotspur,Liverpool,85.2,23.5,,,,,,,,,,,,,,,
e5e6aa07-afb6-4f3d-beab-79745a259640,Carry,35,55,1,Tottenham Hotspur,Bamidele Alli,Center Attacking Midfield,0,Tottenham Hotspur,Liverpool,85.2,23.5,,,,,,,,,,,84.8,19.5,-0.0001071900000000001,,
e78f2f85-f794-4cc0-935a-81734540ff94,Pass,35,57,1,Tottenham Hotspur,Bamidele Alli,Center Attacking Midfield,0,Tottenham Hotspur,Liverpool,84.8,19.5,Heung-Min Son,Incomplete,,Low Pass,Right Foot,116.5,24.1,0.02401521,0.06442595,0.04041074,,,,,
34c38b12-cd10-442b-961e-6e6d59fa414c,Ball Receipt*,36,1,1,Tottenham Hotspur,Heung-Min Son,Left Wing,0,Tottenham Hotspur,Liverpool,93.6,26.6,,,,,,,,,,,,,,,
22693de6-7701-4cb2-84ec-274975d8558c,Ball Recovery,36,1,1,Liverpool,Alisson Ramsés Becker,Goalkeeper,0,Tottenham Hotspur,Liverpool,3.6,56.0,,,,,,,,,,,,,,,
eee4e9da-7974-4329-8cd9-70f98bd7b0b6,Carry,36,1,1,Liverpool,Alisson Ramsés Becker,Goalkeeper,0,Tottenham Hotspur,Liverpool,3.6,56.0,,,,,,,,,,,14.3,45.3,0.001947320000000001,,
3873d6eb-0859-4b4d-8ed8-6bb8914b3c75,Pass,36,16,1,Liverpool,Alisson Ramsés Becker,Goalkeeper,0,Tottenham Hotspur,Liverpool,14.3,45.3,Andrew Robertson,Out,,High Pass,Drop Kick,72.3,0.9,0.01082722,0.0174506,0.00662338,,,,,
b6561594-3f8e-423a-a158-f9795614e5ce,Ball Receipt*,36,19,1,Liverpool,Andrew Robertson,Left Back,0,Tottenham Hotspur,Liverpool,66.6,2.8,,,,,,,,,,,,,,,
e1046bc1-0707-4aea-b76b-61a00e17585c,Pass,36,26,1,Tottenham Hotspur,Kieran Trippier,Right Back,0,Tottenham Hotspur,Liverpool,47.2,80.0,Harry Winks,,Throw-in,High Pass,,47.2,67.0,0.01126267,0.01214719,0.0008845199999999998,,,,,
1484cbd4-6f7d-4946-9f23-b1ac66b1156a,Pressure,36,27,1,Liverpool,Sadio Mané,Left Wing,0,Tottenham Hotspur,Liverpool,70.6,11.2,,,,,,,,,,,,,,,
10c4590b-b819-439a-a9c4-890177bbeeaf,Ball Receipt*,36,27,1,Tottenham Hotspur,Harry Winks,Left Center Midfield,1,Tottenham Hotspur,Liverpool,47.2,67.0,,,,,,,,,,,,,,,
31149126-3be1-4ba3-bb8a-3465da1856e4,Carry,36,27,1,Tottenham Hotspur,Harry Winks,Left Center Midfield,1,Tottenham Hotspur,Liverpool,47.2,67.0,,,,,,,,,,,46.3,69.3,0.0,,
c90477e9-4df8-4992-9281-e0f9648ac351,Pass,36,27,1,Tottenham Hotspur,Harry Winks,Left Center Midfield,1,Tottenham Hotspur,Liverpool,46.3,69.3,Kieran Trippier,,,Low Pass,Right Foot,36.0,77.3,0.01214719,0.00977659,-0.0023706,,,,,
7701743c-0028-4bd2-a625-b164a47cc60d,Ball Receipt*,36,28,1,Tottenham Hotspur,Kieran Trippier,Right Back,0,Tottenham Hotspur,Liverpool,36.0,77.3,,,,,,,,,,,,,,,
d4621935-874f-40cd-b053-854813da33cd,Carry,36,28,1,Tottenham Hotspur,Kieran Trippier,Right Back,1,Tottenham Hotspur,Liverpool,36.0,77.3,,,,,,,,,,,34.4,75.0,0.0,,
1a1d3bd2-4638-4432-96fd-5ebaa845a334,Pressure,36,29,1,Liverpool,Sadio Mané,Left Wing,0,Tottenham Hotspur,Liverpool,79.9,7.2,,,,,,,,,,,,,,,
91164256-b783-46e5-a797-900b9acb795f,Pass,36,29,1,Tottenham Hotspur,Kieran Trippier,Right Back,1,Tottenham Hotspur,Liverpool,34.4,75.0,Hugo Lloris,,,Ground Pass,Right Foot,7.9,44.5,0.00977659,0.00941056,-0.0003660299999999998,,,,,
170fb38c-835a-4d93-b02b-c3101d46cc00,Ball Receipt*,36,33,1,Tottenham Hotspur,Hugo Lloris,Goalkeeper,0,Tottenham Hotspur,Liverpool,7.9,44.5,,,,,,,,,,,,,,,
e45b2b39-9628-4322-9cb0-ff085f0aa606,Carry,36,33,1,Tottenham Hotspur,Hugo Lloris,Goalkeeper,0,Tottenham Hotspur,Liverpool,7.9,44.5,,,,,,,,,,,4.7,39.0,0.0,,
d5244d6e-f81a-4658-9204-a58be25b3c28,Pass,36,34,1,Tottenham Hotspur,Hugo Lloris,Goalkeeper,0,Tottenham Hotspur,Liverpool,4.7,39.0,Jan Vertonghen,,,Ground Pass,Left Foot,9.1,28.1,0.00941056,0.0088799,-0.0005306600000000005,,,,,
d0278972-0ae4-4cdd-ae0c-7f8aafe29ff7,Ball Receipt*,36,35,1,Tottenham Hotspur,Jan Vertonghen,Left Center Back,0,Tottenham Hotspur,Liverpool,9.1,28.1,,,,,,,,,,,,,,,
a34b64ff-3ecd-437f-9a7d-b84af914a6a5,Carry,36,35,1,Tottenham Hotspur,Jan Vertonghen,Left Center Back,0,Tottenham Hotspur,Liverpool,9.1,28.1,,,,,,,,,,,10.2,22.2,0.0008975500000000004,,
ad668c27-76c3-4316-8400-f7740b7388ab,Pass,36,38,1,Tottenham Hotspur,Jan Vertonghen,Left Center Back,0,Tottenham Hotspur,Liverpool,10.2,22.2,Harry Winks,,,Ground Pass,Right Foot,25.5,23.5,0.00977745,0.01001304,0.0002355900000000008,,,,,
f9a444fa-ee46-4061-b85b-116ab25fc876,Pressure,36,39,1,Liverpool,Roberto Firmino Barbosa de Oliveira,Center Forward,0,Tottenham Hotspur,Liverpool,93.1,54.9,,,,,,,,,,,,,,,
dcfa8a90-c11b-4e19-9275-2e0597494316,Ball Receipt*,36,39,1,Tottenham Hotspur,Harry Winks,Left Center Midfield,1,Tottenham Hotspur,Liverpool,25.5,23.5,,,,,,,,,,,,,,,
23db87c8-52b2-47ff-a86b-3b05fd1c70a7,Carry,36,39,1,Tottenham Hotspur,Harry Winks,Left Center Midfield,1,Tottenham Hotspur,Liverpool,25.5,23.5,,,,,,,,,,,26.4,10.7,-0.0005892200000000014,,
6076bd53-fae7-44fc-b6cc-b875c5ac28a0,Pass,36,40,1,Tottenham Hotspur,Harry Winks,Left Center Midfield,1,Tottenham Hotspur,Liverpool,26.4,10.7,Danny Rose,,,Ground Pass,Left Foot,33.5,3.3,0.00942382,0.00977659,0.0003527700000000005,,,,,
f30a5a6f-ee07-4281-87d9-4b85e9b0ee23,Ball Receipt*,36,41,1,Tottenham Hotspur,Danny Rose,Left Back,0,Tottenham Hotspur,Liverpool,33.5,3.3,,,,,,,,,,,,,,,
a3cb1df0-27fd-4bda-a5b4-d8089420f612,Carry,36,41,1,Tottenham Hotspur,Danny Rose,Left Back,1,Tottenham Hotspur,Liverpool,33.5,3.3,,,,,,,,,,,30.6,2.9,0.0,,
3d5196be-6910-4ded-8faa-f1fc822e2ce1,Pressure,36,41,1,Liverpool,Jordan Brian Henderson,Right Center Midfield,0,Tottenham Hotspur,Liverpool,84.5,77.2,,,,,,,,,,,,,,,
866e5a76-faeb-448d-9be5-fd0db9da5bd4,Pass,36,41,1,Tottenham Hotspur,Danny Rose,Left Back,1,Tottenham Hotspur,Liverpool,30.6,2.9,Harry Winks,,,Ground Pass,Left Foot,23.0,3.7,0.00977659,0.00844854,-0.001328050000000001,,,,,
7cfc79de-313a-446b-b698-5ea05b6b2de2,Ball Receipt*,36,42,1,Tottenham Hotspur,Harry Winks,Left Center Midfield,0,Tottenham Hotspur,Liverpool,23.0,3.7,,,,,,,,,,,,,,,
c34bf594-d1b5-440a-953d-870abbe10e61,Carry,36,42,1,Tottenham Hotspur,Harry Winks,Left Center Midfield,1,Tottenham Hotspur,Liverpool,23.0,3.7,,,,,,,,,,,33.3,3.5,0.001328050000000001,,
06781eb1-7a39-4d95-acfe-d30a58369f06,Pressure,36,44,1,Liverpool,Roberto Firmino Barbosa de Oliveira,Center Forward,0,Tottenham Hotspur,Liverpool,89.7,74.7,,,,,,,,,,,,,,,
906dd575-66b3-4ac9-88b8-fc53fd8becf0,Pass,36,45,1,Tottenham Hotspur,Harry Winks,Left Center Midfield,0,Tottenham Hotspur,Liverpool,33.3,3.5,Danny Rose,,,Ground Pass,Right Foot,35.4,1.0,0.00977659,0.00977659,0.0,,,,,
be6b1f68-4973-4285-b13d-e5542c12348b,Pressure,36,45,1,Liverpool,Roberto Firmino Barbosa de Oliveira,Center Forward,0,Tottenham Hotspur,Liverpool,84.3,77.2,,,,,,,,,,,,,,,
e806339a-f160-435e-a423-2bd665d66662,Ball Receipt*,36,46,1,Tottenham Hotspur,Danny Rose,Left Back,1,Tottenham Hotspur,Liverpool,35.4,1.0,,,,,,,,,,,,,,,
59901b05-fbe8-47b1-8ce1-31f119d55709,Carry,36,46,1,Tottenham Hotspur,Danny Rose,Left Back,1,Tottenham Hotspur,Liverpool,35.4,1.0,,,,,,,,,,,34.2,1.4,0.0,,
c91dd2fc-4af8-4d5c-91df-f2e2489f18e5,Pass,36,46,1,Tottenham Hotspur,Danny Rose,Left Back,1,Tottenham Hotspur,Liverpool,34.2,1.4,Heung-Min Son,Incomplete,,Ground Pass,Left Foot,49.9,1.8,0.00977659,0.01126267,0.001486080000000001,,,,,
da94c07b-60a1-4dce-a624-cba450f101d1,Ball Receipt*,36,47,1,Tottenham Hotspur,Heung-Min Son,Left Wing,0,Tottenham Hotspur,Liverpool,48.9,2.7,,,,,,,,,,,,,,,
c04d30b6-e2e9-4b87-b940-dbdbcb1a65c0,Pass,36,47,1,Liverpool,Trent Alexander-Arnold,Right Back,0,Tottenham Hotspur,Liverpool,70.2,78.3,Jordan Brian Henderson,Incomplete,Interception,Low Pass,Right Foot,76.9,73.0,0.0174506,0.0174506,0.0,,,,,
f18c5be3-9c02-4b29-bad7-f51c5d372ed4,Ball Receipt*,36,48,1,Liverpool,Jordan Brian Henderson,Right Center Midfield,0,Tottenham Hotspur,Liverpool,78.4,74.5,,,,,,,,,,,,,,,
2a0f13f0-bea7-4aa0-beeb-ffa9b86f0cc5,Ball Recovery,36,48,1,Tottenham Hotspur,Bamidele Alli,Center Attacking Midfield,0,Tottenham Hotspur,Liverpool,43.2,7.1,,,,,,,,,,,,,,,
95d291d7-f979-48e4-b948-54001e5a3936,Pressure,36,49,1,Tottenham Hotspur,Bamidele Alli,Center Attacking Midfield,0,Tottenham Hotspur,Liverpool,42.6,4.8,,,,,,,,,,,,,,,
6dbcdd42-93ed-43ad-9b31-39651c05e3b3,Pass,36,49,1,Liverpool,Jordan Brian Henderson,Right Center Midfield,0,Tottenham Hotspur,Liverpool,78.6,76.4,Mohamed Salah,,Recovery,High Pass,Right Foot,105.5,77.9,0.0174506,0.03485072,0.01740012,,,,,
60aff683-f016-4b02-ba29-362bccce0750,Pressure,36,52,1,Tottenham Hotspur,Jan Vertonghen,Left Center Back,0,Tottenham Hotspur,Liverpool,16.3,5.0,,,,,,,,,,,,,,,
fdd189e2-ae78-45b7-9e8f-9175f6848594,Ball Receipt*,36,52,1,Liverpool,Mohamed Salah,Right Wing,1,Tottenham Hotspur,Liverpool,105.5,77.9,,,,,,,,,,,,,,,
d0455c50-df9f-44ea-86c8-af9aa5dbc406,Carry,36,52,1,Liverpool,Mohamed Salah,Right Wing,1,Tottenham Hotspur,Liverpool,105.5,77.9,,,,,,,,,,,110.1,78.3,0.003075179999999997,,
5ad334d3-bd9f-4605-99f2-f09a44de5bf1,Pass,36,55,1,Liverpool,Mohamed Salah,Right Wing,0,Tottenham Hotspur,Liverpool,110.1,78.3,Roberto Firmino Barbosa de Oliveira,,,Ground Pass,Left Foot,99.4,66.5,0.0379259,0.02953272,-0.00839318,,,,,
5a04c66d-7b77-4f6a-96ae-64226382015f,Ball Receipt*,36,56,1,Liverpool,Roberto Firmino Barbosa de Oliveira,Center Forward,0,Tottenham Hotspur,Liverpool,99.4,66.5,,,,,,,,,,,,,,,
45ff31d4-69f1-441c-8c7a-e14e259e59f6,Carry,36,56,1,Liverpool,Roberto Firmino Barbosa de Oliveira,Center Forward,1,Tottenham Hotspur,Liverpool,99.4,66.5,,,,,,,,,,,100.7,69.0,0.0111372,,
7a3d0480-8322-4d6a-a2cc-2db21a914879,Pressure,36,57,1,Tottenham Hotspur,Harry Winks,Left Center Midfield,0,Tottenham Hotspur,Liverpool,18.0,17.8,,,,,,,,,,,,,,,
bd488165-ce10-47aa-a49d-048e33759b12,Pass,36,58,1,Liverpool,Roberto Firmino Barbosa de Oliveira,Center Forward,1,Tottenham Hotspur,Liverpool,100.7,69.0,Mohamed Salah,,,Ground Pass,Left Foot,103.4,77.9,0.04066992,0.03485072,-0.005819199999999997,,,,,
e1fac2a3-ab47-4637-b9b5-9114a6ef3707,Ball Receipt*,36,59,1,Liverpool,Mohamed Salah,Right Wing,0,Tottenham Hotspur,Liverpool,103.4,77.9,,,,,,,,,,,,,,,
faed651b-efef-4c72-8f3e-860b41e72564,Carry,36,59,1,Liverpool,Mohamed Salah,Right Wing,1,Tottenham Hotspur,Liverpool,103.4,77.9,,,,,,,,,,,101.9,78.1,0.0,,
29f1cf36-ea9e-4b28-8fd5-8ead9e15b501,Pressure,36,59,1,Tottenham Hotspur,Jan Vertonghen,Left Center Back,0,Tottenham Hotspur,Liverpool,14.6,3.1,,,,,,,,,,,,,,,
d67f0af1-bceb-435e-b6cf-8d495f27db0d,Pass,37,0,1,Liverpool,Mohamed Salah,Right Wing,0,Tottenham Hotspur,Liverpool,101.9,78.1,Trent Alexander-Arnold,Out,,Low Pass,Left Foot,88.9,78.7,0.03485072,0.02122129,-0.01362943,,,,,
c48f7c31-b309-45ea-a6de-3151a1e61e91,Ball Receipt*,37,1,1,Liverpool,Trent Alexander-Arnold,Right Back,0,Tottenham Hotspur,Liverpool,83.2,78.3,,,,,,,,,,,,,,,
64d619d2-54ac-4107-b6e5-67ab57877800,Pass,37,25,1,Tottenham Hotspur,Danny Rose,Left Back,0,Tottenham Hotspur,Liverpool,29.7,0.1,Moussa Sissoko,,Throw-in,High Pass,,41.5,15.7,0.00844854,0.01214719,0.003698650000000001,,,,,
5ebf08bc-bf6a-4f08-9ba9-a47c780b827b,Ball Receipt*,37,26,1,Tottenham Hotspur,Moussa Sissoko,Right Defensive Midfield,0,Tottenham Hotspur,Liverpool,41.5,15.7,,,,,,,,,,,,,,,
8c935332-c315-4e62-b807-7e7b52797dd9,Carry,37,26,1,Tottenham Hotspur,Moussa Sissoko,Right Defensive Midfield,1,Tottenham Hotspur,Liverpool,41.5,15.7,,,,,,,,,,,40.7,16.5,0.0,,
d843e5f3-4202-42a3-8e27-755a0c821f8f,Pressure,37,26,1,Liverpool,Fábio Henrique Tavares,Center Defensive Midfield,0,Tottenham Hotspur,Liverpool,76.7,66.5,,,,,,,,,,,,,,,
a039be78-6ca2-4492-820c-aaf51482f844,Pressure,37,27,1,Liverpool,Roberto Firmino Barbosa de Oliveira,Center Forward,0,Tottenham Hotspur,Liverpool,81.3,67.1,,,,,,,,,,,,,,,
cad49839-09d1-4a85-be68-d4b791444350,Pass,37,27,1,Tottenham Hotspur,Moussa Sissoko,Right Defensive Midfield,1,Tottenham Hotspur,Liverpool,40.7,16.5,Christian Dannemann Eriksen,Incomplete,,High Pass,Right Foot,84.8,64.0,0.01214719,0.02401521,0.01186802,,,,,
17657187-b0c5-4605-8936-6d11571949bc,Ball Receipt*,37,33,1,Tottenham Hotspur,Christian Dannemann Eriksen,Right Wing,0,Tottenham Hotspur,Liverpool,55.6,34.8,,,,,,,,,,,,,,,
7e01697c-486a-44df-90b9-025ebe844d9b,Pass,37,33,1,Liverpool,Andrew Robertson,Left Back,0,Tottenham Hotspur,Liverpool,35.3,16.1,Alisson Ramsés Becker,,Recovery,Ground Pass,Right Foot,9.5,29.9,0.0105949,0.0088799,-0.001715000000000001,,,,,
78eb6bc3-bc79-43ab-83c8-2dbbac3787cc,Ball Receipt*,37,36,1,Liverpool,Alisson Ramsés Becker,Goalkeeper,0,Tottenham Hotspur,Liverpool,9.5,29.9,,,,,,,,,,,,,,,
6b61259f-6483-489e-a1d7-a08805906ca9,Carry,37,36,1,Liverpool,Alisson Ramsés Becker,Goalkeeper,0,Tottenham Hotspur,Liverpool,9.5,29.9,,,,,,,,,,,12.0,32.5,0.001947320000000001,,
195dfdfe-092f-45cc-a530-00edab60e650,Pass,37,36,1,Liverpool,Alisson Ramsés Becker,Goalkeeper,0,Tottenham Hotspur,Liverpool,12.0,32.5,Joël Andre Job Matip,,,Ground Pass,Right Foot,21.4,55.2,0.01082722,0.01001304,-0.0008141799999999994,,,,,
71d07692-54eb-4003-ae86-797575400d39,Ball Receipt*,37,38,1,Liverpool,Joël Andre Job Matip,Right Center Back,0,Tottenham Hotspur,Liverpool,21.4,55.2,,,,,,,,,,,,,,,
3bbe8056-3981-4a54-8dec-33f020ef0557,Carry,37,38,1,Liverpool,Joël Andre Job Matip,Right Center Back,1,Tottenham Hotspur,Liverpool,21.4,55.2,,,,,,,,,,,22.5,49.1,0.0001524499999999984,,
d5f01291-8227-48dd-abc5-b852226778e0,Pressure,37,39,1,Tottenham Hotspur,Heung-Min Son,Left Wing,0,Tottenham Hotspur,Liverpool,95.3,28.1,,,,,,,,,,,,,,,
7e63a5c2-2d3f-4512-989d-ed7dfcbeecaf,Pass,37,40,1,Liverpool,Joël Andre Job Matip,Right Center Back,1,Tottenham Hotspur,Liverpool,22.5,49.1,Andrew Robertson,,,High Pass,Right Foot,46.4,6.8,0.01016549,0.01126267,0.001097180000000001,,,,,
bd5a1d6e-aeea-4267-bbf4-b71ad06d9483,Ball Receipt*,37,42,1,Liverpool,Andrew Robertson,Left Back,0,Tottenham Hotspur,Liverpool,46.4,6.8,,,,,,,,,,,,,,,
70ac8bb0-e5e9-441b-b99d-48e80b213d7e,Carry,37,42,1,Liverpool,Andrew Robertson,Left Back,0,Tottenham Hotspur,Liverpool,46.4,6.8,,,,,,,,,,,98.4,20.4,0.01728935,,
ac439699-4dde-42dd-9f67-dd9ef6b6e885,Shot,37,48,1,Liverpool,Andrew Robertson,Left Back,0,Tottenham Hotspur,Liverpool,98.4,20.4,,,,,,,,,,,,,,0.0091631785,Saved
2d7f4f04-6df0-4baa-8aee-3a53cd189d99,Goal Keeper,37,49,1,Tottenham Hotspur,Hugo Lloris,Goalkeeper,0,Tottenham Hotspur,Liverpool,0.9,41.2,,,,,,,,,,,,,,,
e88ab5ca-d744-4145-9d1c-c37cb11b2b04,Pass,38,29,1,Liverpool,Trent Alexander-Arnold,Right Back,0,Tottenham Hotspur,Liverpool,120.0,80.0,Sadio Mané,Incomplete,Corner,High Pass,Right Foot,115.6,45.1,0.0379259,0.25745362,0.21952772,,,,,
d482eebc-fc90-46ff-bd74-403f5d684387,Ball Receipt*,38,30,1,Liverpool,Sadio Mané,Left Wing,0,Tottenham Hotspur,Liverpool,112.8,43.8,,,,,,,,,,,,,,,
4914c72d-91fe-4381-a3f8-85ef6c42b6fe,Clearance,38,30,1,Tottenham Hotspur,Heung-Min Son,Left Wing,1,Tottenham Hotspur,Liverpool,4.5,35.0,,,,,,,,,,,,,,,
6f2aca5e-6695-4ed5-909a-d2055829ac1e,Ball Recovery,38,32,1,Liverpool,Mohamed Salah,Right Wing,0,Tottenham Hotspur,Liverpool,98.1,38.1,,,,,,,,,,,,,,,
8f904ef7-277c-4da9-9508-758c51af8a1f,Shot,38,32,1,Liverpool,Mohamed Salah,Right Wing,0,Tottenham Hotspur,Liverpool,97.6,37.4,,,,,,,,,,,,,,0.038274758,Off T
0c086b9c-68d2-4094-b524-33a1f0a5fde7,Goal Keeper,38,33,1,Tottenham Hotspur,Hugo Lloris,Goalkeeper,0,Tottenham Hotspur,Liverpool,0.9,39.7,,,,,,,,,,,,,,,
abce783f-c652-461e-b711-c5de4bec91da,Injury Stoppage,39,7,1,Tottenham Hotspur,Bamidele Alli,Center Attacking Midfield,0,Tottenham Hotspur,Liverpool,,,,,,,,,,,,,,,,,
4b20f726-252a-445a-9386-0b4d0a30cf83,Pass,40,13,1,Tottenham Hotspur,Hugo Lloris,Goalkeeper,0,Tottenham Hotspur,Liverpool,6.0,36.0,,Incomplete,Goal Kick,High Pass,Left Foot,75.1,34.6,0.00941056,0.0199707,0.01056014,,,,,
d55251b1-ca78-4699-b09c-42bffbe6b120,Pass,40,17,1,Liverpool,Virgil van Dijk,Left Center Back,0,Tottenham Hotspur,Liverpool,45.0,45.5,Mohamed Salah,,Recovery,High Pass,Head,75.7,58.7,0.01262646,0.01935132,0.006724860000000001,,,,,
203c42f1-cdc7-48ec-9822-8c223cb1bb36,Ball Receipt*,40,20,1,Liverpool,Mohamed Salah,Right Wing,0,Tottenham Hotspur,Liverpool,75.7,58.7,,,,,,,,,,,,,,,
ea2a8d18-fa88-4c7d-97fb-d460408435f2,Carry,40,20,1,Liverpool,Mohamed Salah,Right Wing,1,Tottenham Hotspur,Liverpool,75.7,58.7,,,,,,,,,,,76.1,56.8,0.0,,
1df710ff-a6a5-4add-b879-e17a6124ad86,Pressure,40,20,1,Tottenham Hotspur,Moussa Sissoko,Right Defensive Midfield,0,Tottenham Hotspur,Liverpool,47.6,23.3,,,,,,,,,,,,,,,
bbed13b1-7324-4e75-93a7-6e12527f6ad5,Pass,40,20,1,Liverpool,Mohamed Salah,Right Wing,1,Tottenham Hotspur,Liverpool,76.1,56.8,Jordan Brian Henderson,,,High Pass,Right Foot,69.3,59.4,0.01935132,0.01685596,-0.002495360000000002,,,,,
96e7072d-2172-4505-bcad-85df87099f61,Ball Receipt*,40,22,1,Liverpool,Jordan Brian Henderson,Right Center Midfield,0,Tottenham Hotspur,Liverpool,69.3,59.4,,,,,,,,,,,,,,,
c18d245c-b9f2-4faf-9e10-7821a70f769d,Carry,40,22,1,Liverpool,Jordan Brian Henderson,Right Center Midfield,0,Tottenham Hotspur,Liverpool,69.3,59.4,,,,,,,,,,,69.3,59.4,0.0,,
269cbea6-bb51-4258-bddd-3883bce20e7a,Pass,40,22,1,Liverpool,Jordan Brian Henderson,Right Center Midfield,0,Tottenham Hotspur,Liverpool,69.3,59.4,Sadio Mané,,,High Pass,Right Foot,108.4,14.0,0.01685596,0.04066992,0.02381396,,,,,
45bcc0b6-124a-4638-92e8-61d8c9fe709f,Ball Receipt*,40,26,1,Liverpool,Sadio Mané,Left Wing,0,Tottenham Hotspur,Liverpool,108.4,14.0,,,,,,,,,,,,,,,
817c7378-0e11-45d2-8d13-6a2917e5c658,Carry,40,26,1,Liverpool,Sadio Mané,Left Wing,1,Tottenham Hotspur,Liverpool,108.4,14.0,,,,,,,,,,,104.9,6.8,-0.005819199999999997,,
bef32c4f-c2e0-4b7a-9282-f04b043f2f0a,Pressure,40,26,1,Tottenham Hotspur,Kieran Trippier,Right Back,0,Tottenham Hotspur,Liverpool,9.1,67.6,,,,,,,,,,,,,,,
515b553f-1de4-4f56-b567-f14c1ec01d43,Pass,40,33,1,Liverpool,Sadio Mané,Left Wing,0,Tottenham Hotspur,Liverpool,104.9,6.8,Andrew Robertson,,,Ground Pass,Right Foot,78.4,6.0,0.03485072,0.0174506,-0.01740012,,,,,
183b0c11-9960-4d2f-9f9a-57fe9f9c5a9c,Ball Receipt*,40,34,1,Liverpool,Andrew Robertson,Left Back,0,Tottenham Hotspur,Liverpool,78.4,6.0,,,,,,,,,,,,,,,
d6e02acc-825d-45f6-ab42-e397eee4596f,Carry,40,34,1,Liverpool,Andrew Robertson,Left Back,0,Tottenham Hotspur,Liverpool,78.4,6.0,,,,,,,,,,,82.4,6.0,0.00377069,,
871834cd-0555-4819-8627-d73859fe9dfc,Pass,40,37,1,Liverpool,Andrew Robertson,Left Back,0,Tottenham Hotspur,Liverpool,82.4,6.0,Georginio Wijnaldum,,,Ground Pass,Left Foot,89.9,22.8,0.02122129,0.0241224,0.002901109999999998,,,,,
98ad0c95-5e2e-4759-9595-7918d1f15db0,Ball Receipt*,40,38,1,Liverpool,Georginio Wijnaldum,Left Center Midfield,0,Tottenham Hotspur,Liverpool,89.9,22.8,,,,,,,,,,,,,,,
1fb1e504-05f4-4b03-861e-cbb8e0cdf728,Carry,40,38,1,Liverpool,Georginio Wijnaldum,Left Center Midfield,0,Tottenham Hotspur,Liverpool,89.9,22.8,,,,,,,,,,,98.3,23.6,0.004429620000000002,,
c0908b04-e3bb-4cc3-80d1-4f1c4a3ca79d,Pass,40,40,1,Liverpool,Georginio Wijnaldum,Left Center Midfield,0,Tottenham Hotspur,Liverpool,98.3,23.6,Mohamed Salah,,,Ground Pass,Right Foot,105.5,15.0,0.02855202,0.04066992,0.0121179,,,,,
d9a52a24-ead3-4df2-b556-bfe1964599e5,Ball Receipt*,40,41,1,Liverpool,Mohamed Salah,Right Wing,0,Tottenham Hotspur,Liverpool,105.5,15.0,,,,,,,,,,,,,,,
092fa4ca-d9a7-4675-8eb6-372fad1a9a3c,Carry,40,41,1,Liverpool,Mohamed Salah,Right Wing,0,Tottenham Hotspur,Liverpool,105.5,15.0,,,,,,,,,,,107.6,14.8,0.0,,
843a9e7b-588c-44dc-9b27-11bd3b6a76b9,Pass,40,42,1,Liverpool,Mohamed Salah,Right Wing,0,Tottenham Hotspur,Liverpool,107.6,14.8,Sadio Mané,,,Ground Pass,Left Foot,103.2,4.5,0.04066992,0.03485072,-0.005819199999999997,,,,,
7d67ddb5-7610-4f8d-9090-1342ea9efccd,Ball Receipt*,40,44,1,Liverpool,Sadio Mané,Left Wing,0,Tottenham Hotspur,Liverpool,103.2,4.5,,,,,,,,,,,,,,,
18852bf4-6d3c-414e-bba0-a6bf073a108a,Carry,40,44,1,Liverpool,Sadio Mané,Left Wing,0,Tottenham Hotspur,Liverpool,103.2,4.5,,,,,,,,,,,104.7,7.2,0.0,,
9b5440f1-cf47-420a-81dc-807b8f7f149c,Dribble,40,44,1,Liverpool,Sadio Mané,Left Wing,1,Tottenham Hotspur,Liverpool,104.7,7.2,,,,,,,,,,,,,,,
118c8e68-853f-41a6-bc20-00a2f21c5aef,Duel,40,44,1,Tottenham Hotspur,Moussa Sissoko,Right Defensive Midfield,1,Tottenham Hotspur,Liverpool,15.4,72.9,,,,,,,,,,,,,,,
687d40da-004e-4cc3-8131-7e462dcf819a,Pass,41,1,1,Liverpool,Andrew Robertson,Left Back,0,Tottenham Hotspur,Liverpool,91.0,0.1,Roberto Firmino Barbosa de Oliveira,,Throw-in,High Pass,,98.1,12.1,0.02756312,0.02953272,0.001969599999999998,,,,,
85424676-784a-4056-b8e8-a2546e354908,Ball Receipt*,41,1,1,Liverpool,Roberto Firmino Barbosa de Oliveira,Center Forward,0,Tottenham Hotspur,Liverpool,98.1,12.1,,,,,,,,,,,,,,,
f6218770-963d-42d5-ab0b-a80633159dbf,Pass,41,1,1,Liverpool,Roberto Firmino Barbosa de Oliveira,Center Forward,0,Tottenham Hotspur,Liverpool,98.3,11.4,Andrew Robertson,,,High Pass,Head,90.8,4.7,0.02953272,0.02756312,-0.001969599999999998,,,,,
584760f3-2368-40a3-ba6a-fcf20e7e295d,Ball Receipt*,41,3,1,Liverpool,Andrew Robertson,Left Back,0,Tottenham Hotspur,Liverpool,90.8,4.7,,,,,,,,,,,,,,,
8a8b7506-32cf-4477-8122-62fd16925edd,Carry,41,3,1,Liverpool,Andrew Robertson,Left Back,1,Tottenham Hotspur,Liverpool,90.8,4.7,,,,,,,,,,,91.8,9.6,0.0,,
0de32407-1f19-4efe-9bf7-adde8351727d,Pressure,41,3,1,Tottenham Hotspur,Heung-Min Son,Left Wing,0,Tottenham Hotspur,Liverpool,27.2,75.0,,,,,,,,,,,,,,,
166c0500-d223-4f51-b913-09ac5e1107ca,Dispossessed,41,4,1,Liverpool,Andrew Robertson,Left Back,1,Tottenham Hotspur,Liverpool,91.8,9.6,,,,,,,,,,,,,,,
5f676870-b2b5-4034-b059-d2bd51d05729,Duel,41,4,1,Tottenham Hotspur,Heung-Min Son,Left Wing,1,Tottenham Hotspur,Liverpool,28.3,70.5,,,,,,,,,,,,,,,
c3cb6f1d-16d7-404e-8193-384557e34f5a,Ball Recovery,41,5,1,Tottenham Hotspur,Christian Dannemann Eriksen,Right Wing,0,Tottenham Hotspur,Liverpool,29.1,64.7,,,,,,,,,,,,,,,
af337019-030b-4274-a8a1-5495c25dcbbc,Carry,41,5,1,Tottenham Hotspur,Christian Dannemann Eriksen,Right Wing,1,Tottenham Hotspur,Liverpool,29.1,64.7,,,,,,,,,,,34.2,63.0,0.001171080000000001,,
fc5d9780-8096-4776-8ffd-14682f53f82b,Pressure,41,5,1,Liverpool,Fábio Henrique Tavares,Center Defensive Midfield,0,Tottenham Hotspur,Liverpool,83.8,16.9,,,,,,,,,,,,,,,
ec9c707d-acaf-4fd1-98ac-6e60e0de9f8d,Dispossessed,41,7,1,Tottenham Hotspur,Christian Dannemann Eriksen,Right Wing,1,Tottenham Hotspur,Liverpool,34.2,63.0,,,,,,,,,,,,,,,
ee720992-a081-44a6-b70c-c4500d03eee9,Duel,41,7,1,Liverpool,Fábio Henrique Tavares,Center Defensive Midfield,1,Tottenham Hotspur,Liverpool,85.9,17.1,,,,,,,,,,,,,,,
babca90a-eef6-49a7-b7d6-7284626a4322,Ball Recovery,41,7,1,Tottenham Hotspur,Heung-Min Son,Left Wing,0,Tottenham Hotspur,Liverpool,34.4,59.6,,,,,,,,,,,,,,,
830b2168-13d0-4664-8e98-648e24c99263,Carry,41,7,1,Tottenham Hotspur,Heung-Min Son,Left Wing,1,Tottenham Hotspur,Liverpool,34.4,59.6,,,,,,,,,,,35.4,52.5,0.0,,
7d136208-d5db-486a-936f-4d7f76d6ead9,Pressure,41,7,1,Liverpool,Roberto Firmino Barbosa de Oliveira,Center Forward,0,Tottenham Hotspur,Liverpool,83.2,24.5,,,,,,,,,,,,,,,
130cdc75-ea89-46c8-b0ba-55e3073e8fe9,Dribbled Past,41,8,1,Liverpool,Roberto Firmino Barbosa de Oliveira,Center Forward,0,Tottenham Hotspur,Liverpool,84.7,27.6,,,,,,,,,,,,,,,
81eb5df7-68f2-4dcb-bae1-8b791bb9432c,Dribble,41,8,1,Tottenham Hotspur,Heung-Min Son,Left Wing,1,Tottenham Hotspur,Liverpool,35.4,52.5,,,,,,,,,,,,,,,
2f696aaa-a944-401d-b940-25dc4e9577bf,Ball Recovery,41,9,1,Liverpool,Jordan Brian Henderson,Right Center Midfield,0,Tottenham Hotspur,Liverpool,79.6,37.3,,,,,,,,,,,,,,,
7e2b6b94-7352-46c5-abc3-e660e3e83155,Carry,41,9,1,Liverpool,Jordan Brian Henderson,Right Center Midfield,0,Tottenham Hotspur,Liverpool,79.6,37.3,,,,,,,,,,,89.0,47.9,0.003880789999999999,,
25e13a1a-af67-47d7-b179-c0a6328f6d03,Shot,41,11,1,Liverpool,Jordan Brian Henderson,Right Center Midfield,0,Tottenham Hotspur,Liverpool,89.0,47.9,,,,,,,,,,,,,,0.018781843,Blocked
72a2a549-3c54-4c71-bb68-2f1e210ca43f,Block,41,12,1,Tottenham Hotspur,Jan Vertonghen,Left Center Back,0,Tottenham Hotspur,Liverpool,24.0,33.9,,,,,,,,,,,,,,,
182b62d9-9d61-45ce-aeb3-23006a4ac6d7,Goal Keeper,41,12,1,Tottenham Hotspur,Hugo Lloris,Goalkeeper,0,Tottenham Hotspur,Liverpool,1.2,39.5,,,,,,,,,,,,,,,
715e150a-2010-4fd9-a167-2ab4aaf37c4b,Ball Recovery,41,12,1,Liverpool,Roberto Firmino Barbosa de Oliveira,Center Forward,0,Tottenham Hotspur,Liverpool,99.0,33.9,,,,,,,,,,,,,,,
c56f317a-003d-4968-a7cb-f21945fc91bc,Carry,41,12,1,Liverpool,Roberto Firmino Barbosa de Oliveira,Center Forward,1,Tottenham Hotspur,Liverpool,99.0,33.9,,,,,,,,,,,100.9,52.0,0.01979812,,
24587aa0-9913-486b-9cb0-b8e5363562e6,Pressure,41,14,1,Tottenham Hotspur,Toby Alderweireld,Right Center Back,0,Tottenham Hotspur,Liverpool,19.2,40.1,,,,,,,,,,,,,,,
e878fc70-267b-48fe-9831-602cdefc0cd1,Pressure,41,15,1,Tottenham Hotspur,Bamidele Alli,Center Attacking Midfield,0,Tottenham Hotspur,Liverpool,22.2,32.7,,,,,,,,,,,,,,,
76983832-b097-4c99-a72b-e72f94f88ee2,Pass,41,16,1,Liverpool,Roberto Firmino Barbosa de Oliveira,Center Forward,1,Tottenham Hotspur,Liverpool,100.9,52.0,Jordan Brian Henderson,,,Ground Pass,Right Foot,99.6,57.9,0.05491138,0.02855202,-0.02635936,,,,,
e56d339e-b444-4430-b914-ba43f3c595c6,Ball Receipt*,41,17,1,Liverpool,Jordan Brian Henderson,Right Center Midfield,0,Tottenham Hotspur,Liverpool,99.6,57.9,,,,,,,,,,,,,,,
dc5fc078-05b2-48b8-b39d-202928fde348,Carry,41,17,1,Liverpool,Jordan Brian Henderson,Right Center Midfield,0,Tottenham Hotspur,Liverpool,99.6,57.9,,,,,,,,,,,105.1,57.7,0.02635936,,
81141ad3-0db0-496a-8113-06014a2b46cf,Pass,41,17,1,Liverpool,Jordan Brian Henderson,Right Center Midfield,0,Tottenham Hotspur,Liverpool,105.1,57.7,Trent Alexander-Arnold,,,Ground Pass,Right Foot,111.0,70.9,0.05491138,0.0379259,-0.01698548,,,,,
3b82688c-d35b-4f63-bec6-2caa3a9347f7,Ball Receipt*,41,19,1,Liverpool,Trent Alexander-Arnold,Right Back,0,Tottenham Hotspur,Liverpool,111.0,70.9,,,,,,,,,,,,,,,
ce4b0e61-4d19-4ea0-a7dc-fefc7b32ef46,Carry,41,19,1,Liverpool,Trent Alexander-Arnold,Right Back,0,Tottenham Hotspur,Liverpool,111.0,70.9,,,,,,,,,,,111.6,70.3,0.0,,
154b2ad3-aaba-4694-8bf3-381bfd413e1a,Pass,41,19,1,Liverpool,Trent Alexander-Arnold,Right Back,0,Tottenham Hotspur,Liverpool,111.6,70.3,,Incomplete,,High Pass,Right Foot,113.5,66.7,0.0379259,0.04647721,0.00855131,,,,,
6ba8920b-4e8f-4eac-ade7-243d774478dd,Block,41,20,1,Tottenham Hotspur,Danny Rose,Left Back,0,Tottenham Hotspur,Liverpool,6.6,13.4,,,,,,,,,,,,,,,
55a9415e-f5fd-4027-9a39-61a9b2c1d7d8,Pass,41,46,1,Liverpool,Trent Alexander-Arnold,Right Back,0,Tottenham Hotspur,Liverpool,120.0,80.0,Virgil van Dijk,Incomplete,Corner,High Pass,Right Foot,113.1,42.5,0.0379259,0.25745362,0.21952772,,,,,
0c833f4a-a824-4b9e-bf77-a22a3864c208,Ball Receipt*,41,48,1,Liverpool,Virgil van Dijk,Left Center Back,0,Tottenham Hotspur,Liverpool,114.3,43.0,,,,,,,,,,,,,,,
5350c9c1-6708-49c1-b7ba-9f8d17413209,Duel,41,48,1,Liverpool,Virgil van Dijk,Left Center Back,1,Tottenham Hotspur,Liverpool,113.1,42.5,,,,,,,,,,,,,,,
3cbc170b-e467-42ab-9560-dd77e517ab8d,Clearance,41,48,1,Tottenham Hotspur,Harry Kane,Center Forward,1,Tottenham Hotspur,Liverpool,7.0,37.6,,,,,,,,,,,,,,,
ddeb1893-81ee-44ad-ab8d-8aee766d8335,Ball Recovery,41,49,1,Liverpool,Mohamed Salah,Right Wing,0,Tottenham Hotspur,Liverpool,93.9,33.1,,,,,,,,,,,,,,,
5e83cad2-9dea-4aec-8d28-00c1b434a7fe,Carry,41,49,1,Liverpool,Mohamed Salah,Right Wing,0,Tottenham Hotspur,Liverpool,93.9,33.1,,,,,,,,,,,94.0,31.3,0.0,,
35d86371-56e1-4f3f-a3c9-f4a9b1bb1e32,Shot,41,50,1,Liverpool,Mohamed Salah,Right Wing,0,Tottenham Hotspur,Liverpool,94.0,31.3,,,,,,,,,,,,,,0.021911133,Blocked
8e50bedf-b9e8-4ac1-aaf1-361e468df092,Block,41,51,1,Tottenham Hotspur,Harry Winks,Left Center Midfield,0,Tottenham Hotspur,Liverpool,22.9,47.3,,,,,,,,,,,,,,,
00789383-d492-453f-a548-df6d069914ed,Goal Keeper,41,51,1,Tottenham Hotspur,Hugo Lloris,Goalkeeper,0,Tottenham Hotspur,Liverpool,0.9,40.3,,,,,,,,,,,,,,,
44ddc2c3-a8b7-49ff-a26a-4a1a3c2cbcac,Pass,42,22,1,Liverpool,Mohamed Salah,Right Wing,0,Tottenham Hotspur,Liverpool,120.0,0.1,Sadio Mané,Incomplete,Corner,High Pass,Left Foot,115.6,35.0,0.0379259,0.25745362,0.21952772,,,,,
703c8404-78fa-4183-82ae-d65bea28f431,Ball Receipt*,42,22,1,Liverpool,Sadio Mané,Left Wing,0,Tottenham Hotspur,Liverpool,112.4,33.9,,,,,,,,,,,,,,,
33b4a709-fa96-443b-9050-ca60b6072ab8,Clearance,42,22,1,Tottenham Hotspur,Heung-Min Son,Left Wing,1,Tottenham Hotspur,Liverpool,4.5,45.1,,,,,,,,,,,,,,,
1dd8c99e-4c4e-4494-a7da-ae37fafe6a34,Shield,42,27,1,Liverpool,Andrew Robertson,Left Back,0,Tottenham Hotspur,Liverpool,78.6,3.7,,,,,,,,,,,,,,,
b88e1725-3373-4ae3-8048-8f929a793961,Pass,42,41,1,Liverpool,Andrew Robertson,Left Back,0,Tottenham Hotspur,Liverpool,76.7,0.1,Virgil van Dijk,,Throw-in,High Pass,,62.0,18.4,0.0174506,0.01611813,-0.001332469999999999,,,,,
4b2ce767-0410-4688-bf4f-7b7ca22651ee,Ball Receipt*,42,42,1,Liverpool,Virgil van Dijk,Left Center Back,0,Tottenham Hotspur,Liverpool,62.0,18.4,,,,,,,,,,,,,,,
eaf37f66-9646-4216-86a1-dcc49a90a54f,Carry,42,42,1,Liverpool,Virgil van Dijk,Left Center Back,0,Tottenham Hotspur,Liverpool,62.0,18.4,,,,,,,,,,,57.2,24.3,-0.001826850000000001,,
34c85625-6489-4547-83e3-75374131ac61,Pass,42,44,1,Liverpool,Virgil van Dijk,Left Center Back,0,Tottenham Hotspur,Liverpool,57.2,24.3,Joël Andre Job Matip,,,Ground Pass,Right Foot,53.6,41.7,0.01429128,0.01484598,0.0005547,,,,,
70978d7c-f5e9-4b9e-96f8-6f590fc560de,Ball Receipt*,42,45,1,Liverpool,Joël Andre Job Matip,Right Center Back,0,Tottenham Hotspur,Liverpool,53.6,41.7,,,,,,,,,,,,,,,
3aba2cfc-ca1d-4657-87e0-45546bc4cd4a,Carry,42,45,1,Liverpool,Joël Andre Job Matip,Right Center Back,0,Tottenham Hotspur,Liverpool,53.6,41.7,,,,,,,,,,,56.9,45.9,0.0,,
f4e45019-cbe7-4db0-9c4c-b5ddf2e9cf92,Pass,42,46,1,Liverpool,Joël Andre Job Matip,Right Center Back,0,Tottenham Hotspur,Liverpool,56.9,45.9,Trent Alexander-Arnold,,,Ground Pass,Right Foot,57.4,68.0,0.01484598,0.0138454,-0.001000579999999999,,,,,
40204e73-c43e-419f-8769-b2cd23020fdc,Ball Receipt*,42,47,1,Liverpool,Trent Alexander-Arnold,Right Back,0,Tottenham Hotspur,Liverpool,57.4,68.0,,,,,,,,,,,,,,,
6cf56e45-10ee-4e31-a117-e6ef397bde51,Carry,42,47,1,Liverpool,Trent Alexander-Arnold,Right Back,0,Tottenham Hotspur,Liverpool,57.4,68.0,,,,,,,,,,,58.2,66.5,0.0,,
c3f30664-df91-4c33-b8a7-4c8806331547,Pass,42,49,1,Liverpool,Trent Alexander-Arnold,Right Back,0,Tottenham Hotspur,Liverpool,58.2,66.5,Joël Andre Job Matip,,,Ground Pass,Right Foot,50.0,50.5,0.0138454,0.01429128,0.0004458799999999992,,,,,
2be1b6a5-950e-498f-b8cc-b2c0906728aa,Ball Receipt*,42,50,1,Liverpool,Joël Andre Job Matip,Right Center Back,0,Tottenham Hotspur,Liverpool,50.0,50.5,,,,,,,,,,,,,,,
73b83261-d25f-4e3e-a0f0-efeabf41637e,Carry,42,50,1,Liverpool,Joël Andre Job Matip,Right Center Back,0,Tottenham Hotspur,Liverpool,50.0,50.5,,,,,,,,,,,50.0,50.5,0.0,,
83d3c35f-39bb-4a4c-9f85-6928d8576cea,Pass,42,51,1,Liverpool,Joël Andre Job Matip,Right Center Back,0,Tottenham Hotspur,Liverpool,50.0,50.5,Virgil van Dijk,,,Ground Pass,Right Foot,49.4,25.3,0.01429128,0.01269174,-0.00159954,,,,,
698ec2b8-c38e-43c8-8f5c-11117bbd3d9e,Ball Receipt*,42,53,1,Liverpool,Virgil van Dijk,Left Center Back,0,Tottenham Hotspur,Liverpool,49.4,25.3,,,,,,,,,,,,,,,
509bc7d1-1fd8-4cf9-935c-498fe1c8268b,Carry,42,53,1,Liverpool,Virgil van Dijk,Left Center Back,1,Tottenham Hotspur,Liverpool,49.4,25.3,,,,,,,,,,,49.0,30.4,-6.527999999999916e-05,,
2732aa69-3ff7-4f59-99ee-2a62f56cb490,Pressure,42,55,1,Tottenham Hotspur,Harry Kane,Center Forward,0,Tottenham Hotspur,Liverpool,68.2,51.2,,,,,,,,,,,,,,,
13334acf-0850-4990-834a-133b86cb9064,Pass,42,56,1,Liverpool,Virgil van Dijk,Left Center Back,0,Tottenham Hotspur,Liverpool,49.0,30.4,Trent Alexander-Arnold,,,High Pass,Right Foot,72.3,77.0,0.01262646,0.0174506,0.004824139999999999,,,,,
1b56d7c0-f462-4d13-82af-74ee8058712e,Ball Receipt*,42,59,1,Liverpool,Trent Alexander-Arnold,Right Back,0,Tottenham Hotspur,Liverpool,72.3,77.0,,,,,,,,,,,,,,,
1eec5471-6fa4-4cf8-ad46-c846f59575c6,Carry,42,59,1,Liverpool,Trent Alexander-Arnold,Right Back,1,Tottenham Hotspur,Liverpool,72.3,77.0,,,,,,,,,,,84.1,76.0,0.00377069,,
25053698-96a5-450c-a0de-005a1a0b7ef9,Pressure,43,0,1,Tottenham Hotspur,Heung-Min Son,Left Wing,0,Tottenham Hotspur,Liverpool,41.5,8.6,,,,,,,,,,,,,,,
4ec2a3be-d4d2-492e-a708-68d3d0124ec9,Pass,43,0,1,Liverpool,Trent Alexander-Arnold,Right Back,1,Tottenham Hotspur,Liverpool,84.1,76.0,Mohamed Salah,Incomplete,,Low Pass,Right Foot,99.0,41.1,0.02122129,0.03511326,0.01389197,,,,,
a6896e53-e526-40ec-9e45-6ef40a199858,Ball Receipt*,43,1,1,Liverpool,Mohamed Salah,Right Wing,0,Tottenham Hotspur,Liverpool,99.8,37.1,,,,,,,,,,,,,,,
71d4d1b3-2464-4a28-ace2-965d93c60be6,Clearance,43,1,1,Tottenham Hotspur,Toby Alderweireld,Right Center Back,1,Tottenham Hotspur,Liverpool,21.1,39.0,,,,,,,,,,,,,,,
7a216ed0-0094-45f0-aa61-bc8bbe08deea,Pressure,43,3,1,Liverpool,Jordan Brian Henderson,Right Center Midfield,0,Tottenham Hotspur,Liverpool,76.3,36.5,,,,,,,,,,,,,,,
e7c6c12d-0e4e-4e9e-bb94-9d7ce968b688,Pressure,43,4,1,Liverpool,Fábio Henrique Tavares,Center Defensive Midfield,0,Tottenham Hotspur,Liverpool,78.4,41.3,,,,,,,,,,,,,,,
13ccc340-5a7c-48c1-9b8a-c2ab299d5b89,Ball Recovery,43,4,1,Tottenham Hotspur,Heung-Min Son,Left Wing,1,Tottenham Hotspur,Liverpool,39.8,42.6,,,,,,,,,,,,,,,
a3c1f5b5-f337-4077-8d9e-7388a6864241,Foul Committed,43,5,1,Liverpool,Fábio Henrique Tavares,Center Defensive Midfield,0,Tottenham Hotspur,Liverpool,78.6,41.3,,,,,,,,,,,,,,,
14d039e1-dd6c-4664-b251-5ae73a087e31,Pass,43,12,1,Tottenham Hotspur,Harry Winks,Left Center Midfield,0,Tottenham Hotspur,Liverpool,42.3,46.6,Bamidele Alli,Incomplete,Free Kick,High Pass,Right Foot,89.8,38.6,0.01262646,0.02385149,0.01122503,,,,,
04bb2194-2537-4935-87d4-ded10faca453,Ball Receipt*,43,15,1,Tottenham Hotspur,Bamidele Alli,Center Attacking Midfield,0,Tottenham Hotspur,Liverpool,84.6,31.7,,,,,,,,,,,,,,,
fc4f8e0c-b684-414a-a0a4-f9dfd94c8057,Clearance,43,15,1,Liverpool,Fábio Henrique Tavares,Center Defensive Midfield,1,Tottenham Hotspur,Liverpool,30.3,41.5,,,,,,,,,,,,,,,
d6803cff-9697-4510-9e80-96a3140c3fe8,Pass,43,17,1,Tottenham Hotspur,Heung-Min Son,Left Wing,0,Tottenham Hotspur,Liverpool,79.1,49.7,Harry Kane,,Recovery,Low Pass,Right Foot,82.5,40.9,0.0199707,0.02385149,0.003880789999999999,,,,,
94b63c76-9553-4824-9c7b-84d55efb0aff,Ball Receipt*,43,18,1,Tottenham Hotspur,Harry Kane,Center Forward,0,Tottenham Hotspur,Liverpool,82.5,40.9,,,,,,,,,,,,,,,
af95d591-fdc8-4497-8791-3156f8d57614,Carry,43,18,1,Tottenham Hotspur,Harry Kane,Center Forward,1,Tottenham Hotspur,Liverpool,82.5,40.9,,,,,,,,,,,91.1,39.2,0.01126177,,
f7d204c0-8443-4f99-a190-ac05af7d103d,Pressure,43,18,1,Liverpool,Virgil van Dijk,Left Center Back,0,Tottenham Hotspur,Liverpool,33.0,39.2,,,,,,,,,,,,,,,
2d9d52e1-5b5c-4196-a914-2c7720fd7dc0,Dispossessed,43,20,1,Tottenham Hotspur,Harry Kane,Center Forward,1,Tottenham Hotspur,Liverpool,91.1,39.2,,,,,,,,,,,,,,,
9709c8f5-6226-4a12-b583-b1b291e8bd83,Duel,43,20,1,Liverpool,Virgil van Dijk,Left Center Back,1,Tottenham Hotspur,Liverpool,29.0,40.9,,,,,,,,,,,,,,,
5c85c344-0270-41ae-812a-f2bba1a60913,Pressure,43,21,1,Tottenham Hotspur,Bamidele Alli,Center Attacking Midfield,0,Tottenham Hotspur,Liverpool,93.0,35.5,,,,,,,,,,,,,,,
b79968fd-2b47-4d13-9cc1-4abb593d02d9,Pass,43,21,1,Liverpool,Georginio Wijnaldum,Left Center Midfield,1,Tottenham Hotspur,Liverpool,29.4,43.8,Trent Alexander-Arnold,,Recovery,Ground Pass,Right Foot,23.1,56.6,0.01016549,0.01001304,-0.0001524499999999984,,,,,
a5c59e41-79b2-49d0-930b-fd85426663bc,Ball Receipt*,43,22,1,Liverpool,Trent Alexander-Arnold,Right Back,0,Tottenham Hotspur,Liverpool,23.1,56.6,,,,,,,,,,,,,,,
dbf5d8fb-da46-4b5a-a3e3-108bd5d253a6,Carry,43,22,1,Liverpool,Trent Alexander-Arnold,Right Back,0,Tottenham Hotspur,Liverpool,23.1,56.6,,,,,,,,,,,27.7,63.8,-0.0005892200000000014,,
9159b650-945e-4e99-b3e8-64d51d45737b,Pass,43,23,1,Liverpool,Trent Alexander-Arnold,Right Back,0,Tottenham Hotspur,Liverpool,27.7,63.8,Mohamed Salah,Incomplete,,High Pass,Right Foot,110.5,59.8,0.00942382,0.06442595,0.05500213,,,,,
f06cf11d-98ee-40a6-b881-971c177a4806,Pressure,43,28,1,Liverpool,Mohamed Salah,Right Wing,0,Tottenham Hotspur,Liverpool,104.2,64.8,,,,,,,,,,,,,,,
48aae5cd-301f-4441-ae83-6c0000f68986,Ball Receipt*,43,28,1,Liverpool,Mohamed Salah,Right Wing,0,Tottenham Hotspur,Liverpool,70.8,66.9,,,,,,,,,,,,,,,
bdfdb11d-573f-4765-a1f7-d3090c71267a,Pass,43,28,1,Tottenham Hotspur,Jan Vertonghen,Left Center Back,1,Tottenham Hotspur,Liverpool,9.6,20.3,Hugo Lloris,,Recovery,Ground Pass,Right Foot,3.0,32.1,0.0088799,0.00941056,0.0005306600000000005,,,,,
2d9bdabf-d17e-4d9c-aef1-d108351ccb35,Pressure,43,29,1,Liverpool,Mohamed Salah,Right Wing,0,Tottenham Hotspur,Liverpool,115.0,56.4,,,,,,,,,,,,,,,
ab465f5b-2c9b-40a9-819d-c2020fc889b9,Ball Receipt*,43,29,1,Tottenham Hotspur,Hugo Lloris,Goalkeeper,1,Tottenham Hotspur,Liverpool,3.0,32.1,,,,,,,,,,,,,,,
cf7086bc-bb72-4b6e-a2b0-d66bd283900d,Pass,43,29,1,Tottenham Hotspur,Hugo Lloris,Goalkeeper,1,Tottenham Hotspur,Liverpool,2.8,32.5,Danny Rose,,,High Pass,Left Foot,22.6,1.8,0.00941056,0.00844854,-0.0009620200000000009,,,,,
3d294d47-1c8e-494c-8b36-243eff9ef610,Ball Receipt*,43,32,1,Tottenham Hotspur,Danny Rose,Left Back,0,Tottenham Hotspur,Liverpool,22.6,1.8,,,,,,,,,,,,,,,
7dd44005-840d-49a8-a7e8-5642f44b0a87,Pass,43,32,1,Tottenham Hotspur,Danny Rose,Left Back,0,Tottenham Hotspur,Liverpool,22.2,1.8,Jan Vertonghen,,,High Pass,Head,4.3,9.0,0.00844854,0.00638303,-0.00206551,,,,,
60420811-d56f-440a-9dc2-78aa27087181,Ball Receipt*,43,33,1,Tottenham Hotspur,Jan Vertonghen,Left Center Back,0,Tottenham Hotspur,Liverpool,4.3,9.0,,,,,,,,,,,,,,,
e56f6168-3e2e-48bf-be76-f5edd561e5b6,Carry,43,33,1,Tottenham Hotspur,Jan Vertonghen,Left Center Back,0,Tottenham Hotspur,Liverpool,4.3,9.0,,,,,,,,,,,4.7,7.9,0.0,,
5ed97450-2590-46e7-bca8-39ed82e5403f,Pass,43,35,1,Tottenham Hotspur,Jan Vertonghen,Left Center Back,0,Tottenham Hotspur,Liverpool,4.7,7.9,Danny Rose,,,Ground Pass,Right Foot,15.2,1.4,0.00638303,0.00779616,0.00141313,,,,,
e8c92861-5709-4258-8c09-dc6b566cee29,Pressure,43,36,1,Liverpool,Roberto Firmino Barbosa de Oliveira,Center Forward,0,Tottenham Hotspur,Liverpool,108.2,76.0,,,,,,,,,,,,,,,
7e705683-3da2-4807-acda-79d9624aeb90,Ball Receipt*,43,36,1,Tottenham Hotspur,Danny Rose,Left Back,1,Tottenham Hotspur,Liverpool,15.2,1.4,,,,,,,,,,,,,,,
f1063013-bd1a-43f0-8085-147b32ccd718,Carry,43,36,1,Tottenham Hotspur,Danny Rose,Left Back,1,Tottenham Hotspur,Liverpool,15.2,1.4,,,,,,,,,,,30.2,2.0,0.00198043,,
2fb0fa6c-b523-4008-b30c-df079af5068f,Pressure,43,38,1,Liverpool,Georginio Wijnaldum,Left Center Midfield,0,Tottenham Hotspur,Liverpool,91.6,74.5,,,,,,,,,,,,,,,
6be849b8-c42f-4b26-b565-1813e599e411,Pass,43,39,1,Tottenham Hotspur,Danny Rose,Left Back,1,Tottenham Hotspur,Liverpool,30.2,2.0,Bamidele Alli,,,Ground Pass,Left Foot,68.8,4.8,0.00977659,0.01473596,0.004959369999999999,,,,,
be61ecda-d4d8-4b5b-b94d-1f813dc7c130,Ball Receipt*,43,42,1,Tottenham Hotspur,Bamidele Alli,Center Attacking Midfield,0,Tottenham Hotspur,Liverpool,68.8,4.8,,,,,,,,,,,,,,,
6d0e0270-5b44-41aa-8b3b-2669a0180b91,Carry,43,42,1,Tottenham Hotspur,Bamidele Alli,Center Attacking Midfield,0,Tottenham Hotspur,Liverpool,68.8,4.8,,,,,,,,,,,92.6,21.8,0.01381606,,
1a5f7522-ba08-4d4a-8cde-6db1da0af99f,Pass,43,45,1,Tottenham Hotspur,Bamidele Alli,Center Attacking Midfield,0,Tottenham Hotspur,Liverpool,92.6,21.8,Heung-Min Son,Incomplete,,Ground Pass,Right Foot,112.7,26.2,0.02855202,0.06442595,0.03587393,,,,,
2a5ace75-ba07-4f98-932a-cbc97cf7a15d,Ball Receipt*,43,48,1,Tottenham Hotspur,Heung-Min Son,Left Wing,0,Tottenham Hotspur,Liverpool,103.9,32.9,,,,,,,,,,,,,,,
cc8704a6-3539-478d-96c8-1cecea159489,Ball Recovery,43,48,1,Liverpool,Alisson Ramsés Becker,Goalkeeper,0,Tottenham Hotspur,Liverpool,7.4,53.9,,,,,,,,,,,,,,,
12eb0883-d95d-4b39-a1fa-240512361dec,Pass,43,53,1,Liverpool,Alisson Ramsés Becker,Goalkeeper,0,Tottenham Hotspur,Liverpool,10.1,46.8,Andrew Robertson,,,Ground Pass,Keeper Arm,25.2,20.3,0.01082722,0.01001304,-0.0008141799999999994,,,,,
82db1806-4e1f-47cd-b3a6-cfa840fe76cf,Ball Receipt*,43,55,1,Liverpool,Andrew Robertson,Left Back,0,Tottenham Hotspur,Liverpool,25.2,20.3,,,,,,,,,,,,,,,
6d141c44-199c-4e23-aa88-0e921e345be9,Pass,43,58,1,Liverpool,Andrew Robertson,Left Back,0,Tottenham Hotspur,Liverpool,41.8,11.7,Jordan Brian Henderson,,,Ground Pass,Left Foot,35.9,20.1,0.01214719,0.01110462,-0.00104257,,,,,
3f8ee884-8cca-47c8-baf6-28519b25e3e7,Ball Receipt*,43,59,1,Liverpool,Jordan Brian Henderson,Right Center Midfield,0,Tottenham Hotspur,Liverpool,35.9,20.1,,,,,,,,,,,,,,,
9102b5aa-8455-4866-bbec-58de9bde2a4e,Carry,43,59,1,Liverpool,Jordan Brian Henderson,Right Center Midfield,0,Tottenham Hotspur,Liverpool,35.9,20.1,,,,,,,,,,,44.1,28.9,0.001587119999999999,,
65b51eec-47d7-4162-8a31-a70198d44b3e,Pass,44,4,1,Liverpool,Jordan Brian Henderson,Right Center Midfield,0,Tottenham Hotspur,Liverpool,44.1,28.9,Virgil van Dijk,,,Ground Pass,Right Foot,22.9,29.9,0.01269174,0.01001304,-0.002678699999999999,,,,,
b240a12a-ef07-4e8b-984f-94661e972ffe,Ball Receipt*,44,6,1,Liverpool,Virgil van Dijk,Left Center Back,0,Tottenham Hotspur,Liverpool,22.9,29.9,,,,,,,,,,,,,,,
c4943ce9-72fb-467c-a1e7-6eb0c6098e7a,Carry,44,6,1,Liverpool,Virgil van Dijk,Left Center Back,0,Tottenham Hotspur,Liverpool,22.9,29.9,,,,,,,,,,,23.7,31.0,0.0001524499999999984,,
4f7d2b53-bcab-46fe-b215-c387b5b39c50,Pass,44,8,1,Liverpool,Virgil van Dijk,Left Center Back,0,Tottenham Hotspur,Liverpool,23.7,31.0,Joël Andre Job Matip,,,Ground Pass,Right Foot,22.7,54.5,0.01016549,0.01001304,-0.0001524499999999984,,,,,
b868b6da-6cf9-4570-8b58-b0c8cb487051,Ball Receipt*,44,10,1,Liverpool,Joël Andre Job Matip,Right Center Back,0,Tottenham Hotspur,Liverpool,22.7,54.5,,,,,,,,,,,,,,,
c928b3c3-1054-47ac-bb40-87ada7e7ec27,Carry,44,10,1,Liverpool,Joël Andre Job Matip,Right Center Back,0,Tottenham Hotspur,Liverpool,22.7,54.5,,,,,,,,,,,22.5,57.5,0.0,,
4fdef316-e51f-477d-b331-fddc48e6573f,Pass,44,11,1,Liverpool,Joël Andre Job Matip,Right Center Back,0,Tottenham Hotspur,Liverpool,22.5,57.5,Alisson Ramsés Becker,,,Ground Pass,Right Foot,9.5,43.8,0.01001304,0.00941056,-0.0006024800000000007,,,,,
ca63fc61-cc98-4be0-a5ca-a03bea8cd9f9,Ball Receipt*,44,13,1,Liverpool,Alisson Ramsés Becker,Goalkeeper,0,Tottenham Hotspur,Liverpool,9.5,43.8,,,,,,,,,,,,,,,
5ddc789e-4662-4f8a-8647-c60e482b9c2d,Carry,44,13,1,Liverpool,Alisson Ramsés Becker,Goalkeeper,0,Tottenham Hotspur,Liverpool,9.5,43.8,,,,,,,,,,,10.5,43.8,0.00141666,,
970a86c2-bd6e-46f2-a567-1a5f4cbfb2bb,Pass,44,13,1,Liverpool,Alisson Ramsés Becker,Goalkeeper,0,Tottenham Hotspur,Liverpool,10.5,43.8,Virgil van Dijk,,,Ground Pass,Right Foot,20.2,24.9,0.01082722,0.01001304,-0.0008141799999999994,,,,,
f552365b-1bd6-4dcb-9674-5c103e953be7,Ball Receipt*,44,15,1,Liverpool,Virgil van Dijk,Left Center Back,0,Tottenham Hotspur,Liverpool,20.2,24.9,,,,,,,,,,,,,,,
cf1b5838-c05b-4006-8a2a-ef73ae1f68fb,Carry,44,15,1,Liverpool,Virgil van Dijk,Left Center Back,0,Tottenham Hotspur,Liverpool,20.2,24.9,,,,,,,,,,,21.6,22.0,0.0,,
7cf0e072-e9a3-49df-bff5-49fb3fb06628,Pass,44,17,1,Liverpool,Virgil van Dijk,Left Center Back,0,Tottenham Hotspur,Liverpool,21.6,22.0,Alisson Ramsés Becker,,,Ground Pass,Left Foot,8.6,40.0,0.01001304,0.00941056,-0.0006024800000000007,,,,,
d76d5afd-0a3d-4e9d-aeed-304f5a868df7,Ball Receipt*,44,19,1,Liverpool,Alisson Ramsés Becker,Goalkeeper,0,Tottenham Hotspur,Liverpool,8.6,40.0,,,,,,,,,,,,,,,
12840b9a-e288-4b57-9584-1bac1764d3b8,Carry,44,19,1,Liverpool,Alisson Ramsés Becker,Goalkeeper,0,Tottenham Hotspur,Liverpool,8.6,40.0,,,,,,,,,,,8.6,41.7,0.0,,
81e433c9-4325-461c-ad9f-9ee7d5ff5bae,Pass,44,20,1,Liverpool,Alisson Ramsés Becker,Goalkeeper,0,Tottenham Hotspur,Liverpool,8.6,41.7,Joël Andre Job Matip,,,Ground Pass,Right Foot,23.3,69.7,0.00941056,0.00942382,1.325999999999931e-05,,,,,
83c37663-a86d-4055-b333-2eb70a6b00ed,Ball Receipt*,44,22,1,Liverpool,Joël Andre Job Matip,Right Center Back,0,Tottenham Hotspur,Liverpool,23.3,69.7,,,,,,,,,,,,,,,
54a7e41f-e427-4f23-bb5d-01ec448c2c07,Carry,44,22,1,Liverpool,Joël Andre Job Matip,Right Center Back,0,Tottenham Hotspur,Liverpool,23.3,69.7,,,,,,,,,,,40.8,70.7,0.001838850000000001,,
51b476b6-0c64-4d40-ba18-ff93d57f40a6,Pass,44,24,1,Liverpool,Joël Andre Job Matip,Right Center Back,0,Tottenham Hotspur,Liverpool,40.8,70.7,Sadio Mané,Incomplete,,High Pass,Right Foot,89.3,38.3,0.01126267,0.02385149,0.01258882,,,,,
c4a213bc-477f-4039-ba37-21ee797a6928,Ball Receipt*,44,27,1,Liverpool,Sadio Mané,Left Wing,0,Tottenham Hotspur,Liverpool,83.8,44.2,,,,,,,,,,,,,,,
387a34b5-2fd7-4ae0-b6b5-3379ea1b9996,Pass,44,27,1,Tottenham Hotspur,Kieran Trippier,Right Back,0,Tottenham Hotspur,Liverpool,30.8,41.8,Hugo Lloris,,Recovery,Low Pass,Head,8.3,51.8,0.01132376,0.0088799,-0.002443860000000001,,,,,
38138a56-6e10-4d13-89a2-bd653ba10fd2,Ball Receipt*,44,29,1,Tottenham Hotspur,Hugo Lloris,Goalkeeper,0,Tottenham Hotspur,Liverpool,8.3,51.8,,,,,,,,,,,,,,,
45c19f46-f6c3-4ca0-a578-2a13569a9af2,Carry,44,29,1,Tottenham Hotspur,Hugo Lloris,Goalkeeper,0,Tottenham Hotspur,Liverpool,8.3,51.8,,,,,,,,,,,7.7,54.4,0.0,,
6ec70aa9-2cb1-4b6c-9fbe-e27d9d8ba6f2,Pass,44,30,1,Tottenham Hotspur,Hugo Lloris,Goalkeeper,0,Tottenham Hotspur,Liverpool,7.7,54.4,Kieran Trippier,,,Ground Pass,Keeper Arm,29.3,60.7,0.0088799,0.00942382,0.0005439199999999998,,,,,
fff3073c-ac78-49f8-b6f3-e593193e3354,Ball Receipt*,44,31,1,Tottenham Hotspur,Kieran Trippier,Right Back,0,Tottenham Hotspur,Liverpool,29.3,60.7,,,,,,,,,,,,,,,
ee899c00-3c41-4d15-b98e-b0faa6d4e22f,Carry,44,31,1,Tottenham Hotspur,Kieran Trippier,Right Back,0,Tottenham Hotspur,Liverpool,29.3,60.7,,,,,,,,,,,41.5,64.2,0.002723370000000001,,
303e78e3-7305-4942-a175-c66094961466,Pass,44,33,1,Tottenham Hotspur,Kieran Trippier,Right Back,0,Tottenham Hotspur,Liverpool,41.5,64.2,Harry Winks,,,Ground Pass,Right Foot,49.1,58.8,0.01214719,0.01269174,0.0005445499999999995,,,,,
78c82654-d1d1-404a-9ba8-0fca4d4eef53,Ball Receipt*,44,35,1,Tottenham Hotspur,Harry Winks,Left Center Midfield,0,Tottenham Hotspur,Liverpool,49.1,58.8,,,,,,,,,,,,,,,
dfa499b0-bc6f-4d3e-b224-c5a0711a2ec4,Carry,44,35,1,Tottenham Hotspur,Harry Winks,Left Center Midfield,0,Tottenham Hotspur,Liverpool,49.1,58.8,,,,,,,,,,,48.0,58.1,0.0,,
294a00c2-936d-48ca-afc5-800f09316906,Pass,44,35,1,Tottenham Hotspur,Harry Winks,Left Center Midfield,0,Tottenham Hotspur,Liverpool,48.0,58.1,Kieran Trippier,,,Ground Pass,Right Foot,52.2,74.1,0.01269174,0.01248344,-0.0002082999999999998,,,,,
149efeee-03d1-4161-b65d-8bd8f91f6594,Pressure,44,36,1,Liverpool,Jordan Brian Henderson,Right Center Midfield,0,Tottenham Hotspur,Liverpool,62.4,11.9,,,,,,,,,,,,,,,
fce2d88a-ef8c-4829-a9fe-e8e241991192,Ball Receipt*,44,36,1,Tottenham Hotspur,Kieran Trippier,Right Back,1,Tottenham Hotspur,Liverpool,52.2,74.1,,,,,,,,,,,,,,,
bd2e6c67-8965-43e5-a460-258448564a3b,Carry,44,36,1,Tottenham Hotspur,Kieran Trippier,Right Back,1,Tottenham Hotspur,Liverpool,52.2,74.1,,,,,,,,,,,54.7,73.7,0.0,,
d19edbf7-f719-4108-ad42-d70b29b876c6,Pass,44,37,1,Tottenham Hotspur,Kieran Trippier,Right Back,1,Tottenham Hotspur,Liverpool,54.7,73.7,Harry Kane,Incomplete,,High Pass,Right Foot,92.4,71.0,0.01248344,0.02756312,0.01507968,,,,,
3f5f9260-7cee-491a-865e-0c198c803665,Ball Receipt*,44,40,1,Tottenham Hotspur,Harry Kane,Center Forward,0,Tottenham Hotspur,Liverpool,94.7,64.0,,,,,,,,,,,,,,,
5e8f29d0-f4ae-415f-a890-887672d04107,Interception,44,40,1,Liverpool,Andrew Robertson,Left Back,0,Tottenham Hotspur,Liverpool,27.7,9.1,,,,,,,,,,,,,,,
ee4f2db8-345f-4cfe-9d66-5077790ae66a,Pass,44,59,1,Tottenham Hotspur,Kieran Trippier,Right Back,0,Tottenham Hotspur,Liverpool,77.7,80.0,Christian Dannemann Eriksen,,Throw-in,High Pass,,77.2,67.8,0.0174506,0.01870347,0.00125287,,,,,
c82cd767-b654-4e98-9263-ef77dc9eeb61,Pressure,45,0,1,Liverpool,Fábio Henrique Tavares,Center Defensive Midfield,0,Tottenham Hotspur,Liverpool,39.7,10.8,,,,,,,,,,,,,,,
c25453d4-f317-4a30-b507-a64a15fbbab1,Ball Receipt*,45,0,1,Tottenham Hotspur,Christian Dannemann Eriksen,Right Wing,1,Tottenham Hotspur,Liverpool,77.2,67.8,,,,,,,,,,,,,,,
409fd0d9-ce63-4a85-9064-77deda12f019,Carry,45,0,1,Tottenham Hotspur,Christian Dannemann Eriksen,Right Wing,1,Tottenham Hotspur,Liverpool,77.2,67.8,,,,,,,,,,,78.5,69.5,0.0,,
be37e318-699e-45bc-90d5-9a5efebbe83c,Pass,45,0,1,Tottenham Hotspur,Christian Dannemann Eriksen,Right Wing,1,Tottenham Hotspur,Liverpool,78.5,69.5,Kieran Trippier,,,Low Pass,Right Foot,77.0,77.3,0.01870347,0.0174506,-0.00125287,,,,,
dddfb944-8c89-4a1a-9422-58b536c3db69,Ball Receipt*,45,0,1,Tottenham Hotspur,Kieran Trippier,Right Back,0,Tottenham Hotspur,Liverpool,77.0,77.3,,,,,,,,,,,,,,,
ffced1df-f484-475c-a0c5-483a3669eaf1,Pass,45,0,1,Tottenham Hotspur,Kieran Trippier,Right Back,0,Tottenham Hotspur,Liverpool,77.0,77.3,Jan Vertonghen,,,High Pass,Right Foot,62.1,51.0,0.0174506,0.01685596,-0.0005946400000000004,,,,,
acef584f-488e-491e-98ce-494c51b2f124,Ball Receipt*,45,4,1,Tottenham Hotspur,Jan Vertonghen,Left Center Back,0,Tottenham Hotspur,Liverpool,62.1,51.0,,,,,,,,,,,,,,,
28063a9f-1801-4fbb-a9f4-bf04bb93a0e8,Duel,45,4,1,Liverpool,Roberto Firmino Barbosa de Oliveira,Center Forward,1,Tottenham Hotspur,Liverpool,58.4,28.3,,,,,,,,,,,,,,,
e002294d-81fa-49ce-9e1f-c8dd153fb704,Pass,45,4,1,Tottenham Hotspur,Jan Vertonghen,Left Center Back,1,Tottenham Hotspur,Liverpool,61.7,51.8,Harry Winks,Incomplete,,Low Pass,,66.7,39.2,0.01685596,0.01689528,3.931999999999894e-05,,,,,
9737d500-5a83-44f8-a98c-e99a034ee42f,Ball Receipt*,45,5,1,Tottenham Hotspur,Harry Winks,Left Center Midfield,0,Tottenham Hotspur,Liverpool,68.6,39.0,,,,,,,,,,,,,,,
87ec9359-a004-4ac9-980a-527e16e219e0,Pass,45,5,1,Liverpool,Mohamed Salah,Right Wing,0,Tottenham Hotspur,Liverpool,53.4,40.9,Georginio Wijnaldum,Incomplete,Recovery,Low Pass,Left Foot,56.5,37.5,0.01484598,0.01484598,0.0,,,,,
93f7e777-c071-4d09-baaf-175b3c020392,Ball Receipt*,45,7,1,Liverpool,Georginio Wijnaldum,Left Center Midfield,0,Tottenham Hotspur,Liverpool,58.0,33.9,,,,,,,,,,,,,,,
b9901361-f7e2-414d-8f74-5d738534703b,Ball Recovery,45,7,1,Tottenham Hotspur,Moussa Sissoko,Right Defensive Midfield,0,Tottenham Hotspur,Liverpool,63.6,42.6,,,,,,,,,,,,,,,
c9677004-ee0b-4369-9da8-71600606e305,Carry,45,7,1,Tottenham Hotspur,Moussa Sissoko,Right Defensive Midfield,1,Tottenham Hotspur,Liverpool,63.6,42.6,,,,,,,,,,,64.8,54.4,-3.931999999999894e-05,,
2797da5c-85c3-4f75-9c72-ea1413eecd17,Pressure,45,10,1,Liverpool,Georginio Wijnaldum,Left Center Midfield,0,Tottenham Hotspur,Liverpool,53.2,30.1,,,,,,,,,,,,,,,
d40848fd-e0b6-4a99-8447-81099bc42008,Pass,45,11,1,Tottenham Hotspur,Moussa Sissoko,Right Defensive Midfield,1,Tottenham Hotspur,Liverpool,64.8,54.4,Heung-Min Son,,,Ground Pass,Right Foot,80.2,68.0,0.01685596,0.02401521,0.007159249999999999,,,,,
91a5b818-d740-48cc-9995-8dbe8314a77b,Ball Receipt*,45,12,1,Tottenham Hotspur,Heung-Min Son,Left Wing,0,Tottenham Hotspur,Liverpool,80.2,68.0,,,,,,,,,,,,,,,
891f2abb-f435-43d9-9bbc-9582e34c7489,Carry,45,12,1,Tottenham Hotspur,Heung-Min Son,Left Wing,1,Tottenham Hotspur,Liverpool,80.2,68.0,,,,,,,,,,,90.3,55.2,0.004536810000000002,,
29932673-fee4-485b-8818-d2049685923f,Pressure,45,13,1,Liverpool,Andrew Robertson,Left Back,0,Tottenham Hotspur,Liverpool,35.1,13.1,,,,,,,,,,,,,,,
6950f2d2-531f-4f18-9b6b-9a9dd2bb341d,Pass,45,15,1,Tottenham Hotspur,Heung-Min Son,Left Wing,0,Tottenham Hotspur,Liverpool,90.3,55.2,Bamidele Alli,,,Ground Pass,Right Foot,93.6,34.4,0.02855202,0.03511326,0.006561239999999999,,,,,
36e6bc9b-2ada-4d8b-a5b2-50424e45ab07,Pressure,45,16,1,Liverpool,Trent Alexander-Arnold,Right Back,0,Tottenham Hotspur,Liverpool,25.0,44.0,,,,,,,,,,,,,,,
69b49860-3180-4139-a39a-acea9eb3e023,Ball Receipt*,45,17,1,Tottenham Hotspur,Bamidele Alli,Center Attacking Midfield,0,Tottenham Hotspur,Liverpool,93.6,34.4,,,,,,,,,,,,,,,
985787e2-77ce-416c-8875-e1f13b17809e,Carry,45,17,1,Tottenham Hotspur,Bamidele Alli,Center Attacking Midfield,0,Tottenham Hotspur,Liverpool,93.6,34.4,,,,,,,,,,,93.2,32.3,0.0,,
bf1aecdc-b3fd-40b0-a1b7-a32c5ced1dd7,Pass,45,17,1,Tottenham Hotspur,Bamidele Alli,Center Attacking Midfield,0,Tottenham Hotspur,Liverpool,93.2,32.3,Christian Dannemann Eriksen,,,Ground Pass,Right Foot,90.7,43.9,0.03511326,0.03511326,0.0,,,,,
32950582-e876-4b55-b6ab-7a5710e5b099,Ball Receipt*,45,17,1,Tottenham Hotspur,Christian Dannemann Eriksen,Right Wing,0,Tottenham Hotspur,Liverpool,90.7,43.9,,,,,,,,,,,,,,,
fce461a7-6aef-4aae-bbea-a9b57fd03017,Carry,45,17,1,Tottenham Hotspur,Christian Dannemann Eriksen,Right Wing,1,Tottenham Hotspur,Liverpool,90.7,43.9,,,,,,,,,,,96.1,41.6,0.0,,
3ed1dbd6-49c5-4ac5-a406-e29727ce115b,Pressure,45,19,1,Liverpool,Joël Andre Job Matip,Right Center Back,0,Tottenham Hotspur,Liverpool,19.3,42.5,,,,,,,,,,,,,,,
1c2f8976-cb1e-41d2-90a8-4c587306d4bf,Shot,45,19,1,Tottenham Hotspur,Christian Dannemann Eriksen,Right Wing,1,Tottenham Hotspur,Liverpool,96.1,41.6,,,,,,,,,,,,,,0.045138687,Off T
6ccc808f-93d6-446d-b577-9bb31f0f95c5,Goal Keeper,45,20,1,Liverpool,Alisson Ramsés Becker,Goalkeeper,0,Tottenham Hotspur,Liverpool,1.6,40.6,,,,,,,,,,,,,,,
2ae20954-1694-44d7-85b8-89c9b079ff79,Pass,45,42,1,Liverpool,Alisson Ramsés Becker,Goalkeeper,0,Tottenham Hotspur,Liverpool,7.0,44.1,Sadio Mané,,Goal Kick,High Pass,Right Foot,72.7,27.0,0.00941056,0.01935132,0.009940760000000002,,,,,
1a59028d-b4ca-4fdf-a065-c7c9bde76177,Ball Receipt*,45,47,1,Liverpool,Sadio Mané,Left Wing,0,Tottenham Hotspur,Liverpool,72.7,27.0,,,,,,,,,,,,,,,
0d367e71-081c-4afc-830f-0c82a8c055cb,Duel,45,47,1,Tottenham Hotspur,Toby Alderweireld,Right Center Back,1,Tottenham Hotspur,Liverpool,47.4,53.1,,,,,,,,,,,,,,,
e989dd99-f12a-4930-b6b2-286c4ad5a649,Pass,45,47,1,Liverpool,Sadio Mané,Left Wing,1,Tottenham Hotspur,Liverpool,72.7,27.0,Mohamed Salah,,,High Pass,,75.4,57.0,0.01935132,0.01935132,0.0,,,,,
85bcdf09-920b-4e97-b2f9-df9b42b9e4c2,Ball Receipt*,45,49,1,Liverpool,Mohamed Salah,Right Wing,0,Tottenham Hotspur,Liverpool,75.4,57.0,,,,,,,,,,,,,,,
dcb43334-6fe1-4142-a1a7-f757caa74715,Carry,45,49,1,Liverpool,Mohamed Salah,Right Wing,0,Tottenham Hotspur,Liverpool,75.4,57.0,,,,,,,,,,,75.4,58.3,0.0,,
5bc9c19f-977d-431a-af79-122c1d4d71a0,Miscontrol,45,50,1,Liverpool,Mohamed Salah,Right Wing,0,Tottenham Hotspur,Liverpool,75.4,58.3,,,,,,,,,,,,,,,
6ea67b0f-28c6-4ad6-9b40-4b4b002d52e5,Pressure,45,50,1,Liverpool,Mohamed Salah,Right Wing,0,Tottenham Hotspur,Liverpool,75.2,65.7,,,,,,,,,,,,,,,
75137564-b633-4725-b354-0db654e10765,Ball Recovery,45,52,1,Tottenham Hotspur,Danny Rose,Left Back,1,Tottenham Hotspur,Liverpool,42.3,6.9,,,,,,,,,,,,,,,
78963848-89ad-4e0b-8609-3de4f3ab947f,Carry,45,52,1,Tottenham Hotspur,Danny Rose,Left Back,1,Tottenham Hotspur,Liverpool,42.3,6.9,,,,,,,,,,,33.5,3.1,-0.001486080000000001,,
cfce2ee5-a8c2-46d6-a6b7-056ac6226ad7,Pass,45,54,1,Tottenham Hotspur,Danny Rose,Left Back,1,Tottenham Hotspur,Liverpool,33.5,3.1,Harry Winks,,,Ground Pass,Right Foot,34.6,12.8,0.00977659,0.0105949,0.0008183100000000009,,,,,
e051bb8b-f2b5-42f2-8df6-f469b1c7bed8,Pressure,45,55,1,Liverpool,Jordan Brian Henderson,Right Center Midfield,0,Tottenham Hotspur,Liverpool,79.4,68.8,,,,,,,,,,,,,,,
5cf5d241-92c2-473d-82ce-329cbddba29f,Ball Receipt*,45,56,1,Tottenham Hotspur,Harry Winks,Left Center Midfield,1,Tottenham Hotspur,Liverpool,34.6,12.8,,,,,,,,,,,,,,,
82f5a045-c305-4f71-9484-b7e56b83d18a,Carry,45,56,1,Tottenham Hotspur,Harry Winks,Left Center Midfield,1,Tottenham Hotspur,Liverpool,34.6,12.8,,,,,,,,,,,34.2,14.6,0.0,,
b9b3b6d6-4daf-4755-adff-e3a7ab7631b6,Pass,45,57,1,Tottenham Hotspur,Harry Winks,Left Center Midfield,1,Tottenham Hotspur,Liverpool,34.2,14.6,Toby Alderweireld,,,Ground Pass,Right Foot,26.6,41.8,0.0105949,0.01016549,-0.0004294100000000016,,,,,
4c0cc0ac-a4ea-4ade-a292-29d53dbf8f15,Ball Receipt*,45,58,1,Tottenham Hotspur,Toby Alderweireld,Right Center Back,0,Tottenham Hotspur,Liverpool,26.6,41.8,,,,,,,,,,,,,,,
8efc9616-ff38-455f-9f27-69641cdac7ec,Carry,45,58,1,Tottenham Hotspur,Toby Alderweireld,Right Center Back,0,Tottenham Hotspur,Liverpool,26.6,41.8,,,,,,,,,,,27.0,38.6,0.0,,
ccd24cee-cb66-4391-8853-0335948710ce,Pass,45,58,1,Tottenham Hotspur,Toby Alderweireld,Right Center Back,0,Tottenham Hotspur,Liverpool,27.0,38.6,Jan Vertonghen,,,Ground Pass,Left Foot,14.8,23.9,0.01016549,0.00977745,-0.0003880399999999992,,,,,
0ab05f42-9854-41e9-8414-c20c5ed2ba84,Ball Receipt*,46,0,1,Tottenham Hotspur,Jan Vertonghen,Left Center Back,0,Tottenham Hotspur,Liverpool,14.8,23.9,,,,,,,,,,,,,,,
e663e52c-0241-4171-8ffc-790df3a662b6,Carry,46,0,1,Tottenham Hotspur,Jan Vertonghen,Left Center Back,0,Tottenham Hotspur,Liverpool,14.8,23.9,,,,,,,,,,,15.4,24.1,0.0,,
ed8dfcdc-63d0-4541-90d3-830994a9907a,Pass,46,1,1,Tottenham Hotspur,Jan Vertonghen,Left Center Back,0,Tottenham Hotspur,Liverpool,15.4,24.1,Toby Alderweireld,,,Ground Pass,Left Foot,15.7,39.7,0.00977745,0.01082722,0.00104977,,,,,
6b228348-a05a-4ac0-9d88-1b4a3790afc7,Ball Receipt*,46,2,1,Tottenham Hotspur,Toby Alderweireld,Right Center Back,0,Tottenham Hotspur,Liverpool,15.7,39.7,,,,,,,,,,,,,,,
4892dbc7-d265-4452-9a5c-0874e99f5850,Carry,46,2,1,Tottenham Hotspur,Toby Alderweireld,Right Center Back,0,Tottenham Hotspur,Liverpool,15.7,39.7,,,,,,,,,,,15.7,44.1,0.0,,
e2913163-48f0-465b-a3ba-a3098b79e32a,Pass,46,3,1,Tottenham Hotspur,Toby Alderweireld,Right Center Back,0,Tottenham Hotspur,Liverpool,15.7,44.1,Kieran Trippier,,,Ground Pass,Right Foot,36.7,76.2,0.01082722,0.00977659,-0.00105063,,,,,
96e52b2f-a4c1-46bc-b7c8-cc8b01955859,Ball Receipt*,46,6,1,Tottenham Hotspur,Kieran Trippier,Right Back,0,Tottenham Hotspur,Liverpool,36.7,76.2,,,,,,,,,,,,,,,
bf1d960b-e8cd-4ffb-aab0-c7709906ac20,Carry,46,6,1,Tottenham Hotspur,Kieran Trippier,Right Back,0,Tottenham Hotspur,Liverpool,36.7,76.2,,,,,,,,,,,42.8,76.6,0.001486080000000001,,
16a4e633-d906-4783-9220-a381eb254bc4,Pass,46,7,1,Tottenham Hotspur,Kieran Trippier,Right Back,0,Tottenham Hotspur,Liverpool,42.8,76.6,Harry Kane,Incomplete,,High Pass,Right Foot,84.0,37.1,0.01126267,0.02385149,0.01258882,,,,,
40ac3fbc-af32-4c1d-859b-717b6644df4a,Ball Receipt*,46,10,1,Tottenham Hotspur,Harry Kane,Center Forward,0,Tottenham Hotspur,Liverpool,85.2,42.8,,,,,,,,,,,,,,,
86102c7c-fb4e-444b-b218-c971f0ebc2d8,Pass,46,10,1,Liverpool,Joël Andre Job Matip,Right Center Back,0,Tottenham Hotspur,Liverpool,36.1,43.0,Virgil van Dijk,,Recovery,High Pass,Head,34.9,32.0,0.01132376,0.01132376,0.0,,,,,
354bb7e6-40f5-4c0c-b05f-9644e20d1a7b,Ball Receipt*,46,12,1,Liverpool,Virgil van Dijk,Left Center Back,0,Tottenham Hotspur,Liverpool,34.9,32.0,,,,,,,,,,,,,,,
4330ef7b-25bf-404a-b814-be91241f63be,Carry,46,12,1,Liverpool,Virgil van Dijk,Left Center Back,0,Tottenham Hotspur,Liverpool,34.9,32.0,,,,,,,,,,,35.9,31.6,0.0,,
360d671d-c2bb-487a-b5e1-1b857fbe739d,Pass,46,12,1,Liverpool,Virgil van Dijk,Left Center Back,0,Tottenham Hotspur,Liverpool,35.9,31.6,,Out,,High Pass,Right Foot,34.0,0.1,0.01132376,0.00977659,-0.00154717,,,,,
b52d9215-9bcd-44a4-909b-3565a07d6b78,Pass,46,20,1,Tottenham Hotspur,Kieran Trippier,Right Back,0,Tottenham Hotspur,Liverpool,87.1,80.0,Moussa Sissoko,,Throw-in,High Pass,,81.9,69.7,0.02122129,0.02401521,0.002793919999999998,,,,,
b4f004ee-4f44-4bc7-a924-37f0a5a03a48,Pressure,46,21,1,Liverpool,Sadio Mané,Left Wing,0,Tottenham Hotspur,Liverpool,36.6,12.1,,,,,,,,,,,,,,,
fd2eb129-05af-4a83-a3d2-60ab58e24a35,Ball Receipt*,46,22,1,Tottenham Hotspur,Moussa Sissoko,Right Defensive Midfield,1,Tottenham Hotspur,Liverpool,81.9,69.7,,,,,,,,,,,,,,,
19b26019-8b75-4ffc-a721-48eae9d4a548,Carry,46,22,1,Tottenham Hotspur,Moussa Sissoko,Right Defensive Midfield,1,Tottenham Hotspur,Liverpool,81.9,69.7,,,,,,,,,,,82.3,70.8,-0.002793919999999998,,
a78527e2-b445-4374-9072-1931f42d92a0,Pass,46,22,1,Tottenham Hotspur,Moussa Sissoko,Right Defensive Midfield,1,Tottenham Hotspur,Liverpool,82.3,70.8,Kieran Trippier,,,Ground Pass,Right Foot,85.6,74.5,0.02122129,0.02122129,0.0,,,,,
701575c1-af5e-4bcb-8a63-0d8448f509b4,Pressure,46,22,1,Liverpool,Sadio Mané,Left Wing,0,Tottenham Hotspur,Liverpool,34.9,8.1,,,,,,,,,,,,,,,
cf3332af-e92d-4f00-9419-0a27e48802fa,Ball Receipt*,46,23,1,Tottenham Hotspur,Kieran Trippier,Right Back,1,Tottenham Hotspur,Liverpool,85.6,74.5,,,,,,,,,,,,,,,
d41f927e-031e-4222-ace2-8083b2f8fc2b,Carry,46,23,1,Tottenham Hotspur,Kieran Trippier,Right Back,1,Tottenham Hotspur,Liverpool,85.6,74.5,,,,,,,,,,,85.8,76.0,0.0,,
de2da194-a338-44cc-bce1-51fa33178616,Pass,46,23,1,Tottenham Hotspur,Kieran Trippier,Right Back,0,Tottenham Hotspur,Liverpool,85.8,76.0,Moussa Sissoko,,,Ground Pass,Right Foot,78.3,76.2,0.02122129,0.0174506,-0.00377069,,,,,
7af7eec6-46b4-47f3-96c2-a7cf19ffba94,Ball Receipt*,46,25,1,Tottenham Hotspur,Moussa Sissoko,Right Defensive Midfield,0,Tottenham Hotspur,Liverpool,78.3,76.2,,,,,,,,,,,,,,,
1a889e43-27ad-4964-b9e5-aaa027ca679d,Carry,46,25,1,Tottenham Hotspur,Moussa Sissoko,Right Defensive Midfield,0,Tottenham Hotspur,Liverpool,78.3,76.2,,,,,,,,,,,70.7,71.8,0.0,,
97c71e89-56e4-45b0-b2b4-360a96f4b970,Pass,46,26,1,Tottenham Hotspur,Moussa Sissoko,Right Defensive Midfield,0,Tottenham Hotspur,Liverpool,70.7,71.8,Jan Vertonghen,,,Ground Pass,Left Foot,56.4,43.6,0.0174506,0.01484598,-0.00260462,,,,,
05042ddf-05b4-487c-b9b4-b7cd448e2956,Ball Receipt*,46,28,1,Tottenham Hotspur,Jan Vertonghen,Left Center Back,0,Tottenham Hotspur,Liverpool,56.4,43.6,,,,,,,,,,,,,,,
1c7e1639-c78c-4685-b5b0-db7eb9405ebf,Carry,46,28,1,Tottenham Hotspur,Jan Vertonghen,Left Center Back,0,Tottenham Hotspur,Liverpool,56.4,43.6,,,,,,,,,,,62.1,33.8,0.002049299999999999,,
26375117-c3f4-4257-89aa-514638d9ed39,Pass,46,29,1,Tottenham Hotspur,Jan Vertonghen,Left Center Back,0,Tottenham Hotspur,Liverpool,62.1,33.8,Danny Rose,,,Ground Pass,Right Foot,68.8,6.9,0.01689528,0.01473596,-0.002159319999999999,,,,,
257bc335-a569-4538-8083-2f784b7b1f9c,Ball Receipt*,46,31,1,Tottenham Hotspur,Danny Rose,Left Back,0,Tottenham Hotspur,Liverpool,68.8,6.9,,,,,,,,,,,,,,,
f67bd399-8643-4ada-bd66-337e1c354daa,Carry,46,31,1,Tottenham Hotspur,Danny Rose,Left Back,0,Tottenham Hotspur,Liverpool,68.8,6.9,,,,,,,,,,,69.9,4.6,0.0,,
bf36515a-0894-4aae-bb1c-062cb022deb6,Pass,46,31,1,Tottenham Hotspur,Danny Rose,Left Back,0,Tottenham Hotspur,Liverpool,69.9,4.6,Bamidele Alli,,,Ground Pass,Left Foot,85.0,2.0,0.01473596,0.02122129,0.006485330000000001,,,,,
1492577a-4a05-4c4a-8536-699477fdbb8b,Ball Receipt*,46,33,1,Tottenham Hotspur,Bamidele Alli,Center Attacking Midfield,0,Tottenham Hotspur,Liverpool,85.0,2.0,,,,,,,,,,,,,,,
731dfa78-9b18-49e3-8547-94f0b8e1cefa,Carry,46,33,1,Tottenham Hotspur,Bamidele Alli,Center Attacking Midfield,0,Tottenham Hotspur,Liverpool,85.0,2.0,,,,,,,,,,,89.2,3.1,0.0,,
feb8d9e0-c832-44af-b974-960fe7b1da87,Pass,46,36,1,Tottenham Hotspur,Bamidele Alli,Center Attacking Midfield,0,Tottenham Hotspur,Liverpool,89.2,3.1,Harry Winks,,,Ground Pass,Right Foot,76.2,10.0,0.02122129,0.01870347,-0.00251782,,,,,
943fc0fa-30b7-48fc-b95f-ae2763dd14c0,Ball Receipt*,46,37,1,Tottenham Hotspur,Harry Winks,Left Center Midfield,0,Tottenham Hotspur,Liverpool,76.2,10.0,,,,,,,,,,,,,,,
72166f5e-2630-4c0e-b6f9-d83f78e30544,Carry,46,37,1,Tottenham Hotspur,Harry Winks,Left Center Midfield,1,Tottenham Hotspur,Liverpool,76.2,10.0,,,,,,,,,,,82.7,9.8,0.00251782,,
fa775423-1ff9-4125-a26a-b18277e5fb27,Pressure,46,37,1,Liverpool,Roberto Firmino Barbosa de Oliveira,Center Forward,0,Tottenham Hotspur,Liverpool,42.7,68.0,,,,,,,,,,,,,,,
4d7819f3-c62e-41c6-a91f-ea86b5c6e232,Pass,46,38,1,Tottenham Hotspur,Harry Winks,Left Center Midfield,1,Tottenham Hotspur,Liverpool,82.7,9.8,Danny Rose,,,Ground Pass,Right Foot,76.6,3.7,0.02122129,0.0174506,-0.00377069,,,,,
addcd74a-581b-4e2b-bf8c-fe2449f95e72,Ball Receipt*,46,40,1,Tottenham Hotspur,Danny Rose,Left Back,0,Tottenham Hotspur,Liverpool,76.6,3.7,,,,,,,,,,,,,,,
57a867f2-f7fa-4827-b26e-01a292c7f04d,Carry,46,40,1,Tottenham Hotspur,Danny Rose,Left Back,0,Tottenham Hotspur,Liverpool,76.6,3.7,,,,,,,,,,,76.8,3.3,0.0,,
72ccc70e-385e-4dbb-a7d6-8b801f528eb5,Pass,46,40,1,Tottenham Hotspur,Danny Rose,Left Back,0,Tottenham Hotspur,Liverpool,76.8,3.3,Bamidele Alli,,,Ground Pass,Right Foot,91.3,2.0,0.0174506,0.02756312,0.01011252,,,,,
a6f84554-3370-4023-bd65-817135e57f6a,Ball Receipt*,46,42,1,Tottenham Hotspur,Bamidele Alli,Center Attacking Midfield,0,Tottenham Hotspur,Liverpool,91.3,2.0,,,,,,,,,,,,,,,
1e56b0ec-d063-4df8-9176-c2cc971262be,Carry,46,42,1,Tottenham Hotspur,Bamidele Alli,Center Attacking Midfield,0,Tottenham Hotspur,Liverpool,91.3,2.0,,,,,,,,,,,97.2,8.3,0.0,,
8acc9947-a7cf-42fd-ab9e-ff96ff3ad0f4,Pass,46,43,1,Tottenham Hotspur,Bamidele Alli,Center Attacking Midfield,0,Tottenham Hotspur,Liverpool,97.2,8.3,Harry Winks,,,Ground Pass,Right Foot,110.4,10.9,0.02756312,0.04647721,0.01891409,,,,,
3683fb47-5eae-4c5e-b578-40705c51c541,Ball Receipt*,46,45,1,Tottenham Hotspur,Harry Winks,Left Center Midfield,0,Tottenham Hotspur,Liverpool,110.4,10.9,,,,,,,,,,,,,,,
2a18e06c-079d-4a16-af23-e6367a5c161e,Carry,46,45,1,Tottenham Hotspur,Harry Winks,Left Center Midfield,0,Tottenham Hotspur,Liverpool,110.4,10.9,,,,,,,,,,,110.4,10.9,0.0,,
1a3375a4-1cb7-4335-af39-0a7e4f1dff59,Pass,46,45,1,Tottenham Hotspur,Harry Winks,Left Center Midfield,0,Tottenham Hotspur,Liverpool,110.4,10.9,Harry Kane,Incomplete,,Ground Pass,Left Foot,111.5,28.7,0.04647721,0.06442595,0.01794874,,,,,
f162b8ab-7810-4eed-92d7-fbc71d720dff,Ball Receipt*,46,46,1,Tottenham Hotspur,Harry Kane,Center Forward,0,Tottenham Hotspur,Liverpool,108.8,32.1,,,,,,,,,,,,,,,
961f1763-c79f-40a1-8f1b-9520510b3661,Clearance,46,46,1,Liverpool,Joël Andre Job Matip,Right Center Back,1,Tottenham Hotspur,Liverpool,8.6,51.4,,,,,,,,,,,,,,,
5dcbe0c8-7996-44ce-906b-51f6d8395836,Ball Recovery,46,47,1,Tottenham Hotspur,Danny Rose,Left Back,0,Tottenham Hotspur,Liverpool,107.7,10.0,,,,,,,,,,,,,,,
ea770dcc-c471-4e0f-a63d-b344633e0e35,Ball Recovery,46,49,1,Liverpool,Trent Alexander-Arnold,Right Back,0,Tottenham Hotspur,Liverpool,5.0,71.5,,,,,,,,,,,,,,,
4817caad-1d0e-43aa-8eeb-56f6d09573d8,Carry,46,49,1,Liverpool,Trent Alexander-Arnold,Right Back,0,Tottenham Hotspur,Liverpool,5.0,71.5,,,,,,,,,,,1.9,76.2,0.0,,
0a58950e-2dda-4074-ae56-8f3ae45bc202,Pass,46,50,1,Liverpool,Trent Alexander-Arnold,Right Back,0,Tottenham Hotspur,Liverpool,1.9,76.2,,Out,,High Pass,Right Foot,43.5,79.7,0.00638303,0.01126267,0.004879640000000001,,,,,
da32bfdf-040b-45e8-9eb4-aaac6fdc402a,Half End,47,9,1,Liverpool,,,0,Tottenham Hotspur,Liverpool,,,,,,,,,,,,,,,,,
709a2769-a551-4fa8-ac3d-106e11a8245b,Half End,47,9,1,Tottenham Hotspur,,,0,Tottenham Hotspur,Liverpool,,,,,,,,,,,,,,,,,
5bf22eb8-1257-4e6f-beca-2a3652936b18,Half Start,45,0,2,Liverpool,,,0,Tottenham Hotspur,Liverpool,,,,,,,,,,,,,,,,,
64501101-8a8c-48b0-8184-bd2ac7dad41d,Half Start,45,0,2,Tottenham Hotspur,,,0,Tottenham Hotspur,Liverpool,,,,,,,,,,,,,,,,,
9659946c-1e8d-44fb-a8a8-a2dae399e440,Pass,45,0,2,Tottenham Hotspur,Harry Winks,Left Center Midfield,0,Tottenham Hotspur,Liverpool,61.0,40.1,Jan Vertonghen,,Kick Off,Ground Pass,Right Foot,37.2,45.6,0.01689528,0.01132376,-0.005571519999999998,,,,,
f4ab4a6a-d2bb-48a9-8235-d8dc467f6aaf,Ball Receipt*,45,1,2,Tottenham Hotspur,Jan Vertonghen,Left Center Back,0,Tottenham Hotspur,Liverpool,37.2,45.6,,,,,,,,,,,,,,,
e776fc88-e457-486f-9064-09f90edf7263,Carry,45,1,2,Tottenham Hotspur,Jan Vertonghen,Left Center Back,0,Tottenham Hotspur,Liverpool,37.2,45.6,,,,,,,,,,,38.4,45.9,0.0,,
72a75bac-f34a-4389-bc2b-fd6e145a5226,Pass,45,3,2,Tottenham Hotspur,Jan Vertonghen,Left Center Back,0,Tottenham Hotspur,Liverpool,38.4,45.9,,Out,,High Pass,Left Foot,96.5,79.8,0.01132376,0.02756312,0.01623936,,,,,
521b9548-e3c9-4fc9-abb1-9a5f587daaad,Pass,45,12,2,Liverpool,Andrew Robertson,Left Back,0,Tottenham Hotspur,Liverpool,28.9,0.1,Sadio Mané,Incomplete,Throw-in,High Pass,,73.0,5.0,0.00844854,0.0174506,0.009002060000000001,,,,,
377513b3-69c8-4f0d-85c4-5c9f720ed5d7,Ball Receipt*,45,15,2,Liverpool,Sadio Mané,Left Wing,0,Tottenham Hotspur,Liverpool,55.0,4.4,,,,,,,,,,,,,,,
ff8bcfae-af9d-47b9-a47c-d60085aab1c3,Pass,45,15,2,Tottenham Hotspur,Toby Alderweireld,Right Center Back,0,Tottenham Hotspur,Liverpool,47.1,75.1,Moussa Sissoko,Incomplete,Recovery,High Pass,Head,65.1,75.7,0.01126267,0.01473596,0.003473289999999999,,,,,
345ba53c-306f-4f46-84bd-c4fbb2060019,Ball Receipt*,45,17,2,Tottenham Hotspur,Moussa Sissoko,Right Defensive Midfield,0,Tottenham Hotspur,Liverpool,58.4,73.9,,,,,,,,,,,,,,,
c49a4122-897d-4f01-9307-940dc14b16e5,Pass,45,17,2,Liverpool,Georginio Wijnaldum,Left Center Midfield,0,Tottenham Hotspur,Liverpool,55.0,4.4,Roberto Firmino Barbosa de Oliveira,,Recovery,High Pass,Head,65.3,7.5,0.01248344,0.01473596,0.002252519999999999,,,,,
8d22997d-6b6d-48d6-af6b-c4042358fc91,Ball Receipt*,45,18,2,Liverpool,Roberto Firmino Barbosa de Oliveira,Center Forward,0,Tottenham Hotspur,Liverpool,65.3,7.5,,,,,,,,,,,,,,,
e7c1f94e-cc1a-4c74-b90e-e7c2a8c9410c,Pass,45,18,2,Liverpool,Roberto Firmino Barbosa de Oliveira,Center Forward,0,Tottenham Hotspur,Liverpool,65.3,7.5,Sadio Mané,,,High Pass,Head,70.9,8.2,0.01473596,0.0174506,0.002714640000000001,,,,,
caace5cc-d83f-486e-961a-ccc00e8ae175,Ball Receipt*,45,18,2,Liverpool,Sadio Mané,Left Wing,0,Tottenham Hotspur,Liverpool,70.9,8.2,,,,,,,,,,,,,,,
53dd71a5-d840-46e3-a3a9-71c969118a6e,Carry,45,18,2,Liverpool,Sadio Mané,Left Wing,1,Tottenham Hotspur,Liverpool,70.9,8.2,,,,,,,,,,,68.9,13.3,-0.001332469999999999,,
5a5a7179-387a-4115-a6c0-d5838246e3c6,Pressure,45,19,2,Tottenham Hotspur,Toby Alderweireld,Right Center Back,0,Tottenham Hotspur,Liverpool,48.5,68.5,,,,,,,,,,,,,,,
6f5c07f3-92c1-47e7-9d96-2604f3035ce0,Pass,45,20,2,Liverpool,Sadio Mané,Left Wing,1,Tottenham Hotspur,Liverpool,68.9,13.3,Mohamed Salah,Incomplete,,Low Pass,Right Foot,85.6,38.9,0.01611813,0.02385149,0.007733359999999998,,,,,
873b8bff-d87e-4948-8a6c-15046ce2cba3,Ball Receipt*,45,22,2,Liverpool,Mohamed Salah,Right Wing,0,Tottenham Hotspur,Liverpool,83.2,31.4,,,,,,,,,,,,,,,
8799438e-72c3-4c0e-a912-86b2fe247f31,Ball Recovery,45,22,2,Tottenham Hotspur,Danny Rose,Left Back,0,Tottenham Hotspur,Liverpool,34.5,41.2,,,,,,,,,,,,,,,
57eaab44-b287-411c-a7f0-9a24f768589d,Carry,45,22,2,Tottenham Hotspur,Danny Rose,Left Back,0,Tottenham Hotspur,Liverpool,34.5,41.2,,,,,,,,,,,35.2,35.9,0.0,,
1f8555ca-d5b3-44b1-ab9d-9dc3e6a68eb8,Pass,45,23,2,Tottenham Hotspur,Danny Rose,Left Back,0,Tottenham Hotspur,Liverpool,35.2,35.9,Bamidele Alli,,,Ground Pass,Left Foot,55.8,35.9,0.01132376,0.01484598,0.00352222,,,,,
f1c0cda5-8ec6-4932-adc7-f1da9473c00a,Pressure,45,24,2,Liverpool,Fábio Henrique Tavares,Center Defensive Midfield,0,Tottenham Hotspur,Liverpool,61.0,43.0,,,,,,,,,,,,,,,
89064628-7430-4beb-ac02-767995e91ed2,Ball Receipt*,45,24,2,Tottenham Hotspur,Bamidele Alli,Center Attacking Midfield,1,Tottenham Hotspur,Liverpool,55.8,35.9,,,,,,,,,,,,,,,
bd2cb195-f900-4ec3-a058-19ff9abacd7c,Carry,45,24,2,Tottenham Hotspur,Bamidele Alli,Center Attacking Midfield,1,Tottenham Hotspur,Liverpool,55.8,35.9,,,,,,,,,,,56.0,35.7,0.0,,
d3f4a385-0a8f-4865-a15d-59039c187e2d,Pass,45,24,2,Tottenham Hotspur,Bamidele Alli,Center Attacking Midfield,1,Tottenham Hotspur,Liverpool,56.0,35.7,Harry Winks,,,Ground Pass,Right Foot,50.7,40.5,0.01484598,0.01484598,0.0,,,,,
53c1a786-2e98-4637-8a67-05cf4c19397e,Ball Receipt*,45,25,2,Tottenham Hotspur,Harry Winks,Left Center Midfield,0,Tottenham Hotspur,Liverpool,50.7,40.5,,,,,,,,,,,,,,,
6320ff88-3e2b-4bcd-8846-89d091af6d47,Carry,45,25,2,Tottenham Hotspur,Harry Winks,Left Center Midfield,1,Tottenham Hotspur,Liverpool,50.7,40.5,,,,,,,,,,,67.1,62.8,0.001272150000000001,,
88204b04-7896-4929-ad96-d5b204b956c1,Pressure,45,27,2,Liverpool,Fábio Henrique Tavares,Center Defensive Midfield,0,Tottenham Hotspur,Liverpool,62.1,41.2,,,,,,,,,,,,,,,
30e09d31-a332-437e-a769-8a60c2a51709,Pressure,45,28,2,Liverpool,Roberto Firmino Barbosa de Oliveira,Center Forward,0,Tottenham Hotspur,Liverpool,62.1,36.7,,,,,,,,,,,,,,,
2a322ead-442e-4128-b3dd-6633c0fe61d0,Pass,45,30,2,Tottenham Hotspur,Harry Winks,Left Center Midfield,0,Tottenham Hotspur,Liverpool,67.1,62.8,Kieran Trippier,,,Ground Pass,Right Foot,64.0,75.8,0.01611813,0.01473596,-0.001382170000000002,,,,,
ea2b812a-069b-4de1-ba62-fd289e2952f2,Ball Receipt*,45,32,2,Tottenham Hotspur,Kieran Trippier,Right Back,0,Tottenham Hotspur,Liverpool,64.0,75.8,,,,,,,,,,,,,,,
97d7710e-415e-4169-bd64-e7c095b999de,Carry,45,32,2,Tottenham Hotspur,Kieran Trippier,Right Back,1,Tottenham Hotspur,Liverpool,64.0,75.8,,,,,,,,,,,64.0,76.3,0.0,,
d5bd8173-c0dd-418e-9cf9-310646b1aa96,Pressure,45,33,2,Liverpool,Sadio Mané,Left Wing,0,Tottenham Hotspur,Liverpool,51.1,6.3,,,,,,,,,,,,,,,
bf79cf09-04ac-4b01-bfa1-55dac6b4e2ef,Pass,45,33,2,Tottenham Hotspur,Kieran Trippier,Right Back,1,Tottenham Hotspur,Liverpool,64.0,76.3,Heung-Min Son,Incomplete,,High Pass,Right Foot,68.0,76.7,0.01473596,0.01473596,0.0,,,,,
3252c468-871a-4cee-b619-93d8d373ba79,Ball Receipt*,45,34,2,Tottenham Hotspur,Heung-Min Son,Left Wing,0,Tottenham Hotspur,Liverpool,94.3,57.6,,,,,,,,,,,,,,,
b5297810-880e-41c3-8b9b-ce77ee32afe6,Block,45,34,2,Liverpool,Sadio Mané,Left Wing,0,Tottenham Hotspur,Liverpool,52.1,3.4,,,,,,,,,,,,,,,
fd21562e-8ae0-4a73-95b7-cda150bf9007,Pass,45,36,2,Liverpool,Andrew Robertson,Left Back,0,Tottenham Hotspur,Liverpool,22.3,2.1,Sadio Mané,,Recovery,High Pass,Head,47.2,3.1,0.00844854,0.01126267,0.002814130000000001,,,,,
ff4091fb-1e11-460d-a47a-d50927d259af,Ball Receipt*,45,37,2,Liverpool,Sadio Mané,Left Wing,0,Tottenham Hotspur,Liverpool,47.2,3.1,,,,,,,,,,,,,,,
bb7f5e3f-4da2-436c-82c5-145a6e48e5d3,Carry,45,37,2,Liverpool,Sadio Mané,Left Wing,0,Tottenham Hotspur,Liverpool,47.2,3.1,,,,,,,,,,,47.2,3.8,0.0,,
8744ea8b-2c2e-4845-b331-7096b44812ad,Miscontrol,45,38,2,Liverpool,Sadio Mané,Left Wing,0,Tottenham Hotspur,Liverpool,47.2,3.8,,,,,,,,,,,,,,,
a59c14e3-528d-4d65-8cf7-40641725f5c6,Pass,45,51,2,Tottenham Hotspur,Kieran Trippier,Right Back,0,Tottenham Hotspur,Liverpool,76.3,80.0,Harry Winks,,Throw-in,High Pass,,68.1,76.2,0.0174506,0.01473596,-0.002714640000000001,,,,,
201a61e9-adfe-4df5-80b5-70a544fce692,Ball Receipt*,45,52,2,Tottenham Hotspur,Harry Winks,Left Center Midfield,0,Tottenham Hotspur,Liverpool,68.1,76.2,,,,,,,,,,,,,,,
7997bb07-af4e-428f-929c-96c94e16bf7f,Carry,45,52,2,Tottenham Hotspur,Harry Winks,Left Center Midfield,1,Tottenham Hotspur,Liverpool,68.1,76.2,,,,,,,,,,,63.2,73.9,0.0,,
6328adec-39ae-4d29-b7c7-5820ad238cc0,Pressure,45,55,2,Liverpool,Roberto Firmino Barbosa de Oliveira,Center Forward,0,Tottenham Hotspur,Liverpool,52.1,6.8,,,,,,,,,,,,,,,
ba969bc7-6e31-455d-9282-4ff25eb87cad,Pass,45,56,2,Tottenham Hotspur,Harry Winks,Left Center Midfield,1,Tottenham Hotspur,Liverpool,63.2,73.9,Moussa Sissoko,,,Ground Pass,Right Foot,67.6,64.6,0.01473596,0.01611813,0.001382170000000002,,,,,
00a2fcfc-97fb-4e24-bdb2-017a57de86ab,Ball Receipt*,45,57,2,Tottenham Hotspur,Moussa Sissoko,Right Defensive Midfield,0,Tottenham Hotspur,Liverpool,67.6,64.6,,,,,,,,,,,,,,,
ebb33189-795f-403c-9a43-b3d3d6c9e988,Carry,45,57,2,Tottenham Hotspur,Moussa Sissoko,Right Defensive Midfield,0,Tottenham Hotspur,Liverpool,67.6,64.6,,,,,,,,,,,67.6,64.6,0.0,,
3132e194-1589-4773-a0a6-e0f68521453c,Pass,45,58,2,Tottenham Hotspur,Moussa Sissoko,Right Defensive Midfield,0,Tottenham Hotspur,Liverpool,67.6,64.6,Harry Winks,,,Ground Pass,Right Foot,61.5,58.9,0.01611813,0.01685596,0.0007378299999999983,,,,,
c93d4344-03de-4edf-8671-1f5e72a1a6c3,Ball Receipt*,45,59,2,Tottenham Hotspur,Harry Winks,Left Center Midfield,0,Tottenham Hotspur,Liverpool,61.5,58.9,,,,,,,,,,,,,,,
1d0cd2d9-418d-4fc8-82c5-3d3e87932545,Carry,45,59,2,Tottenham Hotspur,Harry Winks,Left Center Midfield,0,Tottenham Hotspur,Liverpool,61.5,58.9,,,,,,,,,,,57.9,36.4,-0.00200998,,
3a32482d-3a24-4f4f-b717-fda5100186c4,Pass,46,2,2,Tottenham Hotspur,Harry Winks,Left Center Midfield,0,Tottenham Hotspur,Liverpool,57.9,36.4,Danny Rose,,,Ground Pass,Right Foot,56.5,3.1,0.01484598,0.01248344,-0.00236254,,,,,
145f2179-71d2-425b-9cc0-e781b91ea622,Ball Receipt*,46,4,2,Tottenham Hotspur,Danny Rose,Left Back,0,Tottenham Hotspur,Liverpool,56.5,3.1,,,,,,,,,,,,,,,
3c293783-69b5-4bb7-a3c3-6ae09780929a,Carry,46,4,2,Tottenham Hotspur,Danny Rose,Left Back,0,Tottenham Hotspur,Liverpool,56.5,3.1,,,,,,,,,,,50.2,8.7,0.0,,
a9e0e415-170e-474d-a291-39b73d5fb59d,Pass,46,6,2,Tottenham Hotspur,Danny Rose,Left Back,0,Tottenham Hotspur,Liverpool,50.2,8.7,Jan Vertonghen,,,Ground Pass,Left Foot,35.0,20.8,0.01248344,0.01110462,-0.001378819999999999,,,,,
a56ac63c-05d1-4169-97b6-13a563aa600f,Ball Receipt*,46,8,2,Tottenham Hotspur,Jan Vertonghen,Left Center Back,0,Tottenham Hotspur,Liverpool,35.0,20.8,,,,,,,,,,,,,,,
29807a6e-cbea-4535-b5ee-59fff1bcae86,Carry,46,8,2,Tottenham Hotspur,Jan Vertonghen,Left Center Back,0,Tottenham Hotspur,Liverpool,35.0,20.8,,,,,,,,,,,35.5,22.4,0.0,,
d98d6b72-d92f-4ba0-b3d3-5b66bc71ddf5,Pass,46,9,2,Tottenham Hotspur,Jan Vertonghen,Left Center Back,0,Tottenham Hotspur,Liverpool,35.5,22.4,Toby Alderweireld,,,Ground Pass,Left Foot,30.9,52.1,0.01110462,0.01110462,0.0,,,,,
42552815-1cb5-4ea7-ae22-b831e4e9180f,Ball Receipt*,46,11,2,Tottenham Hotspur,Toby Alderweireld,Right Center Back,0,Tottenham Hotspur,Liverpool,30.9,52.1,,,,,,,,,,,,,,,
60063be9-d5d6-4878-9930-8efc98b861ea,Carry,46,11,2,Tottenham Hotspur,Toby Alderweireld,Right Center Back,0,Tottenham Hotspur,Liverpool,30.9,52.1,,,,,,,,,,,27.6,54.6,-0.00109158,,
48cf694f-bfd5-46ad-98bd-a0a53467ae31,Pass,46,12,2,Tottenham Hotspur,Toby Alderweireld,Right Center Back,0,Tottenham Hotspur,Liverpool,27.6,54.6,Kieran Trippier,,,Ground Pass,Right Foot,44.4,77.2,0.01001304,0.01126267,0.00124963,,,,,
0b57c136-692e-4933-8ad5-32252b00512f,Ball Receipt*,46,13,2,Tottenham Hotspur,Kieran Trippier,Right Back,0,Tottenham Hotspur,Liverpool,44.4,77.2,,,,,,,,,,,,,,,
c6733279-4166-4f14-bc87-f2f1638d0366,Carry,46,13,2,Tottenham Hotspur,Kieran Trippier,Right Back,0,Tottenham Hotspur,Liverpool,44.4,77.2,,,,,,,,,,,55.0,75.7,0.001220769999999999,,
72c5c720-e211-4f80-bccb-d31fa968ab2d,Pass,46,16,2,Tottenham Hotspur,Kieran Trippier,Right Back,0,Tottenham Hotspur,Liverpool,55.0,75.7,Heung-Min Son,,,Ground Pass,Right Foot,106.7,77.2,0.01248344,0.03485072,0.02236728,,,,,
102daa60-d733-4907-85ec-e530ae37ab06,Pressure,46,19,2,Liverpool,Andrew Robertson,Left Back,0,Tottenham Hotspur,Liverpool,16.3,5.3,,,,,,,,,,,,,,,
97eda0d3-aabc-4bf4-8deb-2db67255d3c9,Ball Receipt*,46,20,2,Tottenham Hotspur,Heung-Min Son,Left Wing,1,Tottenham Hotspur,Liverpool,106.7,77.2,,,,,,,,,,,,,,,
312972dd-8fba-4fa6-8357-900ea5c01b8f,Carry,46,20,2,Tottenham Hotspur,Heung-Min Son,Left Wing,1,Tottenham Hotspur,Liverpool,106.7,77.2,,,,,,,,,,,109.6,64.6,0.005819199999999997,,
6ce6045b-71c0-4fee-b815-560468846e54,Pass,46,25,2,Tottenham Hotspur,Heung-Min Son,Left Wing,1,Tottenham Hotspur,Liverpool,109.6,64.6,Kieran Trippier,,,Ground Pass,Right Foot,100.6,67.1,0.04066992,0.04066992,0.0,,,,,
efb95d0e-4740-4aff-a89e-b1ad06d10189,Ball Receipt*,46,26,2,Tottenham Hotspur,Kieran Trippier,Right Back,0,Tottenham Hotspur,Liverpool,100.6,67.1,,,,,,,,,,,,,,,
8e565225-98fc-4b99-87b1-8a479ef79666,Carry,46,26,2,Tottenham Hotspur,Kieran Trippier,Right Back,0,Tottenham Hotspur,Liverpool,100.6,67.1,,,,,,,,,,,100.6,67.1,0.0,,
6218fef8-a71d-4743-94b1-3d14d5ab3cdc,Pass,46,26,2,Tottenham Hotspur,Kieran Trippier,Right Back,0,Tottenham Hotspur,Liverpool,100.6,67.1,Bamidele Alli,,,High Pass,Right Foot,118.3,25.4,0.04066992,0.06442595,0.02375603,,,,,
a557c495-614b-4b80-9aae-b65408a62bb1,Ball Receipt*,46,28,2,Tottenham Hotspur,Bamidele Alli,Center Attacking Midfield,0,Tottenham Hotspur,Liverpool,118.3,25.4,,,,,,,,,,,,,,,
785306f4-ae57-403a-9fc6-83ab06c1efc6,Pass,46,28,2,Tottenham Hotspur,Bamidele Alli,Center Attacking Midfield,0,Tottenham Hotspur,Liverpool,118.3,25.4,Harry Kane,Incomplete,,Low Pass,Head,111.3,27.0,0.06442595,0.06442595,0.0,,,,,
dc49029f-54a9-4f10-94a0-ec7dd8fa99f5,Ball Receipt*,46,30,2,Tottenham Hotspur,Harry Kane,Center Forward,0,Tottenham Hotspur,Liverpool,116.5,40.1,,,,,,,,,,,,,,,
32726894-0787-4192-a632-4ccc5aaf6ba8,Clearance,46,30,2,Liverpool,Trent Alexander-Arnold,Right Back,1,Tottenham Hotspur,Liverpool,8.8,53.1,,,,,,,,,,,,,,,
6f49a257-85df-49ef-aff1-fe444183356b,Ball Recovery,46,34,2,Tottenham Hotspur,Toby Alderweireld,Right Center Back,0,Tottenham Hotspur,Liverpool,44.2,37.7,,,,,,,,,,,,,,,
86f58c31-6377-4f9f-ba76-0f800113838f,Carry,46,34,2,Tottenham Hotspur,Toby Alderweireld,Right Center Back,0,Tottenham Hotspur,Liverpool,44.2,37.7,,,,,,,,,,,42.7,39.4,0.0,,
0e63ea5e-30e4-40ef-9137-ea5243e4d10f,Pass,46,39,2,Tottenham Hotspur,Toby Alderweireld,Right Center Back,0,Tottenham Hotspur,Liverpool,42.7,39.4,Jan Vertonghen,,,Ground Pass,Right Foot,46.3,19.0,0.01262646,0.01214719,-0.0004792700000000004,,,,,
780f2567-3f1f-4fdd-929f-1c269a3f36a5,Ball Receipt*,46,41,2,Tottenham Hotspur,Jan Vertonghen,Left Center Back,0,Tottenham Hotspur,Liverpool,46.3,19.0,,,,,,,,,,,,,,,
b6969b85-1cfb-4d5d-83f1-418dd7cc116f,Carry,46,41,2,Tottenham Hotspur,Jan Vertonghen,Left Center Back,1,Tottenham Hotspur,Liverpool,46.3,19.0,,,,,,,,,,,43.5,22.0,0.0005445499999999995,,
0ae4059a-5241-49a0-b686-90969dcd7f7b,Pressure,46,43,2,Liverpool,Mohamed Salah,Right Wing,0,Tottenham Hotspur,Liverpool,69.7,61.8,,,,,,,,,,,,,,,
cd4f7b44-922d-484e-9c0c-56f0c12b7942,Pass,46,44,2,Tottenham Hotspur,Jan Vertonghen,Left Center Back,1,Tottenham Hotspur,Liverpool,43.5,22.0,Hugo Lloris,,,Ground Pass,Left Foot,12.8,32.6,0.01269174,0.01082722,-0.00186452,,,,,
38bd3d2c-70fd-45aa-8453-836e3beee59d,Ball Receipt*,46,47,2,Tottenham Hotspur,Hugo Lloris,Goalkeeper,0,Tottenham Hotspur,Liverpool,12.8,32.6,,,,,,,,,,,,,,,
3e78fdb0-601a-45c1-bffe-6577722ae488,Carry,46,47,2,Tottenham Hotspur,Hugo Lloris,Goalkeeper,0,Tottenham Hotspur,Liverpool,12.8,32.6,,,,,,,,,,,12.4,29.9,-0.00104977,,
8127209e-d77a-4156-86be-57febedd59cd,Pass,46,53,2,Tottenham Hotspur,Hugo Lloris,Goalkeeper,0,Tottenham Hotspur,Liverpool,12.4,29.9,Harry Kane,,,High Pass,Left Foot,70.2,27.5,0.00977745,0.01935132,0.009573870000000002,,,,,
d43fc2ff-f3a8-4059-a1b5-5b3232567bef,Ball Receipt*,46,57,2,Tottenham Hotspur,Harry Kane,Center Forward,0,Tottenham Hotspur,Liverpool,70.2,27.5,,,,,,,,,,,,,,,
fa5f38f7-3529-4458-9ef6-b2fc929a8a93,Carry,46,57,2,Tottenham Hotspur,Harry Kane,Center Forward,1,Tottenham Hotspur,Liverpool,70.2,27.5,,,,,,,,,,,105.5,22.7,0.03556006,,
085a2fdb-c71c-4b5f-b11e-75cbbc03db89,Pressure,47,2,2,Liverpool,Trent Alexander-Arnold,Right Back,0,Tottenham Hotspur,Liverpool,14.1,54.5,,,,,,,,,,,,,,,
57993fe0-89d7-43f8-94d6-f0c6c7346813,Pass,47,2,2,Tottenham Hotspur,Harry Kane,Center Forward,1,Tottenham Hotspur,Liverpool,105.5,22.7,Heung-Min Son,Out,,Low Pass,Left Foot,97.8,79.1,0.05491138,0.02756312,-0.02734826,,,,,
f686827c-7e8c-465b-9f15-a9fcbcd146fc,Ball Receipt*,47,7,2,Tottenham Hotspur,Heung-Min Son,Left Wing,0,Tottenham Hotspur,Liverpool,103.6,42.5,,,,,,,,,,,,,,,
2021beb2-9a9f-4798-a247-f6245c402acb,Pass,47,28,2,Liverpool,Andrew Robertson,Left Back,0,Tottenham Hotspur,Liverpool,36.8,0.1,Roberto Firmino Barbosa de Oliveira,Incomplete,Throw-in,High Pass,,55.6,3.1,0.00977659,0.01248344,0.00270685,,,,,
49b61b3a-74e7-409a-9aac-ad3808a95f6e,Ball Receipt*,47,30,2,Liverpool,Roberto Firmino Barbosa de Oliveira,Center Forward,0,Tottenham Hotspur,Liverpool,53.2,3.1,,,,,,,,,,,,,,,
6c722c01-b4ad-44ae-bb6e-bf1d63057690,Pass,47,30,2,Tottenham Hotspur,Kieran Trippier,Right Back,0,Tottenham Hotspur,Liverpool,64.5,77.0,Heung-Min Son,Out,Recovery,High Pass,Head,72.9,79.1,0.01473596,0.0174506,0.002714640000000001,,,,,
3b7ae5cb-1bb2-4e00-9840-e42ad59a47a9,Ball Receipt*,47,32,2,Tottenham Hotspur,Heung-Min Son,Left Wing,0,Tottenham Hotspur,Liverpool,72.9,79.1,,,,,,,,,,,,,,,
f66d41d3-b14c-418b-85a1-667f2448c977,Pass,47,37,2,Liverpool,Andrew Robertson,Left Back,0,Tottenham Hotspur,Liverpool,48.9,0.1,Roberto Firmino Barbosa de Oliveira,,Throw-in,High Pass,,63.1,3.4,0.01126267,0.01473596,0.003473289999999999,,,,,
8e4f0d62-42e7-4940-9c41-c4b4a7c43ed0,Ball Receipt*,47,38,2,Liverpool,Roberto Firmino Barbosa de Oliveira,Center Forward,0,Tottenham Hotspur,Liverpool,63.1,3.4,,,,,,,,,,,,,,,
e7d9c085-a15b-4026-9d68-257e2d73270d,Pass,47,38,2,Liverpool,Roberto Firmino Barbosa de Oliveira,Center Forward,0,Tottenham Hotspur,Liverpool,63.1,3.4,Georginio Wijnaldum,Incomplete,,High Pass,Head,73.3,8.4,0.01473596,0.0174506,0.002714640000000001,,,,,
128b0556-e672-41a7-aaa1-dd9012fca3dc,Ball Receipt*,47,39,2,Liverpool,Georginio Wijnaldum,Left Center Midfield,0,Tottenham Hotspur,Liverpool,62.2,9.1,,,,,,,,,,,,,,,
f703a069-9294-4729-9bb5-82897c1aae43,Pass,47,39,2,Tottenham Hotspur,Toby Alderweireld,Right Center Back,0,Tottenham Hotspur,Liverpool,46.8,71.7,Harry Kane,Incomplete,Recovery,High Pass,Right Foot,78.5,64.7,0.01126267,0.01870347,0.007440799999999999,,,,,
ac822724-d47c-4c75-b6c9-86a7cb3b14ec,Ball Receipt*,47,42,2,Tottenham Hotspur,Harry Kane,Center Forward,0,Tottenham Hotspur,Liverpool,77.5,65.9,,,,,,,,,,,,,,,
a4f296d7-6557-48a7-a2e4-07f1b3fea364,Duel,47,42,2,Tottenham Hotspur,Harry Kane,Center Forward,1,Tottenham Hotspur,Liverpool,78.5,64.7,,,,,,,,,,,,,,,
c2468a92-391f-4e00-8993-3deefbb43694,Pass,47,42,2,Liverpool,Virgil van Dijk,Left Center Back,1,Tottenham Hotspur,Liverpool,41.6,15.4,Andrew Robertson,,Recovery,High Pass,,42.9,4.8,0.01214719,0.01126267,-0.0008845199999999998,,,,,
9691b64f-2481-4866-8a27-56eb5f383e99,Ball Receipt*,47,43,2,Liverpool,Andrew Robertson,Left Back,0,Tottenham Hotspur,Liverpool,42.9,4.8,,,,,,,,,,,,,,,
83d3bd93-ee1e-43ef-8608-38e1ce7cd5ee,Carry,47,43,2,Liverpool,Andrew Robertson,Left Back,1,Tottenham Hotspur,Liverpool,42.9,4.8,,,,,,,,,,,42.6,5.3,0.0,,
35bfb6c9-50d9-49b3-9938-e89e951fadfb,Pressure,47,44,2,Tottenham Hotspur,Heung-Min Son,Left Wing,0,Tottenham Hotspur,Liverpool,75.1,73.9,,,,,,,,,,,,,,,
d9d4186b-df18-476c-b03a-e66b89731524,Pass,47,44,2,Liverpool,Andrew Robertson,Left Back,1,Tottenham Hotspur,Liverpool,42.6,5.3,Fábio Henrique Tavares,,,Ground Pass,Left Foot,43.6,14.4,0.01126267,0.01214719,0.0008845199999999998,,,,,
6613b0fa-a5cb-4e12-8c94-fdf8b664f297,Ball Receipt*,47,45,2,Liverpool,Fábio Henrique Tavares,Center Defensive Midfield,0,Tottenham Hotspur,Liverpool,43.6,14.4,,,,,,,,,,,,,,,
6c393a1c-8391-4c00-abed-bf622ff36912,Pass,47,45,2,Liverpool,Fábio Henrique Tavares,Center Defensive Midfield,0,Tottenham Hotspur,Liverpool,43.6,14.4,Roberto Firmino Barbosa de Oliveira,Incomplete,,High Pass,Right Foot,64.3,3.9,0.01214719,0.01473596,0.002588769999999999,,,,,
1369745d-d30b-4278-afe7-be25ab91351f,Ball Receipt*,47,46,2,Liverpool,Roberto Firmino Barbosa de Oliveira,Center Forward,0,Tottenham Hotspur,Liverpool,69.4,8.4,,,,,,,,,,,,,,,
9d06f612-1e9f-4051-8234-d672e9c01ee6,Ball Recovery,47,46,2,Tottenham Hotspur,Kieran Trippier,Right Back,0,Tottenham Hotspur,Liverpool,55.8,76.2,,,,,,,,,,,,,,,
9ddcb3a3-cd60-45c2-a6f6-005fcc82916a,Carry,47,46,2,Tottenham Hotspur,Kieran Trippier,Right Back,1,Tottenham Hotspur,Liverpool,55.8,76.2,,,,,,,,,,,63.5,76.7,0.002252519999999999,,
9a6b01b0-8eac-42fe-aab7-d4fe160abbc4,Pressure,47,48,2,Liverpool,Georginio Wijnaldum,Left Center Midfield,0,Tottenham Hotspur,Liverpool,53.9,5.3,,,,,,,,,,,,,,,
8208d3dc-553c-491f-bc35-89897d98cd3d,Pass,47,48,2,Tottenham Hotspur,Kieran Trippier,Right Back,1,Tottenham Hotspur,Liverpool,63.5,76.7,Heung-Min Son,Out,,Ground Pass,Right Foot,70.7,79.8,0.01473596,0.0174506,0.002714640000000001,,,,,
b87357a0-2d7f-4bd1-8df5-2a4ac02a3273,Ball Receipt*,47,49,2,Tottenham Hotspur,Heung-Min Son,Left Wing,0,Tottenham Hotspur,Liverpool,73.8,75.8,,,,,,,,,,,,,,,
8fa1f465-8029-431f-b1cb-09b8cf3e8d9f,Pass,48,1,2,Liverpool,Andrew Robertson,Left Back,0,Tottenham Hotspur,Liverpool,52.8,0.1,Roberto Firmino Barbosa de Oliveira,Incomplete,Throw-in,High Pass,,98.9,6.8,0.01248344,0.02756312,0.01507968,,,,,
76f94e3b-65f4-4979-b9e3-04a523062d8c,Ball Receipt*,48,5,2,Liverpool,Roberto Firmino Barbosa de Oliveira,Center Forward,0,Tottenham Hotspur,Liverpool,73.0,4.1,,,,,,,,,,,,,,,
02a5dbf1-efe6-4723-af49-bc380b8bf9db,Pass,48,5,2,Tottenham Hotspur,Toby Alderweireld,Right Center Back,0,Tottenham Hotspur,Liverpool,21.2,73.3,Hugo Lloris,,Recovery,Low Pass,Left Foot,2.7,46.1,0.00844854,0.00941056,0.0009620200000000009,,,,,
12c46d25-2237-4854-8785-f8412986e2f5,Ball Receipt*,48,8,2,Tottenham Hotspur,Hugo Lloris,Goalkeeper,0,Tottenham Hotspur,Liverpool,2.7,46.1,,,,,,,,,,,,,,,
0e6b147a-b9e5-4b33-b3f4-746c7c9bfdef,Carry,48,8,2,Tottenham Hotspur,Hugo Lloris,Goalkeeper,0,Tottenham Hotspur,Liverpool,2.7,46.1,,,,,,,,,,,4.8,42.9,0.0,,
d6cd1018-bc23-461b-9aad-288b2dd71d13,Pass,48,9,2,Tottenham Hotspur,Hugo Lloris,Goalkeeper,0,Tottenham Hotspur,Liverpool,4.8,42.9,Jan Vertonghen,,,Ground Pass,Left Foot,11.6,24.1,0.00941056,0.00977745,0.0003668899999999999,,,,,
4c83188a-1d25-412b-99e8-c50a9b0ba819,Ball Receipt*,48,11,2,Tottenham Hotspur,Jan Vertonghen,Left Center Back,0,Tottenham Hotspur,Liverpool,11.6,24.1,,,,,,,,,,,,,,,
c3b6c650-25e2-4b3a-a806-7c3ea34f4ec8,Carry,48,11,2,Tottenham Hotspur,Jan Vertonghen,Left Center Back,0,Tottenham Hotspur,Liverpool,11.6,24.1,,,,,,,,,,,14.7,24.4,0.0,,
7df79220-9d33-492e-9240-c148b1c3af74,Pass,48,15,2,Tottenham Hotspur,Jan Vertonghen,Left Center Back,0,Tottenham Hotspur,Liverpool,14.7,24.4,Hugo Lloris,,,Ground Pass,Left Foot,5.6,39.8,0.00977745,0.00941056,-0.0003668899999999999,,,,,
f45d56bd-aadc-491e-b358-54e3cd4110fb,Ball Receipt*,48,17,2,Tottenham Hotspur,Hugo Lloris,Goalkeeper,0,Tottenham Hotspur,Liverpool,5.6,39.8,,,,,,,,,,,,,,,
bdce0f66-e5b5-466d-b69b-f90bc6d6777e,Carry,48,17,2,Tottenham Hotspur,Hugo Lloris,Goalkeeper,0,Tottenham Hotspur,Liverpool,5.6,39.8,,,,,,,,,,,5.1,38.3,0.0,,
62721bfb-1544-469a-8979-15fcbde80c48,Pass,48,18,2,Tottenham Hotspur,Hugo Lloris,Goalkeeper,0,Tottenham Hotspur,Liverpool,5.1,38.3,Jan Vertonghen,,,Ground Pass,Left Foot,10.9,17.4,0.00941056,0.00878589,-0.0006246700000000008,,,,,
0377c4cf-0642-463b-9102-f49923050880,Ball Receipt*,48,20,2,Tottenham Hotspur,Jan Vertonghen,Left Center Back,0,Tottenham Hotspur,Liverpool,10.9,17.4,,,,,,,,,,,,,,,
67539f33-b75c-4799-90fa-6ed9d8d18bca,Carry,48,20,2,Tottenham Hotspur,Jan Vertonghen,Left Center Back,1,Tottenham Hotspur,Liverpool,10.9,17.4,,,,,,,,,,,11.3,21.3,0.0009915600000000007,,
58f8a1eb-cb52-4be2-a685-725c3bf656cd,Pressure,48,20,2,Liverpool,Mohamed Salah,Right Wing,0,Tottenham Hotspur,Liverpool,102.4,65.4,,,,,,,,,,,,,,,
67ec7a42-dd8a-45a1-a609-5010bbfa8841,Pass,48,22,2,Tottenham Hotspur,Jan Vertonghen,Left Center Back,1,Tottenham Hotspur,Liverpool,11.3,21.3,Hugo Lloris,,,Ground Pass,Left Foot,4.4,33.0,0.00977745,0.00941056,-0.0003668899999999999,,,,,
203d1b8b-e525-4505-8520-cded2e1d26fe,Pressure,48,22,2,Liverpool,Mohamed Salah,Right Wing,0,Tottenham Hotspur,Liverpool,110.7,54.3,,,,,,,,,,,,,,,
5577b7d4-b954-421a-8b66-e490e01ee695,Ball Receipt*,48,23,2,Tottenham Hotspur,Hugo Lloris,Goalkeeper,1,Tottenham Hotspur,Liverpool,4.4,33.0,,,,,,,,,,,,,,,
ed45d966-c37c-4e38-b20a-b85aea48e09c,Carry,48,23,2,Tottenham Hotspur,Hugo Lloris,Goalkeeper,1,Tottenham Hotspur,Liverpool,4.4,33.0,,,,,,,,,,,4.4,32.6,0.0,,
350a0fa7-9f0a-47cc-8140-f7046d6b1eb4,Pass,48,23,2,Tottenham Hotspur,Hugo Lloris,Goalkeeper,1,Tottenham Hotspur,Liverpool,4.4,32.6,Harry Kane,Incomplete,,High Pass,Left Foot,56.3,22.5,0.00941056,0.01429128,0.00488072,,,,,
80d56e10-120e-4247-bdb8-986e5b82367c,Ball Receipt*,48,26,2,Tottenham Hotspur,Harry Kane,Center Forward,0,Tottenham Hotspur,Liverpool,54.3,23.4,,,,,,,,,,,,,,,
2da2fa88-6fd8-48fc-9a67-f489362f20bb,Pass,48,26,2,Liverpool,Joël Andre Job Matip,Right Center Back,1,Tottenham Hotspur,Liverpool,63.8,57.6,,Incomplete,Recovery,High Pass,,93.8,58.4,0.01685596,0.02855202,0.01169606,,,,,
e8b51808-a262-4ed0-aa26-680e061c2cb1,Duel,48,26,2,Tottenham Hotspur,Harry Kane,Center Forward,1,Tottenham Hotspur,Liverpool,56.3,22.5,,,,,,,,,,,,,,,
fe7d5bdc-98f6-4871-a312-1168cda10214,Ball Recovery,48,28,2,Tottenham Hotspur,Jan Vertonghen,Left Center Back,0,Tottenham Hotspur,Liverpool,26.3,21.7,,,,,,,,,,,,,,,
142db7df-f925-4eeb-956d-73690d58436d,Carry,48,28,2,Tottenham Hotspur,Jan Vertonghen,Left Center Back,0,Tottenham Hotspur,Liverpool,26.3,21.7,,,,,,,,,,,20.8,15.7,-0.0005892200000000014,,
61627ae9-928b-4c69-8473-48c40cb79031,Pass,48,30,2,Tottenham Hotspur,Jan Vertonghen,Left Center Back,0,Tottenham Hotspur,Liverpool,20.8,15.7,Bamidele Alli,Out,,High Pass,Left Foot,53.3,0.2,0.00942382,0.01248344,0.003059620000000001,,,,,
62b6ab9e-d84f-423a-9fc2-447491285c8b,Ball Receipt*,48,32,2,Tottenham Hotspur,Bamidele Alli,Center Attacking Midfield,0,Tottenham Hotspur,Liverpool,56.7,3.6,,,,,,,,,,,,,,,
a5c1e0b6-beda-4ecf-9efd-e4d9c09b02a6,Pass,48,54,2,Liverpool,Trent Alexander-Arnold,Right Back,0,Tottenham Hotspur,Liverpool,70.6,80.0,Mohamed Salah,Incomplete,Throw-in,High Pass,,114.8,58.1,0.0174506,0.06442595,0.04697535,,,,,
abd0d832-9395-4366-809e-f6217e413b0b,Pressure,48,58,2,Liverpool,Mohamed Salah,Right Wing,0,Tottenham Hotspur,Liverpool,109.7,60.5,,,,,,,,,,,,,,,
50c32881-ef31-4a28-ae0d-24a4303d8af4,Ball Receipt*,48,59,2,Liverpool,Mohamed Salah,Right Wing,0,Tottenham Hotspur,Liverpool,87.2,74.6,,,,,,,,,,,,,,,
6ffed6eb-6fac-4a05-9c6a-6582fdfd1411,Clearance,48,59,2,Tottenham Hotspur,Toby Alderweireld,Right Center Back,1,Tottenham Hotspur,Liverpool,5.3,22.0,,,,,,,,,,,,,,,
8c47708a-8a76-4b7f-aa68-b9d7950bc2f2,Pass,49,6,2,Liverpool,Trent Alexander-Arnold,Right Back,0,Tottenham Hotspur,Liverpool,83.1,80.0,Roberto Firmino Barbosa de Oliveira,,Throw-in,High Pass,,99.6,72.9,0.02122129,0.02756312,0.00634183,,,,,
55ddb979-860e-48e3-aa7d-63c5e0e1502c,Ball Receipt*,49,7,2,Liverpool,Roberto Firmino Barbosa de Oliveira,Center Forward,0,Tottenham Hotspur,Liverpool,99.6,72.9,,,,,,,,,,,,,,,
80561b46-82ca-431c-bef0-f59196e2412c,Pass,49,7,2,Liverpool,Roberto Firmino Barbosa de Oliveira,Center Forward,0,Tottenham Hotspur,Liverpool,99.6,72.9,Fábio Henrique Tavares,,,High Pass,Head,83.2,69.7,0.02756312,0.02401521,-0.003547910000000001,,,,,
072e8edb-6074-4988-b9ec-0319e2423bbc,Ball Receipt*,49,9,2,Liverpool,Fábio Henrique Tavares,Center Defensive Midfield,0,Tottenham Hotspur,Liverpool,83.2,69.7,,,,,,,,,,,,,,,
5e987b76-d3a8-42d1-ad8b-010238cc59e1,Pass,49,9,2,Liverpool,Fábio Henrique Tavares,Center Defensive Midfield,0,Tottenham Hotspur,Liverpool,82.9,70.4,Trent Alexander-Arnold,Out,,High Pass,Head,76.4,80.0,0.02122129,0.0174506,-0.00377069,,,,,
b2f28c16-82a4-4f0e-b3d7-c788a6ba417c,Ball Receipt*,49,11,2,Liverpool,Trent Alexander-Arnold,Right Back,0,Tottenham Hotspur,Liverpool,77.1,75.2,,,,,,,,,,,,,,,
a7f615ea-f825-4789-9810-e5c659473ce6,Pass,49,26,2,Tottenham Hotspur,Danny Rose,Left Back,0,Tottenham Hotspur,Liverpool,57.0,0.1,Christian Dannemann Eriksen,,Throw-in,High Pass,,79.9,12.1,0.01248344,0.01870347,0.00622003,,,,,
7da64ec7-d891-4229-87d1-e52bcdb64791,Ball Receipt*,49,29,2,Tottenham Hotspur,Christian Dannemann Eriksen,Right Wing,0,Tottenham Hotspur,Liverpool,79.9,12.1,,,,,,,,,,,,,,,
c1252c64-f324-47ad-8bbd-b86ecaac0c29,Carry,49,29,2,Tottenham Hotspur,Christian Dannemann Eriksen,Right Wing,0,Tottenham Hotspur,Liverpool,79.9,12.1,,,,,,,,,,,79.9,12.1,0.0,,
64637b29-861d-4983-b2e4-3f0c2f24bf26,Pass,49,29,2,Tottenham Hotspur,Christian Dannemann Eriksen,Right Wing,0,Tottenham Hotspur,Liverpool,79.9,12.1,Harry Kane,,,High Pass,Left Foot,77.9,26.6,0.01870347,0.01935132,0.0006478500000000019,,,,,
02cab921-21e2-4e3a-ae83-05bf38ec5c8a,Pressure,49,30,2,Liverpool,Georginio Wijnaldum,Left Center Midfield,0,Tottenham Hotspur,Liverpool,43.6,55.7,,,,,,,,,,,,,,,
12a2a0cd-4e90-4bd1-acef-0b31959f20a7,Ball Receipt*,49,31,2,Tottenham Hotspur,Harry Kane,Center Forward,0,Tottenham Hotspur,Liverpool,77.9,26.6,,,,,,,,,,,,,,,
9e02c1c3-9188-4dae-a6d1-c4980e4183ca,Carry,49,31,2,Tottenham Hotspur,Harry Kane,Center Forward,1,Tottenham Hotspur,Liverpool,77.9,26.6,,,,,,,,,,,77.5,27.5,0.0,,
d9958400-e07a-480d-aa9b-3e49290a460e,Foul Committed,49,31,2,Liverpool,Georginio Wijnaldum,Left Center Midfield,0,Tottenham Hotspur,Liverpool,42.6,52.6,,,,,,,,,,,,,,,
70f232a8-1770-4514-bd63-0c2cbd6f088c,Foul Won,49,31,2,Tottenham Hotspur,Harry Kane,Center Forward,1,Tottenham Hotspur,Liverpool,77.5,27.5,,,,,,,,,,,,,,,
e5d3fd73-05aa-4773-bd46-2f20f4a1b5c2,Pass,50,2,2,Tottenham Hotspur,Kieran Trippier,Right Back,0,Tottenham Hotspur,Liverpool,78.0,28.7,Heung-Min Son,Pass Offside,Free Kick,High Pass,Right Foot,105.7,32.3,0.01935132,0.10805102,0.08869969999999999,,,,,
ecc761d9-cdd7-4a64-bdfd-fff91e0640e4,Ball Receipt*,50,4,2,Tottenham Hotspur,Heung-Min Son,Left Wing,0,Tottenham Hotspur,Liverpool,105.7,32.3,,,,,,,,,,,,,,,
a0ae6b6d-25a3-4404-89ff-c529121e976e,Pass,50,26,2,Liverpool,Joël Andre Job Matip,Right Center Back,0,Tottenham Hotspur,Liverpool,14.6,46.5,Alisson Ramsés Becker,,Free Kick,Ground Pass,Right Foot,25.5,28.4,0.01082722,0.01001304,-0.0008141799999999994,,,,,
50137d38-6fe0-48ec-8487-aac607a8e95e,Ball Receipt*,50,27,2,Liverpool,Alisson Ramsés Becker,Goalkeeper,0,Tottenham Hotspur,Liverpool,25.5,28.4,,,,,,,,,,,,,,,
79c25614-345c-4ce9-9ec0-8ab933c11ae9,Pass,50,29,2,Liverpool,Alisson Ramsés Becker,Goalkeeper,0,Tottenham Hotspur,Liverpool,25.5,28.4,Trent Alexander-Arnold,,,High Pass,Right Foot,40.7,76.0,0.01001304,0.01126267,0.00124963,,,,,
7d08d154-8d8e-43fb-8e7d-e3b2981afe9b,Ball Receipt*,50,30,2,Liverpool,Trent Alexander-Arnold,Right Back,0,Tottenham Hotspur,Liverpool,40.7,76.0,,,,,,,,,,,,,,,
dc109bf5-0eba-4a1c-8237-54060d5b0269,Pass,50,31,2,Liverpool,Trent Alexander-Arnold,Right Back,0,Tottenham Hotspur,Liverpool,41.2,77.9,Roberto Firmino Barbosa de Oliveira,,,High Pass,Right Foot,58.1,58.8,0.01126267,0.01429128,0.003028609999999999,,,,,
dc148fc9-08cf-4b03-ad42-df2b0d62467b,Ball Receipt*,50,33,2,Liverpool,Roberto Firmino Barbosa de Oliveira,Center Forward,0,Tottenham Hotspur,Liverpool,58.1,58.8,,,,,,,,,,,,,,,
8fd58b6a-70d0-4d3a-8f7b-533ba24b7195,Carry,50,33,2,Liverpool,Roberto Firmino Barbosa de Oliveira,Center Forward,0,Tottenham Hotspur,Liverpool,58.1,58.8,,,,,,,,,,,58.1,58.8,0.0,,
db7358d9-2787-422d-80e3-c0673675dfd7,Pass,50,33,2,Liverpool,Roberto Firmino Barbosa de Oliveira,Center Forward,0,Tottenham Hotspur,Liverpool,58.1,58.8,Jordan Brian Henderson,Out,,High Pass,Right Foot,62.4,80.0,0.01429128,0.01473596,0.0004446799999999994,,,,,
e8384a27-4501-4cfb-a084-1f0819b12272,Ball Receipt*,50,36,2,Liverpool,Jordan Brian Henderson,Right Center Midfield,0,Tottenham Hotspur,Liverpool,61.4,69.9,,,,,,,,,,,,,,,
08d630a4-6e0d-435e-9b1e-39908fcd1491,Pass,50,49,2,Tottenham Hotspur,Danny Rose,Left Back,0,Tottenham Hotspur,Liverpool,63.7,0.1,Moussa Sissoko,,Throw-in,High Pass,,57.5,12.3,0.01473596,0.0138454,-0.0008905599999999986,,,,,
a756f081-fbf6-493c-948d-50914da2bacd,Ball Receipt*,50,50,2,Tottenham Hotspur,Moussa Sissoko,Right Defensive Midfield,0,Tottenham Hotspur,Liverpool,57.5,12.3,,,,,,,,,,,,,,,
ebdf0505-8c49-409c-81f0-8c03a56cda5f,Carry,50,50,2,Tottenham Hotspur,Moussa Sissoko,Right Defensive Midfield,1,Tottenham Hotspur,Liverpool,57.5,12.3,,,,,,,,,,,43.2,6.5,-0.00258273,,
64e91744-81cc-4522-8a51-91064932c3fd,Pressure,50,51,2,Liverpool,Roberto Firmino Barbosa de Oliveira,Center Forward,0,Tottenham Hotspur,Liverpool,58.6,68.7,,,,,,,,,,,,,,,
925baa5f-4309-4e29-9138-6afef142bd27,Pass,50,54,2,Tottenham Hotspur,Moussa Sissoko,Right Defensive Midfield,0,Tottenham Hotspur,Liverpool,43.2,6.5,Hugo Lloris,,,Ground Pass,Right Foot,9.7,29.2,0.01126267,0.0088799,-0.002382770000000001,,,,,
6fcb9291-6cdb-4132-8513-ec2cfb2b7c3d,Pressure,50,57,2,Liverpool,Sadio Mané,Left Wing,0,Tottenham Hotspur,Liverpool,103.6,46.8,,,,,,,,,,,,,,,
5901fbc5-ee28-4a6c-b7cb-f2a0044c9bad,Ball Receipt*,50,57,2,Tottenham Hotspur,Hugo Lloris,Goalkeeper,1,Tottenham Hotspur,Liverpool,9.7,29.2,,,,,,,,,,,,,,,
7813e7c2-342f-4468-80ce-27b70ba9d359,Carry,50,57,2,Tottenham Hotspur,Hugo Lloris,Goalkeeper,1,Tottenham Hotspur,Liverpool,9.7,29.2,,,,,,,,,,,9.2,27.8,0.0,,
24902727-c212-4825-acf1-c1964c4574f1,Pass,50,58,2,Tottenham Hotspur,Hugo Lloris,Goalkeeper,1,Tottenham Hotspur,Liverpool,9.2,27.8,Harry Kane,Incomplete,,High Pass,Left Foot,63.7,24.6,0.0088799,0.01685596,0.00797606,,,,,
1cb45ee7-5f4e-4e0c-abbd-8043fe904e35,Ball Receipt*,51,1,2,Tottenham Hotspur,Harry Kane,Center Forward,0,Tottenham Hotspur,Liverpool,65.1,25.8,,,,,,,,,,,,,,,
2c1e8c9a-027f-4f1e-8fcb-90bb8448fd95,Pass,51,1,2,Liverpool,Fábio Henrique Tavares,Center Defensive Midfield,0,Tottenham Hotspur,Liverpool,56.4,55.5,Jordan Brian Henderson,,Recovery,High Pass,Head,58.0,63.5,0.01429128,0.0138454,-0.0004458799999999992,,,,,
b554755a-290e-4ab4-b7c8-00ce14053281,Ball Receipt*,51,3,2,Liverpool,Jordan Brian Henderson,Right Center Midfield,0,Tottenham Hotspur,Liverpool,58.0,63.5,,,,,,,,,,,,,,,
bc6fdb78-1727-429a-ba21-e541f468238d,Carry,51,3,2,Liverpool,Jordan Brian Henderson,Right Center Midfield,0,Tottenham Hotspur,Liverpool,58.0,63.5,,,,,,,,,,,57.4,63.7,0.0,,
7e340f63-1012-478b-8a73-6bddaf599c76,Pass,51,3,2,Liverpool,Jordan Brian Henderson,Right Center Midfield,0,Tottenham Hotspur,Liverpool,57.4,63.7,Trent Alexander-Arnold,,,Low Pass,Other,50.9,72.8,0.0138454,0.01248344,-0.001361960000000001,,,,,
c336eb0c-f9d4-4959-9753-ef2ef39e3188,Ball Receipt*,51,4,2,Liverpool,Trent Alexander-Arnold,Right Back,0,Tottenham Hotspur,Liverpool,50.9,72.8,,,,,,,,,,,,,,,
70b0fbf7-c7dc-45fa-ae97-4025df931b20,Carry,51,4,2,Liverpool,Trent Alexander-Arnold,Right Back,0,Tottenham Hotspur,Liverpool,50.9,72.8,,,,,,,,,,,50.9,72.8,0.0,,
3d127410-7351-4317-af59-134733dbffb0,Pass,51,4,2,Liverpool,Trent Alexander-Arnold,Right Back,0,Tottenham Hotspur,Liverpool,50.9,72.8,Mohamed Salah,Incomplete,,High Pass,Right Foot,104.7,76.9,0.01248344,0.03485072,0.02236728,,,,,
a78e2924-1515-456e-84b2-8ac39bff484c,Pressure,51,9,2,Liverpool,Mohamed Salah,Right Wing,0,Tottenham Hotspur,Liverpool,106.1,77.0,,,,,,,,,,,,,,,
787fe280-d250-400f-8035-8b1fd5f8e024,Ball Receipt*,51,10,2,Liverpool,Mohamed Salah,Right Wing,0,Tottenham Hotspur,Liverpool,80.5,70.4,,,,,,,,,,,,,,,
4ddb32da-138a-43dc-b645-8ed028ddcd85,Clearance,51,10,2,Tottenham Hotspur,Jan Vertonghen,Left Center Back,1,Tottenham Hotspur,Liverpool,15.4,3.2,,,,,,,,,,,,,,,
8c6e6b7b-e336-4554-9cb0-b95535e59a1a,Ball Recovery,51,11,2,Tottenham Hotspur,Danny Rose,Left Back,0,Tottenham Hotspur,Liverpool,29.4,4.4,,,,,,,,,,,,,,,
3fe9e2f5-be9b-437f-b1c6-9821394e3205,Carry,51,11,2,Tottenham Hotspur,Danny Rose,Left Back,0,Tottenham Hotspur,Liverpool,29.4,4.4,,,,,,,,,,,29.4,4.4,0.0,,
d3df085e-ce69-42f0-8886-8a71c234b9ab,Pass,51,12,2,Tottenham Hotspur,Danny Rose,Left Back,0,Tottenham Hotspur,Liverpool,29.4,4.4,Bamidele Alli,,,Ground Pass,Left Foot,44.2,3.6,0.00844854,0.01126267,0.002814130000000001,,,,,
9380a068-2e8a-4306-be9d-e1719b06778b,Pressure,51,12,2,Liverpool,Jordan Brian Henderson,Right Center Midfield,0,Tottenham Hotspur,Liverpool,69.4,76.9,,,,,,,,,,,,,,,
f83bbbb7-3dc2-4a9e-b5cb-41d5a9e0f83a,Ball Receipt*,51,13,2,Tottenham Hotspur,Bamidele Alli,Center Attacking Midfield,0,Tottenham Hotspur,Liverpool,44.2,3.6,,,,,,,,,,,,,,,
1ed3d1c7-beab-4ed1-a208-b41a261832d3,Carry,51,13,2,Tottenham Hotspur,Bamidele Alli,Center Attacking Midfield,0,Tottenham Hotspur,Liverpool,44.2,3.6,,,,,,,,,,,43.4,3.4,0.0,,
a62e44a8-77e9-4fb2-8d37-5d5f3efcda65,Pass,51,13,2,Tottenham Hotspur,Bamidele Alli,Center Attacking Midfield,0,Tottenham Hotspur,Liverpool,43.4,3.4,Moussa Sissoko,,,Ground Pass,Right Foot,39.9,15.2,0.01126267,0.0105949,-0.0006677699999999998,,,,,
20a9d129-7865-4dae-8010-299bb8b46e3d,Pressure,51,13,2,Liverpool,Trent Alexander-Arnold,Right Back,0,Tottenham Hotspur,Liverpool,73.7,75.7,,,,,,,,,,,,,,,
8ecedb68-1b9a-40d2-b1a7-8db72dda7fd0,Pressure,51,14,2,Liverpool,Roberto Firmino Barbosa de Oliveira,Center Forward,0,Tottenham Hotspur,Liverpool,81.2,65.6,,,,,,,,,,,,,,,
caf0f622-c3e5-41d0-89eb-e95260663f7f,Ball Receipt*,51,14,2,Tottenham Hotspur,Moussa Sissoko,Right Defensive Midfield,1,Tottenham Hotspur,Liverpool,39.9,15.2,,,,,,,,,,,,,,,
e80892e3-a57a-4a55-99e2-f28f33559f06,Carry,51,14,2,Tottenham Hotspur,Moussa Sissoko,Right Defensive Midfield,1,Tottenham Hotspur,Liverpool,39.9,15.2,,,,,,,,,,,43.7,13.5,0.00155229,,
41572415-f6e9-40fd-8e14-5de07da05c44,Pressure,51,15,2,Liverpool,Fábio Henrique Tavares,Center Defensive Midfield,0,Tottenham Hotspur,Liverpool,74.5,67.0,,,,,,,,,,,,,,,
869b1216-ae8d-4d87-bf24-d12daa2623f8,Pass,51,15,2,Tottenham Hotspur,Moussa Sissoko,Right Defensive Midfield,1,Tottenham Hotspur,Liverpool,43.7,13.5,Christian Dannemann Eriksen,,,Low Pass,Right Foot,64.5,10.1,0.01214719,0.01611813,0.003970940000000001,,,,,
4c7c5078-dce9-4e33-a060-36e350b4ea34,Ball Receipt*,51,17,2,Tottenham Hotspur,Christian Dannemann Eriksen,Right Wing,0,Tottenham Hotspur,Liverpool,64.5,10.1,,,,,,,,,,,,,,,
07cc71ce-8a18-4d1e-b60d-be564e73068e,Carry,51,17,2,Tottenham Hotspur,Christian Dannemann Eriksen,Right Wing,0,Tottenham Hotspur,Liverpool,64.5,10.1,,,,,,,,,,,90.3,25.6,0.01243389,,
3b49d0c7-ea22-4cb0-966f-52d12d948b1e,Pass,51,21,2,Tottenham Hotspur,Christian Dannemann Eriksen,Right Wing,0,Tottenham Hotspur,Liverpool,90.3,25.6,Harry Winks,,,Ground Pass,Left Foot,91.5,53.3,0.02855202,0.02855202,0.0,,,,,
6583426d-9aa7-473c-ad67-5ba4ae8ada58,Ball Receipt*,51,22,2,Tottenham Hotspur,Harry Winks,Left Center Midfield,0,Tottenham Hotspur,Liverpool,91.5,53.3,,,,,,,,,,,,,,,
a8c8a4da-44d6-4142-8ad1-ba943b012594,Carry,51,22,2,Tottenham Hotspur,Harry Winks,Left Center Midfield,1,Tottenham Hotspur,Liverpool,91.5,53.3,,,,,,,,,,,102.1,54.6,0.02635936,,
ec34c382-ed4b-41e9-a632-2a225e821e1a,Pressure,51,23,2,Liverpool,Andrew Robertson,Left Back,0,Tottenham Hotspur,Liverpool,17.3,26.6,,,,,,,,,,,,,,,
2ca9c046-f54e-4d0f-a9d3-176020fac48e,Dribble,51,24,2,Tottenham Hotspur,Harry Winks,Left Center Midfield,1,Tottenham Hotspur,Liverpool,102.1,54.6,,,,,,,,,,,,,,,
c6651667-dcf8-4810-8604-784dbe1510ae,Duel,51,24,2,Liverpool,Andrew Robertson,Left Back,1,Tottenham Hotspur,Liverpool,18.0,25.5,,,,,,,,,,,,,,,
5885afa0-5cb4-4b65-84cf-d95957fddfc5,Carry,51,24,2,Liverpool,Andrew Robertson,Left Back,1,Tottenham Hotspur,Liverpool,18.0,25.5,,,,,,,,,,,3.0,14.0,-0.00227673,,
5633cf50-bc76-4912-a07a-5b702d2be716,Pressure,51,25,2,Tottenham Hotspur,Harry Winks,Left Center Midfield,0,Tottenham Hotspur,Liverpool,111.0,58.2,,,,,,,,,,,,,,,
8cffa687-4ab9-41ba-b9bf-19c418eefa93,Pass,51,27,2,Liverpool,Andrew Robertson,Left Back,1,Tottenham Hotspur,Liverpool,3.0,14.0,Sadio Mané,,,Ground Pass,Left Foot,16.5,7.3,0.00750072,0.00779616,0.0002954400000000001,,,,,
a018b1fe-faa4-4b07-8b79-ddbbf8bd392d,Ball Receipt*,51,29,2,Liverpool,Sadio Mané,Left Wing,0,Tottenham Hotspur,Liverpool,16.5,7.3,,,,,,,,,,,,,,,
24b76ca1-ac40-43e6-89cb-559e9e3e19e4,Carry,51,29,2,Liverpool,Sadio Mané,Left Wing,0,Tottenham Hotspur,Liverpool,16.5,7.3,,,,,,,,,,,16.5,7.3,0.0,,
75245240-f9d0-4014-8cd8-f6df94f41346,Pass,51,29,2,Liverpool,Sadio Mané,Left Wing,0,Tottenham Hotspur,Liverpool,16.5,7.3,Andrew Robertson,,,Ground Pass,Right Foot,9.8,12.0,0.00779616,0.00750072,-0.0002954400000000001,,,,,
f1690252-27ca-415b-ba09-6f22db25f28b,Ball Receipt*,51,30,2,Liverpool,Andrew Robertson,Left Back,0,Tottenham Hotspur,Liverpool,9.8,12.0,,,,,,,,,,,,,,,
f7d7d6ea-a828-45fd-9c83-45d934c7428a,Carry,51,30,2,Liverpool,Andrew Robertson,Left Back,0,Tottenham Hotspur,Liverpool,9.8,12.0,,,,,,,,,,,9.8,12.0,0.0,,
8fb1def5-9cf0-4b92-a20b-70d1fa2f2a16,Pass,51,30,2,Liverpool,Andrew Robertson,Left Back,0,Tottenham Hotspur,Liverpool,9.8,12.0,Sadio Mané,Incomplete,,High Pass,Left Foot,17.6,7.3,0.00750072,0.00779616,0.0002954400000000001,,,,,
284b9197-bd2a-4a98-ac12-366e4d02f04c,Ball Receipt*,51,30,2,Liverpool,Sadio Mané,Left Wing,0,Tottenham Hotspur,Liverpool,19.7,2.1,,,,,,,,,,,,,,,
d6ca408f-1f6c-412d-a4a7-42fc2e86f41d,Block,51,30,2,Tottenham Hotspur,Kieran Trippier,Right Back,0,Tottenham Hotspur,Liverpool,102.5,72.8,,,,,,,,,,,,,,,
c24ad571-4254-461c-8727-1fa81660b962,Pass,51,56,2,Liverpool,Andrew Robertson,Left Back,0,Tottenham Hotspur,Liverpool,42.1,0.1,Sadio Mané,,Throw-in,High Pass,,51.3,8.2,0.01126267,0.01248344,0.001220769999999999,,,,,
0cb9e4a8-58f6-49a6-bdcc-3abc6406123c,Ball Receipt*,51,57,2,Liverpool,Sadio Mané,Left Wing,0,Tottenham Hotspur,Liverpool,51.3,8.2,,,,,,,,,,,,,,,
971dbe68-7a66-41bb-a77c-f0e09058c796,Carry,51,57,2,Liverpool,Sadio Mané,Left Wing,1,Tottenham Hotspur,Liverpool,51.3,8.2,,,,,,,,,,,48.9,2.4,-0.001220769999999999,,
4ca557e4-cdbd-4650-9212-b854ead88385,Pressure,51,57,2,Tottenham Hotspur,Harry Winks,Left Center Midfield,0,Tottenham Hotspur,Liverpool,68.1,75.1,,,,,,,,,,,,,,,
f66008c3-a7a9-4312-9599-58a1bf5803dd,Pass,51,58,2,Liverpool,Sadio Mané,Left Wing,1,Tottenham Hotspur,Liverpool,48.9,2.4,Andrew Robertson,,,Ground Pass,Right Foot,40.9,3.4,0.01126267,0.01126267,0.0,,,,,
38c22150-0045-45d3-994a-ed1c5759fa37,Ball Receipt*,51,59,2,Liverpool,Andrew Robertson,Left Back,0,Tottenham Hotspur,Liverpool,40.9,3.4,,,,,,,,,,,,,,,
de575410-ff5c-4eac-936e-3ad5ec3017f5,Carry,51,59,2,Liverpool,Andrew Robertson,Left Back,0,Tottenham Hotspur,Liverpool,40.9,3.4,,,,,,,,,,,40.9,3.4,0.0,,
56c9e9a8-7b56-4487-b634-8bc1f3f6e804,Pass,51,59,2,Liverpool,Andrew Robertson,Left Back,0,Tottenham Hotspur,Liverpool,40.9,3.4,Trent Alexander-Arnold,,,High Pass,Left Foot,63.2,72.9,0.01126267,0.01473596,0.003473289999999999,,,,,
16173809-7c1a-4d8a-81bc-887aeb25c303,Ball Receipt*,52,4,2,Liverpool,Trent Alexander-Arnold,Right Back,0,Tottenham Hotspur,Liverpool,63.2,72.9,,,,,,,,,,,,,,,
bae2d6f4-fc76-41e7-8efd-1028609bb5b0,Carry,52,4,2,Liverpool,Trent Alexander-Arnold,Right Back,0,Tottenham Hotspur,Liverpool,63.2,72.9,,,,,,,,,,,85.6,75.8,0.006485330000000001,,
4186f0c2-2a32-4db0-a89a-556dec78311f,Pass,52,7,2,Liverpool,Trent Alexander-Arnold,Right Back,0,Tottenham Hotspur,Liverpool,85.6,75.8,Sadio Mané,,,High Pass,Right Foot,115.8,2.4,0.02122129,0.0379259,0.01670461,,,,,
c1a838a5-4140-4a17-83e1-5b626c6cf4e4,Ball Receipt*,52,12,2,Liverpool,Sadio Mané,Left Wing,0,Tottenham Hotspur,Liverpool,115.8,2.4,,,,,,,,,,,,,,,
65cbf33d-97be-434a-b174-22334e6c1d8f,Carry,52,12,2,Liverpool,Sadio Mané,Left Wing,0,Tottenham Hotspur,Liverpool,115.8,2.4,,,,,,,,,,,117.0,11.6,0.00855131,,
b99ae11a-e428-40cc-b0eb-2cb6b86b9bf5,Pass,52,16,2,Liverpool,Sadio Mané,Left Wing,0,Tottenham Hotspur,Liverpool,117.0,11.6,Georginio Wijnaldum,,,Ground Pass,Right Foot,111.4,23.2,0.04647721,0.06442595,0.01794874,,,,,
8e59d9a8-7d3c-4f8c-9839-ea3dae381018,Ball Receipt*,52,17,2,Liverpool,Georginio Wijnaldum,Left Center Midfield,0,Tottenham Hotspur,Liverpool,111.4,23.2,,,,,,,,,,,,,,,
5987d3ca-b3e9-46bc-b95d-bdabcf79b909,Carry,52,17,2,Liverpool,Georginio Wijnaldum,Left Center Midfield,0,Tottenham Hotspur,Liverpool,111.4,23.2,,,,,,,,,,,111.4,23.2,0.0,,
404630de-f2dd-4aad-be9e-e3cb04571445,Pass,52,17,2,Liverpool,Georginio Wijnaldum,Left Center Midfield,0,Tottenham Hotspur,Liverpool,111.4,23.2,Roberto Firmino Barbosa de Oliveira,,,Low Pass,Right Foot,105.3,12.5,0.06442595,0.04066992,-0.02375603,,,,,
43c039e4-5dbd-49e4-b19e-854229b95c70,Ball Receipt*,52,18,2,Liverpool,Roberto Firmino Barbosa de Oliveira,Center Forward,0,Tottenham Hotspur,Liverpool,105.3,12.5,,,,,,,,,,,,,,,
06ba6f9c-c781-4cbd-939a-1ac90e6b5873,Carry,52,18,2,Liverpool,Roberto Firmino Barbosa de Oliveira,Center Forward,0,Tottenham Hotspur,Liverpool,105.3,12.5,,,,,,,,,,,104.2,13.5,0.0,,
794722c8-ae76-4ad4-9b59-4dc0c27045c8,Pass,52,20,2,Liverpool,Roberto Firmino Barbosa de Oliveira,Center Forward,0,Tottenham Hotspur,Liverpool,104.2,13.5,Andrew Robertson,,,Ground Pass,Right Foot,87.0,17.6,0.04066992,0.02401521,-0.01665471,,,,,
9c950086-2e8d-4bca-a783-5e6e32fc7f59,Ball Receipt*,52,21,2,Liverpool,Andrew Robertson,Left Back,0,Tottenham Hotspur,Liverpool,87.0,17.6,,,,,,,,,,,,,,,
fa112ada-1a94-463d-852b-539054dfd853,Carry,52,21,2,Liverpool,Andrew Robertson,Left Back,0,Tottenham Hotspur,Liverpool,87.0,17.6,,,,,,,,,,,87.0,17.6,0.0,,
1772a0bd-285b-4765-bbe3-e928c9c12370,Pass,52,22,2,Liverpool,Andrew Robertson,Left Back,0,Tottenham Hotspur,Liverpool,87.0,17.6,Fábio Henrique Tavares,,,Ground Pass,Left Foot,83.6,33.0,0.02401521,0.02385149,-0.0001637199999999991,,,,,
0d8a360f-4327-4ba0-af38-342da68aa074,Ball Receipt*,52,23,2,Liverpool,Fábio Henrique Tavares,Center Defensive Midfield,0,Tottenham Hotspur,Liverpool,83.6,33.0,,,,,,,,,,,,,,,
fcd9fb4b-7e5f-4d58-980d-91faa0adbee7,Carry,52,23,2,Liverpool,Fábio Henrique Tavares,Center Defensive Midfield,1,Tottenham Hotspur,Liverpool,83.6,33.0,,,,,,,,,,,88.6,39.0,0.0,,
7293e9c2-ecc0-4439-a5e7-8a02a0a9ba43,Pressure,52,25,2,Tottenham Hotspur,Harry Winks,Left Center Midfield,0,Tottenham Hotspur,Liverpool,29.4,41.2,,,,,,,,,,,,,,,
a0270fc6-79b0-4054-b570-dfa274e171a0,Shot,52,26,2,Liverpool,Fábio Henrique Tavares,Center Defensive Midfield,1,Tottenham Hotspur,Liverpool,88.6,39.0,,,,,,,,,,,,,,0.020487793,Blocked
b565f363-432a-42fb-b63b-2d5417e10878,Block,52,26,2,Tottenham Hotspur,Harry Winks,Left Center Midfield,0,Tottenham Hotspur,Liverpool,28.6,41.2,,,,,,,,,,,,,,,
6198a235-d8f8-4f7c-92b2-eacd963de480,Goal Keeper,52,27,2,Tottenham Hotspur,Hugo Lloris,Goalkeeper,0,Tottenham Hotspur,Liverpool,1.2,40.1,,,,,,,,,,,,,,,
4829ab9b-fc9b-4f78-a133-a0ff1aacd21c,Ball Recovery,52,27,2,Tottenham Hotspur,Hugo Lloris,Goalkeeper,0,Tottenham Hotspur,Liverpool,2.5,33.0,,,,,,,,,,,,,,,
fa28de8b-adb9-44aa-9cc1-390f00ece1f4,Carry,52,27,2,Tottenham Hotspur,Hugo Lloris,Goalkeeper,0,Tottenham Hotspur,Liverpool,2.5,33.0,,,,,,,,,,,14.3,28.9,0.0003668899999999999,,
79b904f7-03af-426d-8d12-0763612acee0,Pass,52,35,2,Tottenham Hotspur,Hugo Lloris,Goalkeeper,0,Tottenham Hotspur,Liverpool,14.3,28.9,Toby Alderweireld,,,Ground Pass,Keeper Arm,16.9,46.4,0.00977745,0.01082722,0.00104977,,,,,
0489127a-da99-45d9-b2e9-9ad68b830fb9,Ball Receipt*,52,36,2,Tottenham Hotspur,Toby Alderweireld,Right Center Back,0,Tottenham Hotspur,Liverpool,16.9,46.4,,,,,,,,,,,,,,,
54b074a4-1ce3-4562-b43a-f827328577d5,Carry,52,36,2,Tottenham Hotspur,Toby Alderweireld,Right Center Back,0,Tottenham Hotspur,Liverpool,16.9,46.4,,,,,,,,,,,22.5,47.5,-0.000661730000000001,,
bd941b32-d892-4034-a45c-2867c2cd13a0,Pass,52,39,2,Tottenham Hotspur,Toby Alderweireld,Right Center Back,0,Tottenham Hotspur,Liverpool,22.5,47.5,Jan Vertonghen,,,Ground Pass,Right Foot,22.5,30.1,0.01016549,0.01016549,0.0,,,,,
f49de307-fec1-4d12-bfad-843bf9c84503,Ball Receipt*,52,40,2,Tottenham Hotspur,Jan Vertonghen,Left Center Back,0,Tottenham Hotspur,Liverpool,22.5,30.1,,,,,,,,,,,,,,,
9d718409-1c8a-4f29-9926-910b387ab3da,Carry,52,40,2,Tottenham Hotspur,Jan Vertonghen,Left Center Back,0,Tottenham Hotspur,Liverpool,22.5,30.1,,,,,,,,,,,25.3,31.1,0.0,,
daf5ca47-e33c-45fd-ba4c-986df76a9952,Pass,52,41,2,Tottenham Hotspur,Jan Vertonghen,Left Center Back,0,Tottenham Hotspur,Liverpool,25.3,31.1,Moussa Sissoko,,,Ground Pass,Left Foot,41.0,30.1,0.01016549,0.01262646,0.002460970000000002,,,,,
b37a75cd-0eca-409f-b172-85cfeca76d39,Ball Receipt*,52,42,2,Tottenham Hotspur,Moussa Sissoko,Right Defensive Midfield,0,Tottenham Hotspur,Liverpool,41.0,30.1,,,,,,,,,,,,,,,
3697b81d-a097-4604-935f-21b46ce2d1d4,Carry,52,42,2,Tottenham Hotspur,Moussa Sissoko,Right Defensive Midfield,0,Tottenham Hotspur,Liverpool,41.0,30.1,,,,,,,,,,,41.0,30.1,0.0,,
0c730901-2c9b-4303-8fe5-b1d20d7e84d0,Pass,52,42,2,Tottenham Hotspur,Moussa Sissoko,Right Defensive Midfield,0,Tottenham Hotspur,Liverpool,41.0,30.1,Jan Vertonghen,,,Ground Pass,Right Foot,27.0,27.1,0.01262646,0.01001304,-0.00261342,,,,,
24a48a3c-8c00-43b2-95aa-5ec5119bad6d,Ball Receipt*,52,44,2,Tottenham Hotspur,Jan Vertonghen,Left Center Back,0,Tottenham Hotspur,Liverpool,27.0,27.1,,,,,,,,,,,,,,,
902ebc2c-4393-4688-8702-8271735af1b4,Carry,52,44,2,Tottenham Hotspur,Jan Vertonghen,Left Center Back,0,Tottenham Hotspur,Liverpool,27.0,27.1,,,,,,,,,,,29.9,27.1,0.0,,
4617e860-8f50-4f22-a9cd-6dc614717bef,Pass,52,47,2,Tottenham Hotspur,Jan Vertonghen,Left Center Back,0,Tottenham Hotspur,Liverpool,29.9,27.1,Toby Alderweireld,,,Ground Pass,Left Foot,27.8,50.5,0.01001304,0.01001304,0.0,,,,,
69d016a0-d0ff-43c2-bf82-353f35246257,Ball Receipt*,52,48,2,Tottenham Hotspur,Toby Alderweireld,Right Center Back,0,Tottenham Hotspur,Liverpool,27.8,50.5,,,,,,,,,,,,,,,
0ebb8eca-2cda-4ddb-87f9-6461ec998c9d,Carry,52,48,2,Tottenham Hotspur,Toby Alderweireld,Right Center Back,0,Tottenham Hotspur,Liverpool,27.8,50.5,,,,,,,,,,,29.0,51.2,0.0,,
42b79e13-60b6-46cc-913f-cdaa3b74c435,Pass,52,52,2,Tottenham Hotspur,Toby Alderweireld,Right Center Back,0,Tottenham Hotspur,Liverpool,29.0,51.2,Kieran Trippier,,,High Pass,Right Foot,53.6,76.7,0.01001304,0.01248344,0.002470399999999999,,,,,
d1e3b6c9-7d61-4c34-9ce2-e5f58b9a4b17,Ball Receipt*,52,54,2,Tottenham Hotspur,Kieran Trippier,Right Back,0,Tottenham Hotspur,Liverpool,53.6,76.7,,,,,,,,,,,,,,,
d17e43ff-9729-43c3-883e-079b8670a92d,Carry,52,54,2,Tottenham Hotspur,Kieran Trippier,Right Back,0,Tottenham Hotspur,Liverpool,53.6,76.7,,,,,,,,,,,63.9,75.8,0.002252519999999999,,
58433e15-fbcd-4352-831a-42b930f5242b,Pass,52,56,2,Tottenham Hotspur,Kieran Trippier,Right Back,0,Tottenham Hotspur,Liverpool,63.9,75.8,Harry Kane,Incomplete,,High Pass,Right Foot,86.6,53.6,0.01473596,0.0241224,0.00938644,,,,,
97ca501d-51fb-445d-a0e3-73797b9f0bdf,Ball Receipt*,52,57,2,Tottenham Hotspur,Harry Kane,Center Forward,0,Tottenham Hotspur,Liverpool,92.4,56.2,,,,,,,,,,,,,,,
e624c543-ca8e-4801-ae11-eab9cc2dec15,Pass,52,57,2,Liverpool,Joël Andre Job Matip,Right Center Back,0,Tottenham Hotspur,Liverpool,33.5,26.5,Georginio Wijnaldum,,Recovery,High Pass,Head,49.9,22.7,0.01110462,0.01269174,0.001587119999999999,,,,,
e8192806-a38c-4c15-810e-40a9233315a8,Ball Receipt*,52,59,2,Liverpool,Georginio Wijnaldum,Left Center Midfield,0,Tottenham Hotspur,Liverpool,49.9,22.7,,,,,,,,,,,,,,,
3361ef20-f3a0-4530-a128-a1588883c173,Carry,52,59,2,Liverpool,Georginio Wijnaldum,Left Center Midfield,0,Tottenham Hotspur,Liverpool,49.9,22.7,,,,,,,,,,,54.4,34.8,0.00215424,,
9c80cdc1-4f46-4281-8217-8da677a6d9cf,Pass,53,1,2,Liverpool,Georginio Wijnaldum,Left Center Midfield,0,Tottenham Hotspur,Liverpool,54.4,34.8,Mohamed Salah,,,High Pass,Right Foot,102.0,55.5,0.01484598,0.05491138,0.0400654,,,,,
e0621144-db29-49a9-9016-c316172d6823,Ball Receipt*,53,3,2,Liverpool,Mohamed Salah,Right Wing,0,Tottenham Hotspur,Liverpool,102.0,55.5,,,,,,,,,,,,,,,
65441e00-3c55-4477-b842-dd731656ed87,Carry,53,3,2,Liverpool,Mohamed Salah,Right Wing,0,Tottenham Hotspur,Liverpool,102.0,55.5,,,,,,,,,,,110.2,52.7,0.009514569999999993,,
88e73cb6-8cde-4fab-95f6-9a7d7d9b1234,Shot,53,6,2,Liverpool,Mohamed Salah,Right Wing,0,Tottenham Hotspur,Liverpool,110.2,52.7,,,,,,,,,,,,,,0.046969783,Blocked
db151674-1895-45e0-99ac-f0c14ef78d12,Block,53,6,2,Tottenham Hotspur,Jan Vertonghen,Left Center Back,0,Tottenham Hotspur,Liverpool,9.0,28.8,,,,,,,,,,,,,,,
52760c6d-b99f-4e2a-9b36-742b3be09be5,Goal Keeper,53,6,2,Tottenham Hotspur,Hugo Lloris,Goalkeeper,0,Tottenham Hotspur,Liverpool,1.0,37.1,,,,,,,,,,,,,,,
bb449af3-a4da-4175-878f-2ac7f1b31836,Pressure,53,8,2,Liverpool,Mohamed Salah,Right Wing,0,Tottenham Hotspur,Liverpool,99.6,55.2,,,,,,,,,,,,,,,
bc6d23be-3d3e-4906-8b91-e38d49e5347d,Ball Recovery,53,8,2,Tottenham Hotspur,Moussa Sissoko,Right Defensive Midfield,1,Tottenham Hotspur,Liverpool,23.0,28.0,,,,,,,,,,,,,,,
09afc029-96e6-4dae-9ecd-4f2501b9f2e1,Ball Recovery,53,10,2,Liverpool,Mohamed Salah,Right Wing,0,Tottenham Hotspur,Liverpool,94.8,49.9,,,,,,,,,,,,,,,
bafe6181-05e9-48f3-a986-1360545b4ff0,Carry,53,10,2,Liverpool,Mohamed Salah,Right Wing,1,Tottenham Hotspur,Liverpool,94.8,49.9,,,,,,,,,,,94.5,49.0,0.0,,
415b7086-e66b-4556-bc0a-4d1f2c37ee50,Pressure,53,10,2,Tottenham Hotspur,Moussa Sissoko,Right Defensive Midfield,0,Tottenham Hotspur,Liverpool,21.7,28.5,,,,,,,,,,,,,,,
ce7b37ae-82aa-4e1a-9ff8-78be6ee14ee2,Dispossessed,53,11,2,Liverpool,Mohamed Salah,Right Wing,1,Tottenham Hotspur,Liverpool,94.5,49.0,,,,,,,,,,,,,,,
347f62e9-e9b4-4919-9e4a-3a3e08cca844,Duel,53,11,2,Tottenham Hotspur,Moussa Sissoko,Right Defensive Midfield,1,Tottenham Hotspur,Liverpool,25.6,31.1,,,,,,,,,,,,,,,
0ca59d2b-0701-4ab1-a1af-291b9da03280,Ball Recovery,53,12,2,Liverpool,Georginio Wijnaldum,Left Center Midfield,0,Tottenham Hotspur,Liverpool,90.9,45.9,,,,,,,,,,,,,,,
1ba352b8-c4af-4051-99e9-738be433de30,Carry,53,12,2,Liverpool,Georginio Wijnaldum,Left Center Midfield,0,Tottenham Hotspur,Liverpool,90.9,45.9,,,,,,,,,,,91.1,48.9,0.0,,
9bc10577-db99-44e3-80ac-56ec18806588,Pass,53,13,2,Liverpool,Georginio Wijnaldum,Left Center Midfield,0,Tottenham Hotspur,Liverpool,91.1,48.9,Jordan Brian Henderson,,,Ground Pass,Right Foot,91.8,59.1,0.03511326,0.02855202,-0.006561239999999999,,,,,
a3fb7573-f772-4257-940d-6bc5acbc7589,Ball Receipt*,53,14,2,Liverpool,Jordan Brian Henderson,Right Center Midfield,0,Tottenham Hotspur,Liverpool,91.8,59.1,,,,,,,,,,,,,,,
06df83fa-48e2-4242-be60-ea2b33f4185d,Carry,53,14,2,Liverpool,Jordan Brian Henderson,Right Center Midfield,0,Tottenham Hotspur,Liverpool,91.8,59.1,,,,,,,,,,,91.8,59.1,0.0,,
e4041dfe-df9a-4362-b035-a4752db9a979,Pass,53,14,2,Liverpool,Jordan Brian Henderson,Right Center Midfield,0,Tottenham Hotspur,Liverpool,91.8,59.1,Fábio Henrique Tavares,,,Ground Pass,Right Foot,83.9,48.3,0.02855202,0.02385149,-0.004700530000000001,,,,,
e267cae0-813f-496b-b511-400218f0a29c,Ball Receipt*,53,15,2,Liverpool,Fábio Henrique Tavares,Center Defensive Midfield,0,Tottenham Hotspur,Liverpool,83.9,48.3,,,,,,,,,,,,,,,
9c09663e-cdef-4424-b111-a6a72c450d3a,Carry,53,15,2,Liverpool,Fábio Henrique Tavares,Center Defensive Midfield,0,Tottenham Hotspur,Liverpool,83.9,48.3,,,,,,,,,,,83.9,48.3,0.0,,
cf0277bd-eb4d-43a4-b7fb-1fd54c6e92ee,Pass,53,15,2,Liverpool,Fábio Henrique Tavares,Center Defensive Midfield,0,Tottenham Hotspur,Liverpool,83.9,48.3,Andrew Robertson,,,Low Pass,Right Foot,83.2,20.8,0.02385149,0.0241224,0.0002709099999999992,,,,,
0ca5ddf3-7524-429f-821e-5358500f582a,Ball Receipt*,53,16,2,Liverpool,Andrew Robertson,Left Back,0,Tottenham Hotspur,Liverpool,83.2,20.8,,,,,,,,,,,,,,,
299cab11-de1b-46a3-8b0e-7b869d5fe363,Carry,53,16,2,Liverpool,Andrew Robertson,Left Back,0,Tottenham Hotspur,Liverpool,83.2,20.8,,,,,,,,,,,97.6,17.6,0.00541032,,
42c9184e-27aa-4075-b8f5-a24135b355c2,Pass,53,19,2,Liverpool,Andrew Robertson,Left Back,0,Tottenham Hotspur,Liverpool,97.6,17.6,Sadio Mané,Incomplete,,High Pass,Left Foot,116.4,40.8,0.02953272,0.25745362,0.2279209,,,,,
02621078-96ae-43c1-8554-4560b76361c7,Ball Receipt*,53,21,2,Liverpool,Sadio Mané,Left Wing,0,Tottenham Hotspur,Liverpool,111.4,42.2,,,,,,,,,,,,,,,
5f300bf8-53f4-453d-a338-096fc4a86424,Goal Keeper,53,21,2,Tottenham Hotspur,Hugo Lloris,Goalkeeper,0,Tottenham Hotspur,Liverpool,3.7,39.3,,,,,,,,,,,,,,,
f6d172e4-f155-4497-b26a-e4d396fe5c7e,Carry,53,21,2,Tottenham Hotspur,Hugo Lloris,Goalkeeper,0,Tottenham Hotspur,Liverpool,3.7,39.3,,,,,,,,,,,15.4,38.3,0.00141666,,
18537c8d-ef06-4755-a3a7-86937b6ecff1,Pass,53,26,2,Tottenham Hotspur,Hugo Lloris,Goalkeeper,0,Tottenham Hotspur,Liverpool,15.4,38.3,Harry Winks,,,Ground Pass,Keeper Arm,29.0,63.9,0.01082722,0.00942382,-0.001403400000000001,,,,,
9d3c3ce3-c05d-4acf-baac-fafa459b99fd,Ball Receipt*,53,28,2,Tottenham Hotspur,Harry Winks,Left Center Midfield,0,Tottenham Hotspur,Liverpool,29.0,63.9,,,,,,,,,,,,,,,
e4e30fe5-0d50-423c-b8f6-266f59e91cee,Carry,53,28,2,Tottenham Hotspur,Harry Winks,Left Center Midfield,0,Tottenham Hotspur,Liverpool,29.0,63.9,,,,,,,,,,,51.2,65.6,0.004421580000000001,,
e6b56711-44ea-417e-a7e3-b1fdfd489b5c,Pass,53,35,2,Tottenham Hotspur,Harry Winks,Left Center Midfield,0,Tottenham Hotspur,Liverpool,51.2,65.6,Kieran Trippier,,,Ground Pass,Left Foot,53.8,76.3,0.0138454,0.01248344,-0.001361960000000001,,,,,
9f4187e3-a5c5-4a19-971d-a2d9e3fe5087,Ball Receipt*,53,36,2,Tottenham Hotspur,Kieran Trippier,Right Back,0,Tottenham Hotspur,Liverpool,53.8,76.3,,,,,,,,,,,,,,,
715bdd9b-18c6-4b0c-8bd7-f1691093da4c,Carry,53,36,2,Tottenham Hotspur,Kieran Trippier,Right Back,0,Tottenham Hotspur,Liverpool,53.8,76.3,,,,,,,,,,,53.8,76.7,0.0,,
c9a68bf5-0b64-4a91-b811-35b52cd6450f,Pass,53,36,2,Tottenham Hotspur,Kieran Trippier,Right Back,0,Tottenham Hotspur,Liverpool,53.8,76.7,Christian Dannemann Eriksen,,,Ground Pass,Right Foot,64.7,66.6,0.01248344,0.01611813,0.003634690000000001,,,,,
96027d38-d7d8-4751-8b04-a95246ad7f68,Ball Receipt*,53,37,2,Tottenham Hotspur,Christian Dannemann Eriksen,Right Wing,0,Tottenham Hotspur,Liverpool,64.7,66.6,,,,,,,,,,,,,,,
0606f2f5-b3ad-4ebe-8586-518fd60257ac,Carry,53,37,2,Tottenham Hotspur,Christian Dannemann Eriksen,Right Wing,0,Tottenham Hotspur,Liverpool,64.7,66.6,,,,,,,,,,,64.7,66.6,0.0,,
83a669ac-900d-4725-837a-ddbc360c9539,Pass,53,38,2,Tottenham Hotspur,Christian Dannemann Eriksen,Right Wing,0,Tottenham Hotspur,Liverpool,64.7,66.6,Kieran Trippier,,,Ground Pass,Right Foot,48.5,71.6,0.01611813,0.01126267,-0.004855460000000001,,,,,
46155ecf-3b6d-49bb-bc34-4878b7db23fc,Ball Receipt*,53,39,2,Tottenham Hotspur,Kieran Trippier,Right Back,0,Tottenham Hotspur,Liverpool,48.5,71.6,,,,,,,,,,,,,,,
666be50c-385d-4d6d-9335-e7d35ed9cafc,Carry,53,39,2,Tottenham Hotspur,Kieran Trippier,Right Back,0,Tottenham Hotspur,Liverpool,48.5,71.6,,,,,,,,,,,48.5,71.6,0.0,,
81d79c65-7d92-4651-ad39-cd150a85ab9e,Pass,53,40,2,Tottenham Hotspur,Kieran Trippier,Right Back,0,Tottenham Hotspur,Liverpool,48.5,71.6,Christian Dannemann Eriksen,,,Ground Pass,Right Foot,64.2,76.7,0.01126267,0.01473596,0.003473289999999999,,,,,
348cb355-9db0-49cd-8c6a-30142c75523c,Ball Receipt*,53,41,2,Tottenham Hotspur,Christian Dannemann Eriksen,Right Wing,0,Tottenham Hotspur,Liverpool,64.2,76.7,,,,,,,,,,,,,,,
16ec1430-f482-4413-8460-0aa89e523ae4,Carry,53,41,2,Tottenham Hotspur,Christian Dannemann Eriksen,Right Wing,0,Tottenham Hotspur,Liverpool,64.2,76.7,,,,,,,,,,,72.4,75.1,0.002714640000000001,,
888ac577-e8a9-40a3-80a9-74a31b4a9147,Pass,53,45,2,Tottenham Hotspur,Christian Dannemann Eriksen,Right Wing,0,Tottenham Hotspur,Liverpool,72.4,75.1,Bamidele Alli,,,High Pass,Right Foot,105.2,45.1,0.0174506,0.10805102,0.09060042,,,,,
46b59c04-3618-4514-8c59-3654bfad99eb,Ball Receipt*,53,47,2,Tottenham Hotspur,Bamidele Alli,Center Attacking Midfield,0,Tottenham Hotspur,Liverpool,105.2,45.1,,,,,,,,,,,,,,,
d3371a43-bc6e-4655-92af-ad38caa48d07,Carry,53,47,2,Tottenham Hotspur,Bamidele Alli,Center Attacking Midfield,1,Tottenham Hotspur,Liverpool,105.2,45.1,,,,,,,,,,,110.8,49.4,0.1494026,,
a8436b34-cb5f-408a-9ed0-a894be90fe73,Pressure,53,47,2,Liverpool,Trent Alexander-Arnold,Right Back,0,Tottenham Hotspur,Liverpool,13.2,32.8,,,,,,,,,,,,,,,
a8b0c66e-51f0-4b76-a991-2fe3f4a8c48e,Shot,53,49,2,Tottenham Hotspur,Bamidele Alli,Center Attacking Midfield,0,Tottenham Hotspur,Liverpool,110.8,49.4,,,,,,,,,,,,,,0.11269027,Blocked
d198406b-c4a2-4160-9afc-4028572927aa,Block,53,49,2,Liverpool,Trent Alexander-Arnold,Right Back,0,Tottenham Hotspur,Liverpool,8.4,31.9,,,,,,,,,,,,,,,
ed11b6cf-9331-4564-a069-51c7086889f0,Ball Recovery,53,50,2,Tottenham Hotspur,Harry Kane,Center Forward,0,Tottenham Hotspur,Liverpool,104.2,40.3,,,,,,,,,,,,,,,
c6f35f38-28fb-4191-9705-1b209fb60ab5,Goal Keeper,53,50,2,Liverpool,Alisson Ramsés Becker,Goalkeeper,0,Tottenham Hotspur,Liverpool,2.1,36.9,,,,,,,,,,,,,,,
4383b7f1-99ac-4fa0-9f7a-d8e506a057fc,Pass,53,51,2,Liverpool,Jordan Brian Henderson,Right Center Midfield,0,Tottenham Hotspur,Liverpool,18.2,45.3,Joël Andre Job Matip,Incomplete,Recovery,High Pass,Right Foot,5.2,64.2,0.01082722,0.00750072,-0.0033265,,,,,
5592ed84-cbf4-4b42-ae72-d9286aac7ce4,Ball Receipt*,53,55,2,Liverpool,Joël Andre Job Matip,Right Center Back,0,Tottenham Hotspur,Liverpool,11.5,49.2,,,,,,,,,,,,,,,
d08a0a66-b2d2-4e2b-b7a4-a995e920c7e2,Ball Recovery,53,55,2,Tottenham Hotspur,Harry Kane,Center Forward,0,Tottenham Hotspur,Liverpool,114.9,15.9,,,,,,,,,,,,,,,
7a4c325a-8ba1-4c86-a654-356dd38743fd,Pressure,53,56,2,Tottenham Hotspur,Harry Kane,Center Forward,0,Tottenham Hotspur,Liverpool,113.4,15.2,,,,,,,,,,,,,,,
c38df8b2-084d-42e2-9cb0-65957cbb9629,Ball Recovery,53,56,2,Liverpool,Joël Andre Job Matip,Right Center Back,1,Tottenham Hotspur,Liverpool,4.2,65.9,,,,,,,,,,,,,,,
588264a5-b7a4-42ab-bcc6-ede5e4602ea5,Carry,53,56,2,Liverpool,Joël Andre Job Matip,Right Center Back,1,Tottenham Hotspur,Liverpool,4.2,65.9,,,,,,,,,,,6.9,77.5,-0.00111769,,
21ba131d-517b-40f5-b0da-8dce9e2c1ea8,Pass,53,58,2,Liverpool,Joël Andre Job Matip,Right Center Back,1,Tottenham Hotspur,Liverpool,6.9,77.5,,Incomplete,,High Pass,Right Foot,77.4,74.0,0.00638303,0.0174506,0.01106757,,,,,
0fe8c4c5-e3bf-40a5-ab28-73fe0d606119,Ball Recovery,54,4,2,Tottenham Hotspur,Jan Vertonghen,Left Center Back,0,Tottenham Hotspur,Liverpool,42.7,6.1,,,,,,,,,,,,,,,
cb61576c-bd0f-4f80-bb7c-6377d900636c,Carry,54,4,2,Tottenham Hotspur,Jan Vertonghen,Left Center Back,0,Tottenham Hotspur,Liverpool,42.7,6.1,,,,,,,,,,,39.9,13.5,-0.0006677699999999998,,
875b5792-8bd6-4683-af56-098ec9c87c43,Pass,54,6,2,Tottenham Hotspur,Jan Vertonghen,Left Center Back,0,Tottenham Hotspur,Liverpool,39.9,13.5,Toby Alderweireld,,,Ground Pass,Left Foot,39.6,29.7,0.0105949,0.01110462,0.00050972,,,,,
5946aeba-8289-42f2-86dc-dd5e881ec587,Ball Receipt*,54,7,2,Tottenham Hotspur,Toby Alderweireld,Right Center Back,0,Tottenham Hotspur,Liverpool,39.6,29.7,,,,,,,,,,,,,,,
b8d8f67b-3bab-4079-909a-dbb5b7c8a3b1,Carry,54,7,2,Tottenham Hotspur,Toby Alderweireld,Right Center Back,0,Tottenham Hotspur,Liverpool,39.6,29.7,,,,,,,,,,,39.3,38.9,0.0002191399999999996,,
2df26aa4-4d88-4b4e-bcd0-e738b11c4dfe,Pass,54,9,2,Tottenham Hotspur,Toby Alderweireld,Right Center Back,0,Tottenham Hotspur,Liverpool,39.3,38.9,Kieran Trippier,,,Ground Pass,Right Foot,51.7,76.2,0.01132376,0.01248344,0.00115968,,,,,
224d5ec0-5669-446b-a4ea-59fd02fdfc83,Ball Receipt*,54,11,2,Tottenham Hotspur,Kieran Trippier,Right Back,0,Tottenham Hotspur,Liverpool,51.7,76.2,,,,,,,,,,,,,,,
7d4e92b8-46d0-4d42-8447-994a2251d678,Carry,54,11,2,Tottenham Hotspur,Kieran Trippier,Right Back,0,Tottenham Hotspur,Liverpool,51.7,76.2,,,,,,,,,,,50.5,75.7,0.0,,
31334aad-44d3-40c0-9ccc-08e6c5c76924,Pass,54,12,2,Tottenham Hotspur,Kieran Trippier,Right Back,0,Tottenham Hotspur,Liverpool,50.5,75.7,Christian Dannemann Eriksen,,,Ground Pass,Right Foot,50.7,58.6,0.01248344,0.01429128,0.00180784,,,,,
ed2eef36-3f88-423b-9df4-930c092e973d,Ball Receipt*,54,14,2,Tottenham Hotspur,Christian Dannemann Eriksen,Right Wing,0,Tottenham Hotspur,Liverpool,50.7,58.6,,,,,,,,,,,,,,,
7b86d35d-8776-4db2-8222-cd3ed657217e,Carry,54,14,2,Tottenham Hotspur,Christian Dannemann Eriksen,Right Wing,1,Tottenham Hotspur,Liverpool,50.7,58.6,,,,,,,,,,,50.7,58.2,0.0,,
cb40e15e-02c2-4553-8ad1-501d55c54cef,Pressure,54,14,2,Liverpool,Georginio Wijnaldum,Left Center Midfield,0,Tottenham Hotspur,Liverpool,63.6,20.7,,,,,,,,,,,,,,,
d22cc636-f5a8-4bee-809f-336089494b69,Pass,54,15,2,Tottenham Hotspur,Christian Dannemann Eriksen,Right Wing,1,Tottenham Hotspur,Liverpool,50.7,58.2,Jan Vertonghen,,,Ground Pass,Right Foot,41.5,24.9,0.01429128,0.01269174,-0.00159954,,,,,
66c2474c-e264-41cc-9f44-d1a551192ccc,Ball Receipt*,54,17,2,Tottenham Hotspur,Jan Vertonghen,Left Center Back,0,Tottenham Hotspur,Liverpool,41.5,24.9,,,,,,,,,,,,,,,
2780de2a-993b-4678-b05c-914be94cdb3f,Carry,54,17,2,Tottenham Hotspur,Jan Vertonghen,Left Center Back,0,Tottenham Hotspur,Liverpool,41.5,24.9,,,,,,,,,,,44.0,24.4,0.0,,
8db1d99f-b865-4413-876b-1b05f2f66a91,Pass,54,19,2,Tottenham Hotspur,Jan Vertonghen,Left Center Back,0,Tottenham Hotspur,Liverpool,44.0,24.4,Toby Alderweireld,,,Ground Pass,Left Foot,46.8,56.4,0.01269174,0.01269174,0.0,,,,,
2cbc8059-3c8b-4ee7-b397-4c8d61ee0f09,Ball Receipt*,54,21,2,Tottenham Hotspur,Toby Alderweireld,Right Center Back,0,Tottenham Hotspur,Liverpool,46.8,56.4,,,,,,,,,,,,,,,
a317b63b-6360-4e8c-83d8-d8cc70e70f80,Carry,54,21,2,Tottenham Hotspur,Toby Alderweireld,Right Center Back,0,Tottenham Hotspur,Liverpool,46.8,56.4,,,,,,,,,,,55.0,53.3,0.00159954,,
861d0dfb-0509-4dce-8eba-e93aef74c3fb,Pass,54,24,2,Tottenham Hotspur,Toby Alderweireld,Right Center Back,0,Tottenham Hotspur,Liverpool,55.0,53.3,Danny Rose,,,High Pass,Right Foot,101.4,4.3,0.01429128,0.03485072,0.02055944,,,,,
9f275c13-e624-4e8f-be40-3f1f414e4473,Ball Receipt*,54,28,2,Tottenham Hotspur,Danny Rose,Left Back,0,Tottenham Hotspur,Liverpool,101.4,4.3,,,,,,,,,,,,,,,
0316f57d-c857-4fae-a4dc-657e3cba9698,Carry,54,28,2,Tottenham Hotspur,Danny Rose,Left Back,1,Tottenham Hotspur,Liverpool,101.4,4.3,,,,,,,,,,,111.7,12.3,0.01162649,,
988561ea-35b9-4656-a7c7-ab1596dd141b,Pressure,54,29,2,Liverpool,Trent Alexander-Arnold,Right Back,0,Tottenham Hotspur,Liverpool,7.9,66.4,,,,,,,,,,,,,,,
681f5c57-ed69-4bae-82e7-6d97233fb907,Foul Committed,54,30,2,Liverpool,Trent Alexander-Arnold,Right Back,0,Tottenham Hotspur,Liverpool,8.4,67.8,,,,,,,,,,,,,,,
7b120b8d-ffe7-4f45-9d5a-26a96f7c962e,Foul Won,54,30,2,Tottenham Hotspur,Danny Rose,Left Back,1,Tottenham Hotspur,Liverpool,111.7,12.3,,,,,,,,,,,,,,,
28a9da7a-4d79-4ebe-9440-b7c4ecedfbe7,Carry,54,30,2,Tottenham Hotspur,Danny Rose,Left Back,1,Tottenham Hotspur,Liverpool,111.7,12.3,,,,,,,,,,,111.3,11.4,0.0,,
5ec9530d-ce14-4523-9f41-964dce195fcf,Dribbled Past,54,30,2,Liverpool,Trent Alexander-Arnold,Right Back,0,Tottenham Hotspur,Liverpool,8.8,68.7,,,,,,,,,,,,,,,
949fdb7f-9ef7-40e8-a6c9-ff35ff2eb910,Dribble,54,30,2,Tottenham Hotspur,Danny Rose,Left Back,1,Tottenham Hotspur,Liverpool,111.3,11.4,,,,,,,,,,,,,,,
ee4cdeb7-2ca3-40c3-972d-af092afada46,Ball Recovery,54,32,2,Tottenham Hotspur,Bamidele Alli,Center Attacking Midfield,0,Tottenham Hotspur,Liverpool,107.2,15.4,,,,,,,,,,,,,,,
ab6909da-1d3e-4afc-8784-3306b1451a74,Carry,54,32,2,Tottenham Hotspur,Bamidele Alli,Center Attacking Midfield,1,Tottenham Hotspur,Liverpool,107.2,15.4,,,,,,,,,,,107.7,16.7,0.0,,
de9985fe-d887-4b42-8885-df882d79ac0f,Pressure,54,33,2,Liverpool,Jordan Brian Henderson,Right Center Midfield,0,Tottenham Hotspur,Liverpool,12.4,60.3,,,,,,,,,,,,,,,
c9c64ffc-fbb6-4b9c-b61e-a1aed6838c48,Pass,54,33,2,Tottenham Hotspur,Bamidele Alli,Center Attacking Midfield,1,Tottenham Hotspur,Liverpool,107.7,16.7,Christian Dannemann Eriksen,,,Ground Pass,Right Foot,97.8,23.9,0.04066992,0.02855202,-0.0121179,,,,,
3c3c9ef9-ab27-42ce-9a04-7616d5a01c2b,Ball Receipt*,54,34,2,Tottenham Hotspur,Christian Dannemann Eriksen,Right Wing,0,Tottenham Hotspur,Liverpool,97.8,23.9,,,,,,,,,,,,,,,
67707afa-165c-48cc-aa65-a2ddee89edf6,Carry,54,34,2,Tottenham Hotspur,Christian Dannemann Eriksen,Right Wing,1,Tottenham Hotspur,Liverpool,97.8,23.9,,,,,,,,,,,97.0,24.1,0.0,,
2588ae24-d17f-435c-aa7b-72863004cb1d,Pressure,54,35,2,Liverpool,Mohamed Salah,Right Wing,0,Tottenham Hotspur,Liverpool,18.3,57.2,,,,,,,,,,,,,,,
38b1803f-8e93-49e6-b756-4f24ca5e8712,Pass,54,35,2,Tottenham Hotspur,Christian Dannemann Eriksen,Right Wing,1,Tottenham Hotspur,Liverpool,97.0,24.1,Heung-Min Son,Incomplete,,Low Pass,Left Foot,105.7,31.2,0.02855202,0.10805102,0.079499,,,,,
8dfc7c02-f74e-4655-a9a1-2790d5f6d564,Ball Receipt*,54,36,2,Tottenham Hotspur,Heung-Min Son,Left Wing,0,Tottenham Hotspur,Liverpool,108.3,36.0,,,,,,,,,,,,,,,
988a1a16-d144-4b93-bd80-a0483ad50929,Clearance,54,36,2,Liverpool,Joël Andre Job Matip,Right Center Back,1,Tottenham Hotspur,Liverpool,14.4,48.9,,,,,,,,,,,,,,,
c58950f5-ee78-45cd-a382-c9c3447e23b8,Injury Stoppage,54,46,2,Tottenham Hotspur,Bamidele Alli,Center Attacking Midfield,0,Tottenham Hotspur,Liverpool,,,,,,,,,,,,,,,,,
f415c553-f8b6-4f3c-aba4-8e9041b8a50b,Pass,55,54,2,Tottenham Hotspur,Jan Vertonghen,Left Center Back,0,Tottenham Hotspur,Liverpool,50.2,0.1,Hugo Lloris,,Throw-in,Low Pass,,10.2,33.3,0.01248344,0.01082722,-0.00165622,,,,,
808110fa-6de6-4ebd-8ebf-d78365da3916,Ball Receipt*,55,59,2,Tottenham Hotspur,Hugo Lloris,Goalkeeper,0,Tottenham Hotspur,Liverpool,10.2,33.3,,,,,,,,,,,,,,,
a31c524c-98fe-40e5-822a-7a2283961a5a,Pass,56,3,2,Tottenham Hotspur,Hugo Lloris,Goalkeeper,0,Tottenham Hotspur,Liverpool,16.9,31.6,Harry Kane,Incomplete,,High Pass,Left Foot,86.4,34.8,0.01082722,0.02385149,0.01302427,,,,,
92856c98-2ef9-4746-9df4-a6018505c5c0,Ball Receipt*,56,6,2,Tottenham Hotspur,Harry Kane,Center Forward,0,Tottenham Hotspur,Liverpool,83.7,31.9,,,,,,,,,,,,,,,
3d17e3c6-d54e-45a9-8088-3f62c361d930,Pass,56,6,2,Liverpool,Virgil van Dijk,Left Center Back,0,Tottenham Hotspur,Liverpool,33.7,45.3,Jordan Brian Henderson,,Recovery,High Pass,Head,48.9,54.5,0.01132376,0.01269174,0.00136798,,,,,
a9bb4b79-6de4-40ea-a26f-db37f85cabd8,Ball Receipt*,56,8,2,Liverpool,Jordan Brian Henderson,Right Center Midfield,0,Tottenham Hotspur,Liverpool,48.9,54.5,,,,,,,,,,,,,,,
66f527b4-ffeb-4135-bf9c-70e3fc1bdcad,Duel,56,8,2,Tottenham Hotspur,Moussa Sissoko,Right Defensive Midfield,1,Tottenham Hotspur,Liverpool,71.2,25.6,,,,,,,,,,,,,,,
d50876b8-dade-46f2-ab36-5965e7d907fc,Pass,56,8,2,Liverpool,Jordan Brian Henderson,Right Center Midfield,1,Tottenham Hotspur,Liverpool,48.9,54.5,Roberto Firmino Barbosa de Oliveira,Incomplete,,High Pass,,56.4,44.2,0.01269174,0.01484598,0.00215424,,,,,
8a49ad1a-ec69-47e7-8b4f-1864449c479c,Ball Receipt*,56,10,2,Liverpool,Roberto Firmino Barbosa de Oliveira,Center Forward,0,Tottenham Hotspur,Liverpool,62.4,46.3,,,,,,,,,,,,,,,
8780f2d4-5dd9-458e-9921-66c27453a308,Pass,56,10,2,Tottenham Hotspur,Harry Winks,Left Center Midfield,0,Tottenham Hotspur,Liverpool,63.7,35.9,,Incomplete,Recovery,High Pass,Right Foot,59.4,44.4,0.01689528,0.01484598,-0.002049299999999999,,,,,
91128c0c-e0f4-4a27-89f2-a62d5e7a882d,Pass,56,12,2,Liverpool,Sadio Mané,Left Wing,0,Tottenham Hotspur,Liverpool,60.7,35.7,Georginio Wijnaldum,Incomplete,Recovery,High Pass,Other,53.9,30.1,0.01689528,0.01484598,-0.002049299999999999,,,,,
ea234757-90c7-433e-9c9a-baa513626b07,Ball Receipt*,56,14,2,Liverpool,Georginio Wijnaldum,Left Center Midfield,0,Tottenham Hotspur,Liverpool,57.4,31.1,,,,,,,,,,,,,,,
5e600a9b-9901-4da5-91b3-af558dd36535,Pass,56,14,2,Tottenham Hotspur,Christian Dannemann Eriksen,Right Wing,0,Tottenham Hotspur,Liverpool,66.2,50.0,Heung-Min Son,,Recovery,Ground Pass,Right Foot,79.6,50.2,0.01685596,0.01935132,0.002495360000000002,,,,,
8a1ae88b-ceb3-4500-af9c-abd8bdc95dbc,Pressure,56,15,2,Liverpool,Fábio Henrique Tavares,Center Defensive Midfield,0,Tottenham Hotspur,Liverpool,43.6,29.9,,,,,,,,,,,,,,,
b447d8b9-c58b-4e8d-91d1-5b04e67b2a85,Ball Receipt*,56,15,2,Tottenham Hotspur,Heung-Min Son,Left Wing,1,Tottenham Hotspur,Liverpool,79.6,50.2,,,,,,,,,,,,,,,
84835538-c922-4c3c-83a7-818459a1ce77,Carry,56,15,2,Tottenham Hotspur,Heung-Min Son,Left Wing,1,Tottenham Hotspur,Liverpool,79.6,50.2,,,,,,,,,,,118.9,57.9,0.04507462999999999,,
bf58954a-b6c4-4287-b36f-a1efbf072943,Pressure,56,18,2,Liverpool,Andrew Robertson,Left Back,0,Tottenham Hotspur,Liverpool,15.3,23.4,,,,,,,,,,,,,,,
2b00adab-18f7-4ee5-9dc4-1d3097b495f5,Pass,56,23,2,Tottenham Hotspur,Heung-Min Son,Left Wing,1,Tottenham Hotspur,Liverpool,118.9,57.9,Christian Dannemann Eriksen,Incomplete,,Low Pass,Right Foot,118.2,55.5,0.06442595,0.06442595,0.0,,,,,
0a9905c4-93f1-45e3-9f15-5d2adc9748c4,Ball Receipt*,56,24,2,Tottenham Hotspur,Christian Dannemann Eriksen,Right Wing,0,Tottenham Hotspur,Liverpool,116.3,44.9,,,,,,,,,,,,,,,
8d85a139-b4b6-4e20-988c-b4dbadf1508c,Block,56,24,2,Liverpool,Andrew Robertson,Left Back,0,Tottenham Hotspur,Liverpool,1.9,24.6,,,,,,,,,,,,,,,
aa5da56d-34af-4d9f-85a7-d260042efafe,Pass,56,52,2,Tottenham Hotspur,Kieran Trippier,Right Back,0,Tottenham Hotspur,Liverpool,120.0,80.0,,Incomplete,Corner,High Pass,Right Foot,113.2,37.1,0.0379259,0.25745362,0.21952772,,,,,
97bae113-b325-46b8-ada8-9088180584e2,Goal Keeper,56,54,2,Liverpool,Alisson Ramsés Becker,Goalkeeper,0,Tottenham Hotspur,Liverpool,6.9,43.0,,,,,,,,,,,,,,,
9661c98c-d590-4476-8977-e3c2f0085232,Pressure,56,56,2,Liverpool,Mohamed Salah,Right Wing,0,Tottenham Hotspur,Liverpool,15.4,53.5,,,,,,,,,,,,,,,
a1361147-6722-4617-b3b5-3c938aa3d6ea,Ball Recovery,56,56,2,Tottenham Hotspur,Danny Rose,Left Back,1,Tottenham Hotspur,Liverpool,100.7,23.9,,,,,,,,,,,,,,,
dfffee9b-6c44-40b2-aa8b-408ffb592951,Shot,56,56,2,Tottenham Hotspur,Danny Rose,Left Back,1,Tottenham Hotspur,Liverpool,101.6,25.6,,,,,,,,,,,,,,0.020857124,Blocked
8c1b96a0-e90a-4842-8b44-73ea762d8525,Block,56,57,2,Liverpool,Mohamed Salah,Right Wing,0,Tottenham Hotspur,Liverpool,16.8,53.5,,,,,,,,,,,,,,,
ae685f87-3b9e-4e26-9fbe-a98cacc16550,Goal Keeper,56,57,2,Liverpool,Alisson Ramsés Becker,Goalkeeper,0,Tottenham Hotspur,Liverpool,3.8,42.5,,,,,,,,,,,,,,,
a1ee0449-5dd8-428b-9674-a1344337b8e9,Pass,57,16,2,Tottenham Hotspur,Danny Rose,Left Back,0,Tottenham Hotspur,Liverpool,120.0,0.1,Jan Vertonghen,,Corner,High Pass,Left Foot,107.9,52.3,0.0379259,0.05491138,0.01698548,,,,,
f015caf4-d9a6-46e0-8e48-9cc13dde10e2,Ball Receipt*,57,18,2,Tottenham Hotspur,Jan Vertonghen,Left Center Back,0,Tottenham Hotspur,Liverpool,107.9,52.3,,,,,,,,,,,,,,,
a1fc110a-4765-4178-a676-f4cae3be6f42,Duel,57,18,2,Liverpool,Trent Alexander-Arnold,Right Back,1,Tottenham Hotspur,Liverpool,9.4,29.8,,,,,,,,,,,,,,,
e3ae0a6b-4b2d-4738-8c67-61fe693430a4,Shot,57,18,2,Tottenham Hotspur,Jan Vertonghen,Left Center Back,1,Tottenham Hotspur,Liverpool,110.7,50.3,,,,,,,,,,,,,,0.057148643,Off T
4c67f1cd-bc87-4b6e-a466-25b0c24bbe85,Goal Keeper,57,19,2,Liverpool,Alisson Ramsés Becker,Goalkeeper,0,Tottenham Hotspur,Liverpool,0.9,37.1,,,,,,,,,,,,,,,
385d4fe8-7dca-4b2a-98ba-63b09b6f0670,Substitution,57,51,2,Liverpool,Roberto Firmino Barbosa de Oliveira,Center Forward,0,Tottenham Hotspur,Liverpool,,,,,,,,,,,,,,,,,
064c6fad-2f9f-4f76-a2b2-091f191f8017,Pass,58,0,2,Liverpool,Alisson Ramsés Becker,Goalkeeper,0,Tottenham Hotspur,Liverpool,6.0,44.0,Virgil van Dijk,,Goal Kick,Ground Pass,Right Foot,17.5,9.6,0.00941056,0.00779616,-0.0016144,,,,,
385ca35e-cf82-4743-b3ee-641e20895fc1,Ball Receipt*,58,2,2,Liverpool,Virgil van Dijk,Left Center Back,0,Tottenham Hotspur,Liverpool,17.5,9.6,,,,,,,,,,,,,,,
e81167bd-e1eb-4f7c-beb3-53b329ced71b,Pressure,58,2,2,Tottenham Hotspur,Heung-Min Son,Left Wing,0,Tottenham Hotspur,Liverpool,106.0,67.6,,,,,,,,,,,,,,,
96c773a2-9433-4cac-b952-e4c219f076a4,Pass,58,2,2,Liverpool,Virgil van Dijk,Left Center Back,1,Tottenham Hotspur,Liverpool,13.2,15.0,Alisson Ramsés Becker,,,Ground Pass,Left Foot,3.6,32.1,0.00878589,0.00941056,0.0006246700000000008,,,,,
aec3fd0e-1810-4cf1-ae46-69f4bc37e3cf,Ball Receipt*,58,4,2,Liverpool,Alisson Ramsés Becker,Goalkeeper,1,Tottenham Hotspur,Liverpool,3.6,32.1,,,,,,,,,,,,,,,
317a11fc-af96-437f-b94b-144fb1795254,Pass,58,5,2,Liverpool,Alisson Ramsés Becker,Goalkeeper,1,Tottenham Hotspur,Liverpool,3.6,33.0,,Out,,High Pass,Right Foot,65.3,0.7,0.00941056,0.01473596,0.005325399999999999,,,,,
6b0edf17-5522-4d31-85b8-65d2035da11e,Pass,58,14,2,Tottenham Hotspur,Kieran Trippier,Right Back,0,Tottenham Hotspur,Liverpool,54.8,80.0,Toby Alderweireld,,Throw-in,Low Pass,,44.7,65.6,0.01248344,0.01214719,-0.0003362499999999997,,,,,
a9aa83ed-2d42-4826-9bc2-e3232f989073,Ball Receipt*,58,16,2,Tottenham Hotspur,Toby Alderweireld,Right Center Back,0,Tottenham Hotspur,Liverpool,44.7,65.6,,,,,,,,,,,,,,,
c6a5feeb-ae6a-4d1e-b527-c0ccbcaa5c3a,Pressure,58,18,2,Liverpool,Divock Okoth Origi,Center Forward,0,Tottenham Hotspur,Liverpool,75.5,16.7,,,,,,,,,,,,,,,
fccbde02-e094-4d54-a5dc-091a644a22e0,Pass,58,19,2,Tottenham Hotspur,Toby Alderweireld,Right Center Back,1,Tottenham Hotspur,Liverpool,36.5,64.0,Hugo Lloris,,,Ground Pass,Left Foot,8.3,46.6,0.0105949,0.00941056,-0.001184340000000001,,,,,
f74cc7cd-3233-43f8-9db8-b2b40073bd91,Ball Receipt*,58,21,2,Tottenham Hotspur,Hugo Lloris,Goalkeeper,0,Tottenham Hotspur,Liverpool,8.3,46.6,,,,,,,,,,,,,,,
228dff0d-19d6-4af5-b335-cb154469dda9,Carry,58,21,2,Tottenham Hotspur,Hugo Lloris,Goalkeeper,0,Tottenham Hotspur,Liverpool,8.3,46.6,,,,,,,,,,,9.5,44.2,0.0,,
cf150fba-b302-40e8-9525-875d5f32aceb,Pass,58,23,2,Tottenham Hotspur,Hugo Lloris,Goalkeeper,0,Tottenham Hotspur,Liverpool,9.5,44.2,Danny Rose,,,High Pass,Left Foot,48.3,4.4,0.00941056,0.01126267,0.001852110000000001,,,,,
cf3ba9ed-e5ef-472d-9da2-4bca8e4d185f,Pressure,58,26,2,Liverpool,Jordan Brian Henderson,Right Center Midfield,0,Tottenham Hotspur,Liverpool,70.8,72.4,,,,,,,,,,,,,,,
6447edb9-e3e6-4f41-8903-380d67886303,Ball Receipt*,58,26,2,Tottenham Hotspur,Danny Rose,Left Back,1,Tottenham Hotspur,Liverpool,48.3,4.4,,,,,,,,,,,,,,,
c829f67d-dc2e-4fc7-b7e7-e82b90adab4e,Carry,58,26,2,Tottenham Hotspur,Danny Rose,Left Back,1,Tottenham Hotspur,Liverpool,48.3,4.4,,,,,,,,,,,49.5,5.3,0.0,,
cbde95d7-4d54-4d90-8c9a-afcf4e881150,Miscontrol,58,27,2,Tottenham Hotspur,Danny Rose,Left Back,1,Tottenham Hotspur,Liverpool,49.5,5.3,,,,,,,,,,,,,,,
b34e5110-1a82-4811-a1c7-ba67521a5938,Ball Recovery,58,27,2,Liverpool,Jordan Brian Henderson,Right Center Midfield,0,Tottenham Hotspur,Liverpool,70.9,72.8,,,,,,,,,,,,,,,
d67095f1-a045-4d08-a098-c704692eff6a,Pass,58,28,2,Tottenham Hotspur,Danny Rose,Left Back,0,Tottenham Hotspur,Liverpool,45.2,7.2,Jan Vertonghen,,Recovery,Low Pass,Left Foot,21.7,16.6,0.01126267,0.00942382,-0.001838850000000001,,,,,
c4782a87-345b-4d00-93cf-76a18a25bdd5,Ball Receipt*,58,30,2,Tottenham Hotspur,Jan Vertonghen,Left Center Back,0,Tottenham Hotspur,Liverpool,21.7,16.6,,,,,,,,,,,,,,,
c78ec89f-eb0b-43c1-ae34-8f1cf045d80b,Carry,58,30,2,Tottenham Hotspur,Jan Vertonghen,Left Center Back,1,Tottenham Hotspur,Liverpool,21.7,16.6,,,,,,,,,,,22.2,4.3,-0.0009752800000000002,,
9873dffe-fc48-4825-88f8-f4415124de1b,Pressure,58,30,2,Liverpool,Divock Okoth Origi,Center Forward,0,Tottenham Hotspur,Liverpool,92.5,59.8,,,,,,,,,,,,,,,
807d9f8a-222b-4bcc-b791-7d7d37a28986,Pass,58,31,2,Tottenham Hotspur,Jan Vertonghen,Left Center Back,1,Tottenham Hotspur,Liverpool,22.2,4.3,Harry Kane,Incomplete,,High Pass,Left Foot,69.7,14.3,0.00844854,0.01611813,0.007669590000000002,,,,,
8afcbf44-09c0-418a-b07b-2a6273268789,Ball Receipt*,58,33,2,Tottenham Hotspur,Harry Kane,Center Forward,0,Tottenham Hotspur,Liverpool,68.6,17.4,,,,,,,,,,,,,,,
5d3e9a21-e929-4b07-820e-ba99e380cb5f,Pass,58,33,2,Liverpool,Joël Andre Job Matip,Right Center Back,0,Tottenham Hotspur,Liverpool,50.4,65.8,Mohamed Salah,Incomplete,Recovery,High Pass,Head,83.6,63.2,0.0138454,0.02401521,0.01016981,,,,,
1f9f1cf0-feea-4f25-8bb0-bc35fc4d04ce,Ball Receipt*,58,36,2,Liverpool,Mohamed Salah,Right Wing,0,Tottenham Hotspur,Liverpool,81.2,69.7,,,,,,,,,,,,,,,
6b5f051a-1937-4c8a-8425-77e17a9ff542,Pass,58,36,2,Tottenham Hotspur,Harry Winks,Left Center Midfield,0,Tottenham Hotspur,Liverpool,36.5,16.9,Danny Rose,Incomplete,Recovery,High Pass,Head,45.6,7.2,0.0105949,0.01126267,0.0006677699999999998,,,,,
0e3e5ac5-282c-4cd2-bd46-b90239df0aaf,Ball Receipt*,58,38,2,Tottenham Hotspur,Danny Rose,Left Back,0,Tottenham Hotspur,Liverpool,44.6,5.5,,,,,,,,,,,,,,,
cb0ce9ed-e97d-47fe-99dc-6b6144c87105,Duel,58,38,2,Tottenham Hotspur,Danny Rose,Left Back,1,Tottenham Hotspur,Liverpool,45.6,7.2,,,,,,,,,,,,,,,
79097b54-25fb-4d22-82ad-dd4c34478b1d,Pass,58,38,2,Liverpool,Jordan Brian Henderson,Right Center Midfield,1,Tottenham Hotspur,Liverpool,74.5,72.9,Divock Okoth Origi,Out,Interception,High Pass,,80.0,79.6,0.0174506,0.02122129,0.00377069,,,,,
7b9298c5-1df5-4931-a9dd-1c205edab865,Ball Receipt*,58,39,2,Liverpool,Divock Okoth Origi,Center Forward,0,Tottenham Hotspur,Liverpool,78.8,71.9,,,,,,,,,,,,,,,
02bb9113-1e79-4a89-aa1a-bd2f4f735ef6,Pass,58,45,2,Tottenham Hotspur,Danny Rose,Left Back,0,Tottenham Hotspur,Liverpool,43.2,0.1,Harry Winks,,Throw-in,Low Pass,,40.3,5.5,0.01126267,0.01126267,0.0,,,,,
7f391875-019e-451e-83f2-11925716aa76,Ball Receipt*,58,46,2,Tottenham Hotspur,Harry Winks,Left Center Midfield,0,Tottenham Hotspur,Liverpool,40.3,5.5,,,,,,,,,,,,,,,
78027d59-2593-40c6-8c40-b7c814905ba4,Pass,58,49,2,Tottenham Hotspur,Harry Winks,Left Center Midfield,0,Tottenham Hotspur,Liverpool,38.1,10.1,Toby Alderweireld,,,Ground Pass,Right Foot,29.2,30.2,0.0105949,0.01016549,-0.0004294100000000016,,,,,
1fc2d665-3bfb-4247-8220-81c9e9997276,Ball Receipt*,58,50,2,Tottenham Hotspur,Toby Alderweireld,Right Center Back,0,Tottenham Hotspur,Liverpool,29.2,30.2,,,,,,,,,,,,,,,
5ba3cee3-cb16-4455-91b6-b244a05f63f9,Carry,58,50,2,Tottenham Hotspur,Toby Alderweireld,Right Center Back,0,Tottenham Hotspur,Liverpool,29.2,30.2,,,,,,,,,,,37.0,54.5,0.0009391300000000016,,
97921d04-fb65-47e3-88a4-f685f8846023,Pass,58,56,2,Tottenham Hotspur,Toby Alderweireld,Right Center Back,0,Tottenham Hotspur,Liverpool,37.0,54.5,Harry Kane,Incomplete,,High Pass,Right Foot,86.4,53.8,0.01110462,0.0241224,0.01301778,,,,,
c9d1d7c9-1726-43d1-ae82-39c90c25d484,Ball Receipt*,58,59,2,Tottenham Hotspur,Harry Kane,Center Forward,0,Tottenham Hotspur,Liverpool,85.0,53.3,,,,,,,,,,,,,,,
ea1df518-9faa-4e10-8f6e-fa7bdabd82dc,Duel,58,59,2,Tottenham Hotspur,Harry Kane,Center Forward,1,Tottenham Hotspur,Liverpool,86.4,53.8,,,,,,,,,,,,,,,
c47891fa-959d-48a3-9b33-817ab4502965,Pass,58,59,2,Liverpool,Virgil van Dijk,Left Center Back,1,Tottenham Hotspur,Liverpool,33.7,26.3,Andrew Robertson,,Recovery,High Pass,,36.4,5.1,0.01110462,0.00977659,-0.001328030000000001,,,,,
7bbca616-e8db-470d-ae7f-41a43f187312,Ball Receipt*,59,1,2,Liverpool,Andrew Robertson,Left Back,0,Tottenham Hotspur,Liverpool,36.4,5.1,,,,,,,,,,,,,,,
0dd9b5ec-739c-44e8-aa08-50fb1b349726,Carry,59,1,2,Liverpool,Andrew Robertson,Left Back,1,Tottenham Hotspur,Liverpool,36.4,5.1,,,,,,,,,,,41.7,4.1,0.001486080000000001,,
c234f04f-0e40-4d5f-8a59-7efa287719a3,Pressure,59,3,2,Tottenham Hotspur,Heung-Min Son,Left Wing,0,Tottenham Hotspur,Liverpool,77.3,71.6,,,,,,,,,,,,,,,
c1dcbf95-2428-4fc1-8013-caf0a92892ce,Pass,59,4,2,Liverpool,Andrew Robertson,Left Back,0,Tottenham Hotspur,Liverpool,41.7,4.1,Divock Okoth Origi,Incomplete,,High Pass,Left Foot,109.5,35.5,0.01126267,0.10805102,0.09678835,,,,,
c24ddbb5-a5ce-4106-bce6-cd967e4c8930,Ball Receipt*,59,8,2,Liverpool,Divock Okoth Origi,Center Forward,0,Tottenham Hotspur,Liverpool,79.8,25.5,,,,,,,,,,,,,,,
d828c990-3ba6-44c6-a06b-f097ed3024d5,Ball Recovery,59,8,2,Tottenham Hotspur,Hugo Lloris,Goalkeeper,0,Tottenham Hotspur,Liverpool,10.6,44.6,,,,,,,,,,,,,,,
0f6631bb-e3e0-470b-8ea6-14a3973a9a31,Carry,59,8,2,Tottenham Hotspur,Hugo Lloris,Goalkeeper,0,Tottenham Hotspur,Liverpool,10.6,44.6,,,,,,,,,,,15.0,35.9,0.0,,
0edd9990-31c7-4a3c-8452-73eeda51ef23,Pass,59,11,2,Tottenham Hotspur,Hugo Lloris,Goalkeeper,0,Tottenham Hotspur,Liverpool,15.0,35.9,Jan Vertonghen,,,Ground Pass,Keeper Arm,24.2,28.2,0.01082722,0.01001304,-0.0008141799999999994,,,,,
169cac37-154f-4ba7-be99-5333dbca9f15,Ball Receipt*,59,12,2,Tottenham Hotspur,Jan Vertonghen,Left Center Back,0,Tottenham Hotspur,Liverpool,24.2,28.2,,,,,,,,,,,,,,,
abf91eea-9cff-4c77-bcbc-a74481f372ec,Carry,59,12,2,Tottenham Hotspur,Jan Vertonghen,Left Center Back,0,Tottenham Hotspur,Liverpool,24.2,28.2,,,,,,,,,,,27.0,28.7,0.0,,
e76cc249-b991-47f2-88ae-316c192a4479,Pass,59,14,2,Tottenham Hotspur,Jan Vertonghen,Left Center Back,0,Tottenham Hotspur,Liverpool,27.0,28.7,Toby Alderweireld,,,Ground Pass,Left Foot,29.4,57.4,0.01001304,0.01001304,0.0,,,,,
f6ecdc92-43d5-4d98-9441-2ea4a0b68316,Ball Receipt*,59,16,2,Tottenham Hotspur,Toby Alderweireld,Right Center Back,0,Tottenham Hotspur,Liverpool,29.4,57.4,,,,,,,,,,,,,,,
40f951f0-2575-486e-bb23-8f862e3e8983,Carry,59,16,2,Tottenham Hotspur,Toby Alderweireld,Right Center Back,0,Tottenham Hotspur,Liverpool,29.4,57.4,,,,,,,,,,,34.0,56.2,0.00109158,,
a6565fb0-bf31-4a04-95cf-1fc2c5c3d548,Pass,59,17,2,Tottenham Hotspur,Toby Alderweireld,Right Center Back,0,Tottenham Hotspur,Liverpool,34.0,56.2,Jan Vertonghen,,,Ground Pass,Right Foot,35.0,25.1,0.01110462,0.01110462,0.0,,,,,
7c3bf374-10ee-49b1-a0e5-39d670f4ec56,Ball Receipt*,59,18,2,Tottenham Hotspur,Jan Vertonghen,Left Center Back,0,Tottenham Hotspur,Liverpool,35.0,25.1,,,,,,,,,,,,,,,
79711285-6a83-4dcc-97c5-bd0d1303eb3b,Carry,59,18,2,Tottenham Hotspur,Jan Vertonghen,Left Center Back,0,Tottenham Hotspur,Liverpool,35.0,25.1,,,,,,,,,,,41.7,23.4,0.001587119999999999,,
33502445-122a-4a3c-9530-159fec6d94da,Pass,59,22,2,Tottenham Hotspur,Jan Vertonghen,Left Center Back,0,Tottenham Hotspur,Liverpool,41.7,23.4,Toby Alderweireld,,,Ground Pass,Left Foot,38.1,47.1,0.01269174,0.01132376,-0.00136798,,,,,
99fe833d-268c-4da9-b912-7e155e43a72a,Ball Receipt*,59,23,2,Tottenham Hotspur,Toby Alderweireld,Right Center Back,0,Tottenham Hotspur,Liverpool,38.1,47.1,,,,,,,,,,,,,,,
39aca9fc-03d4-49a9-a012-bf890e02275e,Carry,59,23,2,Tottenham Hotspur,Toby Alderweireld,Right Center Back,1,Tottenham Hotspur,Liverpool,38.1,47.1,,,,,,,,,,,38.9,44.4,0.0,,
5d6bf093-865f-4c2b-84d6-c612b1e7c585,Pressure,59,24,2,Liverpool,Sadio Mané,Left Wing,0,Tottenham Hotspur,Liverpool,77.6,29.9,,,,,,,,,,,,,,,
4eeccd77-859e-44d3-9ecb-bfd9714ef4a6,Pass,59,24,2,Tottenham Hotspur,Toby Alderweireld,Right Center Back,1,Tottenham Hotspur,Liverpool,38.9,44.4,Hugo Lloris,,,Ground Pass,Right Foot,14.8,36.4,0.01132376,0.01082722,-0.0004965400000000002,,,,,
1d13d432-d43b-433e-a0c6-c187a9f0b1a2,Ball Receipt*,59,26,2,Tottenham Hotspur,Hugo Lloris,Goalkeeper,0,Tottenham Hotspur,Liverpool,14.8,36.4,,,,,,,,,,,,,,,
ab380b5a-d9e2-4d0f-a474-b09ddf7d91bb,Carry,59,26,2,Tottenham Hotspur,Hugo Lloris,Goalkeeper,0,Tottenham Hotspur,Liverpool,14.8,36.4,,,,,,,,,,,14.8,36.4,0.0,,
0ff1bae1-bc29-4bf4-8411-a9cfdc0c92ed,Pass,59,27,2,Tottenham Hotspur,Hugo Lloris,Goalkeeper,0,Tottenham Hotspur,Liverpool,14.8,36.4,Kieran Trippier,,,High Pass,Left Foot,39.1,70.9,0.01082722,0.00977659,-0.00105063,,,,,
01a2bfc6-a1a9-4649-b846-970f7d04514b,Ball Receipt*,59,30,2,Tottenham Hotspur,Kieran Trippier,Right Back,0,Tottenham Hotspur,Liverpool,39.1,70.9,,,,,,,,,,,,,,,
707412d5-9adf-4802-ba91-80336c52f585,Carry,59,30,2,Tottenham Hotspur,Kieran Trippier,Right Back,0,Tottenham Hotspur,Liverpool,39.1,70.9,,,,,,,,,,,39.1,70.9,0.0,,
c6ee4375-3ef2-4bd4-be44-c0daf768a254,Pass,59,30,2,Tottenham Hotspur,Kieran Trippier,Right Back,0,Tottenham Hotspur,Liverpool,39.1,70.9,Heung-Min Son,,,High Pass,Right Foot,67.3,63.0,0.00977659,0.01611813,0.006341540000000001,,,,,
17226113-bb35-41c1-859d-277cdd57a8fa,Ball Receipt*,59,32,2,Tottenham Hotspur,Heung-Min Son,Left Wing,0,Tottenham Hotspur,Liverpool,67.3,63.0,,,,,,,,,,,,,,,
48d0ef58-4570-4608-980d-5e84400310b2,Pass,59,32,2,Tottenham Hotspur,Heung-Min Son,Left Wing,0,Tottenham Hotspur,Liverpool,67.3,63.0,Harry Kane,Incomplete,,Low Pass,Head,79.4,55.5,0.01611813,0.01935132,0.00323319,,,,,
78c1dc78-9810-44c0-b07b-e93c49df5425,Ball Receipt*,59,33,2,Tottenham Hotspur,Harry Kane,Center Forward,0,Tottenham Hotspur,Liverpool,69.7,49.0,,,,,,,,,,,,,,,
01b6a446-e7b8-484b-aa23-f2472025dd36,Pass,59,33,2,Liverpool,Virgil van Dijk,Left Center Back,0,Tottenham Hotspur,Liverpool,40.7,24.6,Georginio Wijnaldum,Incomplete,Recovery,High Pass,Left Foot,63.8,22.9,0.01269174,0.01685596,0.00416422,,,,,
7598a095-f28f-4647-9ed3-39300f2c7be5,Ball Receipt*,59,35,2,Liverpool,Georginio Wijnaldum,Left Center Midfield,0,Tottenham Hotspur,Liverpool,68.5,17.8,,,,,,,,,,,,,,,
31c6ae78-83ec-4493-abe2-ad0019c8e675,Pass,59,35,2,Tottenham Hotspur,Moussa Sissoko,Right Defensive Midfield,0,Tottenham Hotspur,Liverpool,56.3,57.2,Harry Winks,,Recovery,High Pass,Left Foot,57.0,42.2,0.01429128,0.01484598,0.0005547,,,,,
c206b460-4d8e-45cb-b470-bd29990ef1dc,Ball Receipt*,59,36,2,Tottenham Hotspur,Harry Winks,Left Center Midfield,0,Tottenham Hotspur,Liverpool,57.0,42.2,,,,,,,,,,,,,,,
77ad8669-64c2-4525-893e-9e8f63da1a31,Carry,59,36,2,Tottenham Hotspur,Harry Winks,Left Center Midfield,1,Tottenham Hotspur,Liverpool,57.0,42.2,,,,,,,,,,,55.7,44.4,0.0,,
d8c6a13d-73a9-429a-9a4d-81da3f180cec,Pressure,59,36,2,Liverpool,Jordan Brian Henderson,Right Center Midfield,0,Tottenham Hotspur,Liverpool,63.4,40.3,,,,,,,,,,,,,,,
b1fe361e-a52d-475c-b728-2aae40f4a51c,Dispossessed,59,39,2,Tottenham Hotspur,Harry Winks,Left Center Midfield,1,Tottenham Hotspur,Liverpool,55.7,44.4,,,,,,,,,,,,,,,
f2823f5c-5f6d-469c-9c35-b0c4311d18d2,Duel,59,39,2,Liverpool,Jordan Brian Henderson,Right Center Midfield,1,Tottenham Hotspur,Liverpool,64.4,35.7,,,,,,,,,,,,,,,
a6954a06-8650-42f9-8ad6-8b8636bacc3e,Ball Recovery,59,40,2,Liverpool,Sadio Mané,Left Wing,0,Tottenham Hotspur,Liverpool,69.4,28.4,,,,,,,,,,,,,,,
7e5e0664-434d-47bd-b9a4-5631224d97e8,Carry,59,40,2,Liverpool,Sadio Mané,Left Wing,0,Tottenham Hotspur,Liverpool,69.4,28.4,,,,,,,,,,,68.9,28.9,0.0,,
ab9591d1-13cc-4ded-a9be-199b03ca9b06,Pass,59,40,2,Liverpool,Sadio Mané,Left Wing,0,Tottenham Hotspur,Liverpool,68.9,28.9,Mohamed Salah,Incomplete,,High Pass,Right Foot,86.6,49.4,0.01685596,0.02385149,0.00699553,,,,,
e5da1cf6-8bd7-4402-819f-4c6ef838e5f4,Ball Receipt*,59,41,2,Liverpool,Mohamed Salah,Right Wing,0,Tottenham Hotspur,Liverpool,85.1,56.4,,,,,,,,,,,,,,,
dad9fccd-5a1f-4316-9ae3-61dd78da84c9,Clearance,59,41,2,Tottenham Hotspur,Jan Vertonghen,Left Center Back,1,Tottenham Hotspur,Liverpool,33.5,30.7,,,,,,,,,,,,,,,
69f63e77-8143-466f-8dc1-8d6f8ca3aab0,Pass,59,42,2,Liverpool,Jordan Brian Henderson,Right Center Midfield,0,Tottenham Hotspur,Liverpool,75.7,48.5,Divock Okoth Origi,Incomplete,Recovery,High Pass,Head,91.1,31.6,0.0199707,0.03511326,0.01514256,,,,,
c8381529-4dca-483e-9a2e-12b8fde5dc58,Ball Receipt*,59,43,2,Liverpool,Divock Okoth Origi,Center Forward,0,Tottenham Hotspur,Liverpool,86.0,33.8,,,,,,,,,,,,,,,
37658b1e-f43b-4743-b8f3-92d80f190602,Clearance,59,43,2,Tottenham Hotspur,Toby Alderweireld,Right Center Back,1,Tottenham Hotspur,Liverpool,29.0,48.5,,,,,,,,,,,,,,,
d707ed9b-38b2-4367-b98b-117bd7a9b198,Ball Recovery,59,46,2,Liverpool,Georginio Wijnaldum,Left Center Midfield,0,Tottenham Hotspur,Liverpool,72.0,26.3,,,,,,,,,,,,,,,
9514df8d-4aa9-483f-9144-aae7d16989d6,Pass,59,47,2,Tottenham Hotspur,Heung-Min Son,Left Wing,0,Tottenham Hotspur,Liverpool,42.7,56.4,Moussa Sissoko,,Recovery,Ground Pass,Left Foot,40.3,49.4,0.01269174,0.01262646,-6.527999999999916e-05,,,,,
67bee8bc-c7ab-4795-89ad-0749cc973004,Pressure,59,47,2,Liverpool,Georginio Wijnaldum,Left Center Midfield,0,Tottenham Hotspur,Liverpool,75.9,24.8,,,,,,,,,,,,,,,
8d4cee52-198d-4545-b533-4c3d697ef78d,Ball Receipt*,59,48,2,Tottenham Hotspur,Moussa Sissoko,Right Defensive Midfield,0,Tottenham Hotspur,Liverpool,40.3,49.4,,,,,,,,,,,,,,,
c6312649-df55-4203-aa84-968ecc9c098c,Carry,59,48,2,Tottenham Hotspur,Moussa Sissoko,Right Defensive Midfield,1,Tottenham Hotspur,Liverpool,40.3,49.4,,,,,,,,,,,49.3,44.9,0.0,,
031cff9a-619d-4692-bdb0-a39d1833e9b8,Pressure,59,48,2,Liverpool,Georginio Wijnaldum,Left Center Midfield,0,Tottenham Hotspur,Liverpool,76.4,30.9,,,,,,,,,,,,,,,
11df4ecf-9c92-41dc-9903-2f9cc277ab64,Pass,59,50,2,Tottenham Hotspur,Moussa Sissoko,Right Defensive Midfield,1,Tottenham Hotspur,Liverpool,49.3,44.9,Danny Rose,,,Ground Pass,Left Foot,51.2,9.4,0.01262646,0.01248344,-0.0001430200000000006,,,,,
1253ef0c-539a-4591-a1cc-ae4a1be99591,Ball Receipt*,59,52,2,Tottenham Hotspur,Danny Rose,Left Back,0,Tottenham Hotspur,Liverpool,51.2,9.4,,,,,,,,,,,,,,,
42f2d405-c41c-4338-b96b-8fc83796dcb5,Carry,59,52,2,Tottenham Hotspur,Danny Rose,Left Back,1,Tottenham Hotspur,Liverpool,51.2,9.4,,,,,,,,,,,76.5,19.0,0.00622003,,
15fdad4d-c208-449b-9d9c-4e4ec78fc7e0,Pressure,59,56,2,Liverpool,Jordan Brian Henderson,Right Center Midfield,0,Tottenham Hotspur,Liverpool,46.3,68.5,,,,,,,,,,,,,,,
cfd7916d-23e7-469a-bf40-cf90ca517077,Pressure,59,59,2,Liverpool,Mohamed Salah,Right Wing,0,Tottenham Hotspur,Liverpool,48.7,61.7,,,,,,,,,,,,,,,
94638c79-760a-49c9-9c1c-daf913784b04,Pass,59,59,2,Tottenham Hotspur,Danny Rose,Left Back,1,Tottenham Hotspur,Liverpool,76.5,19.0,Harry Winks,,,Ground Pass,Left Foot,64.7,7.7,0.01870347,0.01473596,-0.00396751,,,,,
08be4a05-06c2-4b85-afd7-480e613a507c,Ball Receipt*,60,1,2,Tottenham Hotspur,Harry Winks,Left Center Midfield,0,Tottenham Hotspur,Liverpool,64.7,7.7,,,,,,,,,,,,,,,
ce317ca3-c862-43c0-9d22-d767d2abc1c2,Carry,60,1,2,Tottenham Hotspur,Harry Winks,Left Center Midfield,0,Tottenham Hotspur,Liverpool,64.7,7.7,,,,,,,,,,,68.6,10.8,0.001382170000000002,,
f7dc8312-edea-4981-a154-ebf56b63bf16,Pass,60,2,2,Tottenham Hotspur,Harry Winks,Left Center Midfield,0,Tottenham Hotspur,Liverpool,68.6,10.8,Christian Dannemann Eriksen,,,Ground Pass,Right Foot,71.4,21.7,0.01611813,0.01935132,0.00323319,,,,,
9b148fb0-f26a-4830-a9df-9f6f355f159f,Ball Receipt*,60,2,2,Tottenham Hotspur,Christian Dannemann Eriksen,Right Wing,0,Tottenham Hotspur,Liverpool,71.4,21.7,,,,,,,,,,,,,,,
3d9ac13f-dc4c-42ce-bc0a-1e91a5fe0d2f,Carry,60,2,2,Tottenham Hotspur,Christian Dannemann Eriksen,Right Wing,1,Tottenham Hotspur,Liverpool,71.4,21.7,,,,,,,,,,,71.2,22.4,0.0,,
0a8ff382-993a-46aa-9886-fcc3e32eac45,Pressure,60,3,2,Liverpool,Fábio Henrique Tavares,Center Defensive Midfield,0,Tottenham Hotspur,Liverpool,42.2,57.0,,,,,,,,,,,,,,,
bc2658d7-e88f-4081-a48f-28f629b45a58,Pass,60,3,2,Tottenham Hotspur,Christian Dannemann Eriksen,Right Wing,1,Tottenham Hotspur,Liverpool,71.2,22.4,Harry Winks,,,Ground Pass,Left Foot,65.2,11.4,0.01935132,0.01611813,-0.00323319,,,,,
e37e58dc-34e5-475a-96e6-d97767ba28e4,Ball Receipt*,60,4,2,Tottenham Hotspur,Harry Winks,Left Center Midfield,0,Tottenham Hotspur,Liverpool,65.2,11.4,,,,,,,,,,,,,,,
f41be505-41ae-4709-ba9a-26ee08b1865b,Carry,60,4,2,Tottenham Hotspur,Harry Winks,Left Center Midfield,1,Tottenham Hotspur,Liverpool,65.2,11.4,,,,,,,,,,,64.0,13.5,0.0,,
03fd7d2b-3173-4ad9-9470-de1ee92dd790,Pressure,60,5,2,Liverpool,Mohamed Salah,Right Wing,0,Tottenham Hotspur,Liverpool,51.1,68.0,,,,,,,,,,,,,,,
3eaa8d97-3b31-4779-a03b-733c8d7b0660,Pass,60,5,2,Tottenham Hotspur,Harry Winks,Left Center Midfield,1,Tottenham Hotspur,Liverpool,64.0,13.5,Christian Dannemann Eriksen,,,Ground Pass,Right Foot,64.7,24.9,0.01611813,0.01685596,0.0007378299999999983,,,,,
8cab6ee2-5faa-414d-b267-ca13f1cf1a62,Ball Receipt*,60,6,2,Tottenham Hotspur,Christian Dannemann Eriksen,Right Wing,0,Tottenham Hotspur,Liverpool,64.7,24.9,,,,,,,,,,,,,,,
103faf6d-8eae-42c0-b250-92102dbade2e,Carry,60,6,2,Tottenham Hotspur,Christian Dannemann Eriksen,Right Wing,0,Tottenham Hotspur,Liverpool,64.7,24.9,,,,,,,,,,,64.7,24.9,0.0,,
909dfcb6-c9cd-4d49-8fd0-6640ab5a2f9d,Pass,60,6,2,Tottenham Hotspur,Christian Dannemann Eriksen,Right Wing,0,Tottenham Hotspur,Liverpool,64.7,24.9,Harry Winks,,,Ground Pass,Right Foot,75.1,19.8,0.01685596,0.01870347,0.00184751,,,,,
da616078-ff3d-4fac-b24d-72578d959aa5,Pressure,60,6,2,Liverpool,Fábio Henrique Tavares,Center Defensive Midfield,0,Tottenham Hotspur,Liverpool,50.4,54.5,,,,,,,,,,,,,,,
70069a49-b785-4438-94bb-4d1ad31e7be9,Ball Receipt*,60,7,2,Tottenham Hotspur,Harry Winks,Left Center Midfield,0,Tottenham Hotspur,Liverpool,75.1,19.8,,,,,,,,,,,,,,,
df0a7490-e1a4-4792-a482-7a47755c83ee,Carry,60,7,2,Tottenham Hotspur,Harry Winks,Left Center Midfield,1,Tottenham Hotspur,Liverpool,75.1,19.8,,,,,,,,,,,77.5,23.4,0.0006478500000000019,,
1471eaa4-7b9b-4daa-86d7-9f1010ef006a,Pressure,60,7,2,Liverpool,Mohamed Salah,Right Wing,0,Tottenham Hotspur,Liverpool,48.9,57.7,,,,,,,,,,,,,,,
e8cdb077-9c58-41bd-90a1-7d18124afca8,Pass,60,8,2,Tottenham Hotspur,Harry Winks,Left Center Midfield,1,Tottenham Hotspur,Liverpool,77.5,23.4,Bamidele Alli,,,Ground Pass,Right Foot,76.8,30.2,0.01935132,0.0199707,0.0006193799999999992,,,,,
21547124-8d33-46b9-b6df-3d8eaa3fa816,Ball Receipt*,60,9,2,Tottenham Hotspur,Bamidele Alli,Center Attacking Midfield,0,Tottenham Hotspur,Liverpool,76.8,30.2,,,,,,,,,,,,,,,
d3f68869-97b4-4cbb-a953-452b295db2e2,Pass,60,9,2,Tottenham Hotspur,Bamidele Alli,Center Attacking Midfield,0,Tottenham Hotspur,Liverpool,76.8,30.2,Christian Dannemann Eriksen,,,Ground Pass,Right Foot,75.8,19.3,0.0199707,0.01870347,-0.001267230000000001,,,,,
f9f25d91-5b36-4a96-90ba-1f1a588704f7,Ball Receipt*,60,10,2,Tottenham Hotspur,Christian Dannemann Eriksen,Right Wing,0,Tottenham Hotspur,Liverpool,75.8,19.3,,,,,,,,,,,,,,,
b9c14f0b-c993-478b-b6d0-9d9dc78854d8,Carry,60,10,2,Tottenham Hotspur,Christian Dannemann Eriksen,Right Wing,0,Tottenham Hotspur,Liverpool,75.8,19.3,,,,,,,,,,,77.9,17.4,0.0,,
bb641848-882e-437a-b640-b4d2bd12f490,Pass,60,10,2,Tottenham Hotspur,Christian Dannemann Eriksen,Right Wing,0,Tottenham Hotspur,Liverpool,77.9,17.4,Heung-Min Son,,,Ground Pass,Left Foot,92.7,22.7,0.01870347,0.02855202,0.009848550000000001,,,,,
5dff2a4c-fa11-4d76-b72b-6ed7f506f0ff,Ball Receipt*,60,11,2,Tottenham Hotspur,Heung-Min Son,Left Wing,0,Tottenham Hotspur,Liverpool,92.7,22.7,,,,,,,,,,,,,,,
23c71bb8-065e-4f4c-a138-cd2b6a4b3c89,Carry,60,11,2,Tottenham Hotspur,Heung-Min Son,Left Wing,0,Tottenham Hotspur,Liverpool,92.7,22.7,,,,,,,,,,,92.7,22.7,0.0,,
9e2c8909-16d5-4bc9-bae9-35e1f3d71c01,Pass,60,11,2,Tottenham Hotspur,Heung-Min Son,Left Wing,0,Tottenham Hotspur,Liverpool,92.7,22.7,Bamidele Alli,,,Ground Pass,Right Foot,90.7,30.2,0.02855202,0.03511326,0.006561239999999999,,,,,
9c602ae9-175f-4b52-9a32-6106bfc17ae3,Ball Receipt*,60,12,2,Tottenham Hotspur,Bamidele Alli,Center Attacking Midfield,0,Tottenham Hotspur,Liverpool,90.7,30.2,,,,,,,,,,,,,,,
8e75d3be-4724-415a-b5a4-b9837abf5d1f,Carry,60,12,2,Tottenham Hotspur,Bamidele Alli,Center Attacking Midfield,0,Tottenham Hotspur,Liverpool,90.7,30.2,,,,,,,,,,,90.7,30.2,0.0,,
e6a9f591-56ae-4a8c-8dd8-4d2df3f2b240,Pass,60,12,2,Tottenham Hotspur,Bamidele Alli,Center Attacking Midfield,0,Tottenham Hotspur,Liverpool,90.7,30.2,Heung-Min Son,,,Ground Pass,Right Foot,96.6,22.0,0.03511326,0.02855202,-0.006561239999999999,,,,,
329bc981-ed92-48a1-90b0-17a4ce8f17d4,Ball Receipt*,60,13,2,Tottenham Hotspur,Heung-Min Son,Left Wing,0,Tottenham Hotspur,Liverpool,96.6,22.0,,,,,,,,,,,,,,,
5fc76d8d-a56c-4dc2-8f0d-a87fc77d086c,Carry,60,13,2,Tottenham Hotspur,Heung-Min Son,Left Wing,0,Tottenham Hotspur,Liverpool,96.6,22.0,,,,,,,,,,,96.6,22.0,0.0,,
b40ae617-3988-48be-b5f6-1ab5c7dd3cfb,Pass,60,13,2,Tottenham Hotspur,Heung-Min Son,Left Wing,0,Tottenham Hotspur,Liverpool,96.6,22.0,Bamidele Alli,Incomplete,,Ground Pass,Right Foot,98.7,23.7,0.02855202,0.02855202,0.0,,,,,
13cb63cf-168a-498e-8788-9b520ac206ff,Ball Receipt*,60,14,2,Tottenham Hotspur,Bamidele Alli,Center Attacking Midfield,0,Tottenham Hotspur,Liverpool,101.4,27.7,,,,,,,,,,,,,,,
1180ac0a-1de7-4cda-8ba4-6b48f5882928,Interception,60,14,2,Liverpool,Joël Andre Job Matip,Right Center Back,0,Tottenham Hotspur,Liverpool,21.4,56.4,,,,,,,,,,,,,,,
f6558f98-8804-44cf-a3b2-6dd1268f185e,Ball Recovery,60,16,2,Tottenham Hotspur,Christian Dannemann Eriksen,Right Wing,0,Tottenham Hotspur,Liverpool,88.1,36.2,,,,,,,,,,,,,,,
acc10cad-bd76-4013-9234-4e0e84220674,Carry,60,16,2,Tottenham Hotspur,Christian Dannemann Eriksen,Right Wing,1,Tottenham Hotspur,Liverpool,88.1,36.2,,,,,,,,,,,92.1,46.7,0.01126177,,
413267c4-745c-4979-908d-360024703855,Pressure,60,17,2,Liverpool,Georginio Wijnaldum,Left Center Midfield,0,Tottenham Hotspur,Liverpool,24.8,36.7,,,,,,,,,,,,,,,
78e0292d-efae-43fc-b02c-77d0d5bddb6e,Shot,60,18,2,Tottenham Hotspur,Christian Dannemann Eriksen,Right Wing,0,Tottenham Hotspur,Liverpool,92.1,46.7,,,,,,,,,,,,,,0.022679387,Blocked
3b2dee46-8bfa-4a0f-b21c-7d039ed8b522,Block,60,19,2,Liverpool,Virgil van Dijk,Left Center Back,0,Tottenham Hotspur,Liverpool,15.6,37.8,,,,,,,,,,,,,,,
e7b53e8e-686b-493f-ae1d-91c1b5538d41,Goal Keeper,60,19,2,Liverpool,Alisson Ramsés Becker,Goalkeeper,0,Tottenham Hotspur,Liverpool,1.1,37.9,,,,,,,,,,,,,,,
3e669e3f-1cb7-4b96-8511-793d73b7341a,Pass,60,21,2,Tottenham Hotspur,Kieran Trippier,Right Back,0,Tottenham Hotspur,Liverpool,92.2,75.8,Christian Dannemann Eriksen,,Recovery,Ground Pass,Right Foot,89.6,63.9,0.02756312,0.02401521,-0.003547910000000001,,,,,
62690c1d-96be-43d9-8208-cf1001841ca9,Ball Receipt*,60,22,2,Tottenham Hotspur,Christian Dannemann Eriksen,Right Wing,0,Tottenham Hotspur,Liverpool,89.6,63.9,,,,,,,,,,,,,,,
da788d40-4204-4bd0-9a1a-d4c8e7ef118c,Carry,60,22,2,Tottenham Hotspur,Christian Dannemann Eriksen,Right Wing,1,Tottenham Hotspur,Liverpool,89.6,63.9,,,,,,,,,,,84.5,55.2,0.0001071900000000001,,
3b023559-b36c-4e79-bf7c-3b823ffbecb4,Pressure,60,23,2,Liverpool,Georginio Wijnaldum,Left Center Midfield,0,Tottenham Hotspur,Liverpool,27.2,17.4,,,,,,,,,,,,,,,
9b81c137-3ec5-4ca2-baf6-76aaac706b68,Pass,60,25,2,Tottenham Hotspur,Christian Dannemann Eriksen,Right Wing,1,Tottenham Hotspur,Liverpool,84.5,55.2,Bamidele Alli,,,Ground Pass,Left Foot,92.4,37.2,0.0241224,0.03511326,0.01099086,,,,,
5385bb7c-d4c8-46b7-b048-67677053b983,Pressure,60,26,2,Liverpool,Joël Andre Job Matip,Right Center Back,0,Tottenham Hotspur,Liverpool,24.3,43.2,,,,,,,,,,,,,,,
def965c1-a495-4c8d-a4e3-1994d4046a67,Ball Receipt*,60,26,2,Tottenham Hotspur,Bamidele Alli,Center Attacking Midfield,1,Tottenham Hotspur,Liverpool,92.4,37.2,,,,,,,,,,,,,,,
9bcf831d-cba9-4e64-a8b3-74ae62cd4e37,Carry,60,26,2,Tottenham Hotspur,Bamidele Alli,Center Attacking Midfield,1,Tottenham Hotspur,Liverpool,92.4,37.2,,,,,,,,,,,93.2,36.9,0.0,,
dd13471a-2b28-42cb-9487-f8fe039d3119,Pass,60,26,2,Tottenham Hotspur,Bamidele Alli,Center Attacking Midfield,1,Tottenham Hotspur,Liverpool,93.2,36.9,Heung-Min Son,Out,,Low Pass,Right Foot,120.0,61.0,0.03511326,0.04647721,0.01136395,,,,,
71e39c6b-b8c4-4a6d-8351-8734c55d6e24,Ball Receipt*,60,29,2,Tottenham Hotspur,Heung-Min Son,Left Wing,0,Tottenham Hotspur,Liverpool,99.7,48.7,,,,,,,,,,,,,,,
747c5e1e-cc42-41ad-aa64-0d76aada4133,Pass,60,54,2,Liverpool,Alisson Ramsés Becker,Goalkeeper,0,Tottenham Hotspur,Liverpool,6.0,36.0,Trent Alexander-Arnold,Incomplete,Goal Kick,High Pass,Right Foot,68.2,74.6,0.00941056,0.01473596,0.005325399999999999,,,,,
c7a44ebe-7e9f-46a0-814a-70ca6cd50920,Ball Receipt*,60,57,2,Liverpool,Trent Alexander-Arnold,Right Back,0,Tottenham Hotspur,Liverpool,45.1,79.3,,,,,,,,,,,,,,,
1953774d-5c56-4940-bca9-1518177357f0,Clearance,60,57,2,Tottenham Hotspur,Danny Rose,Left Back,1,Tottenham Hotspur,Liverpool,51.9,5.5,,,,,,,,,,,,,,,
d1d66390-02bc-444a-b735-37fdf9d83290,Pass,61,21,2,Liverpool,Trent Alexander-Arnold,Right Back,0,Tottenham Hotspur,Liverpool,70.6,80.0,Jordan Brian Henderson,,Throw-in,High Pass,,84.6,66.8,0.0174506,0.02401521,0.006564609999999999,,,,,
1ea6005c-33a3-47ae-996a-96c8a5818490,Ball Receipt*,61,22,2,Liverpool,Jordan Brian Henderson,Right Center Midfield,0,Tottenham Hotspur,Liverpool,84.6,66.8,,,,,,,,,,,,,,,
f6d51aff-a613-47e0-a9d3-68573ebbff15,Carry,61,22,2,Liverpool,Jordan Brian Henderson,Right Center Midfield,0,Tottenham Hotspur,Liverpool,84.6,66.8,,,,,,,,,,,91.8,71.1,0.003547910000000001,,
0757e38d-b874-4d6c-ad30-f17090b5f07c,Dribble,61,23,2,Liverpool,Jordan Brian Henderson,Right Center Midfield,1,Tottenham Hotspur,Liverpool,91.8,71.1,,,,,,,,,,,,,,,
5e790ddd-ee86-4030-a93d-36291a3efc77,Duel,61,23,2,Tottenham Hotspur,Danny Rose,Left Back,1,Tottenham Hotspur,Liverpool,28.3,9.0,,,,,,,,,,,,,,,
5e5cf13f-755c-4f56-8461-56c3761fc9da,Ball Recovery,61,24,2,Liverpool,Jordan Brian Henderson,Right Center Midfield,0,Tottenham Hotspur,Liverpool,91.4,73.8,,,,,,,,,,,,,,,
e4c23abf-686c-4429-be00-74117465d85a,Carry,61,24,2,Liverpool,Jordan Brian Henderson,Right Center Midfield,1,Tottenham Hotspur,Liverpool,91.4,73.8,,,,,,,,,,,93.1,78.1,0.0,,
0e076ce6-f24f-46b9-b23b-cac9fb101dfc,Pressure,61,24,2,Tottenham Hotspur,Danny Rose,Left Back,0,Tottenham Hotspur,Liverpool,28.7,5.3,,,,,,,,,,,,,,,
ee01ed66-9f2f-40ae-bba7-df4c0a152b97,Pressure,61,26,2,Tottenham Hotspur,Bamidele Alli,Center Attacking Midfield,0,Tottenham Hotspur,Liverpool,31.2,3.4,,,,,,,,,,,,,,,
abe6b45c-e9b9-4024-b350-71ba61ff4386,Dispossessed,61,27,2,Liverpool,Jordan Brian Henderson,Right Center Midfield,1,Tottenham Hotspur,Liverpool,93.1,78.1,,,,,,,,,,,,,,,
3bdde54d-1f86-4e10-9642-a9051eec4e3a,Duel,61,27,2,Tottenham Hotspur,Bamidele Alli,Center Attacking Midfield,1,Tottenham Hotspur,Liverpool,27.0,2.0,,,,,,,,,,,,,,,
6c590d7d-7349-46df-beed-1429e31f8b72,Substitution,61,50,2,Liverpool,Georginio Wijnaldum,Left Center Midfield,0,Tottenham Hotspur,Liverpool,,,,,,,,,,,,,,,,,
f1eed8d8-fdbb-4a51-b4cc-12a3b682e426,Pass,62,0,2,Liverpool,Trent Alexander-Arnold,Right Back,0,Tottenham Hotspur,Liverpool,93.8,80.0,Mohamed Salah,,Throw-in,High Pass,,108.8,55.0,0.02756312,0.05491138,0.02734826,,,,,
9f30d49d-5a6f-4e92-95a5-45124c3633e2,Ball Receipt*,62,2,2,Liverpool,Mohamed Salah,Right Wing,0,Tottenham Hotspur,Liverpool,108.8,55.0,,,,,,,,,,,,,,,
982f3562-38ae-4e52-80e0-f3b272fc237f,Carry,62,2,2,Liverpool,Mohamed Salah,Right Wing,0,Tottenham Hotspur,Liverpool,108.8,55.0,,,,,,,,,,,108.8,55.0,0.0,,
1200fdb5-ae4d-4c54-af96-199e65715723,Pass,62,2,2,Liverpool,Mohamed Salah,Right Wing,0,Tottenham Hotspur,Liverpool,108.8,55.0,Sadio Mané,Incomplete,,High Pass,Left Foot,106.8,49.2,0.05491138,0.10805102,0.05313963999999999,,,,,
e084574d-ae24-497d-ba8f-471901d3d331,Ball Receipt*,62,4,2,Liverpool,Sadio Mané,Left Wing,0,Tottenham Hotspur,Liverpool,104.6,55.5,,,,,,,,,,,,,,,
e3772395-f4d9-479e-806f-987da994ae60,Clearance,62,4,2,Tottenham Hotspur,Toby Alderweireld,Right Center Back,1,Tottenham Hotspur,Liverpool,13.3,30.9,,,,,,,,,,,,,,,
23e60e48-84b4-410f-9002-857bbd27e659,Ball Recovery,62,7,2,Liverpool,Joël Andre Job Matip,Right Center Back,0,Tottenham Hotspur,Liverpool,65.8,70.5,,,,,,,,,,,,,,,
6fb2481f-21bf-4e5f-a017-7d73d86bfa29,Carry,62,7,2,Liverpool,Joël Andre Job Matip,Right Center Back,1,Tottenham Hotspur,Liverpool,65.8,70.5,,,,,,,,,,,65.1,70.5,0.0,,
b2d14bc6-51a3-4f6f-a97b-c2b521244604,Foul Committed,62,8,2,Tottenham Hotspur,Harry Kane,Center Forward,0,Tottenham Hotspur,Liverpool,55.0,9.6,,,,,,,,,,,,,,,
c525ad79-7f99-46e5-a3b4-314af3a2c12d,Foul Won,62,8,2,Liverpool,Joël Andre Job Matip,Right Center Back,1,Tottenham Hotspur,Liverpool,65.1,70.5,,,,,,,,,,,,,,,
6435543e-2795-42b8-8d8a-36a3f384dcad,Pass,62,20,2,Liverpool,Fábio Henrique Tavares,Center Defensive Midfield,0,Tottenham Hotspur,Liverpool,63.4,58.4,Virgil van Dijk,,Free Kick,Ground Pass,Right Foot,42.9,45.4,0.01685596,0.01262646,-0.004229499999999999,,,,,
2113ec11-b63c-4f7c-849a-79c43064da6d,Ball Receipt*,62,22,2,Liverpool,Virgil van Dijk,Left Center Back,0,Tottenham Hotspur,Liverpool,42.9,45.4,,,,,,,,,,,,,,,
ee0bbf42-2c7d-4f52-a491-cfb114be1770,Carry,62,22,2,Liverpool,Virgil van Dijk,Left Center Back,0,Tottenham Hotspur,Liverpool,42.9,45.4,,,,,,,,,,,41.7,44.1,0.0,,
4295dffc-b05e-415b-956f-8e830397d0bc,Pass,62,23,2,Liverpool,Virgil van Dijk,Left Center Back,0,Tottenham Hotspur,Liverpool,41.7,44.1,James Philip Milner,,,Ground Pass,Right Foot,43.3,19.1,0.01262646,0.01214719,-0.0004792700000000004,,,,,
ca1db1b7-a9f1-4f38-9997-85cf4e402e8e,Ball Receipt*,62,24,2,Liverpool,James Philip Milner,Left Center Midfield,0,Tottenham Hotspur,Liverpool,43.3,19.1,,,,,,,,,,,,,,,
8241c884-6cfb-40d4-8115-ceee376d6fca,Carry,62,24,2,Liverpool,James Philip Milner,Left Center Midfield,0,Tottenham Hotspur,Liverpool,43.3,19.1,,,,,,,,,,,44.3,16.2,0.0,,
244fd6d7-c381-4adf-809e-c762544b1a72,Pass,62,25,2,Liverpool,James Philip Milner,Left Center Midfield,0,Tottenham Hotspur,Liverpool,44.3,16.2,Andrew Robertson,,,Ground Pass,Right Foot,69.2,3.8,0.01214719,0.01473596,0.002588769999999999,,,,,
62357445-d17e-4b56-940b-d75b2641e6b9,Ball Receipt*,62,27,2,Liverpool,Andrew Robertson,Left Back,0,Tottenham Hotspur,Liverpool,69.2,3.8,,,,,,,,,,,,,,,
207aa442-7962-4a7a-bf28-54da3bedf6f0,Carry,62,27,2,Liverpool,Andrew Robertson,Left Back,0,Tottenham Hotspur,Liverpool,69.2,3.8,,,,,,,,,,,67.9,2.9,0.0,,
46533ac7-98e5-4a7b-b1e5-a9476db69fcb,Pass,62,27,2,Liverpool,Andrew Robertson,Left Back,0,Tottenham Hotspur,Liverpool,67.9,2.9,James Philip Milner,,,Ground Pass,Left Foot,51.3,5.5,0.01473596,0.01248344,-0.002252519999999999,,,,,
deebf984-bd9b-480e-92d5-6ff7ce43df6b,Ball Receipt*,62,29,2,Liverpool,James Philip Milner,Left Center Midfield,0,Tottenham Hotspur,Liverpool,51.3,5.5,,,,,,,,,,,,,,,
709dbfd9-8f2e-4c3a-9dc4-80eb2db4c357,Carry,62,29,2,Liverpool,James Philip Milner,Left Center Midfield,0,Tottenham Hotspur,Liverpool,51.3,5.5,,,,,,,,,,,54.2,9.9,0.0,,
c6fd06e0-58bd-4c01-8abd-c8d0f9619e59,Pass,62,31,2,Liverpool,James Philip Milner,Left Center Midfield,0,Tottenham Hotspur,Liverpool,54.2,9.9,Virgil van Dijk,,,Ground Pass,Right Foot,41.7,22.9,0.01248344,0.01269174,0.0002082999999999998,,,,,
19986e8b-2299-43be-860f-f6e2410e4e3f,Ball Receipt*,62,33,2,Liverpool,Virgil van Dijk,Left Center Back,0,Tottenham Hotspur,Liverpool,41.7,22.9,,,,,,,,,,,,,,,
0145e2d9-85fd-4d55-a46c-f64b94e3380d,Carry,62,33,2,Liverpool,Virgil van Dijk,Left Center Back,0,Tottenham Hotspur,Liverpool,41.7,22.9,,,,,,,,,,,41.0,25.6,0.0,,
b05ed9fc-36f1-4a67-8f41-b546f3a579f0,Pass,62,34,2,Liverpool,Virgil van Dijk,Left Center Back,0,Tottenham Hotspur,Liverpool,41.0,25.6,Joël Andre Job Matip,,,Ground Pass,Right Foot,41.9,63.5,0.01269174,0.01214719,-0.0005445499999999995,,,,,
c3f770ac-6737-4b0f-acc2-11062c3b4a98,Ball Receipt*,62,36,2,Liverpool,Joël Andre Job Matip,Right Center Back,0,Tottenham Hotspur,Liverpool,41.9,63.5,,,,,,,,,,,,,,,
c852743b-a55c-475f-9187-d70a962f0c4e,Carry,62,36,2,Liverpool,Joël Andre Job Matip,Right Center Back,0,Tottenham Hotspur,Liverpool,41.9,63.5,,,,,,,,,,,50.1,65.2,0.00169821,,
16333418-d3da-4614-9725-7a781d570e59,Pass,62,37,2,Liverpool,Joël Andre Job Matip,Right Center Back,0,Tottenham Hotspur,Liverpool,50.1,65.2,Divock Okoth Origi,,,Ground Pass,Right Foot,71.6,51.1,0.0138454,0.01935132,0.005505920000000001,,,,,
4ff051ff-7414-42fa-ba7b-44c7e1eeb2fe,Ball Receipt*,62,38,2,Liverpool,Divock Okoth Origi,Center Forward,0,Tottenham Hotspur,Liverpool,71.6,51.1,,,,,,,,,,,,,,,
a7c503b9-8924-4c4f-9c94-948355adcb92,Carry,62,38,2,Liverpool,Divock Okoth Origi,Center Forward,0,Tottenham Hotspur,Liverpool,71.6,51.1,,,,,,,,,,,71.6,51.1,0.0,,
3ad92ad7-bdfd-4b5c-8c1e-a5d8abbdb6b2,Pass,62,39,2,Liverpool,Divock Okoth Origi,Center Forward,0,Tottenham Hotspur,Liverpool,71.6,51.1,Jordan Brian Henderson,,,Low Pass,Right Foot,78.8,60.3,0.01935132,0.01870347,-0.0006478500000000019,,,,,
06f9ae19-23eb-46db-b2f0-46bcb8f11cfa,Ball Receipt*,62,40,2,Liverpool,Jordan Brian Henderson,Right Center Midfield,0,Tottenham Hotspur,Liverpool,78.8,60.3,,,,,,,,,,,,,,,
d2692e5d-a00c-4e46-b232-2fa787fb2f27,Carry,62,40,2,Liverpool,Jordan Brian Henderson,Right Center Midfield,0,Tottenham Hotspur,Liverpool,78.8,60.3,,,,,,,,,,,79.6,59.6,0.0006478500000000019,,
a821983b-3c2d-4948-a62d-1a878563032e,Pass,62,40,2,Liverpool,Jordan Brian Henderson,Right Center Midfield,0,Tottenham Hotspur,Liverpool,79.6,59.6,Divock Okoth Origi,,,Low Pass,Left Foot,84.6,53.0,0.01935132,0.0241224,0.004771079999999997,,,,,
c32d6690-d8f7-4990-9d56-c22c64137da3,Ball Receipt*,62,41,2,Liverpool,Divock Okoth Origi,Center Forward,0,Tottenham Hotspur,Liverpool,84.6,53.0,,,,,,,,,,,,,,,
aa8e3281-0016-4ccd-9226-7b0beff4224b,Carry,62,41,2,Liverpool,Divock Okoth Origi,Center Forward,1,Tottenham Hotspur,Liverpool,84.6,53.0,,,,,,,,,,,91.9,55.2,0.004429620000000002,,
9ae30675-0db6-4e0f-b5cb-0c264a44b3db,Dribbled Past,62,42,2,Tottenham Hotspur,Jan Vertonghen,Left Center Back,0,Tottenham Hotspur,Liverpool,28.2,24.9,,,,,,,,,,,,,,,
c2b0609e-aa0c-4a3b-b031-5caee26df134,Dribble,62,42,2,Liverpool,Divock Okoth Origi,Center Forward,1,Tottenham Hotspur,Liverpool,91.9,55.2,,,,,,,,,,,,,,,
f51d2966-7ca0-450d-a918-7d022d6b8020,Shield,62,44,2,Tottenham Hotspur,Danny Rose,Left Back,0,Tottenham Hotspur,Liverpool,2.2,19.3,,,,,,,,,,,,,,,
ab22ee3c-07f2-4572-8ed8-c81a5b9c1562,Pass,62,58,2,Tottenham Hotspur,Hugo Lloris,Goalkeeper,0,Tottenham Hotspur,Liverpool,7.0,36.1,Moussa Sissoko,,Goal Kick,Ground Pass,Right Foot,21.2,50.0,0.00941056,0.01001304,0.0006024800000000007,,,,,
92201ccb-4c53-4e0b-9ceb-5857ec3ea2af,Pressure,62,58,2,Liverpool,Sadio Mané,Left Wing,0,Tottenham Hotspur,Liverpool,95.4,32.5,,,,,,,,,,,,,,,
223fb3ee-c1fa-4054-baf9-f93a91b975bd,Ball Receipt*,62,58,2,Tottenham Hotspur,Moussa Sissoko,Right Defensive Midfield,1,Tottenham Hotspur,Liverpool,21.2,50.0,,,,,,,,,,,,,,,
22757566-a65e-4323-ab87-da12a061bff9,Pass,62,58,2,Tottenham Hotspur,Moussa Sissoko,Right Defensive Midfield,1,Tottenham Hotspur,Liverpool,22.2,49.2,Toby Alderweireld,,,Ground Pass,Right Foot,16.4,71.2,0.01016549,0.00779616,-0.002369329999999999,,,,,
72a76fb3-bc3b-4630-8cb9-f73d30600a08,Ball Receipt*,63,1,2,Tottenham Hotspur,Toby Alderweireld,Right Center Back,0,Tottenham Hotspur,Liverpool,16.4,71.2,,,,,,,,,,,,,,,
9c6fd579-43ea-413d-9431-1e8d2b9b323a,Carry,63,1,2,Tottenham Hotspur,Toby Alderweireld,Right Center Back,0,Tottenham Hotspur,Liverpool,16.4,71.2,,,,,,,,,,,18.4,70.2,0.0,,
15eec15e-d9b3-469b-909b-d7e131fe650e,Pass,63,2,2,Tottenham Hotspur,Toby Alderweireld,Right Center Back,0,Tottenham Hotspur,Liverpool,18.4,70.2,Hugo Lloris,,,Ground Pass,Right Foot,5.1,53.5,0.00779616,0.0088799,0.00108374,,,,,
dd6e1a82-282e-4b89-ad46-02b426a9bf0a,Ball Receipt*,63,4,2,Tottenham Hotspur,Hugo Lloris,Goalkeeper,0,Tottenham Hotspur,Liverpool,5.1,53.5,,,,,,,,,,,,,,,
7752b1d1-a9eb-4880-b4e2-8e2fbc40d2fe,Carry,63,4,2,Tottenham Hotspur,Hugo Lloris,Goalkeeper,0,Tottenham Hotspur,Liverpool,5.1,53.5,,,,,,,,,,,4.6,52.3,0.0,,
fe3e54b7-ee03-415f-84d4-cd89d3826e8f,Pass,63,5,2,Tottenham Hotspur,Hugo Lloris,Goalkeeper,0,Tottenham Hotspur,Liverpool,4.6,52.3,Jan Vertonghen,,,Ground Pass,Left Foot,4.4,24.8,0.0088799,0.0088799,0.0,,,,,
417bdfa5-3c32-49ac-b5c8-392a12b1efa9,Ball Receipt*,63,6,2,Tottenham Hotspur,Jan Vertonghen,Left Center Back,0,Tottenham Hotspur,Liverpool,4.4,24.8,,,,,,,,,,,,,,,
8aef1c72-03ff-4d38-aa05-a5d7abb6c54f,Carry,63,6,2,Tottenham Hotspur,Jan Vertonghen,Left Center Back,1,Tottenham Hotspur,Liverpool,4.4,24.8,,,,,,,,,,,3.1,26.8,0.0,,
f3dcdf1b-4c85-4b3f-88b6-ef3d46b889f3,Pressure,63,6,2,Liverpool,Mohamed Salah,Right Wing,0,Tottenham Hotspur,Liverpool,108.3,56.4,,,,,,,,,,,,,,,
9fca8fb4-dd87-4e96-8195-73c626e14683,Pass,63,8,2,Tottenham Hotspur,Jan Vertonghen,Left Center Back,1,Tottenham Hotspur,Liverpool,3.1,26.8,Harry Winks,,,Ground Pass,Left Foot,21.5,23.4,0.0088799,0.01001304,0.001133140000000001,,,,,
9e138b2c-1d24-4e44-8cce-c250216526d1,Pressure,63,9,2,Liverpool,Divock Okoth Origi,Center Forward,0,Tottenham Hotspur,Liverpool,96.6,53.0,,,,,,,,,,,,,,,
795de4a2-5a47-424d-980c-0d9e154cff3d,Ball Receipt*,63,9,2,Tottenham Hotspur,Harry Winks,Left Center Midfield,1,Tottenham Hotspur,Liverpool,21.5,23.4,,,,,,,,,,,,,,,
0ed8a188-4337-4d0d-aab4-67733d9b9c62,Carry,63,9,2,Tottenham Hotspur,Harry Winks,Left Center Midfield,1,Tottenham Hotspur,Liverpool,21.5,23.4,,,,,,,,,,,29.0,3.6,-0.001564500000000002,,
a5ec1204-66ee-48f8-883b-58bce3cf1476,Pass,63,14,2,Tottenham Hotspur,Harry Winks,Left Center Midfield,0,Tottenham Hotspur,Liverpool,29.0,3.6,Bamidele Alli,,,Ground Pass,Right Foot,33.1,11.4,0.00844854,0.0105949,0.002146360000000002,,,,,
b49da471-8b77-4e4b-994a-0c4d65ea220b,Pressure,63,14,2,Liverpool,Trent Alexander-Arnold,Right Back,0,Tottenham Hotspur,Liverpool,82.7,68.5,,,,,,,,,,,,,,,
bbd1b46f-2e5f-4e99-b32d-7542ff137aa4,Pressure,63,15,2,Liverpool,Divock Okoth Origi,Center Forward,0,Tottenham Hotspur,Liverpool,85.1,69.5,,,,,,,,,,,,,,,
6cd765e1-013e-45a5-881d-3766fe99561d,Ball Receipt*,63,15,2,Tottenham Hotspur,Bamidele Alli,Center Attacking Midfield,1,Tottenham Hotspur,Liverpool,33.1,11.4,,,,,,,,,,,,,,,
eefd0310-8a92-4795-bb5c-1bcc64cc801c,Carry,63,15,2,Tottenham Hotspur,Bamidele Alli,Center Attacking Midfield,1,Tottenham Hotspur,Liverpool,33.1,11.4,,,,,,,,,,,34.1,13.3,0.0,,
0de76fdc-11cf-4004-941e-bef327691075,Pass,63,15,2,Tottenham Hotspur,Bamidele Alli,Center Attacking Midfield,1,Tottenham Hotspur,Liverpool,34.1,13.3,Danny Rose,,,Ground Pass,Right Foot,36.0,2.6,0.0105949,0.00977659,-0.0008183100000000009,,,,,
3e39f7b4-badd-4b50-b8e9-8af19c2778bb,Ball Receipt*,63,16,2,Tottenham Hotspur,Danny Rose,Left Back,0,Tottenham Hotspur,Liverpool,36.0,2.6,,,,,,,,,,,,,,,
01c013e5-aceb-4728-933e-e77f2c8776a9,Carry,63,16,2,Tottenham Hotspur,Danny Rose,Left Back,0,Tottenham Hotspur,Liverpool,36.0,2.6,,,,,,,,,,,37.9,3.4,0.0,,
2fb94e2c-2fc6-47b7-90eb-49accc953a81,Pass,63,17,2,Tottenham Hotspur,Danny Rose,Left Back,0,Tottenham Hotspur,Liverpool,37.9,3.4,Bamidele Alli,,,Ground Pass,Left Foot,48.8,10.2,0.00977659,0.01214719,0.0023706,,,,,
79b0598d-0154-4082-8f80-031dbb0bf199,Pressure,63,17,2,Liverpool,Trent Alexander-Arnold,Right Back,0,Tottenham Hotspur,Liverpool,79.1,74.1,,,,,,,,,,,,,,,
e6d3742a-68f7-4b3e-8dd3-56d447bc5f52,Ball Receipt*,63,19,2,Tottenham Hotspur,Bamidele Alli,Center Attacking Midfield,0,Tottenham Hotspur,Liverpool,48.8,10.2,,,,,,,,,,,,,,,
2c93fa10-927b-4ab5-9245-78824fbfb96a,Carry,63,19,2,Tottenham Hotspur,Bamidele Alli,Center Attacking Midfield,0,Tottenham Hotspur,Liverpool,48.8,10.2,,,,,,,,,,,59.6,13.5,0.00169821,,
8f8910bd-600f-440f-8642-55f12fa64ef2,Pass,63,20,2,Tottenham Hotspur,Bamidele Alli,Center Attacking Midfield,0,Tottenham Hotspur,Liverpool,59.6,13.5,Heung-Min Son,Incomplete,,Ground Pass,Right Foot,99.6,24.6,0.0138454,0.02855202,0.01470662,,,,,
fc5c62b4-c6c7-4e11-b9ac-43660129a57f,Ball Receipt*,63,23,2,Tottenham Hotspur,Heung-Min Son,Left Wing,0,Tottenham Hotspur,Liverpool,72.4,28.2,,,,,,,,,,,,,,,
6295f3b3-4a07-42b1-96f6-326411dd2901,Interception,63,23,2,Liverpool,Virgil van Dijk,Left Center Back,0,Tottenham Hotspur,Liverpool,20.5,55.5,,,,,,,,,,,,,,,
23427cc3-44db-4806-b409-97667ef8f379,Carry,63,23,2,Liverpool,Virgil van Dijk,Left Center Back,0,Tottenham Hotspur,Liverpool,20.5,55.5,,,,,,,,,,,13.4,57.0,-0.0002355900000000008,,
38c2c5b0-ed31-4f7f-b952-abe293d78a13,Pass,63,24,2,Liverpool,Virgil van Dijk,Left Center Back,0,Tottenham Hotspur,Liverpool,13.4,57.0,Alisson Ramsés Becker,,,Ground Pass,Right Foot,4.2,44.2,0.00977745,0.00941056,-0.0003668899999999999,,,,,
93763f70-dc94-452f-a90b-280f769d15aa,Ball Receipt*,63,25,2,Liverpool,Alisson Ramsés Becker,Goalkeeper,0,Tottenham Hotspur,Liverpool,4.2,44.2,,,,,,,,,,,,,,,
083bc32f-36c8-4e39-82b1-30d35e23c63a,Carry,63,25,2,Liverpool,Alisson Ramsés Becker,Goalkeeper,0,Tottenham Hotspur,Liverpool,4.2,44.2,,,,,,,,,,,4.2,44.2,0.0,,
3705e674-0dcb-4cef-8ad4-f6dcf9516c61,Pass,63,25,2,Liverpool,Alisson Ramsés Becker,Goalkeeper,0,Tottenham Hotspur,Liverpool,4.2,44.2,Divock Okoth Origi,Incomplete,,High Pass,Right Foot,56.1,75.2,0.00941056,0.01248344,0.00307288,,,,,
a9213db4-27bc-4852-b2ce-69523218c607,Ball Receipt*,63,29,2,Liverpool,Divock Okoth Origi,Center Forward,0,Tottenham Hotspur,Liverpool,58.3,72.9,,,,,,,,,,,,,,,
27e699af-a381-4e9b-9843-169db8bc2a61,Pass,63,29,2,Tottenham Hotspur,Danny Rose,Left Back,0,Tottenham Hotspur,Liverpool,64.0,4.9,Harry Winks,,Recovery,High Pass,Head,78.5,14.2,0.01473596,0.01870347,0.00396751,,,,,
0e53b7ae-af65-42aa-a628-047d4cc98776,Ball Receipt*,63,31,2,Tottenham Hotspur,Harry Winks,Left Center Midfield,0,Tottenham Hotspur,Liverpool,78.5,14.2,,,,,,,,,,,,,,,
948a900a-c252-42e4-b0ae-573d13215966,Duel,63,31,2,Liverpool,Fábio Henrique Tavares,Center Defensive Midfield,1,Tottenham Hotspur,Liverpool,41.6,65.9,,,,,,,,,,,,,,,
3a1f9a63-8fa2-4639-b092-ae31ea20b112,Pass,63,31,2,Tottenham Hotspur,Harry Winks,Left Center Midfield,1,Tottenham Hotspur,Liverpool,78.5,14.2,,Incomplete,,High Pass,,91.4,23.7,0.01870347,0.02855202,0.009848550000000001,,,,,
6305949e-547d-4796-b2a5-1ec4d7abdf95,Pass,63,33,2,Liverpool,Virgil van Dijk,Left Center Back,0,Tottenham Hotspur,Liverpool,28.7,56.4,Mohamed Salah,,Recovery,High Pass,Right Foot,98.9,76.0,0.01001304,0.02756312,0.01755008,,,,,
7e5ff612-3307-4c58-a9ab-ff8c6dc09738,Ball Receipt*,63,39,2,Liverpool,Mohamed Salah,Right Wing,0,Tottenham Hotspur,Liverpool,98.9,76.0,,,,,,,,,,,,,,,
234ea56c-0316-4041-8db6-5749ba33c8f6,Carry,63,39,2,Liverpool,Mohamed Salah,Right Wing,0,Tottenham Hotspur,Liverpool,98.9,76.0,,,,,,,,,,,98.9,76.0,0.0,,
5bca237f-2da5-44df-9714-f1217ba88a33,Miscontrol,63,39,2,Liverpool,Mohamed Salah,Right Wing,0,Tottenham Hotspur,Liverpool,98.9,76.0,,,,,,,,,,,,,,,
5a7a778c-88cf-4db7-9aa3-8104eb68dd81,Ball Recovery,63,40,2,Tottenham Hotspur,Jan Vertonghen,Left Center Back,0,Tottenham Hotspur,Liverpool,13.8,11.6,,,,,,,,,,,,,,,
25ab54d4-3a42-414f-90b0-ca4b92148cd2,Carry,63,40,2,Tottenham Hotspur,Jan Vertonghen,Left Center Back,0,Tottenham Hotspur,Liverpool,13.8,11.6,,,,,,,,,,,17.7,13.8,0.0,,
38467ec0-4059-497e-92bc-ff41a783f02a,Pass,63,42,2,Tottenham Hotspur,Jan Vertonghen,Left Center Back,0,Tottenham Hotspur,Liverpool,17.7,13.8,Moussa Sissoko,,,Ground Pass,Left Foot,26.6,23.1,0.00878589,0.01001304,0.001227150000000002,,,,,
87449dd2-2f74-4192-90d6-10375b403a9e,Ball Receipt*,63,43,2,Tottenham Hotspur,Moussa Sissoko,Right Defensive Midfield,0,Tottenham Hotspur,Liverpool,26.6,23.1,,,,,,,,,,,,,,,
d234ece5-0055-47bc-880b-dad5923bed5c,Carry,63,43,2,Tottenham Hotspur,Moussa Sissoko,Right Defensive Midfield,0,Tottenham Hotspur,Liverpool,26.6,23.1,,,,,,,,,,,34.5,27.5,0.00109158,,
cbc974c8-3626-4448-97b7-849147e02eea,Pass,63,45,2,Tottenham Hotspur,Moussa Sissoko,Right Defensive Midfield,0,Tottenham Hotspur,Liverpool,34.5,27.5,Harry Winks,,,Ground Pass,Right Foot,42.5,20.8,0.01110462,0.01269174,0.001587119999999999,,,,,
d2ad78ca-7b33-4769-863c-0b05edbae674,Ball Receipt*,63,47,2,Tottenham Hotspur,Harry Winks,Left Center Midfield,0,Tottenham Hotspur,Liverpool,42.5,20.8,,,,,,,,,,,,,,,
d4e8c661-8226-46d6-86a9-f479991b1a47,Carry,63,47,2,Tottenham Hotspur,Harry Winks,Left Center Midfield,0,Tottenham Hotspur,Liverpool,42.5,20.8,,,,,,,,,,,47.8,30.7,-6.527999999999916e-05,,
b37cfd99-4583-4584-8faf-5d604976701c,Pass,63,51,2,Tottenham Hotspur,Harry Winks,Left Center Midfield,0,Tottenham Hotspur,Liverpool,47.8,30.7,Moussa Sissoko,,,Ground Pass,Right Foot,52.8,43.2,0.01262646,0.01484598,0.002219519999999999,,,,,
87e5e2df-47fc-44c5-8c56-acc0ef6079cb,Ball Receipt*,63,52,2,Tottenham Hotspur,Moussa Sissoko,Right Defensive Midfield,0,Tottenham Hotspur,Liverpool,52.8,43.2,,,,,,,,,,,,,,,
0a470b2d-9459-4853-8c0e-47af7a90ac7a,Carry,63,52,2,Tottenham Hotspur,Moussa Sissoko,Right Defensive Midfield,1,Tottenham Hotspur,Liverpool,52.8,43.2,,,,,,,,,,,56.0,46.3,0.0,,
072cedef-7a6c-43b2-8166-0d4fb5598871,Pressure,63,54,2,Liverpool,Fábio Henrique Tavares,Center Defensive Midfield,0,Tottenham Hotspur,Liverpool,54.4,40.0,,,,,,,,,,,,,,,
f1ca795c-4577-4fd3-8b3b-0e06ef5471b9,Pass,63,57,2,Tottenham Hotspur,Moussa Sissoko,Right Defensive Midfield,1,Tottenham Hotspur,Liverpool,56.0,46.3,Toby Alderweireld,,,Ground Pass,Right Foot,48.5,50.0,0.01484598,0.01269174,-0.00215424,,,,,
9817f9f5-ce9f-42b3-ad4f-d7dc6f563bd6,Ball Receipt*,63,58,2,Tottenham Hotspur,Toby Alderweireld,Right Center Back,0,Tottenham Hotspur,Liverpool,48.5,50.0,,,,,,,,,,,,,,,
3f3ba0d3-be96-4538-944d-5e1858b68b60,Carry,63,58,2,Tottenham Hotspur,Toby Alderweireld,Right Center Back,0,Tottenham Hotspur,Liverpool,48.5,50.0,,,,,,,,,,,48.5,50.0,0.0,,
7f9daf9c-ec7a-47cb-96e7-05e6b36329e5,Pass,63,59,2,Tottenham Hotspur,Toby Alderweireld,Right Center Back,0,Tottenham Hotspur,Liverpool,48.5,50.0,Harry Winks,,,Ground Pass,Right Foot,55.0,36.4,0.01269174,0.01484598,0.00215424,,,,,
0bbe70c9-b05b-467d-b6f9-62caf95cea43,Ball Receipt*,64,0,2,Tottenham Hotspur,Harry Winks,Left Center Midfield,0,Tottenham Hotspur,Liverpool,55.0,36.4,,,,,,,,,,,,,,,
4ace5c0c-2e26-46d9-a6bf-bf7ff5a3986a,Carry,64,0,2,Tottenham Hotspur,Harry Winks,Left Center Midfield,1,Tottenham Hotspur,Liverpool,55.0,36.4,,,,,,,,,,,56.5,49.4,0.0,,
19f30995-1c8c-4fcf-893c-492422fe1b0e,Pressure,64,0,2,Liverpool,Jordan Brian Henderson,Right Center Midfield,0,Tottenham Hotspur,Liverpool,62.4,41.8,,,,,,,,,,,,,,,
c9d8d76a-6d0d-44f2-89b5-c47f92c3cfb0,Pressure,64,3,2,Liverpool,Sadio Mané,Left Wing,0,Tottenham Hotspur,Liverpool,63.1,28.0,,,,,,,,,,,,,,,
509f757f-587a-4da9-b1b1-6e9f74ece08b,Pass,64,3,2,Tottenham Hotspur,Harry Winks,Left Center Midfield,1,Tottenham Hotspur,Liverpool,56.5,49.4,Toby Alderweireld,,,Ground Pass,Right Foot,36.0,52.8,0.01484598,0.01110462,-0.003741359999999999,,,,,
db2d7f47-7ef4-487b-a85a-ffc0af945fac,Ball Receipt*,64,6,2,Tottenham Hotspur,Toby Alderweireld,Right Center Back,0,Tottenham Hotspur,Liverpool,36.0,52.8,,,,,,,,,,,,,,,
29f2e6fe-ddb1-48e9-9cfa-f9f9cc516ca8,Carry,64,6,2,Tottenham Hotspur,Toby Alderweireld,Right Center Back,0,Tottenham Hotspur,Liverpool,36.0,52.8,,,,,,,,,,,33.8,52.8,0.0,,
88ca4c6b-35ed-4196-9343-96501ed8169a,Pass,64,6,2,Tottenham Hotspur,Toby Alderweireld,Right Center Back,0,Tottenham Hotspur,Liverpool,33.8,52.8,Hugo Lloris,,,Ground Pass,Left Foot,9.7,43.5,0.01110462,0.00941056,-0.001694060000000001,,,,,
86c3db38-2bca-4fb8-b299-f0062abdfe29,Ball Receipt*,64,9,2,Tottenham Hotspur,Hugo Lloris,Goalkeeper,0,Tottenham Hotspur,Liverpool,9.7,43.5,,,,,,,,,,,,,,,
2591427d-56b2-4984-94c2-ce1d493ad424,Carry,64,9,2,Tottenham Hotspur,Hugo Lloris,Goalkeeper,0,Tottenham Hotspur,Liverpool,9.7,43.5,,,,,,,,,,,14.8,35.2,0.00141666,,
2b3e1bb0-99ec-4a56-aefd-87e2bb37d10e,Pass,64,11,2,Tottenham Hotspur,Hugo Lloris,Goalkeeper,0,Tottenham Hotspur,Liverpool,14.8,35.2,Jan Vertonghen,,,Ground Pass,Left Foot,22.5,31.2,0.01082722,0.01016549,-0.000661730000000001,,,,,
e67efda3-637c-4221-a323-d4374b035f40,Ball Receipt*,64,14,2,Tottenham Hotspur,Jan Vertonghen,Left Center Back,0,Tottenham Hotspur,Liverpool,22.5,31.2,,,,,,,,,,,,,,,
26ada863-0ec2-4422-8d6c-fd171411fc72,Carry,64,14,2,Tottenham Hotspur,Jan Vertonghen,Left Center Back,1,Tottenham Hotspur,Liverpool,22.5,31.2,,,,,,,,,,,34.8,20.3,0.0009391300000000016,,
4700e844-6366-455d-8ef0-c187d9057234,Pressure,64,18,2,Liverpool,Divock Okoth Origi,Center Forward,0,Tottenham Hotspur,Liverpool,83.6,55.0,,,,,,,,,,,,,,,
699e567f-4ae6-41a3-9fbc-d320d47fd8c8,Pass,64,20,2,Tottenham Hotspur,Jan Vertonghen,Left Center Back,1,Tottenham Hotspur,Liverpool,34.8,20.3,Harry Kane,Incomplete,,High Pass,Left Foot,72.2,30.2,0.01110462,0.0199707,0.00886608,,,,,
84407b38-4ebe-4924-af3c-1812b2ecadee,Ball Receipt*,64,23,2,Tottenham Hotspur,Harry Kane,Center Forward,0,Tottenham Hotspur,Liverpool,75.8,31.8,,,,,,,,,,,,,,,
ac070110-fbf3-4341-9fe3-cc13eed35f95,Pass,64,23,2,Liverpool,Joël Andre Job Matip,Right Center Back,0,Tottenham Hotspur,Liverpool,47.9,49.9,Fábio Henrique Tavares,,Recovery,Low Pass,Other,51.5,53.1,0.01262646,0.01429128,0.001664819999999999,,,,,
b58e1883-f5c9-48e0-b4f6-bb71e155d0ec,Ball Receipt*,64,23,2,Liverpool,Fábio Henrique Tavares,Center Defensive Midfield,0,Tottenham Hotspur,Liverpool,51.5,53.1,,,,,,,,,,,,,,,
853455b1-b761-4260-a438-b26e6f4cf1bd,Carry,64,23,2,Liverpool,Fábio Henrique Tavares,Center Defensive Midfield,1,Tottenham Hotspur,Liverpool,51.5,53.1,,,,,,,,,,,50.9,55.3,0.0,,
c3698dba-b4b4-4850-8684-319bfc35c614,Pressure,64,24,2,Tottenham Hotspur,Harry Kane,Center Forward,0,Tottenham Hotspur,Liverpool,71.7,27.8,,,,,,,,,,,,,,,
ebdb1a67-4341-4a56-b43b-2f3ae49e7e61,Foul Committed,64,25,2,Tottenham Hotspur,Harry Kane,Center Forward,0,Tottenham Hotspur,Liverpool,69.2,24.8,,,,,,,,,,,,,,,
6449ad88-573a-4556-83c2-34b788452560,Foul Won,64,25,2,Liverpool,Fábio Henrique Tavares,Center Defensive Midfield,1,Tottenham Hotspur,Liverpool,50.9,55.3,,,,,,,,,,,,,,,
f7766299-d8c3-431d-9f85-6e77775e91b1,Pass,64,42,2,Liverpool,Joël Andre Job Matip,Right Center Back,0,Tottenham Hotspur,Liverpool,53.9,55.3,Andrew Robertson,Out,Free Kick,High Pass,Right Foot,79.8,0.7,0.01429128,0.0174506,0.00315932,,,,,
3cb2043c-a194-4804-96f1-2b997083b450,Ball Receipt*,64,45,2,Liverpool,Andrew Robertson,Left Back,0,Tottenham Hotspur,Liverpool,77.1,4.3,,,,,,,,,,,,,,,
a0788f7e-c676-4e6c-8e67-2e0d706c054a,Substitution,65,12,2,Tottenham Hotspur,Harry Winks,Left Center Midfield,0,Tottenham Hotspur,Liverpool,,,,,,,,,,,,,,,,,
343dac56-3980-4520-8872-7409537c4f57,Tactical Shift,65,18,2,Tottenham Hotspur,,,0,Tottenham Hotspur,Liverpool,,,,,,,,,,,,,,,,,
62fa20e8-5f84-4b84-94a2-7ee766ccb165,Pass,65,30,2,Tottenham Hotspur,Kieran Trippier,Right Back,0,Tottenham Hotspur,Liverpool,41.3,80.0,Christian Dannemann Eriksen,,Throw-in,High Pass,,44.0,71.0,0.01126267,0.01126267,0.0,,,,,
6c293418-6cbd-44d3-8656-acbbfbf4f784,Ball Receipt*,65,30,2,Tottenham Hotspur,Christian Dannemann Eriksen,Right Center Midfield,0,Tottenham Hotspur,Liverpool,44.0,71.0,,,,,,,,,,,,,,,
d32c6870-06f1-4267-b331-e22b3d306d04,Carry,65,30,2,Tottenham Hotspur,Christian Dannemann Eriksen,Right Center Midfield,1,Tottenham Hotspur,Liverpool,44.0,71.0,,,,,,,,,,,44.0,69.8,0.0008845199999999998,,
14871314-152a-44f1-aa6d-b95e068ff884,Pressure,65,31,2,Liverpool,James Philip Milner,Left Center Midfield,0,Tottenham Hotspur,Liverpool,70.6,10.4,,,,,,,,,,,,,,,
6804ea7e-fb2c-4b6d-8557-6fd39453ee52,Pass,65,31,2,Tottenham Hotspur,Christian Dannemann Eriksen,Right Center Midfield,1,Tottenham Hotspur,Liverpool,44.0,69.8,Kieran Trippier,,,Ground Pass,Left Foot,41.0,77.4,0.01214719,0.01126267,-0.0008845199999999998,,,,,
630302cf-0be9-49a3-97da-282b8ed867fc,Pressure,65,32,2,Liverpool,James Philip Milner,Left Center Midfield,0,Tottenham Hotspur,Liverpool,77.8,5.8,,,,,,,,,,,,,,,
a699b88e-1341-407b-9f5c-5c6e49fbc341,Ball Receipt*,65,32,2,Tottenham Hotspur,Kieran Trippier,Right Back,1,Tottenham Hotspur,Liverpool,41.0,77.4,,,,,,,,,,,,,,,
3e6bfaef-a75b-4ceb-b489-47ff35a0ce39,Carry,65,32,2,Tottenham Hotspur,Kieran Trippier,Right Back,1,Tottenham Hotspur,Liverpool,41.0,77.4,,,,,,,,,,,39.6,77.9,-0.001486080000000001,,
3413cf4f-ca69-4b76-9f8c-fe7c9907ac5b,Pass,65,32,2,Tottenham Hotspur,Kieran Trippier,Right Back,1,Tottenham Hotspur,Liverpool,39.6,77.9,Heung-Min Son,,,High Pass,Right Foot,63.0,70.2,0.00977659,0.01473596,0.004959369999999999,,,,,
ab3e469e-01df-4374-a6d1-afdfb316ed25,Ball Receipt*,65,34,2,Tottenham Hotspur,Heung-Min Son,Right Center Forward,0,Tottenham Hotspur,Liverpool,63.0,70.2,,,,,,,,,,,,,,,
36ae7ad5-6179-4f68-a130-72ed86990c1f,Pass,65,34,2,Tottenham Hotspur,Heung-Min Son,Right Center Forward,0,Tottenham Hotspur,Liverpool,63.0,70.2,Christian Dannemann Eriksen,,,Low Pass,Head,49.7,69.2,0.01473596,0.01214719,-0.002588769999999999,,,,,
b0f6c394-a5c2-42ac-ad27-570236908d66,Ball Receipt*,65,36,2,Tottenham Hotspur,Christian Dannemann Eriksen,Right Center Midfield,0,Tottenham Hotspur,Liverpool,49.7,69.2,,,,,,,,,,,,,,,
f28c97b7-b8dd-479b-95a3-d3fc836feb4b,Carry,65,36,2,Tottenham Hotspur,Christian Dannemann Eriksen,Right Center Midfield,1,Tottenham Hotspur,Liverpool,49.7,69.2,,,,,,,,,,,50.9,68.8,0.00169821,,
73d6526d-b859-4c11-ae93-b82addf2dccf,Pressure,65,36,2,Liverpool,Divock Okoth Origi,Center Forward,0,Tottenham Hotspur,Liverpool,73.0,11.4,,,,,,,,,,,,,,,
6f80dab8-c1c7-46cd-a72f-f761bd13ccba,Pass,65,36,2,Tottenham Hotspur,Christian Dannemann Eriksen,Right Center Midfield,1,Tottenham Hotspur,Liverpool,50.9,68.8,Kieran Trippier,,,Ground Pass,Left Foot,43.0,76.0,0.0138454,0.01126267,-0.00258273,,,,,
1fbfab53-6992-4c82-a232-1700cf33f80e,Ball Receipt*,65,37,2,Tottenham Hotspur,Kieran Trippier,Right Back,0,Tottenham Hotspur,Liverpool,43.0,76.0,,,,,,,,,,,,,,,
b1d20f20-f151-4de3-8157-0db71ff3f8b0,Carry,65,37,2,Tottenham Hotspur,Kieran Trippier,Right Back,0,Tottenham Hotspur,Liverpool,43.0,76.0,,,,,,,,,,,42.2,75.0,0.0,,
2509cc64-f32a-44e8-b9a3-e2ee4f8bdb52,Pass,65,40,2,Tottenham Hotspur,Kieran Trippier,Right Back,0,Tottenham Hotspur,Liverpool,42.2,75.0,Christian Dannemann Eriksen,,,Ground Pass,Right Foot,51.4,63.9,0.01126267,0.0138454,0.00258273,,,,,
589ba488-0342-48b9-890b-46618eefaf5c,Pressure,65,42,2,Liverpool,Divock Okoth Origi,Center Forward,0,Tottenham Hotspur,Liverpool,71.4,17.4,,,,,,,,,,,,,,,
13f7943d-766b-4997-a476-d66f3eb894e3,Ball Receipt*,65,42,2,Tottenham Hotspur,Christian Dannemann Eriksen,Right Center Midfield,1,Tottenham Hotspur,Liverpool,51.4,63.9,,,,,,,,,,,,,,,
857e6488-7c94-4246-aa1b-c120d7d384d8,Carry,65,42,2,Tottenham Hotspur,Christian Dannemann Eriksen,Right Center Midfield,1,Tottenham Hotspur,Liverpool,51.4,63.9,,,,,,,,,,,53.8,65.6,0.0,,
3db740ea-2ff4-4490-95bf-ab06daae5c18,Pass,65,42,2,Tottenham Hotspur,Christian Dannemann Eriksen,Right Center Midfield,1,Tottenham Hotspur,Liverpool,53.8,65.6,Lucas Rodrigues Moura da Silva,,,Ground Pass,Right Foot,64.2,53.8,0.0138454,0.01685596,0.003010559999999999,,,,,
8f22db5b-ec76-4c7d-8190-2fceb15fdcb4,Ball Receipt*,65,43,2,Tottenham Hotspur,Lucas Rodrigues Moura da Silva,Right Midfield,0,Tottenham Hotspur,Liverpool,64.2,53.8,,,,,,,,,,,,,,,
a2d7464b-33c2-458c-8574-7da26dc18759,Carry,65,43,2,Tottenham Hotspur,Lucas Rodrigues Moura da Silva,Right Midfield,0,Tottenham Hotspur,Liverpool,64.2,53.8,,,,,,,,,,,64.2,53.8,0.0,,
07ff3289-4768-4161-aca2-172f82febbf4,Miscontrol,65,44,2,Tottenham Hotspur,Lucas Rodrigues Moura da Silva,Right Midfield,0,Tottenham Hotspur,Liverpool,64.2,53.8,,,,,,,,,,,,,,,
01efd781-60fd-43aa-a26e-05ea048c2468,Pressure,65,45,2,Tottenham Hotspur,Lucas Rodrigues Moura da Silva,Right Midfield,0,Tottenham Hotspur,Liverpool,79.1,68.1,,,,,,,,,,,,,,,
9586f45a-fea1-407d-8403-fd2179d6aa6f,Ball Recovery,65,45,2,Liverpool,Andrew Robertson,Left Back,1,Tottenham Hotspur,Liverpool,43.9,15.0,,,,,,,,,,,,,,,
36b0f578-920c-469d-a149-e9bedbcd7fe5,Carry,65,45,2,Liverpool,Andrew Robertson,Left Back,1,Tottenham Hotspur,Liverpool,43.9,15.0,,,,,,,,,,,41.9,12.1,0.0,,
2863161d-5267-4cbe-b6cf-e1dd9b366c30,Pass,65,46,2,Liverpool,Andrew Robertson,Left Back,1,Tottenham Hotspur,Liverpool,41.9,12.1,Alisson Ramsés Becker,,,Ground Pass,Left Foot,12.4,34.5,0.01214719,0.01082722,-0.00131997,,,,,
8c5014e7-e619-49f9-b36e-a7dc1534829d,Ball Receipt*,65,48,2,Liverpool,Alisson Ramsés Becker,Goalkeeper,0,Tottenham Hotspur,Liverpool,12.4,34.5,,,,,,,,,,,,,,,
2f2f6afa-b64f-468d-88b1-c98bae343d0d,Carry,65,48,2,Liverpool,Alisson Ramsés Becker,Goalkeeper,1,Tottenham Hotspur,Liverpool,12.4,34.5,,,,,,,,,,,11.5,34.5,0.0,,
b55d4b10-5baa-482b-b073-c4df7a9cc83d,Pressure,65,49,2,Tottenham Hotspur,Harry Kane,Left Center Forward,0,Tottenham Hotspur,Liverpool,105.5,43.5,,,,,,,,,,,,,,,
904c3749-f36d-4e55-a80f-9f5df0db359b,Pass,65,50,2,Liverpool,Alisson Ramsés Becker,Goalkeeper,0,Tottenham Hotspur,Liverpool,11.5,34.5,Andrew Robertson,,,Ground Pass,Right Foot,26.9,12.1,0.01082722,0.00942382,-0.001403400000000001,,,,,
922156ca-9dc2-4734-9164-906ffa782e43,Ball Receipt*,65,52,2,Liverpool,Andrew Robertson,Left Back,0,Tottenham Hotspur,Liverpool,26.9,12.1,,,,,,,,,,,,,,,
e3afb970-5857-4e66-8d47-6be31aaba653,Carry,65,52,2,Liverpool,Andrew Robertson,Left Back,0,Tottenham Hotspur,Liverpool,26.9,12.1,,,,,,,,,,,26.9,12.1,0.0,,
a091e6a2-5781-4900-aefb-32649fac4ba5,Pass,65,52,2,Liverpool,Andrew Robertson,Left Back,0,Tottenham Hotspur,Liverpool,26.9,12.1,Fábio Henrique Tavares,,,Ground Pass,Left Foot,42.8,20.8,0.00942382,0.01269174,0.003267920000000001,,,,,
fd2d32c4-132b-40b5-a254-9405d3b622f7,Ball Receipt*,65,53,2,Liverpool,Fábio Henrique Tavares,Center Defensive Midfield,0,Tottenham Hotspur,Liverpool,42.8,20.8,,,,,,,,,,,,,,,
03b11994-38e7-4d32-87bb-1b146a7a107d,Carry,65,53,2,Liverpool,Fábio Henrique Tavares,Center Defensive Midfield,0,Tottenham Hotspur,Liverpool,42.8,20.8,,,,,,,,,,,42.8,20.8,0.0,,
3a636ef8-e555-4230-a466-e7b59c3f169a,Pass,65,53,2,Liverpool,Fábio Henrique Tavares,Center Defensive Midfield,0,Tottenham Hotspur,Liverpool,42.8,20.8,James Philip Milner,,,Ground Pass,Right Foot,40.7,3.4,0.01269174,0.01126267,-0.001429069999999999,,,,,
5f688177-830e-4abe-8e03-eff2d472b415,Ball Receipt*,65,54,2,Liverpool,James Philip Milner,Left Center Midfield,0,Tottenham Hotspur,Liverpool,40.7,3.4,,,,,,,,,,,,,,,
4fd11566-eb8c-4cef-b93b-7a09796b22e4,Carry,65,54,2,Liverpool,James Philip Milner,Left Center Midfield,1,Tottenham Hotspur,Liverpool,40.7,3.4,,,,,,,,,,,41.7,2.9,0.0,,
4ba3ed6d-eef5-4681-b00e-1c0c7e985bc8,Pressure,65,55,2,Tottenham Hotspur,Moussa Sissoko,Left Center Midfield,0,Tottenham Hotspur,Liverpool,75.8,73.8,,,,,,,,,,,,,,,
01065450-3f4d-41b8-9ef9-13199dc43882,Pass,65,55,2,Liverpool,James Philip Milner,Left Center Midfield,1,Tottenham Hotspur,Liverpool,41.7,2.9,Divock Okoth Origi,,,Low Pass,Right Foot,68.7,26.3,0.01126267,0.01685596,0.005593289999999999,,,,,
6300a235-6410-4f1d-9cb0-d88f74ba5aa8,Ball Receipt*,65,57,2,Liverpool,Divock Okoth Origi,Center Forward,0,Tottenham Hotspur,Liverpool,68.7,26.3,,,,,,,,,,,,,,,
18da4ca4-044b-4632-9b7e-bb47d9fed2d1,Carry,65,57,2,Liverpool,Divock Okoth Origi,Center Forward,0,Tottenham Hotspur,Liverpool,68.7,26.3,,,,,,,,,,,69.7,22.4,0.0,,
4d437454-e0a0-40c0-9e91-5ddc7b02d5e5,Pass,65,57,2,Liverpool,Divock Okoth Origi,Center Forward,0,Tottenham Hotspur,Liverpool,69.7,22.4,Sadio Mané,,,Ground Pass,Right Foot,68.9,18.3,0.01685596,0.01611813,-0.0007378299999999983,,,,,
d9b3c34d-2337-49d3-b0bf-d91796d720d1,Pressure,65,57,2,Tottenham Hotspur,Jan Vertonghen,Left Center Back,0,Tottenham Hotspur,Liverpool,49.2,59.9,,,,,,,,,,,,,,,
15fdde7d-3f14-410d-b6c2-75497b0ff5f6,Ball Receipt*,65,58,2,Liverpool,Sadio Mané,Left Wing,1,Tottenham Hotspur,Liverpool,68.9,18.3,,,,,,,,,,,,,,,
8bfe67b8-eba1-4b36-b51d-da9cec5f293e,Carry,65,58,2,Liverpool,Sadio Mané,Left Wing,1,Tottenham Hotspur,Liverpool,68.9,18.3,,,,,,,,,,,68.7,20.8,0.0007378299999999983,,
1caa494f-ffc7-4eb0-b235-5a8b2ec8a8eb,Dribbled Past,65,58,2,Tottenham Hotspur,Jan Vertonghen,Left Center Back,0,Tottenham Hotspur,Liverpool,51.4,59.3,,,,,,,,,,,,,,,
bf5e59db-3a65-43b4-a7e0-4be767c7e99b,Dribble,65,58,2,Liverpool,Sadio Mané,Left Wing,1,Tottenham Hotspur,Liverpool,68.7,20.8,,,,,,,,,,,,,,,
9ef5bd6a-046c-4f8f-a901-7dc5f8be8ceb,Carry,65,58,2,Liverpool,Sadio Mané,Left Wing,1,Tottenham Hotspur,Liverpool,68.7,20.8,,,,,,,,,,,64.6,36.6,3.931999999999894e-05,,
b48a9831-ae65-4c9c-a8c5-9281fdc0e432,Pass,66,1,2,Liverpool,Sadio Mané,Left Wing,0,Tottenham Hotspur,Liverpool,64.6,36.6,Trent Alexander-Arnold,,,Low Pass,Right Foot,71.4,62.9,0.01689528,0.01870347,0.001808190000000001,,,,,
b2c3a11a-5f58-49b0-a894-003e8b8fb925,Ball Receipt*,66,3,2,Liverpool,Trent Alexander-Arnold,Right Back,0,Tottenham Hotspur,Liverpool,71.4,62.9,,,,,,,,,,,,,,,
996173ea-cdee-4091-8b40-e01c6ac20a4c,Carry,66,3,2,Liverpool,Trent Alexander-Arnold,Right Back,0,Tottenham Hotspur,Liverpool,71.4,62.9,,,,,,,,,,,95.5,58.2,0.009848550000000001,,
90bb8bee-5d63-4a14-8e27-af3ce3229c9e,Pass,66,6,2,Liverpool,Trent Alexander-Arnold,Right Back,0,Tottenham Hotspur,Liverpool,95.5,58.2,Jordan Brian Henderson,Incomplete,,High Pass,Right Foot,108.7,48.0,0.02855202,0.10805102,0.079499,,,,,
8c1c8661-43f7-4972-80fd-365874318bfd,Ball Receipt*,66,6,2,Liverpool,Jordan Brian Henderson,Right Center Midfield,0,Tottenham Hotspur,Liverpool,105.8,44.2,,,,,,,,,,,,,,,
5e9a8178-9728-4a6e-bf8a-8e325dc9fe00,Clearance,66,6,2,Tottenham Hotspur,Toby Alderweireld,Right Center Back,1,Tottenham Hotspur,Liverpool,11.4,32.1,,,,,,,,,,,,,,,
c8c7ab91-b074-4722-9669-25a8fface480,Pass,66,37,2,Liverpool,Trent Alexander-Arnold,Right Back,0,Tottenham Hotspur,Liverpool,120.0,80.0,Sadio Mané,Incomplete,Corner,High Pass,Right Foot,115.3,49.2,0.0379259,0.25745362,0.21952772,,,,,
9bbf950f-8a97-44f7-b183-57b84fa0412c,Ball Receipt*,66,38,2,Liverpool,Sadio Mané,Left Wing,0,Tottenham Hotspur,Liverpool,111.9,43.9,,,,,,,,,,,,,,,
22b48689-ec14-4538-92da-119be79cc63a,Clearance,66,38,2,Tottenham Hotspur,Heung-Min Son,Right Center Forward,1,Tottenham Hotspur,Liverpool,4.8,30.9,,,,,,,,,,,,,,,
38c66bd9-c973-4a3b-a497-357810000bc0,Pass,66,52,2,Liverpool,Trent Alexander-Arnold,Right Back,0,Tottenham Hotspur,Liverpool,105.1,80.0,James Philip Milner,Incomplete,Throw-in,High Pass,,112.3,56.7,0.03485072,0.06442595,0.02957522999999999,,,,,
4285a80a-e2a6-4737-baa0-13edf6d2b2b1,Ball Receipt*,66,53,2,Liverpool,James Philip Milner,Left Center Midfield,0,Tottenham Hotspur,Liverpool,117.7,56.2,,,,,,,,,,,,,,,
a48075cb-96b2-4b89-a282-7cc63695add3,Interception,66,53,2,Tottenham Hotspur,Jan Vertonghen,Left Center Back,0,Tottenham Hotspur,Liverpool,7.8,23.4,,,,,,,,,,,,,,,
62fc111f-7209-4516-bd51-9f29cbf8cbb8,Pass,67,1,2,Liverpool,Trent Alexander-Arnold,Right Back,0,Tottenham Hotspur,Liverpool,109.5,80.0,Sadio Mané,,Throw-in,High Pass,,107.3,69.7,0.03485072,0.04066992,0.005819199999999997,,,,,
c9ac15f8-d0f5-4f36-9d05-8b3623144c7f,Ball Receipt*,67,2,2,Liverpool,Sadio Mané,Left Wing,0,Tottenham Hotspur,Liverpool,107.3,69.7,,,,,,,,,,,,,,,
2ad36bde-573e-457a-8780-a12221f63def,Carry,67,2,2,Liverpool,Sadio Mané,Left Wing,1,Tottenham Hotspur,Liverpool,107.3,69.7,,,,,,,,,,,107.1,75.0,-0.005819199999999997,,
b0916856-7e97-4897-b81c-0e79b5b58f34,Pressure,67,3,2,Tottenham Hotspur,Danny Rose,Left Back,0,Tottenham Hotspur,Liverpool,11.9,7.7,,,,,,,,,,,,,,,
bd7b6c62-e09a-4918-88ec-bc8e82b7838e,Dribble,67,3,2,Liverpool,Sadio Mané,Left Wing,1,Tottenham Hotspur,Liverpool,107.1,75.0,,,,,,,,,,,,,,,
9f1ec403-9cc8-4d93-9268-46779bbdd1b8,Duel,67,3,2,Tottenham Hotspur,Bamidele Alli,Left Midfield,1,Tottenham Hotspur,Liverpool,13.0,5.1,,,,,,,,,,,,,,,
2bd31fdd-7be9-41df-84d8-138b8a89ffb8,Pass,67,5,2,Liverpool,Trent Alexander-Arnold,Right Back,0,Tottenham Hotspur,Liverpool,104.6,77.5,Divock Okoth Origi,Out,Recovery,High Pass,Left Foot,119.6,64.7,0.03485072,0.04647721,0.01162649,,,,,
0f4e659a-769c-4b14-8ac7-49528027ec27,Ball Receipt*,67,8,2,Liverpool,Divock Okoth Origi,Center Forward,0,Tottenham Hotspur,Liverpool,107.5,67.5,,,,,,,,,,,,,,,
518bc530-0824-40f2-bfff-f4eeb659b455,Pass,67,19,2,Tottenham Hotspur,Hugo Lloris,Goalkeeper,0,Tottenham Hotspur,Liverpool,7.0,36.1,Danny Rose,,Goal Kick,High Pass,Left Foot,48.3,9.6,0.00941056,0.01126267,0.001852110000000001,,,,,
36e23142-a527-44ae-b67b-dec6980d7dc5,Ball Receipt*,67,22,2,Tottenham Hotspur,Danny Rose,Left Back,0,Tottenham Hotspur,Liverpool,48.3,9.6,,,,,,,,,,,,,,,
70f410f9-94d5-4c9e-b6b2-afc875b91d5f,Duel,67,22,2,Liverpool,Jordan Brian Henderson,Right Center Midfield,1,Tottenham Hotspur,Liverpool,71.8,70.5,,,,,,,,,,,,,,,
52f953df-55c5-42a0-9bef-4179dd002e5c,Pass,67,22,2,Tottenham Hotspur,Danny Rose,Left Back,1,Tottenham Hotspur,Liverpool,48.3,9.6,Lucas Rodrigues Moura da Silva,,,High Pass,,55.0,23.7,0.01126267,0.01429128,0.003028609999999999,,,,,
ec459dc4-6d89-4f90-bd49-deacbd2b407f,Pressure,67,24,2,Liverpool,Fábio Henrique Tavares,Center Defensive Midfield,0,Tottenham Hotspur,Liverpool,62.7,56.4,,,,,,,,,,,,,,,
8c455e4c-f9d5-41fb-94f4-3d2e65aa84e1,Ball Receipt*,67,24,2,Tottenham Hotspur,Lucas Rodrigues Moura da Silva,Right Midfield,1,Tottenham Hotspur,Liverpool,55.0,23.7,,,,,,,,,,,,,,,
9e6e9cea-26d9-48dd-be70-a320ca67f66e,Carry,67,24,2,Tottenham Hotspur,Lucas Rodrigues Moura da Silva,Right Midfield,1,Tottenham Hotspur,Liverpool,55.0,23.7,,,,,,,,,,,55.8,44.1,0.0005547,,
7534b55e-31f4-45f4-a4a9-3a4f6fed6ad5,Pass,67,27,2,Tottenham Hotspur,Lucas Rodrigues Moura da Silva,Right Midfield,1,Tottenham Hotspur,Liverpool,55.8,44.1,Kieran Trippier,,,Ground Pass,Right Foot,70.2,71.6,0.01484598,0.0174506,0.00260462,,,,,
b16d96fa-d716-4272-804e-bdf5599a5349,Ball Receipt*,67,29,2,Tottenham Hotspur,Kieran Trippier,Right Back,0,Tottenham Hotspur,Liverpool,70.2,71.6,,,,,,,,,,,,,,,
51c3e714-4661-4bbe-b604-cd04b5a5a36c,Carry,67,29,2,Tottenham Hotspur,Kieran Trippier,Right Back,1,Tottenham Hotspur,Liverpool,70.2,71.6,,,,,,,,,,,70.2,70.0,0.0,,
604cbe2e-5910-4d87-ac0d-7d0b67001de8,Pressure,67,30,2,Liverpool,Andrew Robertson,Left Back,0,Tottenham Hotspur,Liverpool,45.7,9.1,,,,,,,,,,,,,,,
b3037a9a-1bcb-4349-bd64-9f55271833f1,Pass,67,31,2,Tottenham Hotspur,Kieran Trippier,Right Back,1,Tottenham Hotspur,Liverpool,70.2,70.0,Moussa Sissoko,Out,,High Pass,Right Foot,86.4,79.1,0.0174506,0.02122129,0.00377069,,,,,
b07d57bd-79e8-4cc5-a80b-24c2ee9302ca,Ball Receipt*,67,33,2,Tottenham Hotspur,Moussa Sissoko,Left Center Midfield,0,Tottenham Hotspur,Liverpool,82.6,66.9,,,,,,,,,,,,,,,
1acce940-b13b-4f0f-b897-e677dc5553f8,Pass,67,52,2,Liverpool,Andrew Robertson,Left Back,0,Tottenham Hotspur,Liverpool,34.6,0.1,Divock Okoth Origi,,Throw-in,High Pass,,55.9,3.9,0.00977659,0.01248344,0.00270685,,,,,
d1c2b39d-bdbf-4e99-b7d3-9b89dba0308f,Ball Receipt*,67,54,2,Liverpool,Divock Okoth Origi,Center Forward,0,Tottenham Hotspur,Liverpool,55.9,3.9,,,,,,,,,,,,,,,
62089709-a263-4a72-8a3a-1d42e72061b3,Pass,67,54,2,Liverpool,Divock Okoth Origi,Center Forward,0,Tottenham Hotspur,Liverpool,55.9,3.9,Sadio Mané,,,High Pass,Head,56.2,18.3,0.01248344,0.0138454,0.001361960000000001,,,,,
52cb6ec8-e652-4b03-8581-14a88c30195f,Ball Receipt*,67,56,2,Liverpool,Sadio Mané,Left Wing,0,Tottenham Hotspur,Liverpool,56.2,18.3,,,,,,,,,,,,,,,
a4858c1b-17ad-4392-af6d-d9defdf58b81,Carry,67,56,2,Liverpool,Sadio Mané,Left Wing,1,Tottenham Hotspur,Liverpool,56.2,18.3,,,,,,,,,,,55.6,25.5,0.0004458799999999992,,
39079c64-1243-4fdb-a766-a1837b1264d8,Pressure,67,56,2,Tottenham Hotspur,Bamidele Alli,Left Midfield,0,Tottenham Hotspur,Liverpool,69.3,48.2,,,,,,,,,,,,,,,
648351cf-1e5e-4519-8d0d-25439df98923,Dribbled Past,67,58,2,Tottenham Hotspur,Bamidele Alli,Left Midfield,0,Tottenham Hotspur,Liverpool,64.5,54.6,,,,,,,,,,,,,,,
af38ce75-ac66-48a9-8443-593adaec3f35,Dribble,67,58,2,Liverpool,Sadio Mané,Left Wing,1,Tottenham Hotspur,Liverpool,55.6,25.5,,,,,,,,,,,,,,,
a4159e63-53af-4ac0-829b-a2d80a7322a1,Carry,67,58,2,Liverpool,Sadio Mané,Left Wing,1,Tottenham Hotspur,Liverpool,55.6,25.5,,,,,,,,,,,95.9,54.0,0.01426074,,
4d6a4f72-cffe-412b-a7da-759ce0cbb8a6,Pressure,67,59,2,Tottenham Hotspur,Christian Dannemann Eriksen,Right Center Midfield,0,Tottenham Hotspur,Liverpool,63.2,42.5,,,,,,,,,,,,,,,
97f39f16-0253-4e5c-900c-ab2dc370aaf1,Pressure,68,7,2,Tottenham Hotspur,Bamidele Alli,Left Midfield,0,Tottenham Hotspur,Liverpool,31.9,27.1,,,,,,,,,,,,,,,
9e53d9e6-c9ef-40ad-8d9e-a300085f380d,Pass,68,8,2,Liverpool,Sadio Mané,Left Wing,0,Tottenham Hotspur,Liverpool,95.9,54.0,Mohamed Salah,,,Ground Pass,Right Foot,106.3,45.8,0.02855202,0.10805102,0.079499,,,,,
b5238a4c-1ddf-491b-848e-6e150e458da6,Ball Receipt*,68,9,2,Liverpool,Mohamed Salah,Right Wing,0,Tottenham Hotspur,Liverpool,106.3,45.8,,,,,,,,,,,,,,,
e518e8ae-5b36-4098-a57d-560634a5ef95,Pass,68,9,2,Liverpool,Mohamed Salah,Right Wing,0,Tottenham Hotspur,Liverpool,106.3,45.8,James Philip Milner,,,Ground Pass,Right Foot,102.7,45.8,0.10805102,0.10805102,0.0,,,,,
3f82d70a-56e7-44b9-928c-68aa7288b253,Ball Receipt*,68,9,2,Liverpool,James Philip Milner,Left Center Midfield,0,Tottenham Hotspur,Liverpool,102.7,45.8,,,,,,,,,,,,,,,
5060467a-0f5f-4319-b07e-123bb1f792f3,Carry,68,9,2,Liverpool,James Philip Milner,Left Center Midfield,0,Tottenham Hotspur,Liverpool,102.7,45.8,,,,,,,,,,,103.1,45.9,0.0,,
40332dc4-d7f9-4716-8e44-1d3f75ff685b,Shot,68,10,2,Liverpool,James Philip Milner,Left Center Midfield,0,Tottenham Hotspur,Liverpool,103.1,45.9,,,,,,,,,,,,,,0.044091757,Off T
49a21048-3363-4356-b5f9-b5f4b2915057,Goal Keeper,68,11,2,Tottenham Hotspur,Hugo Lloris,Goalkeeper,0,Tottenham Hotspur,Liverpool,0.7,37.5,,,,,,,,,,,,,,,
f24eddc9-9cb5-4a1d-99f8-5c8fc4283f6d,Pass,68,37,2,Tottenham Hotspur,Hugo Lloris,Goalkeeper,0,Tottenham Hotspur,Liverpool,7.0,36.1,Jan Vertonghen,,Goal Kick,Ground Pass,Right Foot,8.7,7.3,0.00941056,0.00638303,-0.00302753,,,,,
c91f5b61-67c5-4912-b264-4eaf2e285dc5,Ball Receipt*,68,38,2,Tottenham Hotspur,Jan Vertonghen,Left Center Back,0,Tottenham Hotspur,Liverpool,8.7,7.3,,,,,,,,,,,,,,,
be9772e2-1d13-4b42-add7-855fe451ad68,Pass,68,38,2,Tottenham Hotspur,Jan Vertonghen,Left Center Back,0,Tottenham Hotspur,Liverpool,9.2,7.7,Hugo Lloris,,,Ground Pass,Right Foot,3.2,31.9,0.00638303,0.00941056,0.00302753,,,,,
af3ed494-3014-43ef-9f84-c2f9edd8ec79,Ball Receipt*,68,41,2,Tottenham Hotspur,Hugo Lloris,Goalkeeper,0,Tottenham Hotspur,Liverpool,3.2,31.9,,,,,,,,,,,,,,,
9035479f-9cd9-4d1d-98cb-f0b374f352e1,Pressure,68,41,2,Liverpool,Divock Okoth Origi,Center Forward,0,Tottenham Hotspur,Liverpool,108.2,47.1,,,,,,,,,,,,,,,
0463e4ed-11f9-40eb-bb58-1c684dc5cea6,Pass,68,42,2,Tottenham Hotspur,Hugo Lloris,Goalkeeper,1,Tottenham Hotspur,Liverpool,4.1,40.3,Toby Alderweireld,,,Ground Pass,Left Foot,9.4,59.3,0.00941056,0.0088799,-0.0005306600000000005,,,,,
082e9c24-2f6c-4457-b303-db6bab929450,Ball Receipt*,68,44,2,Tottenham Hotspur,Toby Alderweireld,Right Center Back,0,Tottenham Hotspur,Liverpool,9.4,59.3,,,,,,,,,,,,,,,
861c5139-1e17-4a49-bbda-94eeccc00b73,Carry,68,44,2,Tottenham Hotspur,Toby Alderweireld,Right Center Back,0,Tottenham Hotspur,Liverpool,9.4,59.3,,,,,,,,,,,14.5,53.5,0.0008975500000000004,,
02c2662d-b593-480b-95c5-f7ac525bbd44,Pass,68,49,2,Tottenham Hotspur,Toby Alderweireld,Right Center Back,0,Tottenham Hotspur,Liverpool,14.5,53.5,Jan Vertonghen,,,Ground Pass,Right Foot,8.5,22.0,0.00977745,0.0088799,-0.0008975500000000004,,,,,
15650987-f449-456c-9b7c-12016f9c72ef,Ball Receipt*,68,52,2,Tottenham Hotspur,Jan Vertonghen,Left Center Back,0,Tottenham Hotspur,Liverpool,8.5,22.0,,,,,,,,,,,,,,,
777d5390-1ac2-45bc-994c-c5fa2471f055,Carry,68,52,2,Tottenham Hotspur,Jan Vertonghen,Left Center Back,0,Tottenham Hotspur,Liverpool,8.5,22.0,,,,,,,,,,,9.4,22.5,0.0,,
7806c777-4629-42b6-9e8a-828c77073f62,Pass,68,52,2,Tottenham Hotspur,Jan Vertonghen,Left Center Back,0,Tottenham Hotspur,Liverpool,9.4,22.5,Christian Dannemann Eriksen,,,Ground Pass,Left Foot,23.0,27.0,0.0088799,0.01001304,0.001133140000000001,,,,,
7ef697ff-28d4-498e-8d60-886568909228,Ball Receipt*,68,54,2,Tottenham Hotspur,Christian Dannemann Eriksen,Right Center Midfield,0,Tottenham Hotspur,Liverpool,23.0,27.0,,,,,,,,,,,,,,,
63132d48-0bf1-4905-9613-94263350e821,Carry,68,54,2,Tottenham Hotspur,Christian Dannemann Eriksen,Right Center Midfield,0,Tottenham Hotspur,Liverpool,23.0,27.0,,,,,,,,,,,23.2,19.3,-0.0005892200000000014,,
29b2e01a-e00c-417b-914e-930b313e9807,Pass,68,56,2,Tottenham Hotspur,Christian Dannemann Eriksen,Right Center Midfield,0,Tottenham Hotspur,Liverpool,23.2,19.3,Jan Vertonghen,,,Ground Pass,Right Foot,15.5,25.1,0.00942382,0.00977745,0.0003536300000000006,,,,,
adfdaa9f-1943-4d36-8b9c-82e41fd1dcf6,Ball Receipt*,68,57,2,Tottenham Hotspur,Jan Vertonghen,Left Center Back,0,Tottenham Hotspur,Liverpool,15.5,25.1,,,,,,,,,,,,,,,
53bce8df-f32a-4ca4-bbe7-2accb7253481,Carry,68,57,2,Tottenham Hotspur,Jan Vertonghen,Left Center Back,0,Tottenham Hotspur,Liverpool,15.5,25.1,,,,,,,,,,,15.5,25.1,0.0,,
ff88e271-5888-4a17-a1ee-4951f3afaae2,Pass,68,58,2,Tottenham Hotspur,Jan Vertonghen,Left Center Back,0,Tottenham Hotspur,Liverpool,15.5,25.1,Toby Alderweireld,,,Ground Pass,Left Foot,23.7,48.0,0.00977745,0.01016549,0.0003880399999999992,,,,,
e8dc2887-fe39-4785-955c-2bd921332be2,Ball Receipt*,68,59,2,Tottenham Hotspur,Toby Alderweireld,Right Center Back,0,Tottenham Hotspur,Liverpool,23.7,48.0,,,,,,,,,,,,,,,
a97437f0-b9ba-45a5-979e-638f9f44375f,Carry,68,59,2,Tottenham Hotspur,Toby Alderweireld,Right Center Back,1,Tottenham Hotspur,Liverpool,23.7,48.0,,,,,,,,,,,30.9,53.6,0.0009391300000000016,,
9a3adee2-15c2-46f0-943d-66f2c850ff66,Pressure,69,2,2,Liverpool,Divock Okoth Origi,Center Forward,0,Tottenham Hotspur,Liverpool,84.8,31.1,,,,,,,,,,,,,,,
7e341701-bff1-444c-b72d-a2d0ab8cc7dd,Pass,69,2,2,Tottenham Hotspur,Toby Alderweireld,Right Center Back,1,Tottenham Hotspur,Liverpool,30.9,53.6,Bamidele Alli,Incomplete,,High Pass,Right Foot,93.7,24.4,0.01110462,0.02855202,0.0174474,,,,,
b725429a-dfe6-4a11-ad2e-a0d29486654d,Ball Receipt*,69,6,2,Tottenham Hotspur,Bamidele Alli,Left Midfield,0,Tottenham Hotspur,Liverpool,89.8,28.5,,,,,,,,,,,,,,,
1110cad7-6b19-477e-bd6d-3eb5b6d08927,Ball Recovery,69,6,2,Liverpool,Trent Alexander-Arnold,Right Back,0,Tottenham Hotspur,Liverpool,26.4,55.7,,,,,,,,,,,,,,,
67ee20f2-c3ee-44c8-9a2c-893c573ede30,Ball Recovery,69,7,2,Tottenham Hotspur,Harry Kane,Left Center Forward,0,Tottenham Hotspur,Liverpool,84.2,30.6,,,,,,,,,,,,,,,
aa68771e-8c32-4614-8e90-9a2c3c8a10ae,Carry,69,7,2,Tottenham Hotspur,Harry Kane,Left Center Forward,1,Tottenham Hotspur,Liverpool,84.2,30.6,,,,,,,,,,,105.0,19.6,0.01681843,,
60dff824-4b46-458c-8a63-fa4064182999,Pressure,69,9,2,Liverpool,Jordan Brian Henderson,Right Center Midfield,0,Tottenham Hotspur,Liverpool,23.6,55.5,,,,,,,,,,,,,,,
1329e11a-fa1a-42c1-b231-4fa693d81ce3,Pass,69,11,2,Tottenham Hotspur,Harry Kane,Left Center Forward,0,Tottenham Hotspur,Liverpool,105.0,19.6,Danny Rose,,,Ground Pass,Right Foot,112.0,5.1,0.04066992,0.0379259,-0.00274402,,,,,
b091945b-4088-4a5b-98af-fad8e618b103,Pressure,69,14,2,Liverpool,Trent Alexander-Arnold,Right Back,0,Tottenham Hotspur,Liverpool,9.8,67.8,,,,,,,,,,,,,,,
27b5b654-aaff-4558-97a0-54c5b1449f4a,Ball Receipt*,69,14,2,Tottenham Hotspur,Danny Rose,Left Back,1,Tottenham Hotspur,Liverpool,112.0,5.1,,,,,,,,,,,,,,,
46134625-67f3-46e7-812d-efc2057e2836,Carry,69,14,2,Tottenham Hotspur,Danny Rose,Left Back,1,Tottenham Hotspur,Liverpool,112.0,5.1,,,,,,,,,,,113.2,4.3,0.0,,
c2dcf9fa-2cd1-4dbc-a447-9ee36051e13b,Pass,69,14,2,Tottenham Hotspur,Danny Rose,Left Back,1,Tottenham Hotspur,Liverpool,113.2,4.3,Bamidele Alli,Incomplete,,High Pass,Left Foot,110.0,34.3,0.0379259,0.25745362,0.21952772,,,,,
dc2b2e2c-7d82-49ca-8eb6-31d921a8f133,Ball Receipt*,69,15,2,Tottenham Hotspur,Bamidele Alli,Left Midfield,0,Tottenham Hotspur,Liverpool,111.8,39.4,,,,,,,,,,,,,,,
3ca4b893-3816-4ac5-b9df-a88905dd0b0d,Ball Recovery,69,15,2,Liverpool,James Philip Milner,Left Center Midfield,0,Tottenham Hotspur,Liverpool,10.1,45.8,,,,,,,,,,,,,,,
b748a062-c943-4e54-8425-76b194961c44,Ball Recovery,69,16,2,Liverpool,Joël Andre Job Matip,Right Center Back,0,Tottenham Hotspur,Liverpool,11.5,49.0,,,,,,,,,,,,,,,
2791c72c-f0f6-450c-9949-23e9106635dc,Carry,69,16,2,Liverpool,Joël Andre Job Matip,Right Center Back,0,Tottenham Hotspur,Liverpool,11.5,49.0,,,,,,,,,,,11.5,49.0,0.0,,
a2827c2b-2b20-4b49-8e62-4da9b6f9b9b8,Pass,69,17,2,Liverpool,Joël Andre Job Matip,Right Center Back,0,Tottenham Hotspur,Liverpool,11.5,49.0,,Incomplete,,High Pass,Right Foot,66.2,76.7,0.01082722,0.01473596,0.003908739999999999,,,,,
3978075f-9501-4e9b-a752-1cf7ea8a7bba,Ball Recovery,69,23,2,Tottenham Hotspur,Jan Vertonghen,Left Center Back,0,Tottenham Hotspur,Liverpool,53.9,3.4,,,,,,,,,,,,,,,
97cfda10-fe13-4ab9-9bb7-4736821386f7,Carry,69,23,2,Tottenham Hotspur,Jan Vertonghen,Left Center Back,1,Tottenham Hotspur,Liverpool,53.9,3.4,,,,,,,,,,,56.3,5.5,0.0,,
d4092d9e-5eea-413a-b201-f6aa8c881e40,Pressure,69,25,2,Liverpool,Mohamed Salah,Right Wing,0,Tottenham Hotspur,Liverpool,58.5,75.2,,,,,,,,,,,,,,,
56d507b9-225e-4d2b-96aa-30c0b27ee1be,Pass,69,26,2,Tottenham Hotspur,Jan Vertonghen,Left Center Back,1,Tottenham Hotspur,Liverpool,56.3,5.5,Hugo Lloris,,,Ground Pass,Left Foot,22.2,26.8,0.01248344,0.01001304,-0.002470399999999999,,,,,
7f573e02-fd3a-434b-873f-6eb87348b2cf,Ball Receipt*,69,29,2,Tottenham Hotspur,Hugo Lloris,Goalkeeper,0,Tottenham Hotspur,Liverpool,22.2,26.8,,,,,,,,,,,,,,,
6f5725e0-e125-4574-a9e3-b4ee4fded731,Carry,69,29,2,Tottenham Hotspur,Hugo Lloris,Goalkeeper,0,Tottenham Hotspur,Liverpool,22.2,26.8,,,,,,,,,,,21.2,27.7,0.0,,
d1fd3f2c-b428-478c-a803-04be037e53b9,Pass,69,30,2,Tottenham Hotspur,Hugo Lloris,Goalkeeper,0,Tottenham Hotspur,Liverpool,21.2,27.7,Toby Alderweireld,,,Ground Pass,Left Foot,29.9,59.4,0.01001304,0.01001304,0.0,,,,,
8e2c237f-43a7-48be-918b-28b3d585f0c7,Ball Receipt*,69,32,2,Tottenham Hotspur,Toby Alderweireld,Right Center Back,0,Tottenham Hotspur,Liverpool,29.9,59.4,,,,,,,,,,,,,,,
cb2d06ee-c05a-4cf1-a75f-2ebc2cc9446f,Carry,69,32,2,Tottenham Hotspur,Toby Alderweireld,Right Center Back,1,Tottenham Hotspur,Liverpool,29.9,59.4,,,,,,,,,,,40.6,68.7,0.00213415,,
3f50d80e-6cc2-4b05-a60a-5571d42e4ad3,Pressure,69,34,2,Liverpool,Divock Okoth Origi,Center Forward,0,Tottenham Hotspur,Liverpool,79.5,16.7,,,,,,,,,,,,,,,
50d4859a-697d-4661-a410-be2556e297fe,Pass,69,35,2,Tottenham Hotspur,Toby Alderweireld,Right Center Back,1,Tottenham Hotspur,Liverpool,40.6,68.7,Harry Kane,Incomplete,,High Pass,Right Foot,91.5,49.5,0.01214719,0.03511326,0.02296607,,,,,
9b10da03-fdcf-4d01-a4dd-5f1f6a2a421e,Ball Receipt*,69,38,2,Tottenham Hotspur,Harry Kane,Left Center Forward,0,Tottenham Hotspur,Liverpool,85.7,50.4,,,,,,,,,,,,,,,
95e23a4a-8f8f-4210-94b0-a613a616b0f7,Pass,69,38,2,Liverpool,Virgil van Dijk,Left Center Back,0,Tottenham Hotspur,Liverpool,28.6,30.6,Fábio Henrique Tavares,Incomplete,Recovery,High Pass,Head,56.9,35.9,0.01016549,0.01484598,0.004680490000000001,,,,,
24989e2a-cea1-4fef-9326-0c11a2ca0714,Ball Receipt*,69,41,2,Liverpool,Fábio Henrique Tavares,Center Defensive Midfield,0,Tottenham Hotspur,Liverpool,47.0,29.4,,,,,,,,,,,,,,,
3d6466d8-f0bb-4d0e-9199-a8cf35e36f87,Ball Recovery,69,41,2,Tottenham Hotspur,Christian Dannemann Eriksen,Right Center Midfield,0,Tottenham Hotspur,Liverpool,63.2,44.2,,,,,,,,,,,,,,,
0a5194e4-60a2-4061-98d3-655bf73cba29,Carry,69,41,2,Tottenham Hotspur,Christian Dannemann Eriksen,Right Center Midfield,0,Tottenham Hotspur,Liverpool,63.2,44.2,,,,,,,,,,,62.5,49.5,0.0,,
7335a949-266e-4168-a011-0079127f93c8,Pass,69,42,2,Tottenham Hotspur,Christian Dannemann Eriksen,Right Center Midfield,0,Tottenham Hotspur,Liverpool,62.5,49.5,Kieran Trippier,,,Ground Pass,Right Foot,78.0,73.8,0.01689528,0.0174506,0.0005553200000000015,,,,,
8d6f2c30-dcc6-4a54-a9ab-0eb5461be6e7,Ball Receipt*,69,44,2,Tottenham Hotspur,Kieran Trippier,Right Back,0,Tottenham Hotspur,Liverpool,78.0,73.8,,,,,,,,,,,,,,,
5af0d2c7-8928-4a5d-97ce-24242047bd9c,Carry,69,44,2,Tottenham Hotspur,Kieran Trippier,Right Back,0,Tottenham Hotspur,Liverpool,78.0,73.8,,,,,,,,,,,72.1,71.7,0.0,,
6324d91c-91cb-4e68-a800-51921fe542f9,Pass,69,48,2,Tottenham Hotspur,Kieran Trippier,Right Back,0,Tottenham Hotspur,Liverpool,72.1,71.7,Toby Alderweireld,,,Ground Pass,Right Foot,52.2,53.8,0.0174506,0.01429128,-0.00315932,,,,,
4c55f326-6d93-4698-8ee0-bcc2520d492d,Ball Receipt*,69,50,2,Tottenham Hotspur,Toby Alderweireld,Right Center Back,0,Tottenham Hotspur,Liverpool,52.2,53.8,,,,,,,,,,,,,,,
f6a64ed3-253c-4aed-8dea-2e48c603314c,Carry,69,50,2,Tottenham Hotspur,Toby Alderweireld,Right Center Back,0,Tottenham Hotspur,Liverpool,52.2,53.8,,,,,,,,,,,52.2,53.8,0.0,,
78cd6485-631a-4bef-a8dc-15bdadcc48d9,Pass,69,51,2,Tottenham Hotspur,Toby Alderweireld,Right Center Back,0,Tottenham Hotspur,Liverpool,52.2,53.8,Jan Vertonghen,,,Ground Pass,Right Foot,55.8,35.0,0.01429128,0.01484598,0.0005547,,,,,
eeb74da4-e4c6-4cef-8b25-f00d5457df4f,Ball Receipt*,69,53,2,Tottenham Hotspur,Jan Vertonghen,Left Center Back,0,Tottenham Hotspur,Liverpool,55.8,35.0,,,,,,,,,,,,,,,
eda58c0a-41a0-43b1-80a0-3225e146fe25,Carry,69,53,2,Tottenham Hotspur,Jan Vertonghen,Left Center Back,0,Tottenham Hotspur,Liverpool,55.8,35.0,,,,,,,,,,,57.5,35.0,0.0,,
3f00e291-443f-4c92-957d-a6887e7fa293,Pass,69,56,2,Tottenham Hotspur,Jan Vertonghen,Left Center Back,0,Tottenham Hotspur,Liverpool,57.5,35.0,Kieran Trippier,,,High Pass,Left Foot,107.1,67.8,0.01484598,0.04066992,0.02582394,,,,,
d327f440-6382-443f-9506-e238bee6803c,Ball Receipt*,69,59,2,Tottenham Hotspur,Kieran Trippier,Right Back,0,Tottenham Hotspur,Liverpool,107.1,67.8,,,,,,,,,,,,,,,
814e6e46-4ff2-4e33-8a0f-86aa26572e07,Carry,69,59,2,Tottenham Hotspur,Kieran Trippier,Right Back,0,Tottenham Hotspur,Liverpool,107.1,67.8,,,,,,,,,,,116.1,59.4,0.02375603,,
12b47a25-52c5-4a3f-950e-ca5d25e061c5,Pass,70,0,2,Tottenham Hotspur,Kieran Trippier,Right Back,0,Tottenham Hotspur,Liverpool,116.1,59.4,Danny Rose,,,Ground Pass,Right Foot,106.2,12.3,0.06442595,0.04066992,-0.02375603,,,,,
cca506eb-d9ef-480f-a155-eea514d8f022,Ball Receipt*,70,4,2,Tottenham Hotspur,Danny Rose,Left Back,0,Tottenham Hotspur,Liverpool,106.2,12.3,,,,,,,,,,,,,,,
1af33444-2f44-43e9-98ee-136a30561d45,Carry,70,4,2,Tottenham Hotspur,Danny Rose,Left Back,0,Tottenham Hotspur,Liverpool,106.2,12.3,,,,,,,,,,,110.3,15.5,0.00580729,,
664ef762-3d5a-49de-9017-e748b9a86c2d,Pass,70,4,2,Tottenham Hotspur,Danny Rose,Left Back,0,Tottenham Hotspur,Liverpool,110.3,15.5,Lucas Rodrigues Moura da Silva,Incomplete,,High Pass,Left Foot,111.0,43.4,0.04647721,0.25745362,0.21097641,,,,,
85e1e0ae-b390-4b3a-80d8-8030682b69c4,Ball Receipt*,70,6,2,Tottenham Hotspur,Lucas Rodrigues Moura da Silva,Right Midfield,0,Tottenham Hotspur,Liverpool,107.7,49.0,,,,,,,,,,,,,,,
0b312546-8ed0-449c-a108-4eaaebd0b5ed,Clearance,70,6,2,Liverpool,James Philip Milner,Left Center Midfield,1,Tottenham Hotspur,Liverpool,9.1,36.7,,,,,,,,,,,,,,,
054ac54b-900c-459e-9b5b-ee86c82aed46,Ball Recovery,70,7,2,Tottenham Hotspur,Kieran Trippier,Right Back,0,Tottenham Hotspur,Liverpool,105.5,64.7,,,,,,,,,,,,,,,
bf0e4327-2cb8-4752-bd2f-ed45df2370b7,Carry,70,7,2,Tottenham Hotspur,Kieran Trippier,Right Back,1,Tottenham Hotspur,Liverpool,105.5,64.7,,,,,,,,,,,107.2,65.1,0.0,,
2841aa19-92bc-4f93-971d-07c202534d95,Pressure,70,9,2,Liverpool,James Philip Milner,Left Center Midfield,0,Tottenham Hotspur,Liverpool,12.2,18.8,,,,,,,,,,,,,,,
4bd4face-9c87-4d85-931e-379c1c1068e7,Pass,70,9,2,Tottenham Hotspur,Kieran Trippier,Right Back,1,Tottenham Hotspur,Liverpool,107.2,65.1,Harry Kane,Incomplete,,High Pass,Right Foot,117.1,40.5,0.04066992,0.25745362,0.2167837,,,,,
4b1fe663-bf01-42e0-a2e9-32d27d30e848,Ball Receipt*,70,11,2,Tottenham Hotspur,Harry Kane,Left Center Forward,0,Tottenham Hotspur,Liverpool,113.2,38.9,,,,,,,,,,,,,,,
b7e1cbc6-16ec-4720-8644-d7360373878a,Goal Keeper,70,11,2,Liverpool,Alisson Ramsés Becker,Goalkeeper,0,Tottenham Hotspur,Liverpool,3.0,39.6,,,,,,,,,,,,,,,
d3c445ba-55d8-49d2-8c83-73a8e8da196e,Pass,70,18,2,Liverpool,Alisson Ramsés Becker,Goalkeeper,0,Tottenham Hotspur,Liverpool,6.9,41.2,Mohamed Salah,,,High Pass,Drop Kick,110.6,68.3,0.00941056,0.04647721,0.03706665,,,,,
7a55acd5-691e-42fa-bbfd-627706c6dd04,Ball Receipt*,70,24,2,Liverpool,Mohamed Salah,Right Wing,0,Tottenham Hotspur,Liverpool,110.6,68.3,,,,,,,,,,,,,,,
32c6616b-53df-4503-b644-b53b0047bf87,Pass,70,26,2,Liverpool,Mohamed Salah,Right Wing,0,Tottenham Hotspur,Liverpool,116.7,56.2,Divock Okoth Origi,Incomplete,,Ground Pass,Left Foot,115.5,54.0,0.06442595,0.06442595,0.0,,,,,
2856fade-d1ee-4537-96a7-6ea15c9faa81,Ball Receipt*,70,26,2,Liverpool,Divock Okoth Origi,Center Forward,0,Tottenham Hotspur,Liverpool,108.2,45.9,,,,,,,,,,,,,,,
e65d45ea-546a-4f11-b14d-34181f182fa7,Block,70,26,2,Tottenham Hotspur,Jan Vertonghen,Left Center Back,0,Tottenham Hotspur,Liverpool,4.6,26.1,,,,,,,,,,,,,,,
84acce92-b1fd-4a7e-9480-388a8f417e6a,50/50,70,28,2,Tottenham Hotspur,Moussa Sissoko,Left Center Midfield,1,Tottenham Hotspur,Liverpool,16.5,39.3,,,,,,,,,,,,,,,
cbc19c9a-d150-4ff2-912d-b5cde8e48546,50/50,70,28,2,Liverpool,Sadio Mané,Left Wing,1,Tottenham Hotspur,Liverpool,103.6,40.8,,,,,,,,,,,,,,,
03349348-54a8-463b-9c34-eb033c98e0f4,Pressure,70,29,2,Liverpool,Sadio Mané,Left Wing,0,Tottenham Hotspur,Liverpool,106.1,42.2,,,,,,,,,,,,,,,
e9178995-fc7a-4f7f-ba40-f33678d09827,Clearance,70,29,2,Tottenham Hotspur,Toby Alderweireld,Right Center Back,1,Tottenham Hotspur,Liverpool,9.2,37.4,,,,,,,,,,,,,,,
2d8c4e63-a459-4bd1-bd14-cc33f164613c,Pass,71,43,2,Liverpool,Andrew Robertson,Left Back,0,Tottenham Hotspur,Liverpool,82.0,0.1,Sadio Mané,,Throw-in,High Pass,,94.2,9.9,0.02122129,0.02756312,0.00634183,,,,,
a54e7200-17fd-409a-ab6f-786ddaa7ecaf,Ball Receipt*,71,44,2,Liverpool,Sadio Mané,Left Wing,0,Tottenham Hotspur,Liverpool,94.2,9.9,,,,,,,,,,,,,,,
89d5ec78-c35c-48b0-947a-6d7bc2e629c0,Pass,71,44,2,Liverpool,Sadio Mané,Left Wing,0,Tottenham Hotspur,Liverpool,94.2,9.9,Divock Okoth Origi,,,High Pass,Head,98.6,3.8,0.02756312,0.02756312,0.0,,,,,
145d5483-f1f5-45c6-8a8a-77b14bf06d3f,Ball Receipt*,71,44,2,Liverpool,Divock Okoth Origi,Center Forward,0,Tottenham Hotspur,Liverpool,98.6,3.8,,,,,,,,,,,,,,,
d441a2fd-2b98-424f-babf-91b25fb12e8f,Carry,71,44,2,Liverpool,Divock Okoth Origi,Center Forward,1,Tottenham Hotspur,Liverpool,98.6,3.8,,,,,,,,,,,98.1,4.4,0.0,,
2a26d1b7-0224-4f6e-8221-e1ba341e57e8,Block,71,44,2,Tottenham Hotspur,Kieran Trippier,Right Back,0,Tottenham Hotspur,Liverpool,22.9,73.3,,,,,,,,,,,,,,,
a99e2896-cfab-4cca-969f-6cf6c2e17fdc,Dispossessed,71,46,2,Liverpool,Divock Okoth Origi,Center Forward,1,Tottenham Hotspur,Liverpool,98.1,4.4,,,,,,,,,,,,,,,
24f9658c-7cd8-4d3f-90a2-b7080ab314e6,Duel,71,46,2,Tottenham Hotspur,Moussa Sissoko,Left Center Midfield,1,Tottenham Hotspur,Liverpool,22.0,75.7,,,,,,,,,,,,,,,
c3cc96ad-3f60-4d47-8582-a21d1122edcb,Pass,71,57,2,Tottenham Hotspur,Kieran Trippier,Right Back,0,Tottenham Hotspur,Liverpool,28.0,80.0,Jan Vertonghen,,Throw-in,Low Pass,,15.9,44.1,0.00844854,0.01082722,0.002378680000000001,,,,,
776fdb93-e769-4e33-8603-063711e2d19c,Ball Receipt*,71,59,2,Tottenham Hotspur,Jan Vertonghen,Left Center Back,0,Tottenham Hotspur,Liverpool,15.9,44.1,,,,,,,,,,,,,,,
39f789e8-1bb6-4b60-83c6-893a2f31cd8e,Carry,71,59,2,Tottenham Hotspur,Jan Vertonghen,Left Center Back,0,Tottenham Hotspur,Liverpool,15.9,44.1,,,,,,,,,,,15.9,44.1,0.0,,
cdbc922a-c051-422a-8fcf-053ebcfdf438,Pass,72,0,2,Tottenham Hotspur,Jan Vertonghen,Left Center Back,0,Tottenham Hotspur,Liverpool,15.9,44.1,Hugo Lloris,,,Ground Pass,Left Foot,2.7,42.2,0.01082722,0.00941056,-0.00141666,,,,,
3a5e1caf-f96b-408f-af31-f196a6072019,Pressure,72,1,2,Liverpool,Mohamed Salah,Right Wing,0,Tottenham Hotspur,Liverpool,109.9,37.9,,,,,,,,,,,,,,,
3301c48a-d58e-4c69-bb34-2c594ade3d28,Ball Receipt*,72,2,2,Tottenham Hotspur,Hugo Lloris,Goalkeeper,1,Tottenham Hotspur,Liverpool,2.7,42.2,,,,,,,,,,,,,,,
aa38f1c2-3120-4517-9ac1-cb517f90611a,Carry,72,2,2,Tottenham Hotspur,Hugo Lloris,Goalkeeper,1,Tottenham Hotspur,Liverpool,2.7,42.2,,,,,,,,,,,3.1,42.5,0.0,,
a35ecb52-9dcc-46cb-abe1-28b7c2c50182,Pass,72,2,2,Tottenham Hotspur,Hugo Lloris,Goalkeeper,1,Tottenham Hotspur,Liverpool,3.1,42.5,Jan Vertonghen,,,Low Pass,Left Foot,14.5,44.2,0.00941056,0.01082722,0.00141666,,,,,
0a528d20-144a-4bb5-999b-ad0f82e964cc,Ball Receipt*,72,3,2,Tottenham Hotspur,Jan Vertonghen,Left Center Back,0,Tottenham Hotspur,Liverpool,14.5,44.2,,,,,,,,,,,,,,,
3133e505-9d6f-41e5-97d1-f1a6ec196127,Carry,72,3,2,Tottenham Hotspur,Jan Vertonghen,Left Center Back,1,Tottenham Hotspur,Liverpool,14.5,44.2,,,,,,,,,,,22.2,29.7,-0.0008141799999999994,,
af842f7f-9405-49f8-85eb-9478273eaa57,Pressure,72,4,2,Liverpool,Divock Okoth Origi,Center Forward,0,Tottenham Hotspur,Liverpool,100.0,33.7,,,,,,,,,,,,,,,
30e404e8-edef-4111-8afd-a43405ba71c4,Pass,72,6,2,Tottenham Hotspur,Jan Vertonghen,Left Center Back,1,Tottenham Hotspur,Liverpool,22.2,29.7,Danny Rose,,,Ground Pass,Left Foot,30.9,6.1,0.01001304,0.00977659,-0.0002364500000000009,,,,,
49f07b1f-74a4-4857-ba36-9e313ff48b99,Ball Receipt*,72,8,2,Tottenham Hotspur,Danny Rose,Left Back,0,Tottenham Hotspur,Liverpool,30.9,6.1,,,,,,,,,,,,,,,
27fcc018-f166-4169-ba9d-11d23d93baca,Carry,72,8,2,Tottenham Hotspur,Danny Rose,Left Back,0,Tottenham Hotspur,Liverpool,30.9,6.1,,,,,,,,,,,35.8,5.6,0.0,,
2026e5c1-d323-49e0-a084-59b58c8ff660,Pass,72,10,2,Tottenham Hotspur,Danny Rose,Left Back,0,Tottenham Hotspur,Liverpool,35.8,5.6,Lucas Rodrigues Moura da Silva,,,Ground Pass,Left Foot,48.5,25.6,0.00977659,0.01269174,0.00291515,,,,,
8af3f842-c61e-434b-b7eb-44c0b5839d14,Pressure,72,10,2,Liverpool,Divock Okoth Origi,Center Forward,0,Tottenham Hotspur,Liverpool,71.6,54.3,,,,,,,,,,,,,,,
eff1228b-371f-4f47-8574-0e9059752c82,Ball Receipt*,72,11,2,Tottenham Hotspur,Lucas Rodrigues Moura da Silva,Right Midfield,1,Tottenham Hotspur,Liverpool,48.5,25.6,,,,,,,,,,,,,,,
7a69daa9-4702-4795-a65c-ac5274538300,Carry,72,11,2,Tottenham Hotspur,Lucas Rodrigues Moura da Silva,Right Midfield,1,Tottenham Hotspur,Liverpool,48.5,25.6,,,,,,,,,,,48.7,23.4,0.0,,
a7af9709-87ac-4863-bbca-aaa66cfcbe5d,Dribbled Past,72,11,2,Liverpool,Divock Okoth Origi,Center Forward,0,Tottenham Hotspur,Liverpool,71.4,56.7,,,,,,,,,,,,,,,
5ecd2801-ddca-400f-91cd-811636092791,Dribble,72,11,2,Tottenham Hotspur,Lucas Rodrigues Moura da Silva,Right Midfield,1,Tottenham Hotspur,Liverpool,48.7,23.4,,,,,,,,,,,,,,,
9ddd046c-5755-4ecc-b491-58c3d82eb3ac,Carry,72,11,2,Tottenham Hotspur,Lucas Rodrigues Moura da Silva,Right Midfield,1,Tottenham Hotspur,Liverpool,48.7,23.4,,,,,,,,,,,51.4,40.5,0.00215424,,
33fb2e82-4908-431a-9ac1-2c0b98b0aa78,Pressure,72,15,2,Liverpool,James Philip Milner,Left Center Midfield,0,Tottenham Hotspur,Liverpool,62.7,37.9,,,,,,,,,,,,,,,
3b512623-e634-48e5-a8a5-18188b6238f6,Pass,72,15,2,Tottenham Hotspur,Lucas Rodrigues Moura da Silva,Right Midfield,1,Tottenham Hotspur,Liverpool,51.4,40.5,Moussa Sissoko,,,Ground Pass,Right Foot,55.7,51.6,0.01484598,0.01429128,-0.0005547,,,,,
bb8dd897-e36f-4cc4-8fb9-d681a6e39d6f,Ball Receipt*,72,16,2,Tottenham Hotspur,Moussa Sissoko,Left Center Midfield,0,Tottenham Hotspur,Liverpool,55.7,51.6,,,,,,,,,,,,,,,
9c17b4be-360a-4812-9b8a-5aab71a2271b,Carry,72,16,2,Tottenham Hotspur,Moussa Sissoko,Left Center Midfield,1,Tottenham Hotspur,Liverpool,55.7,51.6,,,,,,,,,,,55.3,51.6,0.0,,
297d2978-f7c2-4aad-8291-52e25bfa2f82,Pressure,72,17,2,Liverpool,James Philip Milner,Left Center Midfield,0,Tottenham Hotspur,Liverpool,65.3,35.7,,,,,,,,,,,,,,,
436284c2-e99b-4591-b76a-0a0af3cc2175,Pass,72,17,2,Tottenham Hotspur,Moussa Sissoko,Left Center Midfield,1,Tottenham Hotspur,Liverpool,55.3,51.6,,Incomplete,,Ground Pass,Left Foot,64.2,45.3,0.01429128,0.01689528,0.002603999999999999,,,,,
69d362ad-e589-45ef-be79-d718447d3c43,Pass,72,19,2,Liverpool,Fábio Henrique Tavares,Center Defensive Midfield,0,Tottenham Hotspur,Liverpool,55.9,34.8,Mohamed Salah,Incomplete,Recovery,Low Pass,Right Foot,103.0,38.3,0.01484598,0.10805102,0.09320504,,,,,
ac01ac29-6826-4b6e-afe3-647c964991bf,Pressure,72,22,2,Liverpool,Mohamed Salah,Right Wing,0,Tottenham Hotspur,Liverpool,100.6,37.7,,,,,,,,,,,,,,,
c37555c3-a717-4c73-b886-1eb85e79021b,Ball Receipt*,72,23,2,Liverpool,Mohamed Salah,Right Wing,0,Tottenham Hotspur,Liverpool,79.0,47.5,,,,,,,,,,,,,,,
58c6b51f-b09c-4d55-948d-cc56b6fe1de7,Ball Recovery,72,23,2,Tottenham Hotspur,Hugo Lloris,Goalkeeper,0,Tottenham Hotspur,Liverpool,17.1,41.8,,,,,,,,,,,,,,,
1bcda8f1-aa6c-4862-a2c6-5944ab4ef725,Carry,72,23,2,Tottenham Hotspur,Hugo Lloris,Goalkeeper,0,Tottenham Hotspur,Liverpool,17.1,41.8,,,,,,,,,,,15.7,43.4,0.0,,
797fd375-2c50-496c-b0c8-2deadc9674e3,Pass,72,23,2,Tottenham Hotspur,Hugo Lloris,Goalkeeper,0,Tottenham Hotspur,Liverpool,15.7,43.4,Toby Alderweireld,,,Ground Pass,Keeper Arm,22.5,56.4,0.01082722,0.01001304,-0.0008141799999999994,,,,,
6a37cd8c-494b-4943-a26d-7c2ca681138c,Ball Receipt*,72,24,2,Tottenham Hotspur,Toby Alderweireld,Right Center Back,0,Tottenham Hotspur,Liverpool,22.5,56.4,,,,,,,,,,,,,,,
64bd3e26-7b77-43eb-93fc-9e7bf4ff846a,Carry,72,24,2,Tottenham Hotspur,Toby Alderweireld,Right Center Back,0,Tottenham Hotspur,Liverpool,22.5,56.4,,,,,,,,,,,26.1,54.6,0.0,,
94c46edf-aac4-4f14-9687-c59986ed63f9,Pass,72,25,2,Tottenham Hotspur,Toby Alderweireld,Right Center Back,0,Tottenham Hotspur,Liverpool,26.1,54.6,Christian Dannemann Eriksen,,,Ground Pass,Right Foot,37.9,40.8,0.01001304,0.01132376,0.00131072,,,,,
7ecc6737-c8d7-42c1-b875-d862ef8f0293,Ball Receipt*,72,26,2,Tottenham Hotspur,Christian Dannemann Eriksen,Right Center Midfield,0,Tottenham Hotspur,Liverpool,37.9,40.8,,,,,,,,,,,,,,,
0e760140-c35d-45f2-8806-e5dd4e4ecd32,Carry,72,26,2,Tottenham Hotspur,Christian Dannemann Eriksen,Right Center Midfield,0,Tottenham Hotspur,Liverpool,37.9,40.8,,,,,,,,,,,53.8,41.5,0.00352222,,
4ba5397e-0065-4f01-87e7-4d7e3f928a4c,Pass,72,30,2,Tottenham Hotspur,Christian Dannemann Eriksen,Right Center Midfield,0,Tottenham Hotspur,Liverpool,53.8,41.5,Heung-Min Son,,,Ground Pass,Right Foot,73.2,34.3,0.01484598,0.0199707,0.005124720000000001,,,,,
f5ed3786-a655-4f2c-b114-ab2307fb7bac,Pressure,72,30,2,Liverpool,Joël Andre Job Matip,Right Center Back,0,Tottenham Hotspur,Liverpool,42.9,43.2,,,,,,,,,,,,,,,
39522849-3aa5-4c27-a0c4-fac8a5c8d434,Ball Receipt*,72,31,2,Tottenham Hotspur,Heung-Min Son,Right Center Forward,1,Tottenham Hotspur,Liverpool,73.2,34.3,,,,,,,,,,,,,,,
fc9233d0-fa3e-4d2d-a36b-053165fb60d7,Carry,72,31,2,Tottenham Hotspur,Heung-Min Son,Right Center Forward,1,Tottenham Hotspur,Liverpool,73.2,34.3,,,,,,,,,,,72.7,33.8,0.0,,
80852e47-c595-4779-8efd-7f91c9ef48ad,Pass,72,31,2,Tottenham Hotspur,Heung-Min Son,Right Center Forward,1,Tottenham Hotspur,Liverpool,72.7,33.8,Harry Kane,,,Ground Pass,Right Foot,78.9,39.8,0.0199707,0.0199707,0.0,,,,,
15e05dd6-c054-4aad-bf88-4fa88547192f,Ball Receipt*,72,31,2,Tottenham Hotspur,Harry Kane,Left Center Forward,0,Tottenham Hotspur,Liverpool,78.9,39.8,,,,,,,,,,,,,,,
8dc1c43e-9063-4427-ae4a-fafa8642c488,Carry,72,31,2,Tottenham Hotspur,Harry Kane,Left Center Forward,0,Tottenham Hotspur,Liverpool,78.9,39.8,,,,,,,,,,,82.1,39.1,0.003880789999999999,,
117adb91-b8f3-4037-a2e0-4733ffc94e5a,Pass,72,33,2,Tottenham Hotspur,Harry Kane,Left Center Forward,0,Tottenham Hotspur,Liverpool,82.1,39.1,Heung-Min Son,,,Ground Pass,Right Foot,89.6,31.2,0.02385149,0.02385149,0.0,,,,,
b23fe98a-4641-4108-b5ac-fb1acc4535f7,Ball Receipt*,72,34,2,Tottenham Hotspur,Heung-Min Son,Right Center Forward,0,Tottenham Hotspur,Liverpool,89.6,31.2,,,,,,,,,,,,,,,
3af71a11-c732-4fe9-b4ad-60eb1bfa11af,Carry,72,34,2,Tottenham Hotspur,Heung-Min Son,Right Center Forward,1,Tottenham Hotspur,Liverpool,89.6,31.2,,,,,,,,,,,100.4,33.3,0.08419953,,
07751e47-0155-40b1-9e2c-f7306b5add6d,Pressure,72,35,2,Liverpool,Virgil van Dijk,Left Center Back,0,Tottenham Hotspur,Liverpool,20.2,46.5,,,,,,,,,,,,,,,
8006a4f1-879d-4ed2-9ed6-88b1dcf2420d,Pass,72,35,2,Tottenham Hotspur,Heung-Min Son,Right Center Forward,1,Tottenham Hotspur,Liverpool,100.4,33.3,Bamidele Alli,,,Ground Pass,Right Foot,107.1,24.8,0.10805102,0.05491138,-0.05313963999999999,,,,,
eadb1895-80ae-4f0a-be89-91d7bfe29508,Ball Receipt*,72,36,2,Tottenham Hotspur,Bamidele Alli,Left Midfield,0,Tottenham Hotspur,Liverpool,107.1,24.8,,,,,,,,,,,,,,,
89bcf4f1-7cdd-4cc0-95e7-60ed13ccec3a,Shot,72,36,2,Tottenham Hotspur,Bamidele Alli,Left Midfield,0,Tottenham Hotspur,Liverpool,106.0,27.2,,,,,,,,,,,,,,0.06948169,Saved
667b9a3d-003a-47cd-8a53-74f25658f39b,Goal Keeper,72,38,2,Liverpool,Alisson Ramsés Becker,Goalkeeper,0,Tottenham Hotspur,Liverpool,2.7,42.6,,,,,,,,,,,,,,,
5c7b384b-4006-44ef-8cd9-e603dbca686d,Pass,73,14,2,Liverpool,Alisson Ramsés Becker,Goalkeeper,0,Tottenham Hotspur,Liverpool,13.0,55.3,,Injury Clearance,,High Pass,Drop Kick,42.9,1.0,0.00977745,0.01126267,0.001485220000000001,,,,,
ed24504f-e691-498a-b589-0cdd1beef4da,Substitution,73,31,2,Tottenham Hotspur,Moussa Sissoko,Left Center Midfield,0,Tottenham Hotspur,Liverpool,,,,,,,,,,,,,,,,,
73872ae4-a1da-43d6-942b-9a47c6b19fed,Pass,73,37,2,Tottenham Hotspur,Kieran Trippier,Right Back,0,Tottenham Hotspur,Liverpool,75.0,80.0,Harry Kane,,Throw-in,High Pass,,83.3,70.0,0.0174506,0.02122129,0.00377069,,,,,
68c85a0a-1167-41c9-bf16-c57bb98a9891,Ball Receipt*,73,37,2,Tottenham Hotspur,Harry Kane,Left Center Forward,0,Tottenham Hotspur,Liverpool,83.3,70.0,,,,,,,,,,,,,,,
c578460c-0484-4ed2-b1f3-8574ae761693,Carry,73,37,2,Tottenham Hotspur,Harry Kane,Left Center Forward,0,Tottenham Hotspur,Liverpool,83.3,70.0,,,,,,,,,,,86.4,67.1,0.002793919999999998,,
0e0cf085-f5bd-449e-a437-442d998cd610,Pass,73,39,2,Tottenham Hotspur,Harry Kane,Left Center Forward,0,Tottenham Hotspur,Liverpool,86.4,67.1,,Injury Clearance,,Low Pass,Right Foot,112.4,47.0,0.02401521,0.25745362,0.23343841,,,,,
ce37223b-49cb-42d5-b03a-7266084e13ea,Ball Recovery,73,42,2,Liverpool,Alisson Ramsés Becker,Goalkeeper,0,Tottenham Hotspur,Liverpool,8.3,34.8,,,,,,,,,,,,,,,
0bb67162-705d-497c-97ec-1707e82f4bd9,Carry,73,42,2,Liverpool,Alisson Ramsés Becker,Goalkeeper,0,Tottenham Hotspur,Liverpool,8.3,34.8,,,,,,,,,,,7.2,37.7,0.0,,
66ff1a64-8e86-4463-9bb3-3cd7f6cbf7a4,Pass,73,45,2,Liverpool,Alisson Ramsés Becker,Goalkeeper,0,Tottenham Hotspur,Liverpool,7.2,37.7,Fábio Henrique Tavares,,,Ground Pass,Right Foot,26.7,33.0,0.00941056,0.01016549,0.0007549299999999991,,,,,
a33ae83a-b711-4a55-81ad-e9761eefaa16,Ball Receipt*,73,46,2,Liverpool,Fábio Henrique Tavares,Center Defensive Midfield,0,Tottenham Hotspur,Liverpool,26.7,33.0,,,,,,,,,,,,,,,
307bff9a-9849-46d7-883e-0ee59e8eef2d,Carry,73,46,2,Liverpool,Fábio Henrique Tavares,Center Defensive Midfield,0,Tottenham Hotspur,Liverpool,26.7,33.0,,,,,,,,,,,33.0,28.7,0.0009391300000000016,,
656fa7f5-b645-4cf5-9bfd-bd57602923d2,Pass,73,48,2,Liverpool,Fábio Henrique Tavares,Center Defensive Midfield,0,Tottenham Hotspur,Liverpool,33.0,28.7,Andrew Robertson,,,Ground Pass,Right Foot,47.0,3.3,0.01110462,0.01126267,0.0001580499999999999,,,,,
f35dad37-31c0-4696-939c-8a63cfe18002,Ball Receipt*,73,50,2,Liverpool,Andrew Robertson,Left Back,0,Tottenham Hotspur,Liverpool,47.0,3.3,,,,,,,,,,,,,,,
086db433-4741-46e1-9b92-e2357b4b64a7,Carry,73,50,2,Liverpool,Andrew Robertson,Left Back,0,Tottenham Hotspur,Liverpool,47.0,3.3,,,,,,,,,,,53.3,3.1,0.001220769999999999,,
7ba1a400-fc41-4e80-b57b-743766831edf,Pass,73,51,2,Liverpool,Andrew Robertson,Left Back,0,Tottenham Hotspur,Liverpool,53.3,3.1,Sadio Mané,,,Ground Pass,Left Foot,62.1,2.9,0.01248344,0.01473596,0.002252519999999999,,,,,
a1fece16-0061-422e-9437-c715114dd485,Ball Receipt*,73,52,2,Liverpool,Sadio Mané,Left Wing,0,Tottenham Hotspur,Liverpool,62.1,2.9,,,,,,,,,,,,,,,
e847b43c-c88d-4054-b3f6-6730ad504b0d,Carry,73,52,2,Liverpool,Sadio Mané,Left Wing,0,Tottenham Hotspur,Liverpool,62.1,2.9,,,,,,,,,,,69.7,4.4,0.0,,
fd963454-de93-45c9-80bb-23352f3fee3f,Pass,73,54,2,Liverpool,Sadio Mané,Left Wing,0,Tottenham Hotspur,Liverpool,69.7,4.4,James Philip Milner,Out,,Ground Pass,Right Foot,119.8,16.6,0.01473596,0.04647721,0.03174125,,,,,
e02851d2-13f0-4946-bd0b-091ad24cae75,Pressure,73,58,2,Liverpool,James Philip Milner,Left Center Midfield,0,Tottenham Hotspur,Liverpool,113.5,14.4,,,,,,,,,,,,,,,
54840d44-f2d8-47d0-902d-6c18b39a7576,Shield,73,58,2,Tottenham Hotspur,Toby Alderweireld,Right Center Back,1,Tottenham Hotspur,Liverpool,3.4,64.9,,,,,,,,,,,,,,,
f8fc8c2e-28dc-47d7-a5b9-3c21816a2dc5,Ball Receipt*,74,0,2,Liverpool,James Philip Milner,Left Center Midfield,0,Tottenham Hotspur,Liverpool,85.1,2.4,,,,,,,,,,,,,,,
ac4f38ba-c5ae-49a8-80c4-3690ade39194,Pass,74,10,2,Tottenham Hotspur,Hugo Lloris,Goalkeeper,0,Tottenham Hotspur,Liverpool,7.0,44.1,Toby Alderweireld,,Goal Kick,Ground Pass,Right Foot,9.5,68.1,0.00941056,0.00750072,-0.00190984,,,,,
766d20f5-630b-47d8-94b3-15c8f9e3395d,Ball Receipt*,74,11,2,Tottenham Hotspur,Toby Alderweireld,Right Center Back,0,Tottenham Hotspur,Liverpool,9.5,68.1,,,,,,,,,,,,,,,
ae7df9d5-1aae-477b-83c2-1c7aa501eaef,Pass,74,11,2,Tottenham Hotspur,Toby Alderweireld,Right Center Back,0,Tottenham Hotspur,Liverpool,9.5,68.1,Hugo Lloris,,,Ground Pass,Right Foot,5.8,49.2,0.00750072,0.00941056,0.00190984,,,,,
26e9e4aa-57de-4b02-81f1-f5dd08713d08,Ball Receipt*,74,13,2,Tottenham Hotspur,Hugo Lloris,Goalkeeper,0,Tottenham Hotspur,Liverpool,5.8,49.2,,,,,,,,,,,,,,,
2664ea29-ee3d-4ce6-ac82-bed59154b704,Carry,74,13,2,Tottenham Hotspur,Hugo Lloris,Goalkeeper,0,Tottenham Hotspur,Liverpool,5.8,49.2,,,,,,,,,,,6.8,37.1,0.0,,
3bf436d7-e6f5-4314-8eff-e8e89c894a10,Pass,74,16,2,Tottenham Hotspur,Hugo Lloris,Goalkeeper,0,Tottenham Hotspur,Liverpool,6.8,37.1,Jan Vertonghen,,,Ground Pass,Left Foot,10.2,24.4,0.00941056,0.00977745,0.0003668899999999999,,,,,
018d13b5-8b92-4ce0-bfbf-447728bb1cc8,Ball Receipt*,74,17,2,Tottenham Hotspur,Jan Vertonghen,Left Center Back,0,Tottenham Hotspur,Liverpool,10.2,24.4,,,,,,,,,,,,,,,
c8805c7a-e133-4e9f-9085-56e9fba01fe2,Carry,74,17,2,Tottenham Hotspur,Jan Vertonghen,Left Center Back,0,Tottenham Hotspur,Liverpool,10.2,24.4,,,,,,,,,,,15.5,23.6,0.0,,
4932426c-5209-45d9-8b81-dda8ce0fce15,Pass,74,20,2,Tottenham Hotspur,Jan Vertonghen,Left Center Back,0,Tottenham Hotspur,Liverpool,15.5,23.6,Hugo Lloris,,,Ground Pass,Left Foot,9.2,42.0,0.00977745,0.00941056,-0.0003668899999999999,,,,,
d28dfb84-1de5-4648-88df-df33509804a7,Ball Receipt*,74,21,2,Tottenham Hotspur,Hugo Lloris,Goalkeeper,0,Tottenham Hotspur,Liverpool,9.2,42.0,,,,,,,,,,,,,,,
0a371a93-85a9-4c84-b913-2c0d5b8eec33,Carry,74,21,2,Tottenham Hotspur,Hugo Lloris,Goalkeeper,0,Tottenham Hotspur,Liverpool,9.2,42.0,,,,,,,,,,,8.5,38.8,0.0,,
60e93f33-548d-41a9-9c7a-1037c985fcce,Pass,74,23,2,Tottenham Hotspur,Hugo Lloris,Goalkeeper,0,Tottenham Hotspur,Liverpool,8.5,38.8,Danny Rose,,,High Pass,Left Foot,50.2,3.2,0.00941056,0.01248344,0.00307288,,,,,
b60555db-b6b7-450d-b81e-a05249a8a16f,Ball Receipt*,74,27,2,Tottenham Hotspur,Danny Rose,Left Back,0,Tottenham Hotspur,Liverpool,50.2,3.2,,,,,,,,,,,,,,,
63550536-89e0-44e6-91f9-9e67464ace96,Carry,74,27,2,Tottenham Hotspur,Danny Rose,Left Back,0,Tottenham Hotspur,Liverpool,50.2,3.2,,,,,,,,,,,51.2,2.9,0.0,,
73f1c745-e00b-4c3f-803d-f2b7ed94db9a,Miscontrol,74,27,2,Tottenham Hotspur,Danny Rose,Left Back,0,Tottenham Hotspur,Liverpool,51.2,2.9,,,,,,,,,,,,,,,
90d14963-113d-462f-88d8-a6608835048a,Ball Recovery,74,27,2,Liverpool,Jordan Brian Henderson,Right Center Midfield,0,Tottenham Hotspur,Liverpool,69.7,71.7,,,,,,,,,,,,,,,
6af422a6-34dc-4f4c-8ac0-5bd3c28ec095,Pass,74,29,2,Liverpool,Mohamed Salah,Right Wing,0,Tottenham Hotspur,Liverpool,75.7,69.3,Jordan Brian Henderson,Incomplete,Recovery,Low Pass,Left Foot,63.8,63.5,0.01870347,0.01611813,-0.002585339999999998,,,,,
a6bbb444-5923-42de-a7c8-b88e973d02d1,Ball Receipt*,74,30,2,Liverpool,Jordan Brian Henderson,Right Center Midfield,0,Tottenham Hotspur,Liverpool,62.6,73.6,,,,,,,,,,,,,,,
e2da8098-8ccd-4739-9d9b-beb8e16a98e2,Ball Recovery,74,30,2,Tottenham Hotspur,Bamidele Alli,Left Midfield,0,Tottenham Hotspur,Liverpool,56.3,16.6,,,,,,,,,,,,,,,
3d5e2bb3-81f5-4131-a44b-91222549f5ef,Carry,74,30,2,Tottenham Hotspur,Bamidele Alli,Left Midfield,0,Tottenham Hotspur,Liverpool,56.3,16.6,,,,,,,,,,,57.9,17.2,0.0,,
3466f811-3a58-44ce-9f21-f4207a1f3c51,Pass,74,31,2,Tottenham Hotspur,Bamidele Alli,Left Midfield,0,Tottenham Hotspur,Liverpool,57.9,17.2,Lucas Rodrigues Moura da Silva,,,Ground Pass,Right Foot,55.3,27.8,0.0138454,0.01429128,0.0004458799999999992,,,,,
322aaf28-0bfa-4c22-8bb1-295ef7853db9,Ball Receipt*,74,32,2,Tottenham Hotspur,Lucas Rodrigues Moura da Silva,Right Midfield,0,Tottenham Hotspur,Liverpool,55.3,27.8,,,,,,,,,,,,,,,
69d4fe37-83b4-46dd-b004-91c062c69742,Carry,74,32,2,Tottenham Hotspur,Lucas Rodrigues Moura da Silva,Right Midfield,0,Tottenham Hotspur,Liverpool,55.3,27.8,,,,,,,,,,,58.4,33.1,0.0005547,,
c4e7c7de-bc23-4d00-8140-15385d64b93a,Pass,74,33,2,Tottenham Hotspur,Lucas Rodrigues Moura da Silva,Right Midfield,0,Tottenham Hotspur,Liverpool,58.4,33.1,Kieran Trippier,Incomplete,,Ground Pass,Right Foot,72.7,62.0,0.01484598,0.01870347,0.00385749,,,,,
5e3ac68c-f6ca-49c0-a625-f7a877e0bc06,Ball Receipt*,74,35,2,Tottenham Hotspur,Kieran Trippier,Right Back,0,Tottenham Hotspur,Liverpool,63.0,68.8,,,,,,,,,,,,,,,
288fd035-0e50-4701-87fd-2791c87d8c72,Interception,74,35,2,Liverpool,Andrew Robertson,Left Back,0,Tottenham Hotspur,Liverpool,47.4,18.1,,,,,,,,,,,,,,,
8fbd04b0-cd6f-4f4b-a952-2454c8e0f1b9,Carry,74,35,2,Liverpool,Andrew Robertson,Left Back,0,Tottenham Hotspur,Liverpool,47.4,18.1,,,,,,,,,,,83.7,26.0,0.01197521,,
761ce407-3047-4513-a692-57f0986fe74c,Pass,74,39,2,Liverpool,Andrew Robertson,Left Back,0,Tottenham Hotspur,Liverpool,83.7,26.0,Mohamed Salah,,,Low Pass,Left Foot,92.8,60.3,0.0241224,0.02953272,0.00541032,,,,,
d9728446-6151-455a-8d93-67a0399d1ceb,Ball Receipt*,74,41,2,Liverpool,Mohamed Salah,Right Wing,0,Tottenham Hotspur,Liverpool,92.8,60.3,,,,,,,,,,,,,,,
7c1ef147-a2af-4c27-93f5-5197180b4920,Carry,74,41,2,Liverpool,Mohamed Salah,Right Wing,0,Tottenham Hotspur,Liverpool,92.8,60.3,,,,,,,,,,,98.9,54.1,-0.0009806999999999975,,
9cf52832-f7c3-4bf1-a907-112455fd173e,Pass,74,43,2,Liverpool,Mohamed Salah,Right Wing,0,Tottenham Hotspur,Liverpool,98.9,54.1,James Philip Milner,Incomplete,,High Pass,Left Foot,111.2,39.3,0.02855202,0.25745362,0.2289016,,,,,
59f3883e-53b3-45fb-937f-1f37442238c9,Ball Receipt*,74,44,2,Liverpool,James Philip Milner,Left Center Midfield,0,Tottenham Hotspur,Liverpool,107.8,35.5,,,,,,,,,,,,,,,
c2800b30-f7f5-4136-9aa9-7b6f38e53c24,Clearance,74,44,2,Tottenham Hotspur,Toby Alderweireld,Right Center Back,1,Tottenham Hotspur,Liverpool,8.9,40.8,,,,,,,,,,,,,,,
c74fdaef-b10c-4e52-bb71-4cf4ccd8f7b6,Duel,74,46,2,Liverpool,Divock Okoth Origi,Center Forward,1,Tottenham Hotspur,Liverpool,102.0,38.8,,,,,,,,,,,,,,,
4dd15125-1f16-4e99-8da6-bc2ffffb91a9,Clearance,74,46,2,Tottenham Hotspur,Eric Dier,Left Center Midfield,1,Tottenham Hotspur,Liverpool,18.1,41.3,,,,,,,,,,,,,,,
7ea7ec5e-388e-4b20-8ab5-d2359cb92a65,Foul Committed,74,47,2,Liverpool,Divock Okoth Origi,Center Forward,0,Tottenham Hotspur,Liverpool,102.0,38.8,,,,,,,,,,,,,,,
bd51cd7b-1457-4720-bef2-3d1c0747224f,Foul Won,74,47,2,Tottenham Hotspur,Eric Dier,Left Center Midfield,1,Tottenham Hotspur,Liverpool,18.1,41.3,,,,,,,,,,,,,,,
c3dbcf71-e656-4497-b5e0-3c555ef992a0,Ball Recovery,74,48,2,Tottenham Hotspur,Lucas Rodrigues Moura da Silva,Right Midfield,0,Tottenham Hotspur,Liverpool,30.4,47.3,,,,,,,,,,,,,,,
b1ff7e86-b1d0-4a90-85f8-a637ee906349,Carry,74,48,2,Tottenham Hotspur,Lucas Rodrigues Moura da Silva,Right Midfield,1,Tottenham Hotspur,Liverpool,30.4,47.3,,,,,,,,,,,41.3,47.0,0.0013027,,
d3be2870-a3dd-4723-b074-27a5614cd0a4,Pressure,74,49,2,Liverpool,Divock Okoth Origi,Center Forward,0,Tottenham Hotspur,Liverpool,91.8,33.7,,,,,,,,,,,,,,,
da110ffa-0137-4839-8a41-7232e2625762,Pass,74,50,2,Tottenham Hotspur,Lucas Rodrigues Moura da Silva,Right Midfield,1,Tottenham Hotspur,Liverpool,41.3,47.0,Bamidele Alli,,,Ground Pass,Right Foot,42.3,32.3,0.01262646,0.01262646,0.0,,,,,
2e53de69-8d77-48d0-aa2c-83a9a7af14f3,Ball Receipt*,74,51,2,Tottenham Hotspur,Bamidele Alli,Left Midfield,0,Tottenham Hotspur,Liverpool,42.3,32.3,,,,,,,,,,,,,,,
89d5def7-4522-458a-be9d-19fcb9dc5408,Carry,74,51,2,Tottenham Hotspur,Bamidele Alli,Left Midfield,0,Tottenham Hotspur,Liverpool,42.3,32.3,,,,,,,,,,,42.3,32.3,0.0,,
0e3c83eb-340b-4e96-96c2-ca330ef567a9,Pass,74,51,2,Tottenham Hotspur,Bamidele Alli,Left Midfield,0,Tottenham Hotspur,Liverpool,42.3,32.3,Heung-Min Son,,,Ground Pass,Right Foot,62.1,36.0,0.01262646,0.01689528,0.004268819999999998,,,,,
2d0331f2-db9b-44cf-9dd0-4f621370ade7,Ball Receipt*,74,52,2,Tottenham Hotspur,Heung-Min Son,Right Center Forward,0,Tottenham Hotspur,Liverpool,62.1,36.0,,,,,,,,,,,,,,,
5fc26cde-1e1e-4bbf-a25d-739db3067029,Carry,74,52,2,Tottenham Hotspur,Heung-Min Son,Right Center Forward,1,Tottenham Hotspur,Liverpool,62.1,36.0,,,,,,,,,,,108.8,25.4,0.0380161,,
2d6e4b66-2232-4cb1-a45e-b2d191927bc0,Pressure,74,53,2,Liverpool,Virgil van Dijk,Left Center Back,0,Tottenham Hotspur,Liverpool,47.7,47.5,,,,,,,,,,,,,,,
330007ae-2641-44d0-aa1f-dbe86b6c8e8f,Dispossessed,74,57,2,Tottenham Hotspur,Heung-Min Son,Right Center Forward,1,Tottenham Hotspur,Liverpool,108.8,25.4,,,,,,,,,,,,,,,
954b5b01-799b-4909-a03a-4b0fb6c5c644,Duel,74,57,2,Liverpool,Virgil van Dijk,Left Center Back,1,Tottenham Hotspur,Liverpool,11.3,54.7,,,,,,,,,,,,,,,
a6ada7e1-8622-4bcf-b1df-d688c9b10b04,Pass,75,6,2,Tottenham Hotspur,Harry Kane,Left Center Forward,0,Tottenham Hotspur,Liverpool,120.0,0.1,Heung-Min Son,,Corner,Ground Pass,Right Foot,116.3,19.6,0.0379259,0.04647721,0.00855131,,,,,
681a882d-0731-4f00-a7a4-3a12c6eff7a7,Ball Receipt*,75,7,2,Tottenham Hotspur,Heung-Min Son,Right Center Forward,0,Tottenham Hotspur,Liverpool,116.3,19.6,,,,,,,,,,,,,,,
57b5436d-6ef4-4c7c-90a5-5c991e31f3ff,Carry,75,7,2,Tottenham Hotspur,Heung-Min Son,Right Center Forward,1,Tottenham Hotspur,Liverpool,116.3,19.6,,,,,,,,,,,116.5,19.0,0.0,,
8c718af9-2730-4bf7-a679-3ac80ec01a14,Pressure,75,8,2,Liverpool,Joël Andre Job Matip,Right Center Back,0,Tottenham Hotspur,Liverpool,3.8,60.5,,,,,,,,,,,,,,,
e6e83d1b-2078-4314-bfc6-1808622a9c93,Pass,75,8,2,Tottenham Hotspur,Heung-Min Son,Right Center Forward,1,Tottenham Hotspur,Liverpool,116.5,19.0,Christian Dannemann Eriksen,,,Ground Pass,Right Foot,106.6,21.7,0.04647721,0.05491138,0.008434170000000005,,,,,
3644283e-a2f1-4082-97ac-6254c0c9538d,Ball Receipt*,75,9,2,Tottenham Hotspur,Christian Dannemann Eriksen,Right Center Midfield,0,Tottenham Hotspur,Liverpool,106.6,21.7,,,,,,,,,,,,,,,
423cfbc6-db98-4f31-9d12-27ef953a759b,Carry,75,9,2,Tottenham Hotspur,Christian Dannemann Eriksen,Right Center Midfield,0,Tottenham Hotspur,Liverpool,106.6,21.7,,,,,,,,,,,105.9,21.9,0.0,,
08b785fe-fec6-4383-8926-d19060796561,Pass,75,10,2,Tottenham Hotspur,Christian Dannemann Eriksen,Right Center Midfield,0,Tottenham Hotspur,Liverpool,105.9,21.9,Harry Kane,,,Ground Pass,Right Foot,108.3,15.5,0.05491138,0.04066992,-0.01424146,,,,,
0fa872ed-b3b8-46cc-b3b1-60a7dbe92868,Ball Receipt*,75,11,2,Tottenham Hotspur,Harry Kane,Left Center Forward,0,Tottenham Hotspur,Liverpool,108.3,15.5,,,,,,,,,,,,,,,
c1a45b4c-d050-412b-bbaf-55b7c4f7c38d,Carry,75,11,2,Tottenham Hotspur,Harry Kane,Left Center Forward,0,Tottenham Hotspur,Liverpool,108.3,15.5,,,,,,,,,,,111.3,20.5,0.02375603,,
110835cf-7267-4320-8e8a-4d2dda62e467,Pass,75,14,2,Tottenham Hotspur,Harry Kane,Left Center Forward,0,Tottenham Hotspur,Liverpool,111.3,20.5,Bamidele Alli,Incomplete,,Low Pass,Left Foot,111.8,33.8,0.06442595,0.25745362,0.19302767,,,,,
eb197ac0-63e8-4a8d-89f9-a217c89d3675,Ball Receipt*,75,15,2,Tottenham Hotspur,Bamidele Alli,Left Midfield,0,Tottenham Hotspur,Liverpool,112.7,41.5,,,,,,,,,,,,,,,
d1e1936f-cc56-4e71-a8cb-9c4d6d5aa362,Clearance,75,15,2,Liverpool,James Philip Milner,Left Center Midfield,1,Tottenham Hotspur,Liverpool,8.3,46.3,,,,,,,,,,,,,,,
ae6bce34-3e20-4e74-b091-eb3e1610e44d,Ball Recovery,75,15,2,Tottenham Hotspur,Harry Kane,Left Center Forward,0,Tottenham Hotspur,Liverpool,112.9,16.9,,,,,,,,,,,,,,,
66f3ada7-62a4-44d6-9586-7d930a0cbc3f,Carry,75,15,2,Tottenham Hotspur,Harry Kane,Left Center Forward,0,Tottenham Hotspur,Liverpool,112.9,16.9,,,,,,,,,,,112.9,20.0,0.01794874,,
7badd5b7-5fca-472a-bd89-672f608e2460,Pass,75,17,2,Tottenham Hotspur,Harry Kane,Left Center Forward,0,Tottenham Hotspur,Liverpool,112.9,20.0,,Incomplete,,High Pass,Right Foot,114.4,43.5,0.06442595,0.25745362,0.19302767,,,,,
ca590086-847b-49c4-8ac4-6275df31f130,Pressure,75,17,2,Liverpool,Trent Alexander-Arnold,Right Back,0,Tottenham Hotspur,Liverpool,6.7,53.5,,,,,,,,,,,,,,,
2b90777f-9500-48ca-be16-7a5e13cc620b,Clearance,75,19,2,Liverpool,Virgil van Dijk,Left Center Back,1,Tottenham Hotspur,Liverpool,5.7,36.6,,,,,,,,,,,,,,,
41fd5379-f977-4ae0-81b3-bfa682352586,Clearance,75,21,2,Liverpool,Sadio Mané,Left Wing,1,Tottenham Hotspur,Liverpool,15.4,21.9,,,,,,,,,,,,,,,
41115489-90c1-46a8-9765-9a84a9e4e332,Ball Recovery,75,23,2,Tottenham Hotspur,Kieran Trippier,Right Back,0,Tottenham Hotspur,Liverpool,91.4,73.9,,,,,,,,,,,,,,,
a925b615-39b4-497d-bf22-054deea3f277,Carry,75,23,2,Tottenham Hotspur,Kieran Trippier,Right Back,0,Tottenham Hotspur,Liverpool,91.4,73.9,,,,,,,,,,,89.1,70.9,-0.00634183,,
cdfb1d1b-9217-4ec2-b096-c7be177c21cb,Pass,75,23,2,Tottenham Hotspur,Kieran Trippier,Right Back,0,Tottenham Hotspur,Liverpool,89.1,70.9,Toby Alderweireld,,,Ground Pass,Right Foot,79.1,61.5,0.02122129,0.01870347,-0.00251782,,,,,
7fad6fce-ecaf-4401-95e1-0b7973e58b10,Ball Receipt*,75,25,2,Tottenham Hotspur,Toby Alderweireld,Right Center Back,0,Tottenham Hotspur,Liverpool,79.1,61.5,,,,,,,,,,,,,,,
acbcb30a-f6f9-4299-b334-6c87308468f0,Carry,75,25,2,Tottenham Hotspur,Toby Alderweireld,Right Center Back,1,Tottenham Hotspur,Liverpool,79.1,61.5,,,,,,,,,,,79.9,61.8,0.0,,
3e0984f9-a98f-4e69-ad42-f185c2f792b1,Pressure,75,26,2,Liverpool,Divock Okoth Origi,Center Forward,0,Tottenham Hotspur,Liverpool,34.7,20.5,,,,,,,,,,,,,,,
34c1af3a-aed0-476c-85c0-4789490a6996,Pass,75,26,2,Tottenham Hotspur,Toby Alderweireld,Right Center Back,1,Tottenham Hotspur,Liverpool,79.9,61.8,Heung-Min Son,,,High Pass,Right Foot,110.0,21.5,0.01870347,0.06442595,0.04572248,,,,,
c40fe15e-b262-49c5-aba1-d845651b5222,Ball Receipt*,75,30,2,Tottenham Hotspur,Heung-Min Son,Right Center Forward,0,Tottenham Hotspur,Liverpool,110.0,21.5,,,,,,,,,,,,,,,
98ce5c56-1ace-4cd0-9f6e-b2216bac941e,Carry,75,30,2,Tottenham Hotspur,Heung-Min Son,Right Center Forward,0,Tottenham Hotspur,Liverpool,110.0,21.5,,,,,,,,,,,110.0,21.5,0.0,,
5f9542d8-4c95-408a-b2e8-49219568588c,Foul Committed,75,30,2,Tottenham Hotspur,Heung-Min Son,Right Center Forward,0,Tottenham Hotspur,Liverpool,110.0,21.5,,,,,,,,,,,,,,,
dae541bb-f762-4cb2-8691-cc7e4de81a93,Pass,75,58,2,Liverpool,Alisson Ramsés Becker,Goalkeeper,0,Tottenham Hotspur,Liverpool,8.9,57.6,Andrew Robertson,,Free Kick,High Pass,Right Foot,43.1,8.0,0.0088799,0.01126267,0.002382770000000001,,,,,
10f09298-ac08-4dd7-aa20-ffd80a17d007,Ball Receipt*,76,0,2,Liverpool,Andrew Robertson,Left Back,0,Tottenham Hotspur,Liverpool,43.1,8.0,,,,,,,,,,,,,,,
ab7bb2f6-64c4-40f7-b7f5-0dadfbe3171e,Pass,76,0,2,Liverpool,Andrew Robertson,Left Back,0,Tottenham Hotspur,Liverpool,49.2,5.1,Sadio Mané,,,Ground Pass,Left Foot,63.6,13.5,0.01126267,0.01611813,0.004855460000000001,,,,,
16c896b7-3ee0-41f4-b0f8-b8f5974e3db8,Ball Receipt*,76,1,2,Liverpool,Sadio Mané,Left Wing,0,Tottenham Hotspur,Liverpool,63.6,13.5,,,,,,,,,,,,,,,
6f0a6b5e-1ba6-462e-b120-232acddfa0a4,Carry,76,1,2,Liverpool,Sadio Mané,Left Wing,0,Tottenham Hotspur,Liverpool,63.6,13.5,,,,,,,,,,,63.6,13.5,0.0,,
8b2fd7bd-d232-4f0d-9e15-675edd17af28,Miscontrol,76,2,2,Liverpool,Sadio Mané,Left Wing,0,Tottenham Hotspur,Liverpool,63.6,13.5,,,,,,,,,,,,,,,
3d85c29e-8068-4cd1-886f-189a55474cfe,Pass,76,2,2,Tottenham Hotspur,Kieran Trippier,Right Back,0,Tottenham Hotspur,Liverpool,49.3,67.8,Eric Dier,,Recovery,Ground Pass,Right Foot,50.4,60.3,0.01214719,0.0138454,0.00169821,,,,,
9906e2fc-47b4-4931-bb85-9587a45bda68,Pressure,76,2,2,Liverpool,Sadio Mané,Left Wing,0,Tottenham Hotspur,Liverpool,68.4,14.2,,,,,,,,,,,,,,,
02bdbf1b-dcac-414b-9778-821c02e09b85,Pressure,76,4,2,Liverpool,Divock Okoth Origi,Center Forward,0,Tottenham Hotspur,Liverpool,66.3,22.5,,,,,,,,,,,,,,,
11787bd3-193d-47ca-a928-081d8efce950,Ball Receipt*,76,4,2,Tottenham Hotspur,Eric Dier,Left Center Midfield,0,Tottenham Hotspur,Liverpool,50.4,60.3,,,,,,,,,,,,,,,
3ece0613-09cd-426a-a2de-62cfe8688068,Carry,76,4,2,Tottenham Hotspur,Eric Dier,Left Center Midfield,0,Tottenham Hotspur,Liverpool,50.4,60.3,,,,,,,,,,,50.5,61.0,0.0,,
f78c6cd1-f71d-4815-b164-faafa8d5c86e,Pass,76,4,2,Tottenham Hotspur,Eric Dier,Left Center Midfield,0,Tottenham Hotspur,Liverpool,50.5,61.0,Jan Vertonghen,,,Ground Pass,Left Foot,42.7,38.3,0.0138454,0.01262646,-0.00121894,,,,,
09702ca7-e3c6-4ff5-a7a2-ec9785a4f3c2,Ball Receipt*,76,5,2,Tottenham Hotspur,Jan Vertonghen,Left Center Back,0,Tottenham Hotspur,Liverpool,42.7,38.3,,,,,,,,,,,,,,,
3067aaf2-6ccd-44b0-b348-43cd10d55436,Carry,76,5,2,Tottenham Hotspur,Jan Vertonghen,Left Center Back,0,Tottenham Hotspur,Liverpool,42.7,38.3,,,,,,,,,,,44.6,34.8,0.0,,
5ace8738-f60f-45f7-adbb-73ab68c7845c,Pass,76,7,2,Tottenham Hotspur,Jan Vertonghen,Left Center Back,0,Tottenham Hotspur,Liverpool,44.6,34.8,Christian Dannemann Eriksen,,,Ground Pass,Left Foot,53.4,40.5,0.01262646,0.01484598,0.002219519999999999,,,,,
19a20d23-26ab-45c8-9bf9-ba5f53a5750e,Ball Receipt*,76,8,2,Tottenham Hotspur,Christian Dannemann Eriksen,Right Center Midfield,0,Tottenham Hotspur,Liverpool,53.4,40.5,,,,,,,,,,,,,,,
294de525-7115-46e4-8bb5-5ecda1013599,Carry,76,8,2,Tottenham Hotspur,Christian Dannemann Eriksen,Right Center Midfield,1,Tottenham Hotspur,Liverpool,53.4,40.5,,,,,,,,,,,63.9,23.7,0.00200998,,
bc94d7a8-0671-4f07-b618-b83c08baebc8,Pressure,76,12,2,Liverpool,Jordan Brian Henderson,Right Center Midfield,0,Tottenham Hotspur,Liverpool,52.0,57.6,,,,,,,,,,,,,,,
ef54152b-c8f4-4171-ad0c-bfb57b82d3fb,Pass,76,13,2,Tottenham Hotspur,Christian Dannemann Eriksen,Right Center Midfield,1,Tottenham Hotspur,Liverpool,63.9,23.7,Kieran Trippier,Incomplete,,High Pass,Right Foot,92.2,57.6,0.01685596,0.02855202,0.01169606,,,,,
b5a7235b-2e9f-4f73-98da-366487b8a67b,Ball Receipt*,76,15,2,Tottenham Hotspur,Kieran Trippier,Right Back,0,Tottenham Hotspur,Liverpool,91.9,66.8,,,,,,,,,,,,,,,
a84d2c4c-e618-4f4c-9bf0-5b5a1823f27d,Pass,76,15,2,Liverpool,Andrew Robertson,Left Back,0,Tottenham Hotspur,Liverpool,27.9,22.5,Fábio Henrique Tavares,,Interception,High Pass,Head,40.7,33.0,0.01001304,0.01262646,0.00261342,,,,,
d3e8c9f3-6539-455c-aba9-54ccb1abf853,Ball Receipt*,76,17,2,Liverpool,Fábio Henrique Tavares,Center Defensive Midfield,0,Tottenham Hotspur,Liverpool,40.7,33.0,,,,,,,,,,,,,,,
5444f176-3646-4585-9649-81efeabece94,Duel,76,17,2,Tottenham Hotspur,Heung-Min Son,Right Center Forward,1,Tottenham Hotspur,Liverpool,79.4,47.1,,,,,,,,,,,,,,,
118f5217-8511-4883-ab43-365bc36d783d,Pass,76,17,2,Liverpool,Fábio Henrique Tavares,Center Defensive Midfield,1,Tottenham Hotspur,Liverpool,40.7,33.0,Sadio Mané,,,High Pass,,50.9,21.2,0.01262646,0.01429128,0.001664819999999999,,,,,
68378dcf-4bcf-4fc6-83f2-514a28ab2922,Ball Receipt*,76,19,2,Liverpool,Sadio Mané,Left Wing,0,Tottenham Hotspur,Liverpool,50.9,21.2,,,,,,,,,,,,,,,
fb051c2c-f8ba-4102-ade3-7cf0b894c8a3,Carry,76,19,2,Liverpool,Sadio Mané,Left Wing,0,Tottenham Hotspur,Liverpool,50.9,21.2,,,,,,,,,,,48.0,16.1,-0.00214409,,
ea68d6e2-9d93-4dae-957f-4d0d91981315,Pass,76,21,2,Liverpool,Sadio Mané,Left Wing,0,Tottenham Hotspur,Liverpool,48.0,16.1,Andrew Robertson,,,Ground Pass,Right Foot,36.4,13.0,0.01214719,0.0105949,-0.00155229,,,,,
fa0dcb2d-24b5-49cc-877f-c3aef7471ee2,Ball Receipt*,76,23,2,Liverpool,Andrew Robertson,Left Back,0,Tottenham Hotspur,Liverpool,36.4,13.0,,,,,,,,,,,,,,,
e166c031-f9f7-425d-8cfe-721ac90b30e7,Carry,76,23,2,Liverpool,Andrew Robertson,Left Back,0,Tottenham Hotspur,Liverpool,36.4,13.0,,,,,,,,,,,42.9,7.3,0.0006677699999999998,,
30f78fe6-5094-4e91-a247-56fef53f72e9,Pass,76,25,2,Liverpool,Andrew Robertson,Left Back,0,Tottenham Hotspur,Liverpool,42.9,7.3,Mohamed Salah,Incomplete,,High Pass,Left Foot,109.4,31.9,0.01126267,0.10805102,0.09678835,,,,,
c8d60139-1e38-4a86-9485-c356479fc860,Ball Receipt*,76,30,2,Liverpool,Mohamed Salah,Right Wing,0,Tottenham Hotspur,Liverpool,85.8,24.3,,,,,,,,,,,,,,,
513bbda1-384e-4488-8a20-bb265525acc6,Ball Recovery,76,30,2,Tottenham Hotspur,Hugo Lloris,Goalkeeper,0,Tottenham Hotspur,Liverpool,10.7,48.2,,,,,,,,,,,,,,,
f794f54e-a177-4774-a3ab-3365d2605b1f,Carry,76,30,2,Tottenham Hotspur,Hugo Lloris,Goalkeeper,0,Tottenham Hotspur,Liverpool,10.7,48.2,,,,,,,,,,,14.3,55.2,-0.00104977,,
94871bc5-dfd8-4eeb-a399-9922f0785531,Pass,76,31,2,Tottenham Hotspur,Hugo Lloris,Goalkeeper,0,Tottenham Hotspur,Liverpool,14.3,55.2,Kieran Trippier,,,Low Pass,Keeper Arm,43.5,75.7,0.00977745,0.01126267,0.001485220000000001,,,,,
5fe0a712-1554-4af5-bbdc-e3e5a9085f4e,Ball Receipt*,76,33,2,Tottenham Hotspur,Kieran Trippier,Right Back,0,Tottenham Hotspur,Liverpool,43.5,75.7,,,,,,,,,,,,,,,
3841d45c-2b94-4bdb-9ad8-2bd7f1e2af4d,Carry,76,33,2,Tottenham Hotspur,Kieran Trippier,Right Back,0,Tottenham Hotspur,Liverpool,43.5,75.7,,,,,,,,,,,47.5,75.0,0.0,,
1fbfacda-fe38-4257-be54-1787711adfc1,Pass,76,33,2,Tottenham Hotspur,Kieran Trippier,Right Back,0,Tottenham Hotspur,Liverpool,47.5,75.0,Eric Dier,,,Low Pass,Right Foot,49.3,65.4,0.01126267,0.01214719,0.0008845199999999998,,,,,
8d895771-348a-4dfd-8f20-0d9038d63ea0,Ball Receipt*,76,35,2,Tottenham Hotspur,Eric Dier,Left Center Midfield,0,Tottenham Hotspur,Liverpool,49.3,65.4,,,,,,,,,,,,,,,
da9fa8d5-e93f-4692-8e06-7844bedccd63,Carry,76,35,2,Tottenham Hotspur,Eric Dier,Left Center Midfield,0,Tottenham Hotspur,Liverpool,49.3,65.4,,,,,,,,,,,54.6,66.1,0.00169821,,
6c8256a3-1744-410e-8681-610ab633357f,Pass,76,36,2,Tottenham Hotspur,Eric Dier,Left Center Midfield,0,Tottenham Hotspur,Liverpool,54.6,66.1,Bamidele Alli,Incomplete,,High Pass,Right Foot,105.2,37.2,0.0138454,0.10805102,0.09420561999999999,,,,,
1ef15aca-b218-4ba0-aa62-a344b9478e65,Ball Receipt*,76,40,2,Tottenham Hotspur,Bamidele Alli,Left Midfield,0,Tottenham Hotspur,Liverpool,98.0,31.6,,,,,,,,,,,,,,,
7a572757-435c-4500-b799-6b365c7d5a15,Goal Keeper,76,40,2,Liverpool,Alisson Ramsés Becker,Goalkeeper,0,Tottenham Hotspur,Liverpool,14.9,42.9,,,,,,,,,,,,,,,
97aba62c-ddba-49cc-ae44-b6d6898a9ce4,Carry,76,40,2,Liverpool,Alisson Ramsés Becker,Goalkeeper,0,Tottenham Hotspur,Liverpool,14.9,42.9,,,,,,,,,,,13.0,52.4,-0.00104977,,
43915a35-8bc2-449f-879d-2103cac17a95,Pass,76,41,2,Liverpool,Alisson Ramsés Becker,Goalkeeper,0,Tottenham Hotspur,Liverpool,13.0,52.4,James Philip Milner,,,Ground Pass,Keeper Arm,33.9,59.1,0.00977745,0.01110462,0.001327170000000001,,,,,
c04fa2cc-01b5-4099-bdec-a7d85a81b06f,Ball Receipt*,76,42,2,Liverpool,James Philip Milner,Left Center Midfield,0,Tottenham Hotspur,Liverpool,33.9,59.1,,,,,,,,,,,,,,,
052fcf22-38d9-4758-8bf6-5d36c269b5c9,Carry,76,42,2,Liverpool,James Philip Milner,Left Center Midfield,0,Tottenham Hotspur,Liverpool,33.9,59.1,,,,,,,,,,,56.4,76.2,0.001378819999999999,,
4ffe803b-7823-459d-8996-50be04689121,Pass,76,49,2,Liverpool,James Philip Milner,Left Center Midfield,0,Tottenham Hotspur,Liverpool,56.4,76.2,Trent Alexander-Arnold,,,Ground Pass,Right Foot,64.1,77.7,0.01248344,0.01473596,0.002252519999999999,,,,,
65a4793e-06ad-4804-9c6f-dde691c246ff,Ball Receipt*,76,49,2,Liverpool,Trent Alexander-Arnold,Right Back,0,Tottenham Hotspur,Liverpool,64.1,77.7,,,,,,,,,,,,,,,
d82041a2-b9e4-4db8-858b-55ee2f438af0,Carry,76,49,2,Liverpool,Trent Alexander-Arnold,Right Back,0,Tottenham Hotspur,Liverpool,64.1,77.7,,,,,,,,,,,63.2,77.9,0.0,,
2a0036c0-5079-4842-ade8-3bdd8cc869fb,Pass,76,51,2,Liverpool,Trent Alexander-Arnold,Right Back,0,Tottenham Hotspur,Liverpool,63.2,77.9,Jordan Brian Henderson,Incomplete,,High Pass,Right Foot,65.6,77.5,0.01473596,0.01473596,0.0,,,,,
f3e0fbde-476a-4226-8c5e-4654fc6b74a7,Ball Receipt*,76,52,2,Liverpool,Jordan Brian Henderson,Right Center Midfield,0,Tottenham Hotspur,Liverpool,74.9,73.8,,,,,,,,,,,,,,,
1f73838f-fc2d-4fe4-9f77-25f27a4f6573,Block,76,52,2,Tottenham Hotspur,Danny Rose,Left Back,0,Tottenham Hotspur,Liverpool,54.5,2.6,,,,,,,,,,,,,,,
f1f0c8f6-5569-4bc1-916c-f5b83ecb3ccf,Pass,77,13,2,Liverpool,Trent Alexander-Arnold,Right Back,0,Tottenham Hotspur,Liverpool,69.7,80.0,Mohamed Salah,Incomplete,Throw-in,High Pass,,101.0,74.6,0.01473596,0.03485072,0.02011476,,,,,
e789fb68-451b-4ee2-9e2c-96f6ca48c847,Ball Receipt*,77,15,2,Liverpool,Mohamed Salah,Right Wing,0,Tottenham Hotspur,Liverpool,98.6,74.5,,,,,,,,,,,,,,,
e55906b9-03f0-405b-9d99-10dca83dc34c,Clearance,77,15,2,Tottenham Hotspur,Jan Vertonghen,Left Center Back,1,Tottenham Hotspur,Liverpool,19.1,5.5,,,,,,,,,,,,,,,
f1c481c9-04f5-4daa-adee-ea5161b6de98,Pass,77,16,2,Tottenham Hotspur,Danny Rose,Left Back,0,Tottenham Hotspur,Liverpool,22.7,4.9,Toby Alderweireld,,Recovery,High Pass,Right Foot,16.9,27.7,0.00844854,0.00977745,0.001328910000000001,,,,,
c5204ff3-6972-4b07-898f-d10dd5654b39,Ball Receipt*,77,19,2,Tottenham Hotspur,Toby Alderweireld,Right Center Back,0,Tottenham Hotspur,Liverpool,16.9,27.7,,,,,,,,,,,,,,,
4cc68fee-9472-41ec-b0e8-d57248a73821,Carry,77,19,2,Tottenham Hotspur,Toby Alderweireld,Right Center Back,0,Tottenham Hotspur,Liverpool,16.9,27.7,,,,,,,,,,,28.2,49.2,0.0003880399999999992,,
034662a6-310f-4fc1-b6a0-df9d075e7aee,Pass,77,23,2,Tottenham Hotspur,Toby Alderweireld,Right Center Back,0,Tottenham Hotspur,Liverpool,28.2,49.2,Eric Dier,,,Ground Pass,Right Foot,31.1,36.7,0.01016549,0.01132376,0.001158270000000001,,,,,
22cf16bf-06e7-4b95-9598-decfc211cdc3,Ball Receipt*,77,24,2,Tottenham Hotspur,Eric Dier,Left Center Midfield,0,Tottenham Hotspur,Liverpool,31.1,36.7,,,,,,,,,,,,,,,
378c70c0-5549-4c23-96a2-b94bbebec778,Carry,77,24,2,Tottenham Hotspur,Eric Dier,Left Center Midfield,0,Tottenham Hotspur,Liverpool,31.1,36.7,,,,,,,,,,,57.9,34.8,0.00352222,,
6093aa2f-0086-4879-a610-1caa318c20b9,Pass,77,28,2,Tottenham Hotspur,Eric Dier,Left Center Midfield,0,Tottenham Hotspur,Liverpool,57.9,34.8,Bamidele Alli,,,Ground Pass,Right Foot,66.6,7.7,0.01484598,0.01473596,-0.0001100200000000006,,,,,
0a9fd306-af33-4cff-bdcb-38aa6e5fa143,Ball Receipt*,77,31,2,Tottenham Hotspur,Bamidele Alli,Left Midfield,0,Tottenham Hotspur,Liverpool,66.6,7.7,,,,,,,,,,,,,,,
f8e02a4b-3242-4073-8bea-f36bf1919c66,Carry,77,31,2,Tottenham Hotspur,Bamidele Alli,Left Midfield,1,Tottenham Hotspur,Liverpool,66.6,7.7,,,,,,,,,,,64.9,21.0,0.00212,,
cc53a48e-890c-4195-a6e8-53042c66d916,Pressure,77,33,2,Liverpool,James Philip Milner,Left Center Midfield,0,Tottenham Hotspur,Liverpool,49.4,62.2,,,,,,,,,,,,,,,
1e8c61b3-a800-4947-b221-bd9b1fc521c2,Pass,77,33,2,Tottenham Hotspur,Bamidele Alli,Left Midfield,1,Tottenham Hotspur,Liverpool,64.9,21.0,Eric Dier,,,Ground Pass,Right Foot,70.0,30.2,0.01685596,0.0199707,0.003114740000000001,,,,,
a7913a3e-870c-4f0c-8d7d-8a25a6d3b245,Ball Receipt*,77,34,2,Tottenham Hotspur,Eric Dier,Left Center Midfield,0,Tottenham Hotspur,Liverpool,70.0,30.2,,,,,,,,,,,,,,,
6ffd90d0-d175-41a5-977f-113b40bf9e24,Pass,77,34,2,Tottenham Hotspur,Eric Dier,Left Center Midfield,0,Tottenham Hotspur,Liverpool,70.0,30.2,Christian Dannemann Eriksen,,,Ground Pass,Right Foot,63.5,21.7,0.0199707,0.01685596,-0.003114740000000001,,,,,
9a49cf46-c541-4de3-bdfb-e9aceb486df4,Ball Receipt*,77,36,2,Tottenham Hotspur,Christian Dannemann Eriksen,Right Center Midfield,0,Tottenham Hotspur,Liverpool,63.5,21.7,,,,,,,,,,,,,,,
e37be37d-9557-402d-a20a-6017490f56a0,Carry,77,36,2,Tottenham Hotspur,Christian Dannemann Eriksen,Right Center Midfield,0,Tottenham Hotspur,Liverpool,63.5,21.7,,,,,,,,,,,63.0,21.7,0.0,,
9b3cfe13-b473-4366-875c-29b61dabc64a,Pass,77,36,2,Tottenham Hotspur,Christian Dannemann Eriksen,Right Center Midfield,0,Tottenham Hotspur,Liverpool,63.0,21.7,Danny Rose,,,Ground Pass,Right Foot,78.4,3.6,0.01685596,0.0174506,0.0005946400000000004,,,,,
61c61e76-80c3-4bfd-ae40-a82af8ef34ba,Ball Receipt*,77,38,2,Tottenham Hotspur,Danny Rose,Left Back,0,Tottenham Hotspur,Liverpool,78.4,3.6,,,,,,,,,,,,,,,
13cda013-9da1-407e-99a3-fbf0a5d51281,Carry,77,38,2,Tottenham Hotspur,Danny Rose,Left Back,0,Tottenham Hotspur,Liverpool,78.4,3.6,,,,,,,,,,,80.1,9.0,0.00377069,,
410edb47-3f8e-4b00-8303-2df398031bbf,Pass,77,41,2,Tottenham Hotspur,Danny Rose,Left Back,0,Tottenham Hotspur,Liverpool,80.1,9.0,Christian Dannemann Eriksen,,,Ground Pass,Left Foot,69.0,13.1,0.02122129,0.01611813,-0.005103159999999999,,,,,
3d4887db-fa98-452e-8035-405176225924,Ball Receipt*,77,43,2,Tottenham Hotspur,Christian Dannemann Eriksen,Right Center Midfield,0,Tottenham Hotspur,Liverpool,69.0,13.1,,,,,,,,,,,,,,,
bf7142f3-02d2-4847-a078-eb66cc988ac9,Carry,77,43,2,Tottenham Hotspur,Christian Dannemann Eriksen,Right Center Midfield,0,Tottenham Hotspur,Liverpool,69.0,13.1,,,,,,,,,,,68.8,20.7,0.0007378299999999983,,
054f816d-028a-4e1c-a8c4-d4ce7faf57eb,Pass,77,45,2,Tottenham Hotspur,Christian Dannemann Eriksen,Right Center Midfield,0,Tottenham Hotspur,Liverpool,68.8,20.7,Toby Alderweireld,,,Ground Pass,Right Foot,65.1,49.5,0.01685596,0.01689528,3.931999999999894e-05,,,,,
050e06ff-d4e6-4776-ac22-5d4b11716af6,Ball Receipt*,77,47,2,Tottenham Hotspur,Toby Alderweireld,Right Center Back,0,Tottenham Hotspur,Liverpool,65.1,49.5,,,,,,,,,,,,,,,
23e2095d-64a6-47e9-a8aa-bb1ee97fa373,Carry,77,47,2,Tottenham Hotspur,Toby Alderweireld,Right Center Back,0,Tottenham Hotspur,Liverpool,65.1,49.5,,,,,,,,,,,57.0,47.6,-0.002049299999999999,,
836ad333-c906-4fe0-8521-d3d0edd2125e,Pass,77,48,2,Tottenham Hotspur,Toby Alderweireld,Right Center Back,0,Tottenham Hotspur,Liverpool,57.0,47.6,Hugo Lloris,,,Ground Pass,Right Foot,24.6,39.3,0.01484598,0.01016549,-0.004680490000000001,,,,,
d0b03154-2a97-4f99-9661-764c362ede53,Ball Receipt*,77,52,2,Tottenham Hotspur,Hugo Lloris,Goalkeeper,0,Tottenham Hotspur,Liverpool,24.6,39.3,,,,,,,,,,,,,,,
f88d3fc0-eee2-4856-bd43-0904f3e33b28,Carry,77,52,2,Tottenham Hotspur,Hugo Lloris,Goalkeeper,0,Tottenham Hotspur,Liverpool,24.6,39.3,,,,,,,,,,,23.9,34.3,0.0,,
24ced126-95cb-43f8-b486-4dc7333c717c,Pass,77,53,2,Tottenham Hotspur,Hugo Lloris,Goalkeeper,0,Tottenham Hotspur,Liverpool,23.9,34.3,Jan Vertonghen,,,Ground Pass,Left Foot,33.3,19.8,0.01016549,0.0105949,0.0004294100000000016,,,,,
2919a9f2-2b5f-4c87-8a05-8f062ee72222,Ball Receipt*,77,54,2,Tottenham Hotspur,Jan Vertonghen,Left Center Back,0,Tottenham Hotspur,Liverpool,33.3,19.8,,,,,,,,,,,,,,,
99c629d6-a4dd-4957-bb1a-bfe3a5804731,Carry,77,54,2,Tottenham Hotspur,Jan Vertonghen,Left Center Back,0,Tottenham Hotspur,Liverpool,33.3,19.8,,,,,,,,,,,47.8,14.3,0.00155229,,
655e0458-ba07-43fb-a1bd-9176f6e0e879,Pass,77,59,2,Tottenham Hotspur,Jan Vertonghen,Left Center Back,0,Tottenham Hotspur,Liverpool,47.8,14.3,Eric Dier,,,Ground Pass,Left Foot,56.0,36.7,0.01214719,0.01484598,0.00269879,,,,,
a56d781b-9c30-40a7-9ec7-68b61383ccf9,Tactical Shift,77,59,2,Liverpool,,,0,Tottenham Hotspur,Liverpool,,,,,,,,,,,,,,,,,
7b23ab34-a6d5-4227-866d-a78a8880cf1f,Ball Receipt*,78,0,2,Tottenham Hotspur,Eric Dier,Left Center Midfield,0,Tottenham Hotspur,Liverpool,56.0,36.7,,,,,,,,,,,,,,,
89ddc2be-757a-46c9-b920-9af4d9c212f6,Carry,78,0,2,Tottenham Hotspur,Eric Dier,Left Center Midfield,1,Tottenham Hotspur,Liverpool,56.0,36.7,,,,,,,,,,,57.9,33.1,0.0,,
0c7101a7-640e-4dec-a7e4-06128b99e68b,Pressure,78,1,2,Liverpool,Fábio Henrique Tavares,Center Defensive Midfield,0,Tottenham Hotspur,Liverpool,57.6,45.4,,,,,,,,,,,,,,,
4c30f326-019a-4aac-a613-4d74c1c6e33a,Pass,78,2,2,Tottenham Hotspur,Eric Dier,Left Center Midfield,1,Tottenham Hotspur,Liverpool,57.9,33.1,Jan Vertonghen,,,Ground Pass,Right Foot,57.7,8.7,0.01484598,0.01248344,-0.00236254,,,,,
bd810b5d-3ecb-45cd-95f9-7e220f4077e0,Ball Receipt*,78,5,2,Tottenham Hotspur,Jan Vertonghen,Left Center Back,0,Tottenham Hotspur,Liverpool,57.7,8.7,,,,,,,,,,,,,,,
9881656e-45ae-48c4-99d7-de999f0627b1,Carry,78,5,2,Tottenham Hotspur,Jan Vertonghen,Left Center Back,0,Tottenham Hotspur,Liverpool,57.7,8.7,,,,,,,,,,,56.7,7.5,0.0,,
77fed917-09bc-4dc6-af90-10ed040e6673,Pass,78,6,2,Tottenham Hotspur,Jan Vertonghen,Left Center Back,0,Tottenham Hotspur,Liverpool,56.7,7.5,Bamidele Alli,,,Ground Pass,Left Foot,76.5,10.8,0.01248344,0.01870347,0.00622003,,,,,
d8918a3a-0b75-4751-924f-7c299e5fe3f9,Ball Receipt*,78,6,2,Tottenham Hotspur,Bamidele Alli,Left Midfield,0,Tottenham Hotspur,Liverpool,76.5,10.8,,,,,,,,,,,,,,,
eb0bb542-145a-4419-a34c-faedac3af624,Pass,78,6,2,Tottenham Hotspur,Bamidele Alli,Left Midfield,0,Tottenham Hotspur,Liverpool,76.5,10.8,Danny Rose,,,Ground Pass,Right Foot,76.8,3.9,0.01870347,0.0174506,-0.00125287,,,,,
8cdbfda0-d46a-4308-b742-4e38bb8c7cf4,Ball Receipt*,78,7,2,Tottenham Hotspur,Danny Rose,Left Back,0,Tottenham Hotspur,Liverpool,76.8,3.9,,,,,,,,,,,,,,,
47b8e0ec-f14d-4c5e-bc71-8c0d994a9c5e,Carry,78,7,2,Tottenham Hotspur,Danny Rose,Left Back,1,Tottenham Hotspur,Liverpool,76.8,3.9,,,,,,,,,,,84.5,4.4,0.00377069,,
c7234bb3-f685-4c58-af06-b15d60e770c8,Pressure,78,9,2,Liverpool,James Philip Milner,Right Midfield,0,Tottenham Hotspur,Liverpool,43.1,71.1,,,,,,,,,,,,,,,
a9714b0a-b1ef-43fa-b25e-998fbeb32495,Pass,78,10,2,Tottenham Hotspur,Danny Rose,Left Back,1,Tottenham Hotspur,Liverpool,84.5,4.4,Harry Kane,,,Ground Pass,Left Foot,90.8,10.2,0.02122129,0.02953272,0.008311429999999998,,,,,
014e73f7-c7d5-4d08-a2fc-c3c60b1c13c0,Pressure,78,11,2,Liverpool,Joël Andre Job Matip,Right Center Back,0,Tottenham Hotspur,Liverpool,29.3,69.7,,,,,,,,,,,,,,,
bf677c83-2e5e-4768-b3b7-26be353d9749,Ball Receipt*,78,11,2,Tottenham Hotspur,Harry Kane,Left Center Forward,1,Tottenham Hotspur,Liverpool,90.8,10.2,,,,,,,,,,,,,,,
e1475953-12e1-4adc-88fe-1958634c6892,Carry,78,11,2,Tottenham Hotspur,Harry Kane,Left Center Forward,1,Tottenham Hotspur,Liverpool,90.8,10.2,,,,,,,,,,,76.8,11.8,-0.01082925,,
7b035d11-551d-4559-bd4b-a2e9dc98eedc,Pressure,78,14,2,Liverpool,Divock Okoth Origi,Left Center Midfield,0,Tottenham Hotspur,Liverpool,45.3,66.3,,,,,,,,,,,,,,,
8bed03bf-2bee-4a18-9acb-5932dcba1e39,Pass,78,14,2,Tottenham Hotspur,Harry Kane,Left Center Forward,1,Tottenham Hotspur,Liverpool,76.8,11.8,Kieran Trippier,,,High Pass,Right Foot,109.8,68.5,0.01870347,0.04066992,0.02196645,,,,,
6e8f0c07-98d5-435e-b885-b31024526918,Ball Receipt*,78,17,2,Tottenham Hotspur,Kieran Trippier,Right Back,0,Tottenham Hotspur,Liverpool,109.8,68.5,,,,,,,,,,,,,,,
d8267cf8-ccfb-425f-807e-73cde7a8a217,Carry,78,17,2,Tottenham Hotspur,Kieran Trippier,Right Back,1,Tottenham Hotspur,Liverpool,109.8,68.5,,,,,,,,,,,115.9,70.2,-0.00274402,,
5fe71db5-ba72-42a9-a40b-9d90088ece68,Pressure,78,18,2,Liverpool,Andrew Robertson,Left Back,0,Tottenham Hotspur,Liverpool,4.3,16.2,,,,,,,,,,,,,,,
e6cb668f-d899-4eb0-91ed-6416411510df,Pass,78,19,2,Tottenham Hotspur,Kieran Trippier,Right Back,1,Tottenham Hotspur,Liverpool,115.9,70.2,Bamidele Alli,,,High Pass,Right Foot,111.8,35.2,0.0379259,0.25745362,0.21952772,,,,,
e41d0e16-5075-4337-9c5b-dba6fd002574,Ball Receipt*,78,20,2,Tottenham Hotspur,Bamidele Alli,Left Midfield,0,Tottenham Hotspur,Liverpool,111.8,35.2,,,,,,,,,,,,,,,
5f146a0c-e9e4-488b-b20e-8361d42d98cb,Duel,78,21,2,Liverpool,Joël Andre Job Matip,Right Center Back,1,Tottenham Hotspur,Liverpool,6.7,42.7,,,,,,,,,,,,,,,
834c48aa-ba51-481c-a5b4-3f91f87b1db4,Shot,78,21,2,Tottenham Hotspur,Bamidele Alli,Left Midfield,1,Tottenham Hotspur,Liverpool,113.4,37.4,,,,,,,,,,,,,,0.1563633,Off T
0a688652-5b9e-4098-bda0-dc9c31eeced7,Goal Keeper,78,21,2,Liverpool,Alisson Ramsés Becker,Goalkeeper,0,Tottenham Hotspur,Liverpool,1.1,39.5,,,,,,,,,,,,,,,
fd7fd715-10aa-4bb3-8e56-633ff25d651e,Pass,78,54,2,Liverpool,Alisson Ramsés Becker,Goalkeeper,0,Tottenham Hotspur,Liverpool,6.0,44.0,Divock Okoth Origi,Incomplete,Goal Kick,High Pass,Right Foot,79.5,17.1,0.00941056,0.01870347,0.00929291,,,,,
87e04de0-2bde-4393-8820-948f8a6fbe93,Ball Receipt*,78,56,2,Liverpool,Divock Okoth Origi,Left Center Midfield,0,Tottenham Hotspur,Liverpool,74.5,18.3,,,,,,,,,,,,,,,
143060f8-f086-41d2-994a-3daba21e953c,Pass,78,56,2,Tottenham Hotspur,Toby Alderweireld,Right Center Back,0,Tottenham Hotspur,Liverpool,40.6,63.0,Lucas Rodrigues Moura da Silva,,Recovery,High Pass,Head,63.2,54.8,0.01214719,0.01685596,0.004708769999999999,,,,,
7ab0b541-ea30-4134-8520-b9e70079561c,Pressure,78,57,2,Liverpool,Fábio Henrique Tavares,Center Defensive Midfield,0,Tottenham Hotspur,Liverpool,56.9,25.3,,,,,,,,,,,,,,,
46fef93c-2a03-4d04-a2d2-c67492cb1d76,Ball Receipt*,78,57,2,Tottenham Hotspur,Lucas Rodrigues Moura da Silva,Right Midfield,1,Tottenham Hotspur,Liverpool,63.2,54.8,,,,,,,,,,,,,,,
d3cb4f58-e1ea-424a-b9b4-8efaa32e51c5,Carry,78,57,2,Tottenham Hotspur,Lucas Rodrigues Moura da Silva,Right Midfield,1,Tottenham Hotspur,Liverpool,63.2,54.8,,,,,,,,,,,63.2,53.3,0.0,,
82cde6cc-79c7-4592-aaa5-ab639f0e1503,Pass,78,57,2,Tottenham Hotspur,Lucas Rodrigues Moura da Silva,Right Midfield,1,Tottenham Hotspur,Liverpool,63.2,53.3,Heung-Min Son,,,Low Pass,Left Foot,65.1,57.6,0.01685596,0.01685596,0.0,,,,,
587ed4a9-a7e3-4b82-b07a-9e43ccf7611f,Ball Receipt*,78,58,2,Tottenham Hotspur,Heung-Min Son,Right Center Forward,0,Tottenham Hotspur,Liverpool,65.1,57.6,,,,,,,,,,,,,,,
711bb887-7880-47a6-8862-6ca565909b5a,Carry,78,58,2,Tottenham Hotspur,Heung-Min Son,Right Center Forward,0,Tottenham Hotspur,Liverpool,65.1,57.6,,,,,,,,,,,73.1,47.1,0.003114740000000001,,
cf8ad572-1e94-4f15-81ff-eda1cf966ecd,Pass,79,0,2,Tottenham Hotspur,Heung-Min Son,Right Center Forward,0,Tottenham Hotspur,Liverpool,73.1,47.1,Bamidele Alli,,,Ground Pass,Right Foot,78.5,41.3,0.0199707,0.0199707,0.0,,,,,
725e11de-3548-4b1b-9cc2-01c2b53879bb,Pressure,79,1,2,Liverpool,Jordan Brian Henderson,Right Center Midfield,0,Tottenham Hotspur,Liverpool,43.3,35.2,,,,,,,,,,,,,,,
13e820de-ef6f-48a6-bbe2-401ac400440a,Ball Receipt*,79,2,2,Tottenham Hotspur,Bamidele Alli,Left Midfield,0,Tottenham Hotspur,Liverpool,78.5,41.3,,,,,,,,,,,,,,,
664082f8-0489-4f98-b64a-3ec410526a35,Carry,79,2,2,Tottenham Hotspur,Bamidele Alli,Left Midfield,0,Tottenham Hotspur,Liverpool,78.5,41.3,,,,,,,,,,,78.2,42.0,0.0,,
e7fd3534-57ff-4d47-a0ec-9bef92288588,Pass,79,2,2,Tottenham Hotspur,Bamidele Alli,Left Midfield,0,Tottenham Hotspur,Liverpool,78.2,42.0,Heung-Min Son,,,Ground Pass,Right Foot,78.0,48.7,0.0199707,0.0199707,0.0,,,,,
0d085cd3-c1fb-4bdf-92b0-e5d256f42bd1,Ball Receipt*,79,2,2,Tottenham Hotspur,Heung-Min Son,Right Center Forward,0,Tottenham Hotspur,Liverpool,78.0,48.7,,,,,,,,,,,,,,,
99180f8d-02dd-4197-ae29-b6e25e4ae4dc,Carry,79,2,2,Tottenham Hotspur,Heung-Min Son,Right Center Forward,1,Tottenham Hotspur,Liverpool,78.0,48.7,,,,,,,,,,,91.4,46.1,0.01514256,,
8665513b-dc07-445a-8605-1b3dc86a6a01,Pressure,79,3,2,Liverpool,Jordan Brian Henderson,Right Center Midfield,0,Tottenham Hotspur,Liverpool,38.1,33.5,,,,,,,,,,,,,,,
94aec26b-eaa4-4879-b477-7786f62c6fa2,Dispossessed,79,4,2,Tottenham Hotspur,Heung-Min Son,Right Center Forward,1,Tottenham Hotspur,Liverpool,91.4,46.1,,,,,,,,,,,,,,,
22a79305-1e0f-4a3b-8a41-339cd4df4246,Duel,79,4,2,Liverpool,Jordan Brian Henderson,Right Center Midfield,1,Tottenham Hotspur,Liverpool,28.7,34.0,,,,,,,,,,,,,,,
20a8abbe-1e71-4e8e-9b5d-d1638f06a4f7,Pass,79,5,2,Liverpool,Virgil van Dijk,Left Center Back,0,Tottenham Hotspur,Liverpool,26.9,36.2,Divock Okoth Origi,,Recovery,High Pass,Left Foot,56.9,25.3,0.01016549,0.01429128,0.004125790000000001,,,,,
a65b96ac-bcb7-44b2-9ddb-b1fdc62a01bd,Ball Receipt*,79,7,2,Liverpool,Divock Okoth Origi,Left Center Midfield,0,Tottenham Hotspur,Liverpool,56.9,25.3,,,,,,,,,,,,,,,
77fef4d6-7072-43c4-9976-f8b7b70c73f9,Carry,79,7,2,Liverpool,Divock Okoth Origi,Left Center Midfield,1,Tottenham Hotspur,Liverpool,56.9,25.3,,,,,,,,,,,69.7,47.0,0.002603999999999999,,
44241a4c-878d-4665-b549-151bfe2d72d7,Pressure,79,7,2,Tottenham Hotspur,Toby Alderweireld,Right Center Back,0,Tottenham Hotspur,Liverpool,63.2,58.4,,,,,,,,,,,,,,,
339e0fcd-f461-4329-8112-0ed17612d291,Pass,79,10,2,Liverpool,Divock Okoth Origi,Left Center Midfield,0,Tottenham Hotspur,Liverpool,69.7,47.0,Mohamed Salah,Incomplete,,Ground Pass,Right Foot,78.1,33.7,0.01689528,0.0199707,0.003075420000000002,,,,,
afc197e0-04b8-4987-949b-1c4b3031cd10,Ball Receipt*,79,11,2,Liverpool,Mohamed Salah,Center Forward,0,Tottenham Hotspur,Liverpool,75.5,28.9,,,,,,,,,,,,,,,
090d1217-9eaf-4570-a960-891d92a0a581,Ball Recovery,79,11,2,Tottenham Hotspur,Toby Alderweireld,Right Center Back,0,Tottenham Hotspur,Liverpool,42.0,46.4,,,,,,,,,,,,,,,
2d9845ab-2167-4d4d-bc42-7afad08c2e6c,Carry,79,11,2,Tottenham Hotspur,Toby Alderweireld,Right Center Back,1,Tottenham Hotspur,Liverpool,42.0,46.4,,,,,,,,,,,31.4,42.9,-0.0013027,,
099f6dd8-fdbd-42c7-ba47-b2fc8a49aa08,Pressure,79,12,2,Liverpool,Mohamed Salah,Center Forward,0,Tottenham Hotspur,Liverpool,88.4,33.7,,,,,,,,,,,,,,,
734602a6-9108-49eb-8090-7ebf77dad570,Pass,79,13,2,Tottenham Hotspur,Toby Alderweireld,Right Center Back,0,Tottenham Hotspur,Liverpool,31.4,42.9,Hugo Lloris,,,Ground Pass,Right Foot,7.2,40.1,0.01132376,0.00941056,-0.0019132,,,,,
b6213241-7e52-408c-aeed-5da2dd4f81bb,Pressure,79,14,2,Liverpool,Mohamed Salah,Center Forward,0,Tottenham Hotspur,Liverpool,104.1,42.0,,,,,,,,,,,,,,,
b3891330-e7c5-46e8-98f2-2f639a9e013f,Ball Receipt*,79,15,2,Tottenham Hotspur,Hugo Lloris,Goalkeeper,1,Tottenham Hotspur,Liverpool,7.2,40.1,,,,,,,,,,,,,,,
0111c7f2-209d-45c9-86c6-4e76b3fc2364,Carry,79,15,2,Tottenham Hotspur,Hugo Lloris,Goalkeeper,1,Tottenham Hotspur,Liverpool,7.2,40.1,,,,,,,,,,,7.2,40.1,0.0,,
dc96de6c-2f23-4690-89c8-8906b01a2842,Pass,79,15,2,Tottenham Hotspur,Hugo Lloris,Goalkeeper,1,Tottenham Hotspur,Liverpool,7.2,40.1,Kieran Trippier,,,Ground Pass,Left Foot,13.5,59.6,0.00941056,0.00977745,0.0003668899999999999,,,,,
970384d0-a8ff-457a-aa3e-ab31f615a9f6,Ball Receipt*,79,16,2,Tottenham Hotspur,Kieran Trippier,Right Back,0,Tottenham Hotspur,Liverpool,13.5,59.6,,,,,,,,,,,,,,,
9d268447-b8a1-4517-a5e1-c3a79b684940,Carry,79,16,2,Tottenham Hotspur,Kieran Trippier,Right Back,0,Tottenham Hotspur,Liverpool,13.5,59.6,,,,,,,,,,,19.8,58.7,0.0,,
a8cdc830-8c5b-4606-9935-4702904ba1a1,Pass,79,18,2,Tottenham Hotspur,Kieran Trippier,Right Back,0,Tottenham Hotspur,Liverpool,19.8,58.7,Eric Dier,,,Ground Pass,Right Foot,30.9,55.3,0.00977745,0.01110462,0.001327170000000001,,,,,
61af2015-30f0-4e97-8e66-7240d9ff0589,Ball Receipt*,79,19,2,Tottenham Hotspur,Eric Dier,Left Center Midfield,0,Tottenham Hotspur,Liverpool,30.9,55.3,,,,,,,,,,,,,,,
d490b7aa-d421-44f9-a7be-66723f8a9e6a,Carry,79,19,2,Tottenham Hotspur,Eric Dier,Left Center Midfield,0,Tottenham Hotspur,Liverpool,30.9,55.3,,,,,,,,,,,48.3,47.6,0.00152184,,
fcdd985d-e1ec-4185-9bbf-ad16fed6e7c8,Pass,79,24,2,Tottenham Hotspur,Eric Dier,Left Center Midfield,0,Tottenham Hotspur,Liverpool,48.3,47.6,Christian Dannemann Eriksen,,,Ground Pass,Right Foot,50.9,26.1,0.01262646,0.01429128,0.001664819999999999,,,,,
3ee5efa5-4f81-4e6c-a1ac-0aa4f8f36bd8,Ball Receipt*,79,25,2,Tottenham Hotspur,Christian Dannemann Eriksen,Right Center Midfield,0,Tottenham Hotspur,Liverpool,50.9,26.1,,,,,,,,,,,,,,,
1d6e7481-fd65-4ccf-bd4c-70dbc37c59de,Carry,79,25,2,Tottenham Hotspur,Christian Dannemann Eriksen,Right Center Midfield,0,Tottenham Hotspur,Liverpool,50.9,26.1,,,,,,,,,,,62.5,22.7,0.00256468,,
67ef64c6-de48-44ff-8dc0-f3c1795b81b1,Pass,79,27,2,Tottenham Hotspur,Christian Dannemann Eriksen,Right Center Midfield,0,Tottenham Hotspur,Liverpool,62.5,22.7,Bamidele Alli,,,Ground Pass,Right Foot,78.9,20.5,0.01685596,0.01935132,0.002495360000000002,,,,,
0c72c323-594a-4772-a94a-b3c481324831,Ball Receipt*,79,28,2,Tottenham Hotspur,Bamidele Alli,Left Midfield,0,Tottenham Hotspur,Liverpool,78.9,20.5,,,,,,,,,,,,,,,
776876ba-64be-4e2b-befa-b48b96ff75e5,Carry,79,28,2,Tottenham Hotspur,Bamidele Alli,Left Midfield,0,Tottenham Hotspur,Liverpool,78.9,20.5,,,,,,,,,,,82.0,26.8,0.004771079999999997,,
1031f36f-4091-46cc-b02c-7f0becf819c0,Pass,79,32,2,Tottenham Hotspur,Bamidele Alli,Left Midfield,0,Tottenham Hotspur,Liverpool,82.0,26.8,Heung-Min Son,,,Ground Pass,Right Foot,83.2,46.4,0.0241224,0.02385149,-0.0002709099999999992,,,,,
9a219d71-36e6-48b4-8f3b-2f24e52e1994,Ball Receipt*,79,33,2,Tottenham Hotspur,Heung-Min Son,Right Center Forward,0,Tottenham Hotspur,Liverpool,83.2,46.4,,,,,,,,,,,,,,,
021afcb3-b2d9-469f-8db3-55547adb2a88,Carry,79,33,2,Tottenham Hotspur,Heung-Min Son,Right Center Forward,1,Tottenham Hotspur,Liverpool,83.2,46.4,,,,,,,,,,,90.8,44.9,0.01126177,,
e45204a6-ba8b-46a0-9b3a-610125808553,Pressure,79,35,2,Liverpool,Andrew Robertson,Left Back,0,Tottenham Hotspur,Liverpool,24.8,34.7,,,,,,,,,,,,,,,
1118eeda-cde7-4662-af23-889052eb24e8,Shot,79,35,2,Tottenham Hotspur,Heung-Min Son,Right Center Forward,1,Tottenham Hotspur,Liverpool,90.8,44.9,,,,,,,,,,,,,,0.027245786,Saved
73ae8778-8e9d-476f-99ad-1958f0ddddfe,Goal Keeper,79,36,2,Liverpool,Alisson Ramsés Becker,Goalkeeper,0,Tottenham Hotspur,Liverpool,1.8,38.9,,,,,,,,,,,,,,,
c6f96759-f354-4682-a491-a5c2808df5c1,Pressure,79,38,2,Liverpool,Trent Alexander-Arnold,Right Back,0,Tottenham Hotspur,Liverpool,12.5,56.7,,,,,,,,,,,,,,,
02ff107b-ef7b-4989-8c11-875442b261cb,Pass,79,38,2,Tottenham Hotspur,Danny Rose,Left Back,1,Tottenham Hotspur,Liverpool,104.0,20.7,Lucas Rodrigues Moura da Silva,,Recovery,Ground Pass,Left Foot,105.7,37.2,0.05491138,0.10805102,0.05313963999999999,,,,,
f9ea6bf6-9b90-4508-b2d1-799f42117845,Ball Receipt*,79,39,2,Tottenham Hotspur,Lucas Rodrigues Moura da Silva,Right Midfield,0,Tottenham Hotspur,Liverpool,105.7,37.2,,,,,,,,,,,,,,,
7375cdc8-4736-4173-8609-df2e2636e82b,Carry,79,39,2,Tottenham Hotspur,Lucas Rodrigues Moura da Silva,Right Midfield,1,Tottenham Hotspur,Liverpool,105.7,37.2,,,,,,,,,,,106.2,38.6,0.0,,
719ceb32-e6f8-434d-899a-a965ff8abd28,Pressure,79,40,2,Liverpool,Joël Andre Job Matip,Right Center Back,0,Tottenham Hotspur,Liverpool,11.5,45.8,,,,,,,,,,,,,,,
2d031ac5-91ad-4e51-92c5-3a36b4ed1143,Shot,79,40,2,Tottenham Hotspur,Lucas Rodrigues Moura da Silva,Right Midfield,1,Tottenham Hotspur,Liverpool,106.2,38.6,,,,,,,,,,,,,,0.07394664,Saved
f95de971-0dbb-4d75-b356-466c17c39d8c,Goal Keeper,79,41,2,Liverpool,Alisson Ramsés Becker,Goalkeeper,0,Tottenham Hotspur,Liverpool,1.1,40.2,,,,,,,,,,,,,,,
89d617b3-5f66-499f-99a5-f739c7041aef,Pass,79,52,2,Liverpool,Alisson Ramsés Becker,Goalkeeper,0,Tottenham Hotspur,Liverpool,12.9,35.7,Andrew Robertson,,,Low Pass,Keeper Arm,34.4,3.4,0.01082722,0.00977659,-0.00105063,,,,,
357df088-c4cf-4a71-8697-7e9768c2f4d3,Ball Receipt*,79,53,2,Liverpool,Andrew Robertson,Left Back,0,Tottenham Hotspur,Liverpool,34.4,3.4,,,,,,,,,,,,,,,
fbedc7b1-8cc0-4a46-bbee-3a118e8554b3,Pass,79,55,2,Liverpool,Andrew Robertson,Left Back,0,Tottenham Hotspur,Liverpool,43.1,3.3,Sadio Mané,,,Ground Pass,Left Foot,57.6,11.6,0.01126267,0.0138454,0.00258273,,,,,
b6846f4b-d817-46d9-9731-3513e7282691,Ball Receipt*,79,57,2,Liverpool,Sadio Mané,Left Midfield,0,Tottenham Hotspur,Liverpool,57.6,11.6,,,,,,,,,,,,,,,
376337e6-ac1c-4885-9b55-ad2c3fdf535e,Carry,79,57,2,Liverpool,Sadio Mané,Left Midfield,0,Tottenham Hotspur,Liverpool,57.6,11.6,,,,,,,,,,,59.3,7.0,-0.001361960000000001,,
fba58059-02f5-47b1-bb50-45c1c5539115,Pass,79,58,2,Liverpool,Sadio Mané,Left Midfield,0,Tottenham Hotspur,Liverpool,59.3,7.0,Andrew Robertson,,,Ground Pass,Right Foot,55.4,2.7,0.01248344,0.01248344,0.0,,,,,
887465e4-39a1-4164-be55-ce2ae75dba36,Ball Receipt*,79,59,2,Liverpool,Andrew Robertson,Left Back,0,Tottenham Hotspur,Liverpool,55.4,2.7,,,,,,,,,,,,,,,
085ba841-df59-4e56-88fd-4e09b68bea35,Carry,79,59,2,Liverpool,Andrew Robertson,Left Back,0,Tottenham Hotspur,Liverpool,55.4,2.7,,,,,,,,,,,55.4,2.7,0.0,,
973991ce-6953-4bdd-a4fa-af4eaf7a9976,Pass,79,59,2,Liverpool,Andrew Robertson,Left Back,0,Tottenham Hotspur,Liverpool,55.4,2.7,Divock Okoth Origi,,,Ground Pass,Left Foot,62.6,16.1,0.01248344,0.01611813,0.003634690000000001,,,,,
3bd6211b-7060-4c7b-866b-199aa41fce45,Ball Receipt*,80,0,2,Liverpool,Divock Okoth Origi,Left Center Midfield,0,Tottenham Hotspur,Liverpool,62.6,16.1,,,,,,,,,,,,,,,
af1d3963-2164-4ed1-8b61-be6a760f90ce,Carry,80,0,2,Liverpool,Divock Okoth Origi,Left Center Midfield,0,Tottenham Hotspur,Liverpool,62.6,16.1,,,,,,,,,,,69.2,14.7,0.0,,
4243b731-c69a-4014-aa36-7f22dda5d1dd,Pass,80,1,2,Liverpool,Divock Okoth Origi,Left Center Midfield,0,Tottenham Hotspur,Liverpool,69.2,14.7,Mohamed Salah,Incomplete,,Ground Pass,Right Foot,81.5,17.4,0.01611813,0.02401521,0.007897079999999997,,,,,
30137921-6913-49a8-8d9b-a33d49ef4fe9,Ball Receipt*,80,2,2,Liverpool,Mohamed Salah,Center Forward,0,Tottenham Hotspur,Liverpool,82.2,26.6,,,,,,,,,,,,,,,
42b13763-dc49-4b8a-be61-a1e40538b45a,Ball Recovery,80,2,2,Tottenham Hotspur,Toby Alderweireld,Right Center Back,0,Tottenham Hotspur,Liverpool,38.6,62.7,,,,,,,,,,,,,,,
31b968d0-5545-4744-a7a9-21c515c58a83,Carry,80,2,2,Tottenham Hotspur,Toby Alderweireld,Right Center Back,0,Tottenham Hotspur,Liverpool,38.6,62.7,,,,,,,,,,,39.6,65.1,0.0,,
2eb8978a-4ab1-4624-ae3f-4f5eab949679,Pass,80,3,2,Tottenham Hotspur,Toby Alderweireld,Right Center Back,0,Tottenham Hotspur,Liverpool,39.6,65.1,Heung-Min Son,,,Ground Pass,Right Foot,58.6,65.9,0.0105949,0.0138454,0.0032505,,,,,
c0c88e68-536f-43ce-a80b-be467d430b1b,Pressure,80,3,2,Liverpool,Divock Okoth Origi,Left Center Midfield,0,Tottenham Hotspur,Liverpool,77.1,17.6,,,,,,,,,,,,,,,
28c1df4f-2845-488a-8395-6ae2a473bc78,Ball Receipt*,80,4,2,Tottenham Hotspur,Heung-Min Son,Right Center Forward,0,Tottenham Hotspur,Liverpool,58.6,65.9,,,,,,,,,,,,,,,
3747fa0f-4d57-49e3-a4ea-1cb7ed440cb7,Carry,80,4,2,Tottenham Hotspur,Heung-Min Son,Right Center Forward,0,Tottenham Hotspur,Liverpool,58.6,65.9,,,,,,,,,,,62.1,55.5,0.003010559999999999,,
d6bb1f8c-6bdc-4e6c-92d5-b41d1355f1d0,Pass,80,7,2,Tottenham Hotspur,Heung-Min Son,Right Center Forward,0,Tottenham Hotspur,Liverpool,62.1,55.5,Christian Dannemann Eriksen,,,Ground Pass,Right Foot,53.8,45.3,0.01685596,0.01484598,-0.00200998,,,,,
51c26988-9cb4-4f6f-adde-d9ab239bb056,Ball Receipt*,80,8,2,Tottenham Hotspur,Christian Dannemann Eriksen,Right Center Midfield,0,Tottenham Hotspur,Liverpool,53.8,45.3,,,,,,,,,,,,,,,
b3519737-d0a9-494b-a552-98e805426003,Carry,80,8,2,Tottenham Hotspur,Christian Dannemann Eriksen,Right Center Midfield,0,Tottenham Hotspur,Liverpool,53.8,45.3,,,,,,,,,,,53.8,45.3,0.0,,
2cedb210-d7ef-4ffa-a83a-cdcc26276445,Pass,80,8,2,Tottenham Hotspur,Christian Dannemann Eriksen,Right Center Midfield,0,Tottenham Hotspur,Liverpool,53.8,45.3,Bamidele Alli,,,Ground Pass,Right Foot,66.2,20.3,0.01484598,0.01685596,0.00200998,,,,,
56026185-e349-4785-a750-3250dd8726e9,Ball Receipt*,80,9,2,Tottenham Hotspur,Bamidele Alli,Left Midfield,0,Tottenham Hotspur,Liverpool,66.2,20.3,,,,,,,,,,,,,,,
1e5ba908-dde5-4343-bab7-640a3c93cc90,Carry,80,9,2,Tottenham Hotspur,Bamidele Alli,Left Midfield,1,Tottenham Hotspur,Liverpool,66.2,20.3,,,,,,,,,,,68.8,34.7,3.931999999999894e-05,,
67dedd13-bbe9-4fa3-b91a-3ac642cec025,Pressure,80,16,2,Liverpool,Mohamed Salah,Center Forward,0,Tottenham Hotspur,Liverpool,55.2,41.3,,,,,,,,,,,,,,,
0296c63b-d203-4dfe-b6dc-2214a346902b,Pass,80,16,2,Tottenham Hotspur,Bamidele Alli,Left Midfield,1,Tottenham Hotspur,Liverpool,68.8,34.7,Heung-Min Son,,,Ground Pass,Right Foot,83.2,48.5,0.01689528,0.02385149,0.006956210000000001,,,,,
f048886b-5ef9-4aad-82d5-fb75521f3ede,Ball Receipt*,80,17,2,Tottenham Hotspur,Heung-Min Son,Right Center Forward,0,Tottenham Hotspur,Liverpool,83.2,48.5,,,,,,,,,,,,,,,
17e7d7c9-1e04-40d4-8046-f87e36b24a43,Carry,80,17,2,Tottenham Hotspur,Heung-Min Son,Right Center Forward,1,Tottenham Hotspur,Liverpool,83.2,48.5,,,,,,,,,,,83.5,47.6,0.0,,
da7c008b-bad2-410b-b003-2f7233fb581e,Pressure,80,17,2,Liverpool,Fábio Henrique Tavares,Center Defensive Midfield,0,Tottenham Hotspur,Liverpool,35.9,35.9,,,,,,,,,,,,,,,
85efa02d-ebb4-4060-8053-d5886a813643,Dribbled Past,80,18,2,Liverpool,Fábio Henrique Tavares,Center Defensive Midfield,0,Tottenham Hotspur,Liverpool,36.6,32.5,,,,,,,,,,,,,,,
91f8ae4e-fdb0-496a-b164-0ceaa3e173a6,Dribble,80,18,2,Tottenham Hotspur,Heung-Min Son,Right Center Forward,1,Tottenham Hotspur,Liverpool,83.5,47.6,,,,,,,,,,,,,,,
95e20e7c-cf02-434e-8269-c060e3782b06,Carry,80,18,2,Tottenham Hotspur,Heung-Min Son,Right Center Forward,1,Tottenham Hotspur,Liverpool,83.5,47.6,,,,,,,,,,,94.7,36.9,0.01126177,,
e6e7afc4-1888-4289-8aa2-25ccb97e4ec4,Pressure,80,20,2,Liverpool,Fábio Henrique Tavares,Center Defensive Midfield,0,Tottenham Hotspur,Liverpool,27.9,36.0,,,,,,,,,,,,,,,
a5b2497f-ad15-48e5-a187-673d5c9befe9,Shot,80,21,2,Tottenham Hotspur,Heung-Min Son,Right Center Forward,1,Tottenham Hotspur,Liverpool,94.7,36.9,,,,,,,,,,,,,,0.040406317,Saved
c440d061-786f-44be-9d1d-9bc0a1c6d06a,Goal Keeper,80,22,2,Liverpool,Alisson Ramsés Becker,Goalkeeper,0,Tottenham Hotspur,Liverpool,3.8,40.3,,,,,,,,,,,,,,,
fa7e7beb-d582-4bf6-9457-69f62b774829,Pass,80,27,2,Liverpool,Alisson Ramsés Becker,Goalkeeper,0,Tottenham Hotspur,Liverpool,8.9,51.9,James Philip Milner,,,Low Pass,Keeper Arm,30.6,77.2,0.0088799,0.00977659,0.0008966900000000003,,,,,
12e2fe13-9207-491b-ab9e-db5d1c66e89b,Ball Receipt*,80,28,2,Liverpool,James Philip Milner,Right Midfield,0,Tottenham Hotspur,Liverpool,30.6,77.2,,,,,,,,,,,,,,,
aa21c7b8-7248-4c52-8f5b-38f4210b43fb,Pressure,80,31,2,Tottenham Hotspur,Bamidele Alli,Left Midfield,0,Tottenham Hotspur,Liverpool,78.2,6.7,,,,,,,,,,,,,,,
fa85eb66-30c7-425c-8b8d-4ee646d7adc0,Pass,80,31,2,Liverpool,James Philip Milner,Right Midfield,1,Tottenham Hotspur,Liverpool,43.8,77.0,Mohamed Salah,Incomplete,,Ground Pass,Right Foot,101.5,68.5,0.01126267,0.04066992,0.02940725,,,,,
332dbd10-357b-4d3b-be73-b91188a2a853,Pressure,80,35,2,Liverpool,Mohamed Salah,Center Forward,0,Tottenham Hotspur,Liverpool,97.9,68.3,,,,,,,,,,,,,,,
50ca8dfd-7b64-4cbe-8233-2a76a2e24902,Ball Receipt*,80,35,2,Liverpool,Mohamed Salah,Center Forward,0,Tottenham Hotspur,Liverpool,79.6,63.7,,,,,,,,,,,,,,,
40ae3d72-c953-498f-8527-41747c315538,Pass,80,35,2,Tottenham Hotspur,Jan Vertonghen,Left Center Back,1,Tottenham Hotspur,Liverpool,18.6,11.6,Hugo Lloris,Out,Recovery,Ground Pass,Right Foot,0.7,22.7,0.00878589,0.0088799,9.401000000000027e-05,,,,,
174279bc-ce2a-4659-aed3-65be1d01c1a3,Ball Receipt*,80,37,2,Tottenham Hotspur,Hugo Lloris,Goalkeeper,0,Tottenham Hotspur,Liverpool,3.7,33.0,,,,,,,,,,,,,,,
c45dc30e-70d5-47d9-accc-fa858fcc974b,Substitution,81,17,2,Tottenham Hotspur,Bamidele Alli,Left Midfield,0,Tottenham Hotspur,Liverpool,,,,,,,,,,,,,,,,,
d6d7deb3-cca3-4a98-a55e-0e4f537f7a26,Pass,81,46,2,Liverpool,James Philip Milner,Right Midfield,0,Tottenham Hotspur,Liverpool,120.0,80.0,,Incomplete,Corner,High Pass,Right Foot,117.0,47.5,0.0379259,0.25745362,0.21952772,,,,,
a5d6a14c-f08e-472d-8538-c621059bcfb4,Clearance,81,46,2,Tottenham Hotspur,Heung-Min Son,Right Center Forward,1,Tottenham Hotspur,Liverpool,3.1,32.6,,,,,,,,,,,,,,,
cd83d3ff-1aa5-42b7-873c-8b0395183334,Ball Recovery,81,48,2,Liverpool,Mohamed Salah,Center Forward,0,Tottenham Hotspur,Liverpool,96.0,48.9,,,,,,,,,,,,,,,
072e4c93-d536-4ab5-83b1-391a0a2582b5,Carry,81,48,2,Liverpool,Mohamed Salah,Center Forward,1,Tottenham Hotspur,Liverpool,96.0,48.9,,,,,,,,,,,91.9,44.4,0.0,,
78036759-75db-4306-95dd-37bf96af9e7c,Pressure,81,49,2,Tottenham Hotspur,Lucas Rodrigues Moura da Silva,Right Midfield,0,Tottenham Hotspur,Liverpool,24.1,36.2,,,,,,,,,,,,,,,
3a098f39-a91b-42fc-94a8-737d43543bdc,Pass,81,50,2,Liverpool,Mohamed Salah,Center Forward,1,Tottenham Hotspur,Liverpool,91.9,44.4,,Incomplete,,High Pass,Left Foot,101.0,56.4,0.03511326,0.05491138,0.01979812,,,,,
4c96b1cd-a543-4238-b09d-d42d1782ee5c,Pass,81,52,2,Tottenham Hotspur,Heung-Min Son,Right Center Forward,0,Tottenham Hotspur,Liverpool,19.1,23.7,,Incomplete,Recovery,High Pass,Right Foot,54.8,45.1,0.00977745,0.01484598,0.00506853,,,,,
84c26543-b53b-443c-b102-c853af89715d,Pass,81,55,2,Liverpool,Andrew Robertson,Left Back,0,Tottenham Hotspur,Liverpool,65.3,35.0,Mohamed Salah,Incomplete,Recovery,High Pass,Head,87.8,48.5,0.01689528,0.02385149,0.006956210000000001,,,,,
87e07e67-2b2b-4324-ad32-bcc5b064ff7e,Ball Receipt*,81,57,2,Liverpool,Mohamed Salah,Center Forward,0,Tottenham Hotspur,Liverpool,88.2,47.3,,,,,,,,,,,,,,,
f70aeee9-956f-4442-8f5b-f3174705a86f,Duel,81,57,2,Liverpool,Mohamed Salah,Center Forward,1,Tottenham Hotspur,Liverpool,87.8,48.5,,,,,,,,,,,,,,,
2e8e77e7-8a7e-48be-ab4e-9577ababc12f,Pass,81,57,2,Tottenham Hotspur,Jan Vertonghen,Left Center Back,1,Tottenham Hotspur,Liverpool,32.3,31.6,Fernando Llorente Torres,Incomplete,Recovery,Low Pass,,47.1,27.7,0.01132376,0.01269174,0.00136798,,,,,
5e05ebff-d806-44f0-920b-6130b732e229,Ball Receipt*,81,58,2,Tottenham Hotspur,Fernando Llorente Torres,Left Midfield,0,Tottenham Hotspur,Liverpool,49.7,30.1,,,,,,,,,,,,,,,
213964ad-984e-4ba4-81a9-875c5ddcfae4,Ball Recovery,81,58,2,Liverpool,Jordan Brian Henderson,Right Center Midfield,0,Tottenham Hotspur,Liverpool,73.0,52.4,,,,,,,,,,,,,,,
c425aca5-e7e2-469f-b606-a5acbd65e2a5,Carry,81,58,2,Liverpool,Jordan Brian Henderson,Right Center Midfield,1,Tottenham Hotspur,Liverpool,73.0,52.4,,,,,,,,,,,93.6,53.4,0.0092007,,
2a2e38ca-f877-4bb8-ac29-4abaf36f276c,Pressure,81,58,2,Tottenham Hotspur,Fernando Llorente Torres,Left Midfield,0,Tottenham Hotspur,Liverpool,47.6,30.6,,,,,,,,,,,,,,,
f3172c1f-4234-4588-bad0-3230d3b43f57,Shot,82,2,2,Liverpool,Jordan Brian Henderson,Right Center Midfield,0,Tottenham Hotspur,Liverpool,93.6,53.4,,,,,,,,,,,,,,0.026962453,Off T
151d87c7-44c6-42db-b7ae-8933297a4a8a,Goal Keeper,82,3,2,Tottenham Hotspur,Hugo Lloris,Goalkeeper,0,Tottenham Hotspur,Liverpool,1.8,39.3,,,,,,,,,,,,,,,
6f961357-f733-479b-b3e7-654231aca2d9,Pass,82,9,2,Tottenham Hotspur,Hugo Lloris,Goalkeeper,0,Tottenham Hotspur,Liverpool,7.0,36.1,Kieran Trippier,,Goal Kick,Ground Pass,Left Foot,41.1,74.8,0.00941056,0.01126267,0.001852110000000001,,,,,
ac2aebea-c438-465e-9173-a786f0adbfa5,Ball Receipt*,82,11,2,Tottenham Hotspur,Kieran Trippier,Right Back,0,Tottenham Hotspur,Liverpool,41.1,74.8,,,,,,,,,,,,,,,
ab7ea6db-5adb-4c43-9edc-cc93f185f4bf,Pressure,82,15,2,Liverpool,Andrew Robertson,Left Back,0,Tottenham Hotspur,Liverpool,36.9,6.5,,,,,,,,,,,,,,,
0b70a50e-ad94-4bd4-be6c-dcdabd726685,Pass,82,16,2,Tottenham Hotspur,Kieran Trippier,Right Back,1,Tottenham Hotspur,Liverpool,79.9,77.9,Eric Dier,,,Ground Pass,Right Foot,63.2,71.7,0.0174506,0.01473596,-0.002714640000000001,,,,,
cb6ef2c3-45e7-4e7d-b5c8-e34690b2f519,Ball Receipt*,82,17,2,Tottenham Hotspur,Eric Dier,Left Center Midfield,0,Tottenham Hotspur,Liverpool,63.2,71.7,,,,,,,,,,,,,,,
c3481ad4-7f92-4de4-b824-0c06f734826b,Carry,82,17,2,Tottenham Hotspur,Eric Dier,Left Center Midfield,0,Tottenham Hotspur,Liverpool,63.2,71.7,,,,,,,,,,,62.8,56.5,0.00212,,
bbbcc198-0e3c-419b-8c2e-f7b887471f78,Pass,82,21,2,Tottenham Hotspur,Eric Dier,Left Center Midfield,0,Tottenham Hotspur,Liverpool,62.8,56.5,Toby Alderweireld,,,Ground Pass,Right Foot,48.7,55.2,0.01685596,0.01269174,-0.00416422,,,,,
7abe0fa2-03c8-4ab0-a6cd-838b6b586f7b,Ball Receipt*,82,22,2,Tottenham Hotspur,Toby Alderweireld,Right Center Back,0,Tottenham Hotspur,Liverpool,48.7,55.2,,,,,,,,,,,,,,,
35e0d52c-f033-4003-aa16-55fe7c1d6636,Carry,82,22,2,Tottenham Hotspur,Toby Alderweireld,Right Center Back,0,Tottenham Hotspur,Liverpool,48.7,55.2,,,,,,,,,,,51.6,50.5,0.00159954,,
036a9706-629b-4779-8408-87dabc14ed62,Pass,82,23,2,Tottenham Hotspur,Toby Alderweireld,Right Center Back,0,Tottenham Hotspur,Liverpool,51.6,50.5,Jan Vertonghen,,,Ground Pass,Right Foot,52.4,19.6,0.01429128,0.0138454,-0.0004458799999999992,,,,,
2f32b369-6fe9-4182-a4b8-144da5f14745,Ball Receipt*,82,24,2,Tottenham Hotspur,Jan Vertonghen,Left Center Back,0,Tottenham Hotspur,Liverpool,52.4,19.6,,,,,,,,,,,,,,,
85ba3c91-6129-4f86-9946-735f22945771,Carry,82,24,2,Tottenham Hotspur,Jan Vertonghen,Left Center Back,0,Tottenham Hotspur,Liverpool,52.4,19.6,,,,,,,,,,,56.3,20.7,0.0004458799999999992,,
a59301a0-6e4e-4c4b-a7ed-f15cf136876f,Pass,82,27,2,Tottenham Hotspur,Jan Vertonghen,Left Center Back,0,Tottenham Hotspur,Liverpool,56.3,20.7,Eric Dier,,,Ground Pass,Left Foot,55.3,36.4,0.01429128,0.01484598,0.0005547,,,,,
6eb98f61-810c-483d-9bca-1971bdc1be15,Ball Receipt*,82,29,2,Tottenham Hotspur,Eric Dier,Left Center Midfield,0,Tottenham Hotspur,Liverpool,55.3,36.4,,,,,,,,,,,,,,,
b3faf95e-41f1-4e7e-bedd-f6d157dee26b,Carry,82,29,2,Tottenham Hotspur,Eric Dier,Left Center Midfield,0,Tottenham Hotspur,Liverpool,55.3,36.4,,,,,,,,,,,61.8,37.2,0.002049299999999999,,
cd292b1c-1f4c-423f-9d2e-f1feb3e315ec,Pass,82,32,2,Tottenham Hotspur,Eric Dier,Left Center Midfield,0,Tottenham Hotspur,Liverpool,61.8,37.2,Christian Dannemann Eriksen,,,Ground Pass,Right Foot,66.6,55.2,0.01689528,0.01685596,-3.931999999999894e-05,,,,,
bf845d10-71bc-4646-b5b2-eecfddd534bd,Ball Receipt*,82,33,2,Tottenham Hotspur,Christian Dannemann Eriksen,Right Center Midfield,0,Tottenham Hotspur,Liverpool,66.6,55.2,,,,,,,,,,,,,,,
0183751e-237b-46de-93bc-b24fe570f6fa,Carry,82,33,2,Tottenham Hotspur,Christian Dannemann Eriksen,Right Center Midfield,0,Tottenham Hotspur,Liverpool,66.6,55.2,,,,,,,,,,,68.8,62.7,-0.0007378299999999983,,
e4ed4a68-12d1-4e0c-85a5-c7ed4ea619e2,Pass,82,34,2,Tottenham Hotspur,Christian Dannemann Eriksen,Right Center Midfield,0,Tottenham Hotspur,Liverpool,68.8,62.7,Kieran Trippier,,,Ground Pass,Right Foot,93.2,76.0,0.01611813,0.02756312,0.01144499,,,,,
2ab135f7-9874-4eb5-81d0-d0a1834a9da3,Ball Receipt*,82,35,2,Tottenham Hotspur,Kieran Trippier,Right Back,0,Tottenham Hotspur,Liverpool,93.2,76.0,,,,,,,,,,,,,,,
e5be5397-34f3-479f-b56c-4963d4fceec5,Carry,82,35,2,Tottenham Hotspur,Kieran Trippier,Right Back,0,Tottenham Hotspur,Liverpool,93.2,76.0,,,,,,,,,,,97.3,75.0,0.0,,
7b71b8fb-ca70-4680-acb3-bbfa43cb4857,Pass,82,37,2,Tottenham Hotspur,Kieran Trippier,Right Back,0,Tottenham Hotspur,Liverpool,97.3,75.0,Fernando Llorente Torres,Incomplete,,High Pass,Right Foot,113.0,24.8,0.02756312,0.06442595,0.03686283,,,,,
2aa8a49e-0688-4b24-85a8-b950098439fa,Ball Receipt*,82,39,2,Tottenham Hotspur,Fernando Llorente Torres,Left Midfield,0,Tottenham Hotspur,Liverpool,110.7,36.2,,,,,,,,,,,,,,,
5d511ea5-e9fd-4516-8290-b2bcc1e808d0,Clearance,82,39,2,Liverpool,Trent Alexander-Arnold,Right Back,1,Tottenham Hotspur,Liverpool,7.1,55.3,,,,,,,,,,,,,,,
b8df651d-83e9-479f-8af3-54b7cad36254,Pressure,82,40,2,Liverpool,James Philip Milner,Right Midfield,0,Tottenham Hotspur,Liverpool,10.1,62.9,,,,,,,,,,,,,,,
cd52cfe3-3a9e-43a2-af68-bc32784ffb0f,Foul Committed,82,41,2,Liverpool,James Philip Milner,Right Midfield,0,Tottenham Hotspur,Liverpool,12.9,63.9,,,,,,,,,,,,,,,
67804f3c-eda8-47fc-a510-acc855a56b34,Foul Won,82,41,2,Tottenham Hotspur,Danny Rose,Left Back,1,Tottenham Hotspur,Liverpool,107.2,16.2,,,,,,,,,,,,,,,
25b9f354-cb84-42b5-ad68-6bdb99ba9fd1,Tactical Shift,82,42,2,Tottenham Hotspur,,,0,Tottenham Hotspur,Liverpool,,,,,,,,,,,,,,,,,
7af96bd6-9fe3-4de3-9b91-c000e7a36eca,Shot,84,7,2,Tottenham Hotspur,Christian Dannemann Eriksen,Right Center Midfield,0,Tottenham Hotspur,Liverpool,104.0,16.9,,,,,,,,,,,,,,0.008574429,Saved
9f62a91e-e032-49e4-bfa7-747bc9a89467,Goal Keeper,84,8,2,Liverpool,Alisson Ramsés Becker,Goalkeeper,0,Tottenham Hotspur,Liverpool,1.0,40.4,,,,,,,,,,,,,,,
63cb0d27-fed2-4da6-9809-c79d34fd8b10,Pass,84,38,2,Tottenham Hotspur,Kieran Trippier,Right Back,0,Tottenham Hotspur,Liverpool,120.0,80.0,Lucas Rodrigues Moura da Silva,,Corner,High Pass,Right Foot,110.0,36.9,0.0379259,0.25745362,0.21952772,,,,,
995bc3f3-3544-479c-bfef-dd8ba9cef13f,Ball Receipt*,84,39,2,Tottenham Hotspur,Lucas Rodrigues Moura da Silva,Right Midfield,0,Tottenham Hotspur,Liverpool,110.0,36.9,,,,,,,,,,,,,,,
d0e00685-f730-4036-a6a0-f342bcec7209,Carry,84,39,2,Tottenham Hotspur,Lucas Rodrigues Moura da Silva,Right Midfield,0,Tottenham Hotspur,Liverpool,110.0,36.9,,,,,,,,,,,112.2,42.0,0.0,,
697d9519-480f-4b5c-8e6f-26519eea34e7,Shot,84,39,2,Tottenham Hotspur,Lucas Rodrigues Moura da Silva,Right Midfield,0,Tottenham Hotspur,Liverpool,112.2,42.0,,,,,,,,,,,,,,0.12961794,Blocked
2b2096dd-d804-4cf7-950f-48c1f283c1e0,Goal Keeper,84,40,2,Liverpool,Alisson Ramsés Becker,Goalkeeper,0,Tottenham Hotspur,Liverpool,1.1,39.0,,,,,,,,,,,,,,,
752703f4-af6b-48e2-9818-15d1f36d042f,Block,84,40,2,Tottenham Hotspur,Heung-Min Son,Left Midfield,0,Tottenham Hotspur,Liverpool,118.4,36.5,,,,,,,,,,,,,,,
9e7e7c12-25f0-4437-b2ae-2ac2cd20fe06,Offside,84,41,2,Tottenham Hotspur,Heung-Min Son,Left Midfield,0,Tottenham Hotspur,Liverpool,118.2,32.6,,,,,,,,,,,,,,,
6aeb48df-6b22-4efe-bbf6-f314cd29b915,Pass,85,13,2,Liverpool,Alisson Ramsés Becker,Goalkeeper,0,Tottenham Hotspur,Liverpool,4.2,47.3,Sadio Mané,,Free Kick,High Pass,Right Foot,57.6,33.7,0.00941056,0.01484598,0.00543542,,,,,
1622f45d-4951-4291-babf-cd40eafcf1f3,Ball Receipt*,85,15,2,Liverpool,Sadio Mané,Left Midfield,0,Tottenham Hotspur,Liverpool,57.6,33.7,,,,,,,,,,,,,,,
5a0cf02c-61be-475f-923e-04ea49891785,Pass,85,15,2,Liverpool,Sadio Mané,Left Midfield,0,Tottenham Hotspur,Liverpool,72.3,6.0,Mohamed Salah,,,Ground Pass,Right Foot,92.5,25.3,0.0174506,0.02855202,0.01110142,,,,,
3258ed62-41b5-48d0-8e20-1b997689d005,Ball Receipt*,85,16,2,Liverpool,Mohamed Salah,Center Forward,0,Tottenham Hotspur,Liverpool,92.5,25.3,,,,,,,,,,,,,,,
9a965a95-2724-46b3-ab79-8ea1bf848853,Miscontrol,85,17,2,Liverpool,Mohamed Salah,Center Forward,0,Tottenham Hotspur,Liverpool,92.5,25.3,,,,,,,,,,,,,,,
c133814a-776d-46d1-8a1c-e208a09f0041,Ball Recovery,85,19,2,Tottenham Hotspur,Hugo Lloris,Goalkeeper,0,Tottenham Hotspur,Liverpool,15.0,40.5,,,,,,,,,,,,,,,
7f07c372-2cf2-4df2-8b41-e7c7853536d4,Carry,85,19,2,Tottenham Hotspur,Hugo Lloris,Goalkeeper,0,Tottenham Hotspur,Liverpool,15.0,40.5,,,,,,,,,,,16.9,36.7,0.0,,
4a951295-7d0c-4a10-b123-52cd0db7dd37,Pass,85,21,2,Tottenham Hotspur,Hugo Lloris,Goalkeeper,0,Tottenham Hotspur,Liverpool,16.9,36.7,,Incomplete,,High Pass,Drop Kick,105.2,43.9,0.01082722,0.10805102,0.0972238,,,,,
0968a17a-e2ce-40f1-8681-8012179bdd1d,Ball Recovery,85,26,2,Liverpool,Alisson Ramsés Becker,Goalkeeper,0,Tottenham Hotspur,Liverpool,14.9,36.2,,,,,,,,,,,,,,,
cdd359d9-bba6-4b4a-8155-966236ad5132,Carry,85,26,2,Liverpool,Alisson Ramsés Becker,Goalkeeper,0,Tottenham Hotspur,Liverpool,14.9,36.2,,,,,,,,,,,12.4,31.1,0.0,,
07dd2869-d1ff-4295-a3b7-0d54b4ccc34b,Pass,85,35,2,Liverpool,Alisson Ramsés Becker,Goalkeeper,0,Tottenham Hotspur,Liverpool,12.4,31.1,Andrew Robertson,,,Low Pass,Keeper Arm,63.2,2.7,0.01082722,0.01473596,0.003908739999999999,,,,,
6abe4271-45f2-414b-a27c-71ad69f93a75,Ball Receipt*,85,38,2,Liverpool,Andrew Robertson,Left Back,0,Tottenham Hotspur,Liverpool,63.2,2.7,,,,,,,,,,,,,,,
54e18590-8710-49d7-a0e8-ea900fff9897,Carry,85,38,2,Liverpool,Andrew Robertson,Left Back,0,Tottenham Hotspur,Liverpool,63.2,2.7,,,,,,,,,,,85.3,5.8,0.006485330000000001,,
b571168a-7bd9-40ce-acfd-fdd3fef1f8c5,Pass,85,42,2,Liverpool,Andrew Robertson,Left Back,0,Tottenham Hotspur,Liverpool,85.3,5.8,Mohamed Salah,Incomplete,,High Pass,Left Foot,110.4,48.5,0.02122129,0.25745362,0.23623233,,,,,
4e2d2d5c-54dc-40f8-9b05-e6a41278d35b,Ball Receipt*,85,44,2,Liverpool,Mohamed Salah,Center Forward,0,Tottenham Hotspur,Liverpool,104.7,44.4,,,,,,,,,,,,,,,
984ecd86-4056-44b5-beba-fad5ba071ae6,Clearance,85,44,2,Tottenham Hotspur,Danny Rose,Left Back,1,Tottenham Hotspur,Liverpool,9.7,31.6,,,,,,,,,,,,,,,
f7b8be34-5f01-428d-96cb-80959d77736a,Pass,86,47,2,Liverpool,James Philip Milner,Right Midfield,0,Tottenham Hotspur,Liverpool,120.0,80.0,,Incomplete,Corner,High Pass,Right Foot,110.6,50.2,0.0379259,0.06442595,0.02650005,,,,,
85081959-79ee-4af0-b4c5-03baaded205f,Clearance,86,49,2,Tottenham Hotspur,Heung-Min Son,Left Midfield,1,Tottenham Hotspur,Liverpool,9.5,29.9,,,,,,,,,,,,,,,
e61623b3-a246-4399-adfe-bf1666a12fec,Ball Recovery,86,49,2,Liverpool,Virgil van Dijk,Left Center Back,0,Tottenham Hotspur,Liverpool,105.1,34.7,,,,,,,,,,,,,,,
b59370eb-a6e7-47e6-abc1-0f8f15d33b47,Shot,86,49,2,Liverpool,Virgil van Dijk,Left Center Back,0,Tottenham Hotspur,Liverpool,106.0,38.9,,,,,,,,,,,,,,0.061952036,Blocked
68bc2d79-1d55-4732-abb9-2faae7a7f997,Block,86,49,2,Tottenham Hotspur,Eric Dier,Left Center Midfield,0,Tottenham Hotspur,Liverpool,12.7,41.1,,,,,,,,,,,,,,,
4f3e3f13-cc75-4a6f-9514-513100e4d03c,Goal Keeper,86,50,2,Tottenham Hotspur,Hugo Lloris,Goalkeeper,0,Tottenham Hotspur,Liverpool,0.6,38.2,,,,,,,,,,,,,,,
82ab7481-59cb-4351-b4a8-fcc10875b1cf,Clearance,86,50,2,Tottenham Hotspur,Eric Dier,Left Center Midfield,1,Tottenham Hotspur,Liverpool,11.8,45.4,,,,,,,,,,,,,,,
adf3ff9f-667a-4753-908c-767c10a0349f,Duel,86,52,2,Liverpool,Virgil van Dijk,Left Center Back,1,Tottenham Hotspur,Liverpool,101.3,38.6,,,,,,,,,,,,,,,
ed437ab9-d3ab-4aab-bef2-4eb0bed676fd,Clearance,86,52,2,Tottenham Hotspur,Jan Vertonghen,Left Center Back,1,Tottenham Hotspur,Liverpool,18.8,41.5,,,,,,,,,,,,,,,
6e450004-fa48-4618-a8ba-61bb84060092,Pass,86,53,2,Liverpool,Joël Andre Job Matip,Right Center Back,0,Tottenham Hotspur,Liverpool,104.2,36.9,Divock Okoth Origi,,Recovery,Ground Pass,Right Foot,107.1,30.1,0.10805102,0.10805102,0.0,,,,,
132ae17a-066f-4c89-94f0-66fb5618a4e0,Ball Receipt*,86,53,2,Liverpool,Divock Okoth Origi,Left Center Midfield,0,Tottenham Hotspur,Liverpool,107.1,30.1,,,,,,,,,,,,,,,
71936f15-360e-4212-8614-62f34607f245,Carry,86,53,2,Liverpool,Divock Okoth Origi,Left Center Midfield,0,Tottenham Hotspur,Liverpool,107.1,30.1,,,,,,,,,,,106.1,31.6,0.0,,
cca34ecd-9dbc-44a1-94db-f244aba90b2f,Shot,86,54,2,Liverpool,Divock Okoth Origi,Left Center Midfield,0,Tottenham Hotspur,Liverpool,106.1,31.6,,,,,,,,,,,,,,0.077972755,Goal
127d709b-dc65-4d63-9357-4cb5b7cb1c54,Goal Keeper,86,55,2,Tottenham Hotspur,Hugo Lloris,Goalkeeper,0,Tottenham Hotspur,Liverpool,1.3,42.0,,,,,,,,,,,,,,,
3cc38935-5984-45ce-8485-8fe43300eada,Pass,88,10,2,Tottenham Hotspur,Heung-Min Son,Left Midfield,0,Tottenham Hotspur,Liverpool,61.0,40.1,Christian Dannemann Eriksen,,Kick Off,Ground Pass,Right Foot,37.0,36.9,0.01689528,0.01132376,-0.005571519999999998,,,,,
36ea1d65-e10e-452d-950f-c00b52116db1,Ball Receipt*,88,12,2,Tottenham Hotspur,Christian Dannemann Eriksen,Right Center Midfield,0,Tottenham Hotspur,Liverpool,37.0,36.9,,,,,,,,,,,,,,,
f831bed2-f6e5-407e-b1e9-4657030233a1,Pass,88,13,2,Tottenham Hotspur,Christian Dannemann Eriksen,Right Center Midfield,0,Tottenham Hotspur,Liverpool,37.0,36.9,Fernando Llorente Torres,Incomplete,,High Pass,Right Foot,90.3,19.8,0.01132376,0.02953272,0.01820896,,,,,
f5b85d54-a069-4b74-8137-1821195614dd,Ball Receipt*,88,17,2,Tottenham Hotspur,Fernando Llorente Torres,Right Center Forward,0,Tottenham Hotspur,Liverpool,89.1,20.8,,,,,,,,,,,,,,,
77389c5e-5fa8-4c33-815d-c58142cadbaa,Duel,88,17,2,Tottenham Hotspur,Fernando Llorente Torres,Right Center Forward,1,Tottenham Hotspur,Liverpool,90.3,19.8,,,,,,,,,,,,,,,
bd487de9-94ba-4c0b-9f4a-f27905966d42,Clearance,88,17,2,Liverpool,Joël Andre Job Matip,Right Center Back,1,Tottenham Hotspur,Liverpool,29.8,60.3,,,,,,,,,,,,,,,
b88649bb-56a3-4bc6-9445-d55ed5cae5e8,Block,88,17,2,Liverpool,James Philip Milner,Right Midfield,0,Tottenham Hotspur,Liverpool,31.3,59.6,,,,,,,,,,,,,,,
034381f0-6063-41cc-96e6-2bb13ba25927,Ball Recovery,88,18,2,Tottenham Hotspur,Danny Rose,Left Back,0,Tottenham Hotspur,Liverpool,75.0,17.6,,,,,,,,,,,,,,,
317dd7ff-7678-46cd-8462-5346fe838ab2,Carry,88,18,2,Tottenham Hotspur,Danny Rose,Left Back,1,Tottenham Hotspur,Liverpool,75.0,17.6,,,,,,,,,,,92.2,5.6,0.00885965,,
9446c80b-0920-4c5a-a387-d218c2794313,Pressure,88,18,2,Liverpool,James Philip Milner,Right Midfield,0,Tottenham Hotspur,Liverpool,40.7,61.7,,,,,,,,,,,,,,,
f215bb06-d846-4211-934e-e4f8c3e8e20a,Pressure,88,23,2,Liverpool,Jordan Brian Henderson,Right Center Midfield,0,Tottenham Hotspur,Liverpool,28.4,65.9,,,,,,,,,,,,,,,
10f0fb77-79ce-4248-92d9-a08bf8fa35c6,Pass,88,23,2,Tottenham Hotspur,Danny Rose,Left Back,1,Tottenham Hotspur,Liverpool,92.2,5.6,Fernando Llorente Torres,,,High Pass,Left Foot,107.2,31.1,0.02756312,0.10805102,0.0804879,,,,,
2a981b94-b356-44c4-9bf2-fb665594db3b,Ball Receipt*,88,24,2,Tottenham Hotspur,Fernando Llorente Torres,Right Center Forward,0,Tottenham Hotspur,Liverpool,107.2,31.1,,,,,,,,,,,,,,,
535168de-439d-472b-b2ea-b8f255b0171e,Carry,88,24,2,Tottenham Hotspur,Fernando Llorente Torres,Right Center Forward,0,Tottenham Hotspur,Liverpool,107.2,31.1,,,,,,,,,,,107.2,31.1,0.0,,
bbc624fb-9db6-4013-b6a3-3cdb6d39d754,Miscontrol,88,24,2,Tottenham Hotspur,Fernando Llorente Torres,Right Center Forward,0,Tottenham Hotspur,Liverpool,107.2,31.1,,,,,,,,,,,,,,,
bb0f9034-8c50-4796-90b0-c9b096cb8327,Substitution,88,58,2,Liverpool,Sadio Mané,Left Midfield,0,Tottenham Hotspur,Liverpool,,,,,,,,,,,,,,,,,
64341726-b47b-4a8e-b668-5617d8f2945d,Pass,89,33,2,Liverpool,Alisson Ramsés Becker,Goalkeeper,0,Tottenham Hotspur,Liverpool,6.0,44.0,,Incomplete,Goal Kick,High Pass,Right Foot,85.1,19.1,0.00941056,0.02401521,0.01460465,,,,,
fa52e409-cede-4e04-963b-4f9a3cf76a99,Pass,89,35,2,Tottenham Hotspur,Toby Alderweireld,Right Center Back,0,Tottenham Hotspur,Liverpool,35.0,61.0,,Incomplete,Recovery,High Pass,Head,51.4,48.3,0.0105949,0.01484598,0.004251079999999999,,,,,
df1583d0-f60c-4210-96ef-230a1b17aa4f,Pass,89,38,2,Liverpool,Jordan Brian Henderson,Right Center Midfield,0,Tottenham Hotspur,Liverpool,68.7,31.8,Divock Okoth Origi,,Recovery,High Pass,Head,80.0,26.3,0.01689528,0.0241224,0.00722712,,,,,
255a1a6c-6ae3-4060-96c2-f9724d9cb2b8,Ball Receipt*,89,39,2,Liverpool,Divock Okoth Origi,Left Center Midfield,0,Tottenham Hotspur,Liverpool,80.0,26.3,,,,,,,,,,,,,,,
c10cdc75-f9d8-431e-91f3-91b75002aa29,Pass,89,39,2,Liverpool,Divock Okoth Origi,Left Center Midfield,0,Tottenham Hotspur,Liverpool,80.5,25.5,Mohamed Salah,Pass Offside,,High Pass,Head,100.6,39.8,0.0241224,0.10805102,0.08392862,,,,,
3e53258c-ae95-487d-b0bc-8a1ed9341b0b,Ball Receipt*,89,40,2,Liverpool,Mohamed Salah,Center Forward,0,Tottenham Hotspur,Liverpool,100.6,39.8,,,,,,,,,,,,,,,
12f129ae-e387-4d22-81ef-a37943ed2ed0,Pass,89,51,2,Tottenham Hotspur,Hugo Lloris,Goalkeeper,0,Tottenham Hotspur,Liverpool,12.8,50.0,Kieran Trippier,,Free Kick,Ground Pass,Right Foot,33.5,65.7,0.00977745,0.0105949,0.0008174500000000008,,,,,
b397d19e-f868-4f1d-b676-7d5113071a65,Ball Receipt*,89,53,2,Tottenham Hotspur,Kieran Trippier,Right Back,0,Tottenham Hotspur,Liverpool,33.5,65.7,,,,,,,,,,,,,,,
9d4982b9-476a-465e-8a4b-8b943054130d,Tactical Shift,89,54,2,Liverpool,,,0,Tottenham Hotspur,Liverpool,,,,,,,,,,,,,,,,,
b1585ef5-ce04-402e-83f2-79d49721cb75,Pass,89,54,2,Tottenham Hotspur,Kieran Trippier,Right Back,0,Tottenham Hotspur,Liverpool,37.6,65.6,Christian Dannemann Eriksen,Incomplete,,High Pass,Right Foot,65.7,25.1,0.0105949,0.01685596,0.006261059999999999,,,,,
e7a95748-11fb-47b8-b42c-bee6f59dc8dc,Ball Receipt*,89,57,2,Tottenham Hotspur,Christian Dannemann Eriksen,Right Center Midfield,0,Tottenham Hotspur,Liverpool,71.7,30.7,,,,,,,,,,,,,,,
dda94e6d-864d-4a71-b44c-9fce1ed643ba,Pass,89,57,2,Liverpool,Trent Alexander-Arnold,Right Midfield,0,Tottenham Hotspur,Liverpool,54.4,55.0,Divock Okoth Origi,,Recovery,High Pass,Right Foot,58.6,34.7,0.01429128,0.01484598,0.0005547,,,,,
24786af0-8b2b-4b82-95ac-b9a1daa10a90,Ball Receipt*,89,58,2,Liverpool,Divock Okoth Origi,Left Center Midfield,0,Tottenham Hotspur,Liverpool,58.6,34.7,,,,,,,,,,,,,,,
ea2a3875-53e3-4dd8-8d78-b6deb8b9d1e4,Carry,89,58,2,Liverpool,Divock Okoth Origi,Left Center Midfield,0,Tottenham Hotspur,Liverpool,58.6,34.7,,,,,,,,,,,58.6,34.7,0.0,,
685a06ed-f15a-4163-91c6-dcf5df070cc0,Pass,89,58,2,Liverpool,Divock Okoth Origi,Left Center Midfield,0,Tottenham Hotspur,Liverpool,58.6,34.7,Mohamed Salah,Incomplete,,Low Pass,Right Foot,99.3,5.3,0.01484598,0.02756312,0.01271714,,,,,
ea469249-2fff-4502-80e6-1c1887a233c1,Ball Receipt*,90,3,2,Liverpool,Mohamed Salah,Center Forward,0,Tottenham Hotspur,Liverpool,76.6,30.6,,,,,,,,,,,,,,,
720e88dd-590d-4942-a884-9c6baad26bed,Ball Recovery,90,3,2,Tottenham Hotspur,Kieran Trippier,Right Back,0,Tottenham Hotspur,Liverpool,20.8,74.8,,,,,,,,,,,,,,,
87d3d912-dc62-477e-9009-089cf6a18d29,Carry,90,3,2,Tottenham Hotspur,Kieran Trippier,Right Back,0,Tottenham Hotspur,Liverpool,20.8,74.8,,,,,,,,,,,20.0,73.9,0.0,,
acc272e0-8c1d-4c8b-ac58-e390bf89e182,Pass,90,5,2,Tottenham Hotspur,Kieran Trippier,Right Back,0,Tottenham Hotspur,Liverpool,20.0,73.9,Hugo Lloris,,,Ground Pass,Left Foot,14.3,62.5,0.00844854,0.00878589,0.0003373500000000001,,,,,
6bcd823f-3419-4d98-ad4b-b18c21312c7d,Ball Receipt*,90,7,2,Tottenham Hotspur,Hugo Lloris,Goalkeeper,0,Tottenham Hotspur,Liverpool,14.3,62.5,,,,,,,,,,,,,,,
3d5169bb-8507-4616-ac8b-34e2e2e54e12,Carry,90,7,2,Tottenham Hotspur,Hugo Lloris,Goalkeeper,0,Tottenham Hotspur,Liverpool,14.3,62.5,,,,,,,,,,,23.9,59.4,0.001227150000000002,,
485a6dad-143c-45b4-92e4-bd3b80dfd001,Pass,90,10,2,Tottenham Hotspur,Hugo Lloris,Goalkeeper,0,Tottenham Hotspur,Liverpool,23.9,59.4,Fernando Llorente Torres,,,High Pass,Left Foot,89.6,43.4,0.01001304,0.02385149,0.01383845,,,,,
168797e7-b46e-4b1e-9fb7-8c9209d4745c,Ball Receipt*,90,14,2,Tottenham Hotspur,Fernando Llorente Torres,Right Center Forward,0,Tottenham Hotspur,Liverpool,89.6,43.4,,,,,,,,,,,,,,,
92701684-2f02-448a-8932-d5676079ef08,Pass,90,14,2,Tottenham Hotspur,Fernando Llorente Torres,Right Center Forward,1,Tottenham Hotspur,Liverpool,89.8,43.0,Christian Dannemann Eriksen,Incomplete,,High Pass,,75.8,26.8,0.02385149,0.01935132,-0.004500169999999998,,,,,
475abf52-2aca-4c12-87ae-109e04a71960,Duel,90,14,2,Liverpool,Virgil van Dijk,Left Center Back,1,Tottenham Hotspur,Liverpool,30.3,37.1,,,,,,,,,,,,,,,
8f742d5c-aa36-4b39-8c0f-57f442cc3c93,Ball Receipt*,90,17,2,Tottenham Hotspur,Christian Dannemann Eriksen,Right Center Midfield,0,Tottenham Hotspur,Liverpool,84.7,34.8,,,,,,,,,,,,,,,
294f22b8-bd27-4bdd-9294-0826576a9581,Pass,90,17,2,Liverpool,Trent Alexander-Arnold,Right Midfield,0,Tottenham Hotspur,Liverpool,44.3,53.3,Divock Okoth Origi,Incomplete,Recovery,High Pass,Right Foot,48.2,49.9,0.01269174,0.01262646,-6.527999999999916e-05,,,,,
401b5412-79ba-4d05-8cb0-3cd1f4cfd0fc,Ball Receipt*,90,17,2,Liverpool,Divock Okoth Origi,Left Center Midfield,0,Tottenham Hotspur,Liverpool,53.9,36.6,,,,,,,,,,,,,,,
f8944aeb-5e86-4cdb-8d85-dbdd2fc1606d,Block,90,17,2,Tottenham Hotspur,Eric Dier,Left Center Midfield,0,Tottenham Hotspur,Liverpool,71.9,30.2,,,,,,,,,,,,,,,
40144ac8-a5a8-46fe-a759-8c4c327a5c69,Pass,90,22,2,Tottenham Hotspur,Jan Vertonghen,Left Center Back,0,Tottenham Hotspur,Liverpool,35.8,7.7,Danny Rose,,Recovery,Ground Pass,Left Foot,47.1,4.6,0.00977659,0.01126267,0.001486080000000001,,,,,
4d16a763-bb5a-4ac1-aa03-d40b34c75550,Ball Receipt*,90,25,2,Tottenham Hotspur,Danny Rose,Left Back,0,Tottenham Hotspur,Liverpool,47.1,4.6,,,,,,,,,,,,,,,
f49aba10-6c61-4468-b817-033110a201ff,Carry,90,25,2,Tottenham Hotspur,Danny Rose,Left Back,0,Tottenham Hotspur,Liverpool,47.1,4.6,,,,,,,,,,,57.4,2.6,0.001220769999999999,,
160abe75-3f9f-4aed-98db-c7971710b61f,Pass,90,28,2,Tottenham Hotspur,Danny Rose,Left Back,0,Tottenham Hotspur,Liverpool,57.4,2.6,Eric Dier,,,Ground Pass,Left Foot,55.3,19.3,0.01248344,0.0138454,0.001361960000000001,,,,,
7c382e49-dd67-4240-a5f8-1afd15714074,Ball Receipt*,90,29,2,Tottenham Hotspur,Eric Dier,Left Center Midfield,0,Tottenham Hotspur,Liverpool,55.3,19.3,,,,,,,,,,,,,,,
ba818679-ade0-46b4-a644-18211bbbdd6f,Carry,90,29,2,Tottenham Hotspur,Eric Dier,Left Center Midfield,1,Tottenham Hotspur,Liverpool,55.3,19.3,,,,,,,,,,,56.9,18.8,0.0,,
a39690a2-d3ef-4e11-8d2a-bb6a1b52f60e,Pressure,90,30,2,Liverpool,Divock Okoth Origi,Left Center Midfield,0,Tottenham Hotspur,Liverpool,61.7,57.0,,,,,,,,,,,,,,,
b8b1fd38-e261-4f8e-9a00-9a4f921c8381,Pass,90,31,2,Tottenham Hotspur,Eric Dier,Left Center Midfield,1,Tottenham Hotspur,Liverpool,56.9,18.8,Fernando Llorente Torres,Incomplete,,High Pass,Left Foot,106.6,43.4,0.0138454,0.10805102,0.09420561999999999,,,,,
4f76a8d7-33e4-44a1-a05b-f3e171f10afd,Ball Receipt*,90,34,2,Tottenham Hotspur,Fernando Llorente Torres,Right Center Forward,0,Tottenham Hotspur,Liverpool,99.7,37.1,,,,,,,,,,,,,,,
c3ca4c44-07a1-4af3-86ca-111fd3feafd5,Goal Keeper,90,34,2,Liverpool,Alisson Ramsés Becker,Goalkeeper,0,Tottenham Hotspur,Liverpool,13.5,36.7,,,,,,,,,,,,,,,
1ae0a4bf-9914-4111-b5a9-27a4e392a4b9,Carry,90,34,2,Liverpool,Alisson Ramsés Becker,Goalkeeper,0,Tottenham Hotspur,Liverpool,13.5,36.7,,,,,,,,,,,16.5,40.0,0.0,,
174e204d-3ec6-4103-9016-ab96b37c17a1,Pass,90,49,2,Liverpool,Alisson Ramsés Becker,Goalkeeper,0,Tottenham Hotspur,Liverpool,16.5,40.0,Mohamed Salah,Incomplete,,High Pass,Drop Kick,79.8,60.1,0.01082722,0.01870347,0.00787625,,,,,
6ac13537-91c5-4c18-a878-5fbeccc0a36c,Ball Receipt*,90,54,2,Liverpool,Mohamed Salah,Center Forward,0,Tottenham Hotspur,Liverpool,83.7,56.0,,,,,,,,,,,,,,,
a2349067-4665-452e-bb43-f4f016ec7622,Pass,90,54,2,Tottenham Hotspur,Jan Vertonghen,Left Center Back,0,Tottenham Hotspur,Liverpool,40.3,20.0,,Incomplete,Recovery,High Pass,Head,70.7,4.9,0.01269174,0.0174506,0.00475886,,,,,
7ce6f2b0-c959-43ce-8fb2-a15afd2958aa,Ball Recovery,90,57,2,Liverpool,Joe Gomez,Right Back,0,Tottenham Hotspur,Liverpool,49.4,75.2,,,,,,,,,,,,,,,
ac007f87-03c6-4b1f-96ce-a869922e8c96,Pressure,90,57,2,Liverpool,Joe Gomez,Right Back,0,Tottenham Hotspur,Liverpool,47.4,76.5,,,,,,,,,,,,,,,
0d2b79fc-ff12-4a9b-90c5-136b796db4c6,Ball Recovery,90,58,2,Tottenham Hotspur,Harry Kane,Left Center Forward,0,Tottenham Hotspur,Liverpool,71.2,7.2,,,,,,,,,,,,,,,
72a6e44e-89d1-431e-840c-4694acaadc1a,Carry,90,58,2,Tottenham Hotspur,Harry Kane,Left Center Forward,1,Tottenham Hotspur,Liverpool,71.2,7.2,,,,,,,,,,,105.0,23.1,0.03746078,,
5b2fdd54-5094-49e3-b216-34f52825ebf1,Pressure,91,1,2,Liverpool,Joël Andre Job Matip,Right Center Back,0,Tottenham Hotspur,Liverpool,20.7,56.0,,,,,,,,,,,,,,,
ac82547b-be3f-4549-8ae5-e7bc08536b8d,Dispossessed,91,3,2,Tottenham Hotspur,Harry Kane,Left Center Forward,1,Tottenham Hotspur,Liverpool,105.0,23.1,,,,,,,,,,,,,,,
6173cce5-f6d5-4f90-82ee-0e316e38ffb5,Duel,91,3,2,Liverpool,Joël Andre Job Matip,Right Center Back,1,Tottenham Hotspur,Liverpool,15.1,57.0,,,,,,,,,,,,,,,
cc049550-3640-4a68-91c4-7625fbdf5333,Ball Recovery,91,4,2,Liverpool,Joe Gomez,Right Back,0,Tottenham Hotspur,Liverpool,3.0,55.5,,,,,,,,,,,,,,,
e705a491-4b49-422b-b140-627c2c58b842,Carry,91,4,2,Liverpool,Joe Gomez,Right Back,0,Tottenham Hotspur,Liverpool,3.0,55.5,,,,,,,,,,,3.0,57.7,0.0,,
200dbef2-95db-41cc-85c5-a474543f04a5,Pass,91,6,2,Liverpool,Joe Gomez,Right Back,0,Tottenham Hotspur,Liverpool,3.0,57.7,Mohamed Salah,Incomplete,,High Pass,Right Foot,62.7,61.3,0.0088799,0.01611813,0.007238230000000002,,,,,
1d6b37cf-177d-48b6-b05a-6f58e49ed5dc,Ball Receipt*,91,10,2,Liverpool,Mohamed Salah,Center Forward,0,Tottenham Hotspur,Liverpool,61.0,55.3,,,,,,,,,,,,,,,
9d25f1a8-e032-49a3-b659-8b9274848284,Clearance,91,10,2,Tottenham Hotspur,Jan Vertonghen,Left Center Back,1,Tottenham Hotspur,Liverpool,57.4,18.8,,,,,,,,,,,,,,,
966dc749-1bd6-4098-8032-65985307965d,Pass,91,12,2,Liverpool,Fábio Henrique Tavares,Center Defensive Midfield,0,Tottenham Hotspur,Liverpool,25.2,45.4,Divock Okoth Origi,Incomplete,Recovery,High Pass,Head,53.9,36.9,0.01016549,0.01484598,0.004680490000000001,,,,,
17c1912c-0c3b-440c-93ba-96e48736a356,Ball Receipt*,91,14,2,Liverpool,Divock Okoth Origi,Left Center Midfield,0,Tottenham Hotspur,Liverpool,46.3,53.6,,,,,,,,,,,,,,,
d2a5ed51-de28-4444-b330-9b42825b05c7,Ball Recovery,91,14,2,Tottenham Hotspur,Kieran Trippier,Right Back,0,Tottenham Hotspur,Liverpool,66.2,43.2,,,,,,,,,,,,,,,
c871bf27-359f-4377-8d7a-e7345fca49d7,Carry,91,14,2,Tottenham Hotspur,Kieran Trippier,Right Back,1,Tottenham Hotspur,Liverpool,66.2,43.2,,,,,,,,,,,63.0,39.1,0.0,,
d1e4405f-d0a4-4c68-930a-0b157fbd8bec,Pressure,91,15,2,Liverpool,Divock Okoth Origi,Left Center Midfield,0,Tottenham Hotspur,Liverpool,53.3,38.9,,,,,,,,,,,,,,,
d01c4f9a-dfb4-4e04-9e0f-c4904a040a32,Pass,91,15,2,Tottenham Hotspur,Kieran Trippier,Right Back,1,Tottenham Hotspur,Liverpool,63.0,39.1,Jan Vertonghen,,,Ground Pass,Right Foot,57.4,22.5,0.01689528,0.01429128,-0.002603999999999999,,,,,
dbecae15-9f6d-4b3d-ab02-e3848a4ddddb,Ball Receipt*,91,17,2,Tottenham Hotspur,Jan Vertonghen,Left Center Back,0,Tottenham Hotspur,Liverpool,57.4,22.5,,,,,,,,,,,,,,,
d4139973-ea4d-414a-9521-0fec690de2b8,Carry,91,17,2,Tottenham Hotspur,Jan Vertonghen,Left Center Back,0,Tottenham Hotspur,Liverpool,57.4,22.5,,,,,,,,,,,57.5,21.3,0.0,,
fde4009e-dcda-4bf7-89c5-7dfc8a4fe872,Pass,91,17,2,Tottenham Hotspur,Jan Vertonghen,Left Center Back,0,Tottenham Hotspur,Liverpool,57.5,21.3,Danny Rose,,,Ground Pass,Right Foot,65.1,7.7,0.01429128,0.01473596,0.0004446799999999994,,,,,
41a1046b-a6d6-4a59-aeeb-f8db5f25607d,Ball Receipt*,91,19,2,Tottenham Hotspur,Danny Rose,Left Back,0,Tottenham Hotspur,Liverpool,65.1,7.7,,,,,,,,,,,,,,,
650dcbc7-065e-4783-82da-4b41d7b181c9,Carry,91,19,2,Tottenham Hotspur,Danny Rose,Left Back,0,Tottenham Hotspur,Liverpool,65.1,7.7,,,,,,,,,,,68.3,12.8,0.001382170000000002,,
27183126-f89e-4b98-a368-4a48e619d0bd,Pass,91,21,2,Tottenham Hotspur,Danny Rose,Left Back,0,Tottenham Hotspur,Liverpool,68.3,12.8,Fernando Llorente Torres,,,High Pass,Left Foot,94.9,54.5,0.01611813,0.02855202,0.01243389,,,,,
b98b21f0-3064-479c-b6f5-f5b8effb3081,Ball Receipt*,91,23,2,Tottenham Hotspur,Fernando Llorente Torres,Right Center Forward,0,Tottenham Hotspur,Liverpool,94.9,54.5,,,,,,,,,,,,,,,
82713df5-1b8d-4274-8b03-ed244eaff5a5,Pass,91,23,2,Tottenham Hotspur,Fernando Llorente Torres,Right Center Forward,0,Tottenham Hotspur,Liverpool,94.9,54.8,Lucas Rodrigues Moura da Silva,Incomplete,,High Pass,Head,105.0,38.4,0.02855202,0.10805102,0.079499,,,,,
f5590150-f98e-4798-942e-826243392f92,Ball Receipt*,91,25,2,Tottenham Hotspur,Lucas Rodrigues Moura da Silva,Right Midfield,0,Tottenham Hotspur,Liverpool,103.6,45.9,,,,,,,,,,,,,,,
ceac114f-10b4-453d-a7c3-d1957960ed43,Clearance,91,25,2,Liverpool,Joël Andre Job Matip,Right Center Back,1,Tottenham Hotspur,Liverpool,15.1,41.7,,,,,,,,,,,,,,,
f1f325d3-a861-4556-b8b3-6feeac72fd77,Pass,91,44,2,Tottenham Hotspur,Kieran Trippier,Right Back,0,Tottenham Hotspur,Liverpool,120.0,80.0,Eric Dier,Incomplete,Corner,High Pass,Right Foot,112.4,45.1,0.0379259,0.25745362,0.21952772,,,,,
642fa07f-7424-4ef8-9128-bd6b0d36c4f1,Ball Receipt*,91,46,2,Tottenham Hotspur,Eric Dier,Left Center Midfield,0,Tottenham Hotspur,Liverpool,111.0,45.1,,,,,,,,,,,,,,,
e901e4c1-ba99-4b50-982d-05458e10388e,Duel,91,46,2,Tottenham Hotspur,Eric Dier,Left Center Midfield,1,Tottenham Hotspur,Liverpool,112.4,45.1,,,,,,,,,,,,,,,
f8d84aa5-9aa1-4c47-9664-90227f006719,Clearance,91,46,2,Liverpool,Joël Andre Job Matip,Right Center Back,1,Tottenham Hotspur,Liverpool,7.7,35.0,,,,,,,,,,,,,,,
96ffdeb1-8b34-410b-ae98-780ee733f6c8,Pressure,91,50,2,Liverpool,Trent Alexander-Arnold,Right Midfield,0,Tottenham Hotspur,Liverpool,22.1,64.7,,,,,,,,,,,,,,,
4ce88a95-b373-40ca-afde-9d024f0f8aac,Ball Recovery,91,50,2,Tottenham Hotspur,Danny Rose,Left Back,1,Tottenham Hotspur,Liverpool,96.8,12.5,,,,,,,,,,,,,,,
53e2b62b-9767-4438-aead-3a54caaffb8d,Carry,91,50,2,Tottenham Hotspur,Danny Rose,Left Back,1,Tottenham Hotspur,Liverpool,96.8,12.5,,,,,,,,,,,96.9,27.2,-0.0009806999999999975,,
c32e88ca-f722-4dd1-a346-30a66e2b428d,Shot,91,53,2,Tottenham Hotspur,Danny Rose,Left Back,0,Tottenham Hotspur,Liverpool,96.9,27.2,,,,,,,,,,,,,,0.026976045,Saved
f4c04697-567a-43db-973c-21f80f6b7eb2,Goal Keeper,91,54,2,Liverpool,Alisson Ramsés Becker,Goalkeeper,0,Tottenham Hotspur,Liverpool,2.4,40.9,,,,,,,,,,,,,,,
249ebeb0-7020-4db7-9e73-82f4269c7f60,Pass,92,10,2,Liverpool,Alisson Ramsés Becker,Goalkeeper,0,Tottenham Hotspur,Liverpool,14.4,35.7,,Incomplete,,High Pass,Drop Kick,87.2,9.9,0.01082722,0.02122129,0.01039407,,,,,
e4dbcae3-ca05-4bd2-b33c-645d3bf5f1fa,Ball Recovery,92,14,2,Tottenham Hotspur,Kieran Trippier,Right Back,0,Tottenham Hotspur,Liverpool,32.9,70.2,,,,,,,,,,,,,,,
3ebc886a-86dc-4557-8565-b9d442f7747f,Carry,92,14,2,Tottenham Hotspur,Kieran Trippier,Right Back,1,Tottenham Hotspur,Liverpool,32.9,70.2,,,,,,,,,,,25.8,72.8,-0.001328050000000001,,
0bcf9111-03a1-44c7-a10b-c774199136e6,Pressure,92,15,2,Liverpool,James Philip Milner,Left Midfield,0,Tottenham Hotspur,Liverpool,86.3,7.3,,,,,,,,,,,,,,,
ff92d262-4092-4ec9-a68c-d838a4b1298d,Pass,92,15,2,Tottenham Hotspur,Kieran Trippier,Right Back,1,Tottenham Hotspur,Liverpool,25.8,72.8,Fernando Llorente Torres,,,High Pass,Right Foot,71.4,48.2,0.00844854,0.0199707,0.01152216,,,,,
268d9702-86a0-42c8-ad70-82eadbb0e0ee,Ball Receipt*,92,18,2,Tottenham Hotspur,Fernando Llorente Torres,Right Center Forward,0,Tottenham Hotspur,Liverpool,71.4,48.2,,,,,,,,,,,,,,,
8125a1ee-2a15-4bef-887e-97127a07169e,Duel,92,18,2,Liverpool,Virgil van Dijk,Left Center Back,1,Tottenham Hotspur,Liverpool,48.7,31.9,,,,,,,,,,,,,,,
0155444d-9356-4894-92fd-7bea09893fd8,Pass,92,18,2,Tottenham Hotspur,Fernando Llorente Torres,Right Center Forward,1,Tottenham Hotspur,Liverpool,71.4,48.2,Harry Kane,,,Low Pass,,73.9,38.4,0.0199707,0.0199707,0.0,,,,,
f40bf0f7-b191-4038-9594-cc9a3ed14347,Ball Receipt*,92,19,2,Tottenham Hotspur,Harry Kane,Left Center Forward,0,Tottenham Hotspur,Liverpool,73.9,38.4,,,,,,,,,,,,,,,
cc779480-e887-4389-810a-21574908fc97,Carry,92,19,2,Tottenham Hotspur,Harry Kane,Left Center Forward,0,Tottenham Hotspur,Liverpool,73.9,38.4,,,,,,,,,,,74.8,38.1,0.0,,
afb81873-8ab5-4658-ad45-b78f765686ca,Pass,92,20,2,Tottenham Hotspur,Harry Kane,Left Center Forward,0,Tottenham Hotspur,Liverpool,74.8,38.1,Heung-Min Son,,,Ground Pass,Left Foot,89.1,24.1,0.0199707,0.0241224,0.004151699999999998,,,,,
af7fa499-97f3-418b-a585-78b13b362240,Ball Receipt*,92,21,2,Tottenham Hotspur,Heung-Min Son,Left Midfield,0,Tottenham Hotspur,Liverpool,89.1,24.1,,,,,,,,,,,,,,,
3432b702-8c82-4908-a982-faf2a9452bbb,Carry,92,21,2,Tottenham Hotspur,Heung-Min Son,Left Midfield,1,Tottenham Hotspur,Liverpool,89.1,24.1,,,,,,,,,,,104.5,24.8,0.03078898,,
54f2502a-452f-470b-ab30-33f93259118e,Pressure,92,22,2,Liverpool,Joe Gomez,Right Back,0,Tottenham Hotspur,Liverpool,27.9,54.0,,,,,,,,,,,,,,,
56488ac2-014c-46f8-a2f6-3e20f2e74d48,Shot,92,24,2,Tottenham Hotspur,Heung-Min Son,Left Midfield,0,Tottenham Hotspur,Liverpool,104.5,24.8,,,,,,,,,,,,,,0.05625648,Saved
faf0b33e-d0a8-405e-9227-9cb8126fb823,Goal Keeper,92,25,2,Liverpool,Alisson Ramsés Becker,Goalkeeper,0,Tottenham Hotspur,Liverpool,1.5,42.6,,,,,,,,,,,,,,,
9f249d2b-3c9e-4a63-97f8-defed787d323,Pass,92,43,2,Tottenham Hotspur,Christian Dannemann Eriksen,Right Center Midfield,0,Tottenham Hotspur,Liverpool,120.0,80.0,,Incomplete,Corner,High Pass,Right Foot,112.7,44.1,0.0379259,0.25745362,0.21952772,,,,,
b77381fa-0a18-4e54-9ae1-95dc2a8acffc,Clearance,92,44,2,Liverpool,Joël Andre Job Matip,Right Center Back,1,Tottenham Hotspur,Liverpool,7.4,36.0,,,,,,,,,,,,,,,
f6d40130-bbe1-420d-8a55-c9c9d8747f62,Pass,92,46,2,Tottenham Hotspur,Kieran Trippier,Right Back,0,Tottenham Hotspur,Liverpool,89.1,52.4,Danny Rose,,Recovery,Low Pass,Head,78.9,23.1,0.0241224,0.01935132,-0.004771079999999997,,,,,
2bc200c4-a41c-4b5e-bffc-7ee0c00f6431,Ball Receipt*,92,49,2,Tottenham Hotspur,Danny Rose,Left Back,0,Tottenham Hotspur,Liverpool,78.9,23.1,,,,,,,,,,,,,,,
4bc05dbe-0eca-4e99-a35a-05ce7da7c846,Carry,92,49,2,Tottenham Hotspur,Danny Rose,Left Back,0,Tottenham Hotspur,Liverpool,78.9,23.1,,,,,,,,,,,79.9,20.7,0.0,,
abdb3d70-26b6-497d-bb3f-778633de0383,Pass,92,50,2,Tottenham Hotspur,Danny Rose,Left Back,0,Tottenham Hotspur,Liverpool,79.9,20.7,Harry Kane,,,Low Pass,Left Foot,96.5,25.1,0.01935132,0.02855202,0.0092007,,,,,
21ed4f84-3657-4d2a-92d1-8d9adb5ec504,Pressure,92,50,2,Liverpool,Jordan Brian Henderson,Right Center Midfield,0,Tottenham Hotspur,Liverpool,35.7,54.7,,,,,,,,,,,,,,,
d1c71d15-51ac-48c8-893d-2e626f17eef2,Ball Receipt*,92,51,2,Tottenham Hotspur,Harry Kane,Left Center Forward,0,Tottenham Hotspur,Liverpool,96.5,25.1,,,,,,,,,,,,,,,
d2e3cb1d-f623-45b4-80dc-7a899802e292,Carry,92,51,2,Tottenham Hotspur,Harry Kane,Left Center Forward,1,Tottenham Hotspur,Liverpool,96.5,25.1,,,,,,,,,,,104.1,24.7,0.02635936,,
d1bbd64e-0b7e-4040-a165-248609df3199,Pressure,92,52,2,Liverpool,Divock Okoth Origi,Left Center Midfield,0,Tottenham Hotspur,Liverpool,21.4,53.3,,,,,,,,,,,,,,,
39be210f-9f22-4c0e-bdc1-aedba8e16911,Shot,92,53,2,Tottenham Hotspur,Harry Kane,Left Center Forward,0,Tottenham Hotspur,Liverpool,104.1,24.7,,,,,,,,,,,,,,0.05069226,Saved
dc27c00a-ca2c-49dd-9215-2bc8b951f080,Goal Keeper,92,54,2,Liverpool,Alisson Ramsés Becker,Goalkeeper,0,Tottenham Hotspur,Liverpool,,,,,,,,,,,,,,,,,
c32c0742-19de-44ef-9954-2c88f406fcdb,Pass,93,14,2,Liverpool,Alisson Ramsés Becker,Goalkeeper,0,Tottenham Hotspur,Liverpool,14.9,36.2,Mohamed Salah,Incomplete,,High Pass,Drop Kick,111.8,52.4,0.01082722,0.06442595,0.05359873,,,,,
df2ef8bb-372c-4bb8-b6b8-a514bd9e8c74,Ball Receipt*,93,19,2,Liverpool,Mohamed Salah,Center Forward,0,Tottenham Hotspur,Liverpool,79.1,32.1,,,,,,,,,,,,,,,
2731db8b-26d1-4a32-bdc3-1b4a4cb2a7f1,Ball Recovery,93,19,2,Tottenham Hotspur,Hugo Lloris,Goalkeeper,0,Tottenham Hotspur,Liverpool,8.3,27.7,,,,,,,,,,,,,,,
d428dc52-a627-42d5-85dc-9b8501be830c,Carry,93,19,2,Tottenham Hotspur,Hugo Lloris,Goalkeeper,0,Tottenham Hotspur,Liverpool,8.3,27.7,,,,,,,,,,,14.0,22.7,0.0008975500000000004,,
77c808b0-3b90-4d43-92c6-cb31f2fde4f9,Pass,93,20,2,Tottenham Hotspur,Hugo Lloris,Goalkeeper,0,Tottenham Hotspur,Liverpool,14.0,22.7,Jan Vertonghen,,,Ground Pass,Keeper Arm,29.7,21.5,0.00977745,0.01001304,0.0002355900000000008,,,,,
d0fa11cd-ef65-4bf8-8170-2364ce779037,Ball Receipt*,93,22,2,Tottenham Hotspur,Jan Vertonghen,Left Center Back,0,Tottenham Hotspur,Liverpool,29.7,21.5,,,,,,,,,,,,,,,
2e0539f4-dc4f-4279-9ee0-3a411c985d61,Carry,93,22,2,Tottenham Hotspur,Jan Vertonghen,Left Center Back,0,Tottenham Hotspur,Liverpool,29.7,21.5,,,,,,,,,,,36.9,22.5,0.00109158,,
4eb32bb0-3b89-47b9-b68b-a3302d13aa02,Pass,93,24,2,Tottenham Hotspur,Jan Vertonghen,Left Center Back,0,Tottenham Hotspur,Liverpool,36.9,22.5,Fernando Llorente Torres,,,High Pass,Left Foot,82.0,55.5,0.01110462,0.0241224,0.01301778,,,,,
a359c7dc-b579-4688-a1bc-d85c38c13132,Ball Receipt*,93,27,2,Tottenham Hotspur,Fernando Llorente Torres,Right Center Forward,0,Tottenham Hotspur,Liverpool,82.0,55.5,,,,,,,,,,,,,,,
405c01fb-9419-4a81-9436-547f66995408,Pass,93,28,2,Tottenham Hotspur,Fernando Llorente Torres,Right Center Forward,0,Tottenham Hotspur,Liverpool,82.0,55.5,Lucas Rodrigues Moura da Silva,,,Low Pass,Head,87.8,51.7,0.0241224,0.0241224,0.0,,,,,
38682f95-693b-4cbf-8307-10090cceafc0,Ball Receipt*,93,28,2,Tottenham Hotspur,Lucas Rodrigues Moura da Silva,Right Midfield,0,Tottenham Hotspur,Liverpool,87.8,51.7,,,,,,,,,,,,,,,
1f854cac-709d-48a8-8e27-97ed58abaf81,Carry,93,28,2,Tottenham Hotspur,Lucas Rodrigues Moura da Silva,Right Midfield,0,Tottenham Hotspur,Liverpool,87.8,51.7,,,,,,,,,,,85.0,50.5,0.0,,
041355a1-5efa-4f71-9948-ff34e2db8b89,Miscontrol,93,30,2,Tottenham Hotspur,Lucas Rodrigues Moura da Silva,Right Midfield,0,Tottenham Hotspur,Liverpool,85.0,50.5,,,,,,,,,,,,,,,
c282c7ba-707d-4e39-9f8f-6a0e92557733,Pressure,93,31,2,Tottenham Hotspur,Lucas Rodrigues Moura da Silva,Right Midfield,0,Tottenham Hotspur,Liverpool,84.4,50.0,,,,,,,,,,,,,,,
4de8289f-7e96-40b4-a0e1-96fdc1066e72,Clearance,93,31,2,Liverpool,Jordan Brian Henderson,Right Center Midfield,1,Tottenham Hotspur,Liverpool,38.5,33.5,,,,,,,,,,,,,,,
6c7ebd0d-5fd9-4d72-9e28-a9f264094a98,Pass,93,47,2,Tottenham Hotspur,Kieran Trippier,Right Back,0,Tottenham Hotspur,Liverpool,57.4,80.0,Toby Alderweireld,,Throw-in,High Pass,,43.5,62.3,0.01248344,0.01214719,-0.0003362499999999997,,,,,
adf2c584-bf18-4574-8a03-8d4bf617c3e3,Ball Receipt*,93,48,2,Tottenham Hotspur,Toby Alderweireld,Right Center Back,0,Tottenham Hotspur,Liverpool,43.5,62.3,,,,,,,,,,,,,,,
ac609154-030b-40ee-acc4-79ea6413dd18,Pass,93,48,2,Tottenham Hotspur,Toby Alderweireld,Right Center Back,0,Tottenham Hotspur,Liverpool,43.5,62.3,,Incomplete,,High Pass,Right Foot,93.6,34.0,0.01214719,0.03511326,0.02296607,,,,,
1a014c34-72fe-4d97-8527-bf5cd79bfca8,Clearance,93,50,2,Liverpool,Virgil van Dijk,Left Center Back,1,Tottenham Hotspur,Liverpool,26.5,46.1,,,,,,,,,,,,,,,
332b435e-d586-4fed-9f13-0f47b5c848e4,Ball Recovery,93,51,2,Tottenham Hotspur,Heung-Min Son,Left Midfield,0,Tottenham Hotspur,Liverpool,90.5,23.9,,,,,,,,,,,,,,,
c4e9c46a-b6cc-48dc-9da9-473f9d767b9b,Carry,93,51,2,Tottenham Hotspur,Heung-Min Son,Left Midfield,1,Tottenham Hotspur,Liverpool,90.5,23.9,,,,,,,,,,,89.5,26.1,-0.004429620000000002,,
835b2ca8-89fe-4365-945b-690b4c797dcb,Pressure,93,55,2,Liverpool,Jordan Brian Henderson,Right Center Midfield,0,Tottenham Hotspur,Liverpool,28.2,52.6,,,,,,,,,,,,,,,
c181c09f-021e-4620-9cf2-81638c448496,Pass,93,56,2,Tottenham Hotspur,Heung-Min Son,Left Midfield,1,Tottenham Hotspur,Liverpool,89.5,26.1,,Incomplete,,Ground Pass,Right Foot,96.5,29.5,0.0241224,0.02855202,0.004429620000000002,,,,,
dd7955ed-1221-4664-b15c-0d0e01a747e7,Block,93,57,2,Liverpool,Jordan Brian Henderson,Right Center Midfield,0,Tottenham Hotspur,Liverpool,23.6,50.6,,,,,,,,,,,,,,,
0fff0ac4-7af0-4f2a-acc3-48d5a3c0b571,Clearance,93,59,2,Liverpool,Joël Andre Job Matip,Right Center Back,1,Tottenham Hotspur,Liverpool,13.4,52.1,,,,,,,,,,,,,,,
68d6b991-4558-4e6e-879c-159ac6bbce35,Pressure,93,59,2,Tottenham Hotspur,Heung-Min Son,Left Midfield,0,Tottenham Hotspur,Liverpool,105.2,26.0,,,,,,,,,,,,,,,
be5281a2-e2ed-4dc3-b18f-c0ee13412323,Pass,94,2,2,Tottenham Hotspur,Danny Rose,Left Back,0,Tottenham Hotspur,Liverpool,93.4,0.1,Eric Dier,,Throw-in,High Pass,,89.8,6.7,0.02756312,0.02122129,-0.00634183,,,,,
130b8906-2e43-4447-8501-42f5a98cfa34,Ball Receipt*,94,4,2,Tottenham Hotspur,Eric Dier,Left Center Midfield,0,Tottenham Hotspur,Liverpool,89.8,6.7,,,,,,,,,,,,,,,
0edcb214-0e87-465b-af6b-501199c1538c,Carry,94,4,2,Tottenham Hotspur,Eric Dier,Left Center Midfield,0,Tottenham Hotspur,Liverpool,89.8,6.7,,,,,,,,,,,90.2,7.5,0.00634183,,
c061cdf5-daa0-444a-a7fd-c9b02cdbd449,Pass,94,6,2,Tottenham Hotspur,Eric Dier,Left Center Midfield,0,Tottenham Hotspur,Liverpool,90.2,7.5,Harry Kane,Incomplete,,High Pass,Right Foot,104.5,36.7,0.02756312,0.10805102,0.0804879,,,,,
4c9f52cb-77f3-40e0-ac08-ff95c03e4763,Ball Receipt*,94,7,2,Tottenham Hotspur,Harry Kane,Left Center Forward,0,Tottenham Hotspur,Liverpool,107.6,39.1,,,,,,,,,,,,,,,
ad2f613b-61ed-4465-849c-b2ffc4452ba4,Clearance,94,7,2,Liverpool,Fábio Henrique Tavares,Center Defensive Midfield,1,Tottenham Hotspur,Liverpool,15.6,43.4,,,,,,,,,,,,,,,
59918bd0-fec4-4076-90c9-2eae6efd3b15,Pressure,94,11,2,Liverpool,Mohamed Salah,Center Forward,0,Tottenham Hotspur,Liverpool,53.2,53.6,,,,,,,,,,,,,,,
5072da32-aa4c-40e9-a69a-0d58a8b1d468,Pass,94,12,2,Tottenham Hotspur,Jan Vertonghen,Left Center Back,1,Tottenham Hotspur,Liverpool,64.9,23.4,,Incomplete,Recovery,High Pass,Left Foot,89.5,34.3,0.01685596,0.02385149,0.00699553,,,,,
97f4fe1b-8724-4b3f-8442-0e82492043d2,Ball Recovery,94,14,2,Liverpool,Fábio Henrique Tavares,Center Defensive Midfield,0,Tottenham Hotspur,Liverpool,30.6,45.8,,,,,,,,,,,,,,,
3ae0390d-987b-4e0f-9480-932c3455efb9,Carry,94,14,2,Liverpool,Fábio Henrique Tavares,Center Defensive Midfield,0,Tottenham Hotspur,Liverpool,30.6,45.8,,,,,,,,,,,40.9,53.5,0.00136798,,
9fc4313e-77c6-4f22-9829-1c89e3e9b279,Pass,94,16,2,Liverpool,Fábio Henrique Tavares,Center Defensive Midfield,0,Tottenham Hotspur,Liverpool,40.9,53.5,Divock Okoth Origi,,,Ground Pass,Right Foot,55.2,57.4,0.01269174,0.01429128,0.00159954,,,,,
51f9e66b-0b64-4ae3-9b29-f5882314cb51,Ball Receipt*,94,17,2,Liverpool,Divock Okoth Origi,Left Center Midfield,0,Tottenham Hotspur,Liverpool,55.2,57.4,,,,,,,,,,,,,,,
7c0d1ca4-9f02-4ad8-86be-74dcf5400b86,Carry,94,17,2,Liverpool,Divock Okoth Origi,Left Center Midfield,0,Tottenham Hotspur,Liverpool,55.2,57.4,,,,,,,,,,,63.8,54.7,0.00256468,,
9cf63395-6b13-4c09-b47b-ebf859c42ae8,Pass,94,18,2,Liverpool,Divock Okoth Origi,Left Center Midfield,0,Tottenham Hotspur,Liverpool,63.8,54.7,Mohamed Salah,,,Ground Pass,Right Foot,96.4,72.6,0.01685596,0.02756312,0.01070716,,,,,
db1dd786-825a-4c3c-acea-ba63eb2fce27,Ball Receipt*,94,21,2,Liverpool,Mohamed Salah,Center Forward,0,Tottenham Hotspur,Liverpool,96.4,72.6,,,,,,,,,,,,,,,
bb8900b5-7455-46ea-ba8f-7d4d77fbe377,Carry,94,21,2,Liverpool,Mohamed Salah,Center Forward,0,Tottenham Hotspur,Liverpool,96.4,72.6,,,,,,,,,,,97.6,61.3,0.001969599999999998,,
59b0da20-114a-4d20-a0a9-6431e1fcb747,Pass,94,26,2,Liverpool,Mohamed Salah,Center Forward,0,Tottenham Hotspur,Liverpool,97.6,61.3,Divock Okoth Origi,,,Ground Pass,Left Foot,93.5,56.7,0.02953272,0.02855202,-0.0009806999999999975,,,,,
7c9e2d5e-0884-43b4-b40a-7ecd70e205a1,Ball Receipt*,94,27,2,Liverpool,Divock Okoth Origi,Left Center Midfield,0,Tottenham Hotspur,Liverpool,93.5,56.7,,,,,,,,,,,,,,,
7ace2d91-c120-47ff-9ca7-65290345feb1,Carry,94,27,2,Liverpool,Divock Okoth Origi,Left Center Midfield,0,Tottenham Hotspur,Liverpool,93.5,56.7,,,,,,,,,,,93.5,56.7,0.0,,
5f5322d0-d4ea-44be-9135-73177508ff46,Pass,94,27,2,Liverpool,Divock Okoth Origi,Left Center Midfield,0,Tottenham Hotspur,Liverpool,93.5,56.7,Mohamed Salah,Out,,High Pass,Right Foot,119.8,55.5,0.02855202,0.06442595,0.03587393,,,,,
487deb55-b681-4631-969e-ca489e9c69b9,Ball Receipt*,94,31,2,Liverpool,Mohamed Salah,Center Forward,0,Tottenham Hotspur,Liverpool,100.5,59.3,,,,,,,,,,,,,,,
537ffa8f-c29a-487b-b5d3-828badf80c76,Pass,94,35,2,Tottenham Hotspur,Hugo Lloris,Goalkeeper,0,Tottenham Hotspur,Liverpool,7.0,36.1,Toby Alderweireld,,Goal Kick,High Pass,Left Foot,22.2,54.1,0.00941056,0.01001304,0.0006024800000000007,,,,,
5159fad0-2628-4919-9860-8fad19fc71f1,Ball Receipt*,94,37,2,Tottenham Hotspur,Toby Alderweireld,Right Center Back,0,Tottenham Hotspur,Liverpool,22.2,54.1,,,,,,,,,,,,,,,
1bcd7e87-ea20-44f9-bf3c-82e30f113b57,Pass,94,42,2,Tottenham Hotspur,Toby Alderweireld,Right Center Back,0,Tottenham Hotspur,Liverpool,22.2,54.1,Fernando Llorente Torres,Incomplete,,High Pass,Left Foot,80.4,28.2,0.01001304,0.0241224,0.01410936,,,,,
5a1c38d1-5195-4722-9b51-2d324ed2d042,Ball Receipt*,94,44,2,Tottenham Hotspur,Fernando Llorente Torres,Right Center Forward,0,Tottenham Hotspur,Liverpool,78.9,28.2,,,,,,,,,,,,,,,
f988a1e5-2152-4cf4-a2ce-9d9e65607ad0,Duel,94,44,2,Tottenham Hotspur,Fernando Llorente Torres,Right Center Forward,1,Tottenham Hotspur,Liverpool,80.4,28.2,,,,,,,,,,,,,,,
f63b45b8-83d8-403c-b950-eb995803b89a,Pass,94,44,2,Liverpool,Joël Andre Job Matip,Right Center Back,1,Tottenham Hotspur,Liverpool,39.7,51.9,Trent Alexander-Arnold,,Recovery,High Pass,,56.4,59.3,0.01110462,0.01429128,0.003186659999999999,,,,,
265b5fcd-aff6-4092-820f-eb10b4625ade,Ball Receipt*,94,46,2,Liverpool,Trent Alexander-Arnold,Right Midfield,0,Tottenham Hotspur,Liverpool,56.4,59.3,,,,,,,,,,,,,,,
f45ba1ef-aab6-43ab-98d5-19edaf8e3190,Carry,94,46,2,Liverpool,Trent Alexander-Arnold,Right Midfield,0,Tottenham Hotspur,Liverpool,56.4,59.3,,,,,,,,,,,56.4,59.3,0.0,,
7d6d31bc-c05d-4b24-bdd6-0e65b186c864,Pass,94,47,2,Liverpool,Trent Alexander-Arnold,Right Midfield,0,Tottenham Hotspur,Liverpool,56.4,59.3,,Out,,High Pass,Right Foot,96.9,79.8,0.01429128,0.02756312,0.01327184,,,,,
3b5e7262-9bfc-4283-af7e-a5248489cc6b,Pass,94,54,2,Tottenham Hotspur,Jan Vertonghen,Left Center Back,0,Tottenham Hotspur,Liverpool,22.0,0.1,Hugo Lloris,,Throw-in,High Pass,,8.2,20.7,0.00844854,0.0088799,0.0004313600000000004,,,,,
69f61217-9d24-4ada-ac32-e5e962838728,Ball Receipt*,94,56,2,Tottenham Hotspur,Hugo Lloris,Goalkeeper,0,Tottenham Hotspur,Liverpool,8.2,20.7,,,,,,,,,,,,,,,
5ab3545e-9469-48d3-8475-0b556962860b,Half End,95,0,2,Liverpool,,,0,Tottenham Hotspur,Liverpool,,,,,,,,,,,,,,,,,
dd2d7d73-ddd4-49ec-9d34-7425a9c686bd,Half End,95,0,2,Tottenham Hotspur,,,0,Tottenham Hotspur,Liverpool,,,,,,,,,,,,,,,,,
