event_id,event_type,minute,second,period,team_name,player_name,position_name,under_pressure,home_team,away_team,location_0,location_1,pass_recipient_name,pass_outcome_name,pass_type_name,pass_height_name,pass_body_part_name,pass_end_location_0,pass_end_location_1,start_xt,end_xt,xt_added,carry_end_location_0,carry_end_location_1,carry_xt_added,shot_statsbomb_xg,shot_outcome_name
5eee3ffd-f0c0-4532-868b-4a66cbf20cb8,Starting XI,0,0,1,Real Madrid,,,0,Real Madrid,Liverpool,,,,,,,,,,,,,,,,,
eaa65a92-02d3-4375-b2b7-7c2f679a620c,Starting XI,0,0,1,Liverpool,,,0,Real Madrid,Liverpool,,,,,,,,,,,,,,,,,
9c82d2e5-ebba-4825-b7f9-b11b04433ed8,Half Start,0,0,1,Real Madrid,,,0,Real Madrid,Liverpool,,,,,,,,,,,,,,,,,
b791047a-3eea-452f-b3a9-212bd40cd7cb,Half Start,0,0,1,Liverpool,,,0,Real Madrid,Liverpool,,,,,,,,,,,,,,,,,
25be91a5-a084-42cb-8cc1-a0fe7b0f52f9,Pass,0,0,1,Liverpool,James Philip Milner,Left Center Midfield,0,Real Madrid,Liverpool,60.0,40.0,Dejan Lovren,,Kick Off,Ground Pass,Right Foot,32.1,41.2,0.01689528,0.01132376,-0.005571519999999998,,,,,
e1a3ac58-89f3-42c7-aacc-1592ad5ab8f3,Ball Receipt*,0,2,1,Liverpool,Dejan Lovren,Right Center Back,0,Real Madrid,Liverpool,32.1,41.2,,,,,,,,,,,,,,,
01f18938-3665-4e77-8237-3a8c927d48ec,Carry,0,2,1,Liverpool,Dejan Lovren,Right Center Back,0,Real Madrid,Liverpool,32.1,41.2,,,,,,,,,,,35.0,40.8,0.0,,
b544eb38-7cc9-4cb5-99e9-ebac4fce9eb9,Pass,0,3,1,Liverpool,Dejan Lovren,Right Center Back,0,Real Madrid,Liverpool,35.0,40.8,Roberto Firmino Barbosa de Oliveira,Incomplete,,High Pass,Right Foot,92.7,22.7,0.01132376,0.02855202,0.01722826,,,,,
ae5939bf-8467-4dfa-95df-ebba7c70d4c8,Ball Receipt*,0,7,1,Liverpool,Roberto Firmino Barbosa de Oliveira,Center Forward,0,Real Madrid,Liverpool,86.3,24.1,,,,,,,,,,,,,,,
ad23249c-f7da-4e2d-aa13-8a13df1afc57,Ball Recovery,0,7,1,Real Madrid,Raphaël Varane,Right Center Back,0,Real Madrid,Liverpool,27.4,57.4,,,,,,,,,,,,,,,
45db4f3e-3390-4ddb-a3a2-15ea27f2914e,Carry,0,7,1,Real Madrid,Raphaël Varane,Right Center Back,0,Real Madrid,Liverpool,27.4,57.4,,,,,,,,,,,27.4,60.2,-0.0005892200000000014,,
192c9629-1703-40ab-8498-cab869cf0144,Pass,0,8,1,Real Madrid,Raphaël Varane,Right Center Back,0,Real Madrid,Liverpool,27.4,60.2,Luka Modrić,,,High Pass,Right Foot,36.1,71.6,0.00942382,0.00977659,0.0003527700000000005,,,,,
b9d35239-8e68-4d04-a74d-ec653114de99,Pressure,0,8,1,Liverpool,James Philip Milner,Left Center Midfield,0,Real Madrid,Liverpool,82.3,8.2,,,,,,,,,,,,,,,
a88801db-695b-4a7e-ac98-48a2e1b8b61c,Ball Receipt*,0,9,1,Real Madrid,Luka Modrić,Right Center Midfield,1,Real Madrid,Liverpool,36.1,71.6,,,,,,,,,,,,,,,
e3eed1ed-298a-4807-96e4-a55e60a50e07,Carry,0,9,1,Real Madrid,Luka Modrić,Right Center Midfield,1,Real Madrid,Liverpool,36.1,71.6,,,,,,,,,,,35.3,75.4,0.0,,
5016d9e2-20f6-4d4b-a19f-3c7d5999c8d4,Pressure,0,10,1,Liverpool,Sadio Mané,Left Wing,0,Real Madrid,Liverpool,93.0,5.4,,,,,,,,,,,,,,,
599fb72e-8baf-4d5b-815e-7beb8c54e6af,Pass,0,10,1,Real Madrid,Luka Modrić,Right Center Midfield,1,Real Madrid,Liverpool,35.3,75.4,Daniel Carvajal Ramos,,,Low Pass,Right Foot,22.4,76.6,0.00977659,0.00844854,-0.001328050000000001,,,,,
77afbacb-6fe9-47a2-857b-98c47a785e6a,Ball Receipt*,0,11,1,Real Madrid,Daniel Carvajal Ramos,Right Back,0,Real Madrid,Liverpool,22.4,76.6,,,,,,,,,,,,,,,
16636d59-a117-4de8-8b89-b5428f041852,Carry,0,11,1,Real Madrid,Daniel Carvajal Ramos,Right Back,0,Real Madrid,Liverpool,22.4,76.6,,,,,,,,,,,22.3,76.6,0.0,,
bea53e5b-5a58-4771-a8a6-8b385a10354a,Pass,0,11,1,Real Madrid,Daniel Carvajal Ramos,Right Back,0,Real Madrid,Liverpool,22.3,76.6,Carlos Henrique Casimiro,,,Low Pass,Right Foot,33.4,68.0,0.00844854,0.0105949,0.002146360000000002,,,,,
9706865e-081d-42a1-b822-4395919e6fe4,Ball Receipt*,0,12,1,Real Madrid,Carlos Henrique Casimiro,Center Defensive Midfield,0,Real Madrid,Liverpool,33.4,68.0,,,,,,,,,,,,,,,
5ece069a-0fc3-4d34-963d-d808f5dede63,Carry,0,12,1,Real Madrid,Carlos Henrique Casimiro,Center Defensive Midfield,1,Real Madrid,Liverpool,33.4,68.0,,,,,,,,,,,36.2,75.3,-0.0008183100000000009,,
f05cd46d-5f60-46e4-847d-0931c53e3c83,Pressure,0,13,1,Liverpool,James Philip Milner,Left Center Midfield,0,Real Madrid,Liverpool,83.0,12.7,,,,,,,,,,,,,,,
33a46306-2305-493d-869a-f6e846aff3b3,Pass,0,15,1,Real Madrid,Carlos Henrique Casimiro,Center Defensive Midfield,0,Real Madrid,Liverpool,36.2,75.3,Karim Benzema,Incomplete,,Ground Pass,Right Foot,43.6,62.0,0.00977659,0.01214719,0.0023706,,,,,
800d3daa-3315-4c4f-ab9c-7c6bfeaf4561,Ball Receipt*,0,16,1,Real Madrid,Karim Benzema,Right Center Forward,0,Real Madrid,Liverpool,47.7,60.6,,,,,,,,,,,,,,,
d5f3f8fb-4907-4955-9232-36b31377fa6b,Pass,0,16,1,Liverpool,Jordan Brian Henderson,Center Defensive Midfield,0,Real Madrid,Liverpool,76.5,18.1,Sadio Mané,,Recovery,Low Pass,Right Foot,84.8,9.5,0.01870347,0.02122129,0.00251782,,,,,
aaf04dc4-0a92-4ec3-9c28-74cdd2cdaffa,Pressure,0,17,1,Real Madrid,Luka Modrić,Right Center Midfield,0,Real Madrid,Liverpool,35.7,64.2,,,,,,,,,,,,,,,
d050b66a-4242-407e-88d3-57678c4a2f2f,Ball Receipt*,0,18,1,Liverpool,Sadio Mané,Left Wing,0,Real Madrid,Liverpool,84.8,9.5,,,,,,,,,,,,,,,
d696c83c-7d48-48fe-a913-57252c85ea75,Pass,0,18,1,Liverpool,Sadio Mané,Left Wing,0,Real Madrid,Liverpool,84.4,10.0,Roberto Firmino Barbosa de Oliveira,,,Ground Pass,Right Foot,92.5,19.1,0.02401521,0.02953272,0.00551751,,,,,
326aa52f-8e70-4d26-81c7-17d0bc2351d0,Ball Receipt*,0,19,1,Liverpool,Roberto Firmino Barbosa de Oliveira,Center Forward,0,Real Madrid,Liverpool,92.5,19.1,,,,,,,,,,,,,,,
09330562-4685-4aa0-8d39-531578982408,Carry,0,19,1,Liverpool,Roberto Firmino Barbosa de Oliveira,Center Forward,0,Real Madrid,Liverpool,92.5,19.1,,,,,,,,,,,91.6,21.3,-0.0009806999999999975,,
99e8e723-adb9-4122-a243-e362637c0f2c,Pass,0,19,1,Liverpool,Roberto Firmino Barbosa de Oliveira,Center Forward,0,Real Madrid,Liverpool,91.6,21.3,Mohamed Salah,,,Ground Pass,Right Foot,90.6,50.7,0.02855202,0.02855202,0.0,,,,,
b172b270-1fe7-4f6e-815f-2e614b5712fb,Ball Receipt*,0,21,1,Liverpool,Mohamed Salah,Right Wing,0,Real Madrid,Liverpool,90.6,50.7,,,,,,,,,,,,,,,
0a8c9fd1-6ccf-475b-bda4-10a1354a291b,Carry,0,21,1,Liverpool,Mohamed Salah,Right Wing,1,Real Madrid,Liverpool,90.6,50.7,,,,,,,,,,,92.2,50.9,0.0,,
c226bb16-4abb-4db6-8a63-681db880ae33,Pressure,0,21,1,Real Madrid,Marcelo Vieira da Silva Júnior,Left Back,0,Real Madrid,Liverpool,28.5,25.9,,,,,,,,,,,,,,,
cc824be3-a815-458b-a74a-90a74923747e,Pass,0,22,1,Liverpool,Mohamed Salah,Right Wing,0,Real Madrid,Liverpool,92.2,50.9,Sadio Mané,Incomplete,,Ground Pass,Left Foot,109.7,46.4,0.02855202,0.10805102,0.079499,,,,,
27347e26-367e-4cb8-9075-c53bf830de6c,Pressure,0,23,1,Liverpool,Sadio Mané,Left Wing,0,Real Madrid,Liverpool,104.0,43.6,,,,,,,,,,,,,,,
f5f0e1c8-450a-4010-9cf1-9e7a10ca3a7b,Ball Receipt*,0,23,1,Liverpool,Sadio Mané,Left Wing,0,Real Madrid,Liverpool,108.8,46.7,,,,,,,,,,,,,,,
01fdea98-3b10-4581-9ed3-a7cbd041a270,Clearance,0,23,1,Real Madrid,Raphaël Varane,Right Center Back,1,Real Madrid,Liverpool,10.4,33.7,,,,,,,,,,,,,,,
30d3b44c-c609-4a3c-8ea9-0967913c6e87,Pass,0,25,1,Real Madrid,Sergio Ramos García,Left Center Back,0,Real Madrid,Liverpool,14.7,23.2,Cristiano Ronaldo dos Santos Aveiro,Incomplete,Recovery,High Pass,Left Foot,56.7,6.2,0.00977745,0.01248344,0.00270599,,,,,
6657a51c-5d16-48f8-b335-437bbccae9d6,Pressure,0,27,1,Liverpool,Dejan Lovren,Right Center Back,0,Real Madrid,Liverpool,62.1,71.0,,,,,,,,,,,,,,,
b1fad76d-80a1-4776-92b0-d3e5e0c95c43,Ball Receipt*,0,28,1,Real Madrid,Cristiano Ronaldo dos Santos Aveiro,Left Center Forward,0,Real Madrid,Liverpool,56.7,5.9,,,,,,,,,,,,,,,
c4485534-45a0-48e0-b941-afa2d7c60ff7,Foul Won,0,28,1,Real Madrid,Cristiano Ronaldo dos Santos Aveiro,Left Center Forward,0,Real Madrid,Liverpool,57.5,4.6,,,,,,,,,,,,,,,
779726cc-ac71-41a8-9de4-0a698b4579a3,Foul Committed,0,28,1,Liverpool,Dejan Lovren,Right Center Back,0,Real Madrid,Liverpool,62.6,75.5,,,,,,,,,,,,,,,
fede6296-1b7f-4373-9ae3-5b00939ba951,Pass,0,40,1,Real Madrid,Marcelo Vieira da Silva Júnior,Left Back,0,Real Madrid,Liverpool,57.5,4.6,Carlos Henrique Casimiro,,Free Kick,High Pass,Right Foot,49.2,15.6,0.01248344,0.01214719,-0.0003362499999999997,,,,,
893ede62-4203-40ff-bd0b-43bce14b7c06,Ball Receipt*,0,42,1,Real Madrid,Carlos Henrique Casimiro,Center Defensive Midfield,0,Real Madrid,Liverpool,49.2,15.6,,,,,,,,,,,,,,,
c505ce03-0f72-4a92-87bc-08bb2becc7cb,Pass,0,43,1,Real Madrid,Carlos Henrique Casimiro,Center Defensive Midfield,0,Real Madrid,Liverpool,48.8,18.4,Toni Kroos,,,Ground Pass,Right Foot,49.8,12.5,0.01214719,0.01214719,0.0,,,,,
7edb2efe-7c19-4b42-ae37-778c386a778a,Ball Receipt*,0,44,1,Real Madrid,Toni Kroos,Left Center Midfield,0,Real Madrid,Liverpool,49.8,12.5,,,,,,,,,,,,,,,
e71393ec-c626-4825-8377-83b764649436,Carry,0,44,1,Real Madrid,Toni Kroos,Left Center Midfield,0,Real Madrid,Liverpool,49.8,12.5,,,,,,,,,,,48.8,13.9,0.0,,
50de28cc-1395-4083-8bc4-33d0e25c7975,Pass,0,46,1,Real Madrid,Toni Kroos,Left Center Midfield,0,Real Madrid,Liverpool,48.8,13.9,Raphaël Varane,,,Ground Pass,Right Foot,36.1,56.3,0.01214719,0.01110462,-0.00104257,,,,,
b513f5f8-3098-4d0f-a645-46a536695339,Ball Receipt*,0,48,1,Real Madrid,Raphaël Varane,Right Center Back,0,Real Madrid,Liverpool,36.1,56.3,,,,,,,,,,,,,,,
82f948ab-f2a5-4dff-924f-443ff809a993,Carry,0,48,1,Real Madrid,Raphaël Varane,Right Center Back,0,Real Madrid,Liverpool,36.1,56.3,,,,,,,,,,,41.3,54.8,0.001587119999999999,,
16e51768-1721-44e7-a423-7d2280719212,Pass,0,52,1,Real Madrid,Raphaël Varane,Right Center Back,0,Real Madrid,Liverpool,41.3,54.8,Sergio Ramos García,,,Ground Pass,Right Foot,34.4,40.2,0.01269174,0.01132376,-0.00136798,,,,,
4a2545f0-ebf2-4e40-bc68-85bf74beaf27,Ball Receipt*,0,54,1,Real Madrid,Sergio Ramos García,Left Center Back,0,Real Madrid,Liverpool,34.4,40.2,,,,,,,,,,,,,,,
59794c83-46b3-40ec-89dd-d8b4558101d0,Carry,0,54,1,Real Madrid,Sergio Ramos García,Left Center Back,0,Real Madrid,Liverpool,34.4,40.2,,,,,,,,,,,39.1,36.5,0.0,,
0f17b787-6048-4fd4-846a-891796ed5aff,Pass,0,55,1,Real Madrid,Sergio Ramos García,Left Center Back,0,Real Madrid,Liverpool,39.1,36.5,Cristiano Ronaldo dos Santos Aveiro,,,Low Pass,Right Foot,65.4,13.1,0.01132376,0.01611813,0.004794370000000001,,,,,
29ca0f50-0a2e-4a29-bad1-0654729b7232,Ball Receipt*,0,57,1,Real Madrid,Cristiano Ronaldo dos Santos Aveiro,Left Center Forward,0,Real Madrid,Liverpool,65.4,13.1,,,,,,,,,,,,,,,
5b087813-31ad-456c-a869-59ad738bd919,Carry,0,57,1,Real Madrid,Cristiano Ronaldo dos Santos Aveiro,Left Center Forward,0,Real Madrid,Liverpool,65.4,13.1,,,,,,,,,,,64.5,11.1,0.0,,
53370501-b2ab-4f2f-940c-18cbe34a32d8,Pass,0,58,1,Real Madrid,Cristiano Ronaldo dos Santos Aveiro,Left Center Forward,0,Real Madrid,Liverpool,64.5,11.1,Marcelo Vieira da Silva Júnior,,,Ground Pass,Right Foot,54.2,5.6,0.01611813,0.01248344,-0.003634690000000001,,,,,
94b852ad-c2ee-40de-a6f2-6d55a87f6d8a,Ball Receipt*,0,58,1,Real Madrid,Marcelo Vieira da Silva Júnior,Left Back,0,Real Madrid,Liverpool,54.2,5.6,,,,,,,,,,,,,,,
e8069a09-4efb-453a-8481-81644781d5c2,Carry,0,58,1,Real Madrid,Marcelo Vieira da Silva Júnior,Left Back,0,Real Madrid,Liverpool,54.2,5.6,,,,,,,,,,,55.3,5.5,0.0,,
009a463e-9a89-4c36-ad27-9bd159cb6e7d,Pass,0,59,1,Real Madrid,Marcelo Vieira da Silva Júnior,Left Back,0,Real Madrid,Liverpool,55.3,5.5,Karim Benzema,,,Low Pass,Left Foot,83.9,4.3,0.01248344,0.02122129,0.00873785,,,,,
8a0c0812-4f8a-4283-b456-20ddc819c3e9,Ball Receipt*,1,0,1,Real Madrid,Karim Benzema,Right Center Forward,0,Real Madrid,Liverpool,83.9,4.3,,,,,,,,,,,,,,,
04b7b051-f3dd-419d-8ddd-e6b77e8fa055,Carry,1,0,1,Real Madrid,Karim Benzema,Right Center Forward,0,Real Madrid,Liverpool,83.9,4.3,,,,,,,,,,,84.2,4.3,0.0,,
468494da-2f85-4d0a-9d29-106366fe3f43,Pass,1,2,1,Real Madrid,Karim Benzema,Right Center Forward,0,Real Madrid,Liverpool,84.2,4.3,Cristiano Ronaldo dos Santos Aveiro,,,Ground Pass,Right Foot,76.9,4.3,0.02122129,0.0174506,-0.00377069,,,,,
62a345f8-3a37-48cb-897d-2cd42512424a,Ball Receipt*,1,2,1,Real Madrid,Cristiano Ronaldo dos Santos Aveiro,Left Center Forward,0,Real Madrid,Liverpool,76.9,4.3,,,,,,,,,,,,,,,
06950d6a-2cd6-4153-9b1b-ccc0cdfbff5c,Carry,1,2,1,Real Madrid,Cristiano Ronaldo dos Santos Aveiro,Left Center Forward,1,Real Madrid,Liverpool,76.9,4.3,,,,,,,,,,,77.7,4.6,0.0,,
51ae17d8-904d-4cd1-b41e-d9ac7ca7612c,Pressure,1,2,1,Liverpool,Georginio Wijnaldum,Right Center Midfield,0,Real Madrid,Liverpool,43.4,73.9,,,,,,,,,,,,,,,
3635c1a0-e72e-4b2e-8d07-e0c3faa2a9d0,Miscontrol,1,4,1,Real Madrid,Cristiano Ronaldo dos Santos Aveiro,Left Center Forward,1,Real Madrid,Liverpool,77.7,4.6,,,,,,,,,,,,,,,
e60b5157-c12b-402f-bd73-a27ccc84ab24,Pressure,1,5,1,Real Madrid,Cristiano Ronaldo dos Santos Aveiro,Left Center Forward,0,Real Madrid,Liverpool,76.3,4.6,,,,,,,,,,,,,,,
c2b26bfd-504e-4a3c-a9a5-59228dfb4e87,Ball Recovery,1,5,1,Liverpool,Mohamed Salah,Right Wing,1,Real Madrid,Liverpool,49.3,75.1,,,,,,,,,,,,,,,
251d052d-5cea-4eb9-9533-b62420f1091c,Carry,1,5,1,Liverpool,Mohamed Salah,Right Wing,1,Real Madrid,Liverpool,49.3,75.1,,,,,,,,,,,49.3,75.1,0.0,,
b4c866b8-dc0d-4522-83c9-488219da9237,Dispossessed,1,5,1,Liverpool,Mohamed Salah,Right Wing,1,Real Madrid,Liverpool,49.3,75.1,,,,,,,,,,,,,,,
60c56000-708f-4b91-8a5d-b7e0ade09370,Duel,1,5,1,Real Madrid,Cristiano Ronaldo dos Santos Aveiro,Left Center Forward,1,Real Madrid,Liverpool,70.8,5.0,,,,,,,,,,,,,,,
f75d69df-aa80-411c-9b2f-6ebfe7fb88cc,Carry,1,5,1,Real Madrid,Cristiano Ronaldo dos Santos Aveiro,Left Center Forward,1,Real Madrid,Liverpool,70.8,5.0,,,,,,,,,,,73.8,4.6,0.0,,
e4ca40c8-ae43-4177-b84b-c6186f125af5,Pressure,1,6,1,Liverpool,Georginio Wijnaldum,Right Center Midfield,0,Real Madrid,Liverpool,43.4,75.3,,,,,,,,,,,,,,,
51763b90-1445-4734-bd2c-a6cf90cd0dbc,Dribbled Past,1,6,1,Liverpool,Georginio Wijnaldum,Right Center Midfield,0,Real Madrid,Liverpool,46.3,75.5,,,,,,,,,,,,,,,
cd8258b7-1bc8-41f1-8220-157346247df1,Dribble,1,6,1,Real Madrid,Cristiano Ronaldo dos Santos Aveiro,Left Center Forward,1,Real Madrid,Liverpool,73.8,4.6,,,,,,,,,,,,,,,
40e0dbd9-bfca-477d-b471-6c928ab0decf,Pressure,1,7,1,Real Madrid,Cristiano Ronaldo dos Santos Aveiro,Left Center Forward,0,Real Madrid,Liverpool,76.0,4.7,,,,,,,,,,,,,,,
588ae4a0-1b76-41d7-8e4d-648a06979777,Pass,1,7,1,Liverpool,Trent Alexander-Arnold,Right Back,1,Real Madrid,Liverpool,42.0,75.9,,Incomplete,Recovery,High Pass,Right Foot,115.6,59.3,0.01126267,0.06442595,0.05316327999999999,,,,,
bff43932-3bc9-4030-8e5a-ecdf24577bb2,Ball Recovery,1,13,1,Real Madrid,Keylor Navas Gamboa,Goalkeeper,0,Real Madrid,Liverpool,4.5,20.8,,,,,,,,,,,,,,,
6535d3f5-ee6b-4160-ab59-34385ad1acb1,Carry,1,13,1,Real Madrid,Keylor Navas Gamboa,Goalkeeper,0,Real Madrid,Liverpool,4.5,20.8,,,,,,,,,,,15.1,41.2,0.001947320000000001,,
00f98b78-72a2-45e6-b9e1-362c14b2cbc4,Pass,1,22,1,Real Madrid,Keylor Navas Gamboa,Goalkeeper,0,Real Madrid,Liverpool,15.1,41.2,Sergio Ramos García,,,Low Pass,Right Foot,14.2,14.9,0.01082722,0.00878589,-0.002041330000000001,,,,,
fb520d8b-ecfc-4a59-acc6-9a44ba253d23,Ball Receipt*,1,24,1,Real Madrid,Sergio Ramos García,Left Center Back,0,Real Madrid,Liverpool,14.2,14.9,,,,,,,,,,,,,,,
92537f45-8aa2-4382-844d-1b037d33e5ed,Carry,1,24,1,Real Madrid,Sergio Ramos García,Left Center Back,0,Real Madrid,Liverpool,14.2,14.9,,,,,,,,,,,15.8,12.8,0.0,,
ca9cd2a1-c730-4829-81e5-e23bc7d666c1,Pass,1,25,1,Real Madrid,Sergio Ramos García,Left Center Back,0,Real Madrid,Liverpool,15.8,12.8,Toni Kroos,,,Low Pass,Left Foot,28.1,15.2,0.00878589,0.00942382,0.0006379300000000001,,,,,
c0dccd0c-146e-4386-80f3-f0a295cf02fb,Ball Receipt*,1,27,1,Real Madrid,Toni Kroos,Left Center Midfield,0,Real Madrid,Liverpool,28.1,15.2,,,,,,,,,,,,,,,
4c4527a3-a637-4b59-8b97-dee9f7dec5a7,Carry,1,27,1,Real Madrid,Toni Kroos,Left Center Midfield,0,Real Madrid,Liverpool,28.1,15.2,,,,,,,,,,,23.4,18.6,0.0,,
fed1a3d6-e9a1-4f6f-b166-a1398281e1eb,Pass,1,28,1,Real Madrid,Toni Kroos,Left Center Midfield,0,Real Madrid,Liverpool,23.4,18.6,Sergio Ramos García,,,Ground Pass,Right Foot,14.9,26.8,0.00942382,0.00977745,0.0003536300000000006,,,,,
1d0cde61-74e9-4b92-8c16-17760f8a547b,Pressure,1,28,1,Liverpool,Mohamed Salah,Right Wing,0,Real Madrid,Liverpool,98.7,66.0,,,,,,,,,,,,,,,
53d334a2-d6c0-4ed6-b288-4b9eccf0129b,Ball Receipt*,1,29,1,Real Madrid,Sergio Ramos García,Left Center Back,0,Real Madrid,Liverpool,14.9,26.8,,,,,,,,,,,,,,,
65669e37-d95e-40f5-92e6-9129611d534f,Pass,1,29,1,Real Madrid,Sergio Ramos García,Left Center Back,0,Real Madrid,Liverpool,15.1,27.2,Marcelo Vieira da Silva Júnior,,,High Pass,Right Foot,40.9,5.2,0.00977745,0.01126267,0.001485220000000001,,,,,
4325df3a-19ed-4a38-90ba-cbeeb52b275b,Ball Receipt*,1,31,1,Real Madrid,Marcelo Vieira da Silva Júnior,Left Back,0,Real Madrid,Liverpool,40.9,5.2,,,,,,,,,,,,,,,
fecb9607-8f32-4266-8a2f-2aee8a0dcc1f,Carry,1,31,1,Real Madrid,Marcelo Vieira da Silva Júnior,Left Back,0,Real Madrid,Liverpool,40.9,5.2,,,,,,,,,,,42.2,6.9,0.0,,
896707ce-7f5d-4125-8261-9aec337cc9e7,Pass,1,33,1,Real Madrid,Marcelo Vieira da Silva Júnior,Left Back,0,Real Madrid,Liverpool,42.2,6.9,Francisco Román Alarcón Suárez,,,Ground Pass,Left Foot,49.1,14.3,0.01126267,0.01214719,0.0008845199999999998,,,,,
6aea4c05-1a51-4049-a3dd-8dcad834a6ef,Ball Receipt*,1,34,1,Real Madrid,Francisco Román Alarcón Suárez,Center Attacking Midfield,0,Real Madrid,Liverpool,49.1,14.3,,,,,,,,,,,,,,,
0dfe92e0-6196-4273-b99b-31dde4291834,Carry,1,34,1,Real Madrid,Francisco Román Alarcón Suárez,Center Attacking Midfield,0,Real Madrid,Liverpool,49.1,14.3,,,,,,,,,,,50.1,12.8,0.00169821,,
f9a661b5-b5d5-499c-a0ef-2e2cb0a3eec0,Pass,1,35,1,Real Madrid,Francisco Román Alarcón Suárez,Center Attacking Midfield,0,Real Madrid,Liverpool,50.1,12.8,Marcelo Vieira da Silva Júnior,,,Ground Pass,Right Foot,65.3,5.2,0.0138454,0.01473596,0.0008905599999999986,,,,,
e90f32e2-e48a-4bd1-9504-3c10252fd6f2,Ball Receipt*,1,36,1,Real Madrid,Marcelo Vieira da Silva Júnior,Left Back,0,Real Madrid,Liverpool,65.3,5.2,,,,,,,,,,,,,,,
5222b8dc-5d58-4efa-a0e5-090477901361,Carry,1,36,1,Real Madrid,Marcelo Vieira da Silva Júnior,Left Back,0,Real Madrid,Liverpool,65.3,5.2,,,,,,,,,,,62.5,5.2,0.0,,
2cf748c8-0c75-4a28-a19d-1336e2fa32c4,Pass,1,38,1,Real Madrid,Marcelo Vieira da Silva Júnior,Left Back,0,Real Madrid,Liverpool,62.5,5.2,Francisco Román Alarcón Suárez,,,Ground Pass,Left Foot,57.5,4.6,0.01473596,0.01248344,-0.002252519999999999,,,,,
2dff1d70-af09-4277-a1cd-d98235130683,Ball Receipt*,1,38,1,Real Madrid,Francisco Román Alarcón Suárez,Center Attacking Midfield,0,Real Madrid,Liverpool,57.5,4.6,,,,,,,,,,,,,,,
6ab8cb34-a1c5-4c44-94dd-bca7fa3ccf2b,Carry,1,38,1,Real Madrid,Francisco Román Alarcón Suárez,Center Attacking Midfield,0,Real Madrid,Liverpool,57.5,4.6,,,,,,,,,,,69.4,5.2,0.002252519999999999,,
160b2f82-c002-4cc4-8268-7305649cc98d,Pass,1,40,1,Real Madrid,Francisco Román Alarcón Suárez,Center Attacking Midfield,0,Real Madrid,Liverpool,69.4,5.2,Cristiano Ronaldo dos Santos Aveiro,,,Ground Pass,Right Foot,94.9,6.2,0.01473596,0.02756312,0.01282716,,,,,
a66a1033-e355-4e3c-adce-c785d6ec79b6,Ball Receipt*,1,42,1,Real Madrid,Cristiano Ronaldo dos Santos Aveiro,Left Center Forward,0,Real Madrid,Liverpool,94.9,6.2,,,,,,,,,,,,,,,
0ad41081-e735-4cc8-a9d4-7d35a38a09df,Carry,1,42,1,Real Madrid,Cristiano Ronaldo dos Santos Aveiro,Left Center Forward,0,Real Madrid,Liverpool,94.9,6.2,,,,,,,,,,,112.0,6.2,0.01036278,,
65ccd679-d075-4545-91b7-64cce7bd30fc,Pass,1,48,1,Real Madrid,Cristiano Ronaldo dos Santos Aveiro,Left Center Forward,0,Real Madrid,Liverpool,112.0,6.2,Luka Modrić,,,Low Pass,Right Foot,97.3,30.2,0.0379259,0.03511326,-0.002812639999999998,,,,,
5215244e-6f60-46c3-9bcb-a7e5608a5a62,Ball Receipt*,1,50,1,Real Madrid,Luka Modrić,Right Center Midfield,0,Real Madrid,Liverpool,97.3,30.2,,,,,,,,,,,,,,,
e75a8fed-2688-4b50-94dc-76c7c214b36e,Carry,1,50,1,Real Madrid,Luka Modrić,Right Center Midfield,0,Real Madrid,Liverpool,97.3,30.2,,,,,,,,,,,98.0,30.9,0.0,,
274d0574-fe4d-4216-a110-71db6841c6f6,Pass,1,51,1,Real Madrid,Luka Modrić,Right Center Midfield,0,Real Madrid,Liverpool,98.0,30.9,Daniel Carvajal Ramos,,,Ground Pass,Right Foot,90.3,56.0,0.03511326,0.02855202,-0.006561239999999999,,,,,
b7fd9bb8-6fee-48bc-b809-3990c9e4f962,Ball Receipt*,1,52,1,Real Madrid,Daniel Carvajal Ramos,Right Back,0,Real Madrid,Liverpool,90.3,56.0,,,,,,,,,,,,,,,
d55023ed-1ba6-4d81-b9b3-3851b9a7c359,Carry,1,52,1,Real Madrid,Daniel Carvajal Ramos,Right Back,0,Real Madrid,Liverpool,90.3,56.0,,,,,,,,,,,90.4,56.0,0.0,,
18489c3a-71ee-4774-b56a-34bf9ad10ea2,Pass,1,53,1,Real Madrid,Daniel Carvajal Ramos,Right Back,0,Real Madrid,Liverpool,90.4,56.0,Francisco Román Alarcón Suárez,Pass Offside,,High Pass,Right Foot,111.9,41.6,0.02855202,0.25745362,0.2289016,,,,,
b5613584-7efc-45e3-9b83-c9e632dde081,Ball Receipt*,1,54,1,Real Madrid,Francisco Román Alarcón Suárez,Center Attacking Midfield,0,Real Madrid,Liverpool,111.9,41.6,,,,,,,,,,,,,,,
916ba2c7-ecf9-4f9b-96ac-3e7201548842,Pass,2,0,1,Liverpool,Virgil van Dijk,Left Center Back,0,Real Madrid,Liverpool,9.9,39.1,Andrew Robertson,,Free Kick,High Pass,Right Foot,28.1,4.2,0.00941056,0.00844854,-0.0009620200000000009,,,,,
5ce89c39-84ab-44c3-a649-dda2ee48bb05,Ball Receipt*,2,2,1,Liverpool,Andrew Robertson,Left Back,0,Real Madrid,Liverpool,28.1,4.2,,,,,,,,,,,,,,,
027d3203-8816-4a71-8870-e400a84ad2f9,Pressure,2,3,1,Real Madrid,Luka Modrić,Right Center Midfield,0,Real Madrid,Liverpool,79.6,74.0,,,,,,,,,,,,,,,
344067c5-2b56-49be-bcb4-64528446efaa,Pass,2,3,1,Liverpool,Andrew Robertson,Left Back,0,Real Madrid,Liverpool,43.2,2.8,Sadio Mané,Incomplete,,Ground Pass,Left Foot,50.1,4.8,0.01126267,0.01248344,0.001220769999999999,,,,,
dc922495-e114-416a-9660-40a9c1ed255a,Ball Receipt*,2,3,1,Liverpool,Sadio Mané,Left Wing,0,Real Madrid,Liverpool,48.9,9.5,,,,,,,,,,,,,,,
2c4a6ddc-04de-400d-8f65-aabba0ee9e21,Block,2,3,1,Real Madrid,Daniel Carvajal Ramos,Right Back,0,Real Madrid,Liverpool,70.0,75.3,,,,,,,,,,,,,,,
d8673147-edfc-444e-be02-877b20cc75ef,Pass,2,7,1,Liverpool,Andrew Robertson,Left Back,0,Real Madrid,Liverpool,53.2,0.1,James Philip Milner,,Throw-in,High Pass,,50.0,4.0,0.01248344,0.01248344,0.0,,,,,
b6bef4af-0d6d-4dac-8f99-f8b1dd0ea513,Ball Receipt*,2,8,1,Liverpool,James Philip Milner,Left Center Midfield,0,Real Madrid,Liverpool,50.0,4.0,,,,,,,,,,,,,,,
ab3e71be-395b-4eb4-aac4-ec05ae6cb95c,Carry,2,8,1,Liverpool,James Philip Milner,Left Center Midfield,0,Real Madrid,Liverpool,50.0,4.0,,,,,,,,,,,45.5,4.0,-0.001220769999999999,,
1a112908-939b-49ff-9740-e2916ae6a976,Pass,2,10,1,Liverpool,James Philip Milner,Left Center Midfield,0,Real Madrid,Liverpool,45.5,4.0,Virgil van Dijk,,,Ground Pass,Right Foot,27.4,16.8,0.01126267,0.00942382,-0.001838850000000001,,,,,
1a68f5cd-a37f-42d4-86a6-92879d0d776b,Ball Receipt*,2,12,1,Liverpool,Virgil van Dijk,Left Center Back,0,Real Madrid,Liverpool,27.4,16.8,,,,,,,,,,,,,,,
72c1a33a-2f17-49ff-aafc-53e7830b85ae,Carry,2,12,1,Liverpool,Virgil van Dijk,Left Center Back,0,Real Madrid,Liverpool,27.4,16.8,,,,,,,,,,,26.7,19.6,0.0,,
0df2786b-c782-43c2-9f72-f924ee7ef42e,Pass,2,13,1,Liverpool,Virgil van Dijk,Left Center Back,0,Real Madrid,Liverpool,26.7,19.6,Dejan Lovren,,,Ground Pass,Right Foot,27.8,47.3,0.00942382,0.01016549,0.0007416699999999998,,,,,
9a50bbf2-226b-4191-807b-014dc2fa9c60,Ball Receipt*,2,14,1,Liverpool,Dejan Lovren,Right Center Back,0,Real Madrid,Liverpool,27.8,47.3,,,,,,,,,,,,,,,
52d63d9c-d9c5-464e-8b86-072689924a2a,Carry,2,14,1,Liverpool,Dejan Lovren,Right Center Back,0,Real Madrid,Liverpool,27.8,47.3,,,,,,,,,,,28.0,45.4,0.0,,
24b01542-837e-4524-807c-e1ed4857c7af,Pass,2,16,1,Liverpool,Dejan Lovren,Right Center Back,0,Real Madrid,Liverpool,28.0,45.4,Virgil van Dijk,,,Low Pass,Right Foot,28.4,21.4,0.01016549,0.01001304,-0.0001524499999999984,,,,,
2a504a3e-976a-44ee-8d90-d4519eddc74b,Ball Receipt*,2,17,1,Liverpool,Virgil van Dijk,Left Center Back,0,Real Madrid,Liverpool,28.4,21.4,,,,,,,,,,,,,,,
9ab1eb2c-4627-46c8-907e-9ec76bac16bd,Carry,2,17,1,Liverpool,Virgil van Dijk,Left Center Back,0,Real Madrid,Liverpool,28.4,21.4,,,,,,,,,,,30.4,25.7,0.00109158,,
edeab906-dec5-4df7-919d-4e1d88f89065,Pass,2,19,1,Liverpool,Virgil van Dijk,Left Center Back,0,Real Madrid,Liverpool,30.4,25.7,Dejan Lovren,,,Ground Pass,Right Foot,30.7,52.9,0.01110462,0.01110462,0.0,,,,,
1840d865-4050-4fc0-81bc-3d658885299a,Ball Receipt*,2,21,1,Liverpool,Dejan Lovren,Right Center Back,0,Real Madrid,Liverpool,30.7,52.9,,,,,,,,,,,,,,,
8477a53b-5e72-4bd8-a91c-b06288c38ec1,Carry,2,21,1,Liverpool,Dejan Lovren,Right Center Back,0,Real Madrid,Liverpool,30.7,52.9,,,,,,,,,,,35.5,60.1,-0.00050972,,
a1a3f842-e436-4587-94e3-32fc9937e492,Pass,2,23,1,Liverpool,Dejan Lovren,Right Center Back,0,Real Madrid,Liverpool,35.5,60.1,Mohamed Salah,,,Ground Pass,Right Foot,56.6,70.4,0.0105949,0.01248344,0.001888539999999999,,,,,
e9368e78-49f6-4656-8581-7bbefb41fdc3,Ball Receipt*,2,25,1,Liverpool,Mohamed Salah,Right Wing,0,Real Madrid,Liverpool,56.6,70.4,,,,,,,,,,,,,,,
2094e523-3aa3-4028-978c-2fa701fea6f1,Carry,2,25,1,Liverpool,Mohamed Salah,Right Wing,1,Real Madrid,Liverpool,56.6,70.4,,,,,,,,,,,55.8,70.0,0.0,,
1ca0f0d6-8750-40c2-92dd-f05b2f2ddff9,Pressure,2,25,1,Real Madrid,Marcelo Vieira da Silva Júnior,Left Back,0,Real Madrid,Liverpool,61.1,9.4,,,,,,,,,,,,,,,
1361c11a-c8bb-43cd-9ddf-609c94e5d9bd,Pass,2,25,1,Liverpool,Mohamed Salah,Right Wing,1,Real Madrid,Liverpool,55.8,70.0,Georginio Wijnaldum,,,Ground Pass,Left Foot,62.1,62.6,0.01248344,0.01611813,0.003634690000000001,,,,,
cae0d982-00d8-4449-a8de-7d7762c58ecc,Ball Receipt*,2,26,1,Liverpool,Georginio Wijnaldum,Right Center Midfield,0,Real Madrid,Liverpool,62.1,62.6,,,,,,,,,,,,,,,
112e78fe-9938-4143-9b1c-d2e2f11b4356,Carry,2,26,1,Liverpool,Georginio Wijnaldum,Right Center Midfield,0,Real Madrid,Liverpool,62.1,62.6,,,,,,,,,,,62.1,64.1,0.0,,
ed7ea22a-fbf3-4da7-9325-b793d06f09ad,Pass,2,27,1,Liverpool,Georginio Wijnaldum,Right Center Midfield,0,Real Madrid,Liverpool,62.1,64.1,Mohamed Salah,,,Ground Pass,Right Foot,73.3,73.2,0.01611813,0.0174506,0.001332469999999999,,,,,
d894d5f0-69d4-4e6f-9249-3076a81d395a,Ball Receipt*,2,29,1,Liverpool,Mohamed Salah,Right Wing,0,Real Madrid,Liverpool,73.3,73.2,,,,,,,,,,,,,,,
5991e7bb-b334-4e5d-adea-0b73deb20abe,Pass,2,29,1,Liverpool,Mohamed Salah,Right Wing,0,Real Madrid,Liverpool,73.3,73.2,Roberto Firmino Barbosa de Oliveira,,,Low Pass,Left Foot,84.4,70.0,0.0174506,0.02122129,0.00377069,,,,,
b73b8c9c-3982-4f7f-bd71-c00f188ed5d8,Ball Receipt*,2,29,1,Liverpool,Roberto Firmino Barbosa de Oliveira,Center Forward,0,Real Madrid,Liverpool,84.4,70.0,,,,,,,,,,,,,,,
5c888505-7e45-4a0c-87fa-2fade8bdbb14,Pass,2,29,1,Liverpool,Roberto Firmino Barbosa de Oliveira,Center Forward,0,Real Madrid,Liverpool,84.4,70.0,Mohamed Salah,,,Low Pass,Right Foot,87.7,74.1,0.02122129,0.02122129,0.0,,,,,
daa6ec8b-d528-4a20-8a58-dd69347846bc,Ball Receipt*,2,30,1,Liverpool,Mohamed Salah,Right Wing,0,Real Madrid,Liverpool,87.7,74.1,,,,,,,,,,,,,,,
640e1750-7101-40cd-9b54-075fdae53723,Carry,2,30,1,Liverpool,Mohamed Salah,Right Wing,0,Real Madrid,Liverpool,87.7,74.1,,,,,,,,,,,91.2,71.3,0.00634183,,
3ee5d43d-e240-44de-bb2c-83ecf09dc491,Pass,2,32,1,Liverpool,Mohamed Salah,Right Wing,0,Real Madrid,Liverpool,91.2,71.3,Georginio Wijnaldum,,,Ground Pass,Left Foot,92.6,55.0,0.02756312,0.02855202,0.0009889000000000009,,,,,
98c64aa0-4515-4668-ba28-099c11950a22,Ball Receipt*,2,32,1,Liverpool,Georginio Wijnaldum,Right Center Midfield,0,Real Madrid,Liverpool,92.6,55.0,,,,,,,,,,,,,,,
20154028-ae32-46ea-ac02-fb70975d7302,Carry,2,32,1,Liverpool,Georginio Wijnaldum,Right Center Midfield,0,Real Madrid,Liverpool,92.6,55.0,,,,,,,,,,,98.1,52.1,0.0,,
682270cc-4bc4-4952-8f91-d3c5a704a691,Shot,2,33,1,Liverpool,Georginio Wijnaldum,Right Center Midfield,0,Real Madrid,Liverpool,98.1,52.1,,,,,,,,,,,,,,0.03639871,Blocked
91c0ba01-51fa-4b90-a110-db96b8f9af88,Block,2,33,1,Real Madrid,Carlos Henrique Casimiro,Center Defensive Midfield,0,Real Madrid,Liverpool,18.1,29.6,,,,,,,,,,,,,,,
5df2374f-5956-4ae5-a855-769c3d9bd8e9,Goal Keeper,2,34,1,Real Madrid,Keylor Navas Gamboa,Goalkeeper,0,Real Madrid,Liverpool,4.4,37.4,,,,,,,,,,,,,,,
37837f94-636c-4109-b6cb-a34fddef24e7,Block,2,34,1,Liverpool,Georginio Wijnaldum,Right Center Midfield,0,Real Madrid,Liverpool,98.2,51.1,,,,,,,,,,,,,,,
193dae40-e727-4e7b-ae4e-3fa8f2e8708b,Ball Recovery,2,35,1,Real Madrid,Raphaël Varane,Right Center Back,0,Real Madrid,Liverpool,15.9,29.6,,,,,,,,,,,,,,,
e4e94125-c9a0-4b1f-94f5-f15bd0f2571f,Carry,2,35,1,Real Madrid,Raphaël Varane,Right Center Back,1,Real Madrid,Liverpool,15.9,29.6,,,,,,,,,,,15.1,35.7,0.00104977,,
0a84758e-7951-49e9-9b54-2d493c4f0b85,Pressure,2,35,1,Liverpool,Mohamed Salah,Right Wing,0,Real Madrid,Liverpool,99.2,52.8,,,,,,,,,,,,,,,
9d7f06a4-ba47-428f-b40c-7e1892bdbb20,Pass,2,36,1,Real Madrid,Raphaël Varane,Right Center Back,1,Real Madrid,Liverpool,15.1,35.7,,Incomplete,,High Pass,Right Foot,63.9,50.9,0.01082722,0.01685596,0.006028739999999999,,,,,
a4b0a5a9-3174-4e9d-a6a4-49d23faba583,Ball Recovery,2,38,1,Liverpool,Virgil van Dijk,Left Center Back,0,Real Madrid,Liverpool,56.2,29.2,,,,,,,,,,,,,,,
df334503-573f-4246-84a8-65434b29f61f,Carry,2,38,1,Liverpool,Virgil van Dijk,Left Center Back,0,Real Madrid,Liverpool,56.2,29.2,,,,,,,,,,,56.1,24.6,0.0,,
67cf15eb-ecd0-4df4-ac0d-e110450ea7d5,Pass,2,40,1,Liverpool,Virgil van Dijk,Left Center Back,0,Real Madrid,Liverpool,56.1,24.6,Andrew Robertson,,,Low Pass,Right Foot,69.2,6.2,0.01429128,0.01473596,0.0004446799999999994,,,,,
be31b99e-4de1-4833-8b05-2303a079e2c1,Ball Receipt*,2,42,1,Liverpool,Andrew Robertson,Left Back,0,Real Madrid,Liverpool,69.2,6.2,,,,,,,,,,,,,,,
846699b6-b187-4efb-b184-b6c7fb5a765c,Carry,2,42,1,Liverpool,Andrew Robertson,Left Back,0,Real Madrid,Liverpool,69.2,6.2,,,,,,,,,,,75.4,4.8,0.002714640000000001,,
34874412-c5a1-435f-b417-551a081c8bae,Pass,2,44,1,Liverpool,Andrew Robertson,Left Back,0,Real Madrid,Liverpool,75.4,4.8,Jordan Brian Henderson,,,Ground Pass,Left Foot,69.6,26.7,0.0174506,0.01685596,-0.0005946400000000004,,,,,
b1219842-cb74-4612-a6da-d2f2c3387777,Ball Receipt*,2,45,1,Liverpool,Jordan Brian Henderson,Center Defensive Midfield,0,Real Madrid,Liverpool,69.6,26.7,,,,,,,,,,,,,,,
bcbad8f4-2d27-42d6-96e3-fdd63114f0dd,Carry,2,45,1,Liverpool,Jordan Brian Henderson,Center Defensive Midfield,0,Real Madrid,Liverpool,69.6,26.7,,,,,,,,,,,70.0,25.7,0.002495360000000002,,
f1b566a2-bf40-4a93-84c6-1ae4e6a316fb,Pass,2,46,1,Liverpool,Jordan Brian Henderson,Center Defensive Midfield,0,Real Madrid,Liverpool,70.0,25.7,Dejan Lovren,,,Low Pass,Right Foot,56.9,45.6,0.01935132,0.01484598,-0.004505340000000002,,,,,
6b8ab971-ea78-4514-80f2-365047734734,Ball Receipt*,2,48,1,Liverpool,Dejan Lovren,Right Center Back,0,Real Madrid,Liverpool,56.9,45.6,,,,,,,,,,,,,,,
bf6cf688-0daf-4875-aa68-aeed0fc0f930,Carry,2,48,1,Liverpool,Dejan Lovren,Right Center Back,0,Real Madrid,Liverpool,56.9,45.6,,,,,,,,,,,56.9,48.7,0.0,,
caeb3f73-65f0-434a-b5eb-5c18dfeb5e29,Pass,2,50,1,Liverpool,Dejan Lovren,Right Center Back,0,Real Madrid,Liverpool,56.9,48.7,Jordan Brian Henderson,,,Ground Pass,Right Foot,62.0,41.6,0.01484598,0.01689528,0.002049299999999999,,,,,
b048c7c9-7de0-44d6-8d12-f26420c4e5f2,Ball Receipt*,2,51,1,Liverpool,Jordan Brian Henderson,Center Defensive Midfield,0,Real Madrid,Liverpool,62.0,41.6,,,,,,,,,,,,,,,
abcb794b-169b-49ee-936f-a614365e76f4,Carry,2,51,1,Liverpool,Jordan Brian Henderson,Center Defensive Midfield,0,Real Madrid,Liverpool,62.0,41.6,,,,,,,,,,,62.0,41.2,0.0,,
02ed9697-22a1-44dd-8ec8-68ec9c092cc6,Pass,2,52,1,Liverpool,Jordan Brian Henderson,Center Defensive Midfield,0,Real Madrid,Liverpool,62.0,41.2,Dejan Lovren,,,Ground Pass,Right Foot,57.0,55.5,0.01689528,0.01429128,-0.002603999999999999,,,,,
40654817-2d63-4861-8748-6f3b0e10e886,Ball Receipt*,2,53,1,Liverpool,Dejan Lovren,Right Center Back,0,Real Madrid,Liverpool,57.0,55.5,,,,,,,,,,,,,,,
f89076d1-32f5-4c86-b7dc-752511f7d99a,Carry,2,53,1,Liverpool,Dejan Lovren,Right Center Back,0,Real Madrid,Liverpool,57.0,55.5,,,,,,,,,,,57.2,55.5,0.0,,
abb26c4f-95fa-49d5-aa8e-eca16593eef0,Pass,2,55,1,Liverpool,Dejan Lovren,Right Center Back,0,Real Madrid,Liverpool,57.2,55.5,Virgil van Dijk,,,Low Pass,Right Foot,56.1,25.1,0.01429128,0.01429128,0.0,,,,,
7fce8325-71d2-4908-acca-adf2cbafcc89,Ball Receipt*,2,58,1,Liverpool,Virgil van Dijk,Left Center Back,0,Real Madrid,Liverpool,56.1,25.1,,,,,,,,,,,,,,,
eee082b2-534d-47de-8069-9b8758585fa6,Carry,2,58,1,Liverpool,Virgil van Dijk,Left Center Back,0,Real Madrid,Liverpool,56.1,25.1,,,,,,,,,,,58.0,24.7,0.0,,
b31c3673-d821-42a6-94e6-08426f0a59a4,Pass,2,59,1,Liverpool,Virgil van Dijk,Left Center Back,0,Real Madrid,Liverpool,58.0,24.7,Andrew Robertson,Out,,High Pass,Right Foot,109.7,0.1,0.01429128,0.03485072,0.02055944,,,,,
5927e143-a042-4bbc-80fe-1f6b91cec912,Ball Receipt*,3,2,1,Liverpool,Andrew Robertson,Left Back,0,Real Madrid,Liverpool,105.9,3.4,,,,,,,,,,,,,,,
55841b6f-dd8e-417d-aba9-613e74fa710d,Pass,3,12,1,Real Madrid,Daniel Carvajal Ramos,Right Back,0,Real Madrid,Liverpool,15.4,80.0,,Incomplete,Throw-in,Low Pass,,27.5,74.0,0.00779616,0.00844854,0.0006523799999999993,,,,,
bd699a19-e0db-4d75-961e-8c193dd6114b,Ball Recovery,3,15,1,Liverpool,James Philip Milner,Left Center Midfield,0,Real Madrid,Liverpool,92.6,6.1,,,,,,,,,,,,,,,
25fde5ca-129c-454a-8ef3-721efe260b85,Pressure,3,18,1,Real Madrid,Francisco Román Alarcón Suárez,Center Attacking Midfield,0,Real Madrid,Liverpool,17.2,75.2,,,,,,,,,,,,,,,
599dd02c-2a27-4cf1-a109-504317f19e55,Pass,3,19,1,Liverpool,James Philip Milner,Left Center Midfield,1,Real Madrid,Liverpool,108.8,4.0,,Incomplete,,Ground Pass,Left Foot,110.5,7.5,0.03485072,0.0379259,0.003075179999999997,,,,,
51239e76-f1c0-4288-b732-ca5c8e32c501,Block,3,19,1,Real Madrid,Daniel Carvajal Ramos,Right Back,0,Real Madrid,Liverpool,9.6,72.6,,,,,,,,,,,,,,,
50d256c5-1844-407e-a4ff-cf6475afbdce,Ball Recovery,3,20,1,Real Madrid,Francisco Román Alarcón Suárez,Center Attacking Midfield,0,Real Madrid,Liverpool,9.6,77.3,,,,,,,,,,,,,,,
5ad62643-fb03-4331-92df-4d4cea700b7c,Carry,3,20,1,Real Madrid,Francisco Román Alarcón Suárez,Center Attacking Midfield,1,Real Madrid,Liverpool,9.6,77.3,,,,,,,,,,,3.4,67.4,0.00111769,,
60f20236-cd34-4d30-a76c-585f10021ae5,Pressure,3,21,1,Liverpool,James Philip Milner,Left Center Midfield,0,Real Madrid,Liverpool,111.5,7.1,,,,,,,,,,,,,,,
81cd5709-7216-43d6-b2bb-790a88a4ee42,Pass,3,22,1,Real Madrid,Francisco Román Alarcón Suárez,Center Attacking Midfield,0,Real Madrid,Liverpool,3.4,67.4,Carlos Henrique Casimiro,,,Low Pass,Left Foot,13.1,57.8,0.00750072,0.00977745,0.00227673,,,,,
77994943-c057-4106-a1f7-6c1a25d42a7e,Ball Receipt*,3,22,1,Real Madrid,Carlos Henrique Casimiro,Center Defensive Midfield,0,Real Madrid,Liverpool,13.1,57.8,,,,,,,,,,,,,,,
2b8c91b0-e265-4193-87ba-510f7c02b24a,Carry,3,22,1,Real Madrid,Carlos Henrique Casimiro,Center Defensive Midfield,0,Real Madrid,Liverpool,13.1,57.8,,,,,,,,,,,12.2,59.0,0.0,,
8173beb9-391d-4e34-a0f7-99bac6b4ec7b,Miscontrol,3,22,1,Real Madrid,Carlos Henrique Casimiro,Center Defensive Midfield,0,Real Madrid,Liverpool,12.2,59.0,,,,,,,,,,,,,,,
f093d810-588e-4343-b97b-a9941c8a1d04,Pressure,3,23,1,Real Madrid,Carlos Henrique Casimiro,Center Defensive Midfield,0,Real Madrid,Liverpool,13.3,59.0,,,,,,,,,,,,,,,
07a7f603-fc09-492f-9fad-fd9dfe9e7b2c,Ball Recovery,3,24,1,Liverpool,Roberto Firmino Barbosa de Oliveira,Center Forward,0,Real Madrid,Liverpool,103.8,22.9,,,,,,,,,,,,,,,
6ba69b3e-caaa-4f78-af77-4734416f21e6,Carry,3,24,1,Liverpool,Roberto Firmino Barbosa de Oliveira,Center Forward,0,Real Madrid,Liverpool,103.8,22.9,,,,,,,,,,,92.5,25.1,-0.02635936,,
9293571a-427c-43cb-9935-b1630e41b168,Pass,3,26,1,Liverpool,Roberto Firmino Barbosa de Oliveira,Center Forward,0,Real Madrid,Liverpool,92.5,25.1,Mohamed Salah,,,Ground Pass,Right Foot,93.9,53.9,0.02855202,0.02855202,0.0,,,,,
3afc9452-ff7f-4d3c-9c94-dd21875e07d7,Ball Receipt*,3,27,1,Liverpool,Mohamed Salah,Right Wing,0,Real Madrid,Liverpool,93.9,53.9,,,,,,,,,,,,,,,
1181088e-1c8f-4dae-b3ff-88a437a4227d,Carry,3,27,1,Liverpool,Mohamed Salah,Right Wing,0,Real Madrid,Liverpool,93.9,53.9,,,,,,,,,,,92.0,53.9,0.0,,
b8461749-b01e-48ed-978c-5d49f0aec620,Pass,3,28,1,Liverpool,Mohamed Salah,Right Wing,0,Real Madrid,Liverpool,92.0,53.9,Trent Alexander-Arnold,,,Low Pass,Right Foot,106.0,71.0,0.02855202,0.03485072,0.006298700000000001,,,,,
3e49e7b2-d482-47b0-be31-36b244e333e8,Ball Receipt*,3,30,1,Liverpool,Trent Alexander-Arnold,Right Back,0,Real Madrid,Liverpool,106.0,71.0,,,,,,,,,,,,,,,
aae77781-615e-43f5-9bff-e613f501ab34,Carry,3,30,1,Liverpool,Trent Alexander-Arnold,Right Back,0,Real Madrid,Liverpool,106.0,71.0,,,,,,,,,,,106.9,70.7,0.0,,
dc6fa2da-9a1c-4ba5-8779-b0e1401aa08c,Pass,3,30,1,Liverpool,Trent Alexander-Arnold,Right Back,0,Real Madrid,Liverpool,106.9,70.7,Roberto Firmino Barbosa de Oliveira,Incomplete,,Low Pass,Right Foot,112.8,43.0,0.03485072,0.25745362,0.2226029,,,,,
3e182782-47d6-4736-9e76-dae4fa66e26e,Ball Receipt*,3,31,1,Liverpool,Roberto Firmino Barbosa de Oliveira,Center Forward,0,Real Madrid,Liverpool,110.9,43.2,,,,,,,,,,,,,,,
a8d52eac-4703-412a-a163-285d88715409,Clearance,3,31,1,Real Madrid,Raphaël Varane,Right Center Back,1,Real Madrid,Liverpool,7.3,37.1,,,,,,,,,,,,,,,
15cae366-a10b-4066-a3ba-65aad3f0a84a,Pass,3,39,1,Liverpool,Trent Alexander-Arnold,Right Back,0,Real Madrid,Liverpool,108.7,80.0,Georginio Wijnaldum,,Throw-in,High Pass,,105.4,58.7,0.03485072,0.05491138,0.02006066,,,,,
420cf225-f217-4ac6-a097-f986bfab1bb8,Ball Receipt*,3,40,1,Liverpool,Georginio Wijnaldum,Right Center Midfield,0,Real Madrid,Liverpool,105.4,58.7,,,,,,,,,,,,,,,
d08d1e06-c748-4994-97a5-2d98e6d610be,Pass,3,40,1,Liverpool,Georginio Wijnaldum,Right Center Midfield,0,Real Madrid,Liverpool,104.7,57.9,,Incomplete,,Low Pass,Head,106.1,45.3,0.05491138,0.10805102,0.05313963999999999,,,,,
227170da-8bff-4b42-b9ff-c4bc6967332b,Clearance,3,41,1,Real Madrid,Raphaël Varane,Right Center Back,1,Real Madrid,Liverpool,14.0,34.8,,,,,,,,,,,,,,,
e5f04cac-6090-4f90-bb2e-3000e586f872,Pass,3,47,1,Liverpool,Jordan Brian Henderson,Center Defensive Midfield,0,Real Madrid,Liverpool,63.1,43.6,Virgil van Dijk,,Recovery,Low Pass,Left Foot,54.2,32.5,0.01689528,0.01484598,-0.002049299999999999,,,,,
af9b2d44-b92e-4bdd-9e7c-c0db3ee7076b,Ball Receipt*,3,47,1,Liverpool,Virgil van Dijk,Left Center Back,0,Real Madrid,Liverpool,54.2,32.5,,,,,,,,,,,,,,,
945bbf99-42ea-4ba7-96d0-3c1e5fbc23c3,Carry,3,47,1,Liverpool,Virgil van Dijk,Left Center Back,0,Real Madrid,Liverpool,54.2,32.5,,,,,,,,,,,56.2,27.0,-0.0005547,,
83409ea3-3c8d-44db-94ee-f7adbb96f824,Pass,3,49,1,Liverpool,Virgil van Dijk,Left Center Back,0,Real Madrid,Liverpool,56.2,27.0,Andrew Robertson,,,Ground Pass,Right Foot,63.0,5.2,0.01429128,0.01473596,0.0004446799999999994,,,,,
6502b7ef-e28c-409b-81ec-3fdcafdd7e9e,Ball Receipt*,3,51,1,Liverpool,Andrew Robertson,Left Back,0,Real Madrid,Liverpool,63.0,5.2,,,,,,,,,,,,,,,
96956537-5b64-4c93-ab61-8f92d2851a29,Carry,3,51,1,Liverpool,Andrew Robertson,Left Back,0,Real Madrid,Liverpool,63.0,5.2,,,,,,,,,,,63.0,7.1,0.0,,
b5011cad-7421-4681-82c5-776c6ed188b5,Pass,3,53,1,Liverpool,Andrew Robertson,Left Back,0,Real Madrid,Liverpool,63.0,7.1,Virgil van Dijk,,,Ground Pass,Left Foot,50.0,22.9,0.01473596,0.01429128,-0.0004446799999999994,,,,,
9350bded-e106-4bb9-a83a-325cede6f3c3,Ball Receipt*,3,54,1,Liverpool,Virgil van Dijk,Left Center Back,0,Real Madrid,Liverpool,50.0,22.9,,,,,,,,,,,,,,,
5a70b9db-aecf-40ed-8464-5f5d45cd0a71,Carry,3,54,1,Liverpool,Virgil van Dijk,Left Center Back,0,Real Madrid,Liverpool,50.0,22.9,,,,,,,,,,,48.7,26.1,-0.00159954,,
1d83df6d-bc77-4cf8-a5cb-b41a99d7dcde,Pass,3,56,1,Liverpool,Virgil van Dijk,Left Center Back,0,Real Madrid,Liverpool,48.7,26.1,Mohamed Salah,Incomplete,,High Pass,Right Foot,91.6,58.0,0.01269174,0.02855202,0.01586028,,,,,
980b0bdb-f2a0-4dbc-b6ef-39b24237e78a,Ball Receipt*,3,59,1,Liverpool,Mohamed Salah,Right Wing,0,Real Madrid,Liverpool,98.2,58.7,,,,,,,,,,,,,,,
bcf56aff-445d-44f5-bbb4-9e52cb8bd718,Pass,3,59,1,Real Madrid,Sergio Ramos García,Left Center Back,0,Real Madrid,Liverpool,28.5,22.1,Marcelo Vieira da Silva Júnior,,Recovery,High Pass,Head,28.8,7.4,0.01001304,0.00844854,-0.001564500000000002,,,,,
4b59dac8-78f5-49e8-bee0-57cc61b11b8a,Ball Receipt*,4,1,1,Real Madrid,Marcelo Vieira da Silva Júnior,Left Back,0,Real Madrid,Liverpool,28.8,7.4,,,,,,,,,,,,,,,
fc2b2a88-4a15-4153-a4a5-7a5f98b19db1,Carry,4,1,1,Real Madrid,Marcelo Vieira da Silva Júnior,Left Back,0,Real Madrid,Liverpool,28.8,7.4,,,,,,,,,,,34.0,7.0,0.001328050000000001,,
df4a781d-dcfa-4789-95cb-884e202ffb96,Pass,4,2,1,Real Madrid,Marcelo Vieira da Silva Júnior,Left Back,0,Real Madrid,Liverpool,34.0,7.0,Cristiano Ronaldo dos Santos Aveiro,,,Low Pass,Left Foot,52.3,14.9,0.00977659,0.0138454,0.004068810000000001,,,,,
e9737bbf-d319-4679-90f6-e8df23aeec4b,Pressure,4,3,1,Liverpool,Dejan Lovren,Right Center Back,0,Real Madrid,Liverpool,64.1,64.1,,,,,,,,,,,,,,,
163a6e86-f053-4e16-8eab-0844f682b9e4,Ball Receipt*,4,3,1,Real Madrid,Cristiano Ronaldo dos Santos Aveiro,Left Center Forward,1,Real Madrid,Liverpool,52.3,14.9,,,,,,,,,,,,,,,
e8c2f8f0-cce2-4354-930d-54056d56c113,Carry,4,3,1,Real Madrid,Cristiano Ronaldo dos Santos Aveiro,Left Center Forward,1,Real Madrid,Liverpool,52.3,14.9,,,,,,,,,,,43.3,18.4,-0.00169821,,
809edc0c-7a15-46b8-be6a-2d5b5756116c,Miscontrol,4,5,1,Real Madrid,Cristiano Ronaldo dos Santos Aveiro,Left Center Forward,0,Real Madrid,Liverpool,43.3,18.4,,,,,,,,,,,,,,,
789358c3-7020-455f-9a9f-ffc7ce8c906b,Ball Recovery,4,5,1,Liverpool,Roberto Firmino Barbosa de Oliveira,Center Forward,0,Real Madrid,Liverpool,77.9,60.7,,,,,,,,,,,,,,,
130449be-df4e-49f3-9449-71926c75769a,Carry,4,5,1,Liverpool,Roberto Firmino Barbosa de Oliveira,Center Forward,0,Real Madrid,Liverpool,77.9,60.7,,,,,,,,,,,77.2,60.8,0.0,,
0f7b246f-46d6-404b-af5a-83c6eaf6531a,Dribble,4,5,1,Liverpool,Roberto Firmino Barbosa de Oliveira,Center Forward,1,Real Madrid,Liverpool,77.2,60.8,,,,,,,,,,,,,,,
733c12d5-7668-46c1-91ed-e48fe0ce1850,Duel,4,5,1,Real Madrid,Cristiano Ronaldo dos Santos Aveiro,Left Center Forward,1,Real Madrid,Liverpool,42.9,19.3,,,,,,,,,,,,,,,
b5c9f2c2-c143-4dd7-945f-284c798d12c2,Ball Recovery,4,6,1,Liverpool,Dejan Lovren,Right Center Back,0,Real Madrid,Liverpool,77.9,62.5,,,,,,,,,,,,,,,
af94a672-4383-482e-b0e6-4157437ed9d2,Carry,4,6,1,Liverpool,Dejan Lovren,Right Center Back,0,Real Madrid,Liverpool,77.9,62.5,,,,,,,,,,,82.0,62.9,0.005311739999999999,,
6a7a6df7-bfb8-4295-b1cb-f5b63fa53bd9,Pass,4,8,1,Liverpool,Dejan Lovren,Right Center Back,0,Real Madrid,Liverpool,82.0,62.9,Mohamed Salah,,,Low Pass,Right Foot,92.6,65.3,0.02401521,0.02953272,0.00551751,,,,,
d4ac00b2-202f-4ad9-95df-456f15b10e76,Pressure,4,9,1,Real Madrid,Marcelo Vieira da Silva Júnior,Left Back,0,Real Madrid,Liverpool,30.7,13.1,,,,,,,,,,,,,,,
ffd04bbd-f02a-4166-b486-94e6c717f080,Ball Receipt*,4,9,1,Liverpool,Mohamed Salah,Right Wing,1,Real Madrid,Liverpool,92.6,65.3,,,,,,,,,,,,,,,
710f7155-c7bc-4458-bd63-8d8e282f0e28,Carry,4,9,1,Liverpool,Mohamed Salah,Right Wing,1,Real Madrid,Liverpool,92.6,65.3,,,,,,,,,,,96.0,63.5,0.0,,
ec2fbf26-46af-41a7-b0d4-a7fc8546ce55,Foul Committed,4,10,1,Real Madrid,Marcelo Vieira da Silva Júnior,Left Back,0,Real Madrid,Liverpool,24.1,16.6,,,,,,,,,,,,,,,
134411e2-0071-4726-95ff-456084bff62b,Foul Won,4,10,1,Liverpool,Mohamed Salah,Right Wing,1,Real Madrid,Liverpool,96.0,63.5,,,,,,,,,,,,,,,
6cf4f281-1b44-48f6-af08-94291fd045fd,Pass,5,12,1,Liverpool,James Philip Milner,Left Center Midfield,0,Real Madrid,Liverpool,98.5,63.1,Mohamed Salah,,Free Kick,Ground Pass,Right Foot,97.5,53.6,0.02953272,0.02855202,-0.0009806999999999975,,,,,
4cc5f824-0bd6-4af3-9747-1b18711a4194,Pressure,5,13,1,Real Madrid,Luka Modrić,Right Center Midfield,0,Real Madrid,Liverpool,19.2,26.3,,,,,,,,,,,,,,,
154219a4-74fb-47b7-a489-4e2f63201deb,Ball Receipt*,5,13,1,Liverpool,Mohamed Salah,Right Wing,1,Real Madrid,Liverpool,97.5,53.6,,,,,,,,,,,,,,,
9f5aa3eb-3bed-4bc0-97a5-bb8444b235b9,Shot,5,14,1,Liverpool,Mohamed Salah,Right Wing,1,Real Madrid,Liverpool,96.6,51.5,,,,,,,,,,,,,,0.027975515,Blocked
0801d693-6cd2-4565-b9f7-8e57215326dc,Block,5,14,1,Real Madrid,Luka Modrić,Right Center Midfield,0,Real Madrid,Liverpool,20.9,29.7,,,,,,,,,,,,,,,
54375210-b39e-41b2-b8e7-a8801ed81b74,Goal Keeper,5,14,1,Real Madrid,Keylor Navas Gamboa,Goalkeeper,0,Real Madrid,Liverpool,2.6,38.5,,,,,,,,,,,,,,,
faf6fbd3-366a-404d-a6f3-b4b3ad70de0d,Ball Recovery,5,21,1,Liverpool,Trent Alexander-Arnold,Right Back,0,Real Madrid,Liverpool,48.9,68.1,,,,,,,,,,,,,,,
ee84b008-28db-4ed7-a22b-806df4885ad5,Pressure,5,22,1,Real Madrid,Francisco Román Alarcón Suárez,Center Attacking Midfield,0,Real Madrid,Liverpool,61.6,13.9,,,,,,,,,,,,,,,
c5972cc3-232f-4484-81ad-706bb917a63c,Pass,5,22,1,Liverpool,Trent Alexander-Arnold,Right Back,0,Real Madrid,Liverpool,48.4,67.7,,Incomplete,,Low Pass,Left Foot,51.5,66.7,0.01214719,0.0138454,0.00169821,,,,,
418457f0-6150-4504-b837-e221b357727c,Block,5,22,1,Real Madrid,Francisco Román Alarcón Suárez,Center Attacking Midfield,0,Real Madrid,Liverpool,68.6,13.4,,,,,,,,,,,,,,,
8c02129c-28d5-49f3-86e2-934de32c2ba2,Pass,5,25,1,Liverpool,Loris Karius,Goalkeeper,0,Real Madrid,Liverpool,29.7,46.3,Andrew Robertson,,Recovery,Low Pass,Right Foot,35.0,6.8,0.01016549,0.00977659,-0.0003888999999999993,,,,,
84adaed8-66c7-4198-b691-c0cbc21c033c,Ball Receipt*,5,27,1,Liverpool,Andrew Robertson,Left Back,0,Real Madrid,Liverpool,35.0,6.8,,,,,,,,,,,,,,,
b59b0cb1-dc85-430f-8797-f6c714a14075,Carry,5,27,1,Liverpool,Andrew Robertson,Left Back,0,Real Madrid,Liverpool,35.0,6.8,,,,,,,,,,,35.6,5.1,0.0,,
36ffec99-6722-403b-b2a7-cfd2130ffe25,Pass,5,29,1,Liverpool,Andrew Robertson,Left Back,0,Real Madrid,Liverpool,35.6,5.1,Roberto Firmino Barbosa de Oliveira,Incomplete,,High Pass,Left Foot,83.9,6.4,0.00977659,0.02122129,0.0114447,,,,,
835059e9-3937-4597-b3c5-1c38391cc216,Ball Receipt*,5,32,1,Liverpool,Roberto Firmino Barbosa de Oliveira,Center Forward,0,Real Madrid,Liverpool,84.6,10.0,,,,,,,,,,,,,,,
fe233084-1512-4c5f-a015-0f0d7b7942cd,Interception,5,32,1,Real Madrid,Daniel Carvajal Ramos,Right Back,0,Real Madrid,Liverpool,36.2,73.7,,,,,,,,,,,,,,,
86636075-f1d8-4087-b790-8be416bad7fa,Carry,5,32,1,Real Madrid,Daniel Carvajal Ramos,Right Back,1,Real Madrid,Liverpool,36.2,73.7,,,,,,,,,,,29.3,76.6,-0.001328050000000001,,
4f48ffe8-f1f0-4b0b-9112-7798ea788eea,Pressure,5,33,1,Liverpool,Roberto Firmino Barbosa de Oliveira,Center Forward,0,Real Madrid,Liverpool,83.9,5.2,,,,,,,,,,,,,,,
8587e1eb-d9cd-41d2-b3f0-73665c24e9dc,Pass,5,33,1,Real Madrid,Daniel Carvajal Ramos,Right Back,1,Real Madrid,Liverpool,29.3,76.6,,Incomplete,,High Pass,Right Foot,31.7,72.6,0.00844854,0.00977659,0.001328050000000001,,,,,
1ae8956e-039f-4ea5-a407-6edbe318756c,Pressure,5,35,1,Real Madrid,Raphaël Varane,Right Center Back,0,Real Madrid,Liverpool,31.2,72.6,,,,,,,,,,,,,,,
5d3e4c73-5e7c-463d-a4fe-a4eb06d501e2,Pass,5,36,1,Liverpool,Roberto Firmino Barbosa de Oliveira,Center Forward,1,Real Madrid,Liverpool,88.4,7.5,Georginio Wijnaldum,,Recovery,High Pass,Right Foot,91.6,21.0,0.02122129,0.02855202,0.007330730000000001,,,,,
33fe2827-e9a2-4d5e-bb8d-f30cf2556552,Ball Receipt*,5,37,1,Liverpool,Georginio Wijnaldum,Right Center Midfield,0,Real Madrid,Liverpool,91.6,21.0,,,,,,,,,,,,,,,
0dabda01-0e29-442e-a3fd-88e577e2bef9,Carry,5,37,1,Liverpool,Georginio Wijnaldum,Right Center Midfield,1,Real Madrid,Liverpool,91.6,21.0,,,,,,,,,,,94.0,21.4,0.0,,
56c75daf-0fba-4ff6-97a3-8e4ad1f8eeda,Pressure,5,37,1,Real Madrid,Daniel Carvajal Ramos,Right Back,0,Real Madrid,Liverpool,23.4,60.6,,,,,,,,,,,,,,,
0242ad86-d1a6-45e3-9eae-7c0350acef88,Dribble,5,38,1,Liverpool,Georginio Wijnaldum,Right Center Midfield,1,Real Madrid,Liverpool,94.0,21.4,,,,,,,,,,,,,,,
0e4b8ae3-5a1c-4642-b81f-1d5c70ec1a9a,Duel,5,38,1,Real Madrid,Daniel Carvajal Ramos,Right Back,1,Real Madrid,Liverpool,26.1,58.7,,,,,,,,,,,,,,,
ec813bb0-4cee-43b7-9058-b549a17e2bcb,Pressure,5,40,1,Liverpool,James Philip Milner,Left Center Midfield,0,Real Madrid,Liverpool,85.3,41.9,,,,,,,,,,,,,,,
680fff26-cac7-4e8f-be16-6acd7883b5e4,Ball Recovery,5,41,1,Real Madrid,Toni Kroos,Left Center Midfield,1,Real Madrid,Liverpool,31.7,37.5,,,,,,,,,,,,,,,
7255ff6c-bbf3-4a33-8b56-5ddb7d0f73da,Carry,5,41,1,Real Madrid,Toni Kroos,Left Center Midfield,1,Real Madrid,Liverpool,31.7,37.5,,,,,,,,,,,35.0,24.9,-0.0002191399999999996,,
7c6ad470-77dc-40f2-b492-bb01a03fc023,Pass,5,42,1,Real Madrid,Toni Kroos,Left Center Midfield,1,Real Madrid,Liverpool,35.0,24.9,Cristiano Ronaldo dos Santos Aveiro,,,Ground Pass,Left Foot,57.1,6.6,0.01110462,0.01248344,0.001378819999999999,,,,,
acee1502-b4c3-47b1-88f9-cdb9702f42eb,Ball Receipt*,5,43,1,Real Madrid,Cristiano Ronaldo dos Santos Aveiro,Left Center Forward,0,Real Madrid,Liverpool,57.1,6.6,,,,,,,,,,,,,,,
f87d8bd0-5013-4b0d-9d60-71e97ad664f8,Carry,5,43,1,Real Madrid,Cristiano Ronaldo dos Santos Aveiro,Left Center Forward,0,Real Madrid,Liverpool,57.1,6.6,,,,,,,,,,,52.5,7.0,0.0,,
4b056c9b-008c-4c01-a85e-dca8ddfd3b9b,Pass,5,44,1,Real Madrid,Cristiano Ronaldo dos Santos Aveiro,Left Center Forward,0,Real Madrid,Liverpool,52.5,7.0,Marcelo Vieira da Silva Júnior,,,Ground Pass,Right Foot,26.9,8.0,0.01248344,0.00844854,-0.004034900000000001,,,,,
9737b463-279d-43b5-bed0-187583303f00,Ball Receipt*,5,46,1,Real Madrid,Marcelo Vieira da Silva Júnior,Left Back,0,Real Madrid,Liverpool,26.9,8.0,,,,,,,,,,,,,,,
6b3b5bb6-dfdc-4f0e-b50c-d70ed7da8b32,Carry,5,46,1,Real Madrid,Marcelo Vieira da Silva Júnior,Left Back,0,Real Madrid,Liverpool,26.9,8.0,,,,,,,,,,,27.5,13.9,0.0009752800000000002,,
48cacb65-dc2f-46fe-89a8-4f21d54a3e1e,Pass,5,48,1,Real Madrid,Marcelo Vieira da Silva Júnior,Left Back,0,Real Madrid,Liverpool,27.5,13.9,Raphaël Varane,,,Ground Pass,Left Foot,20.0,54.8,0.00942382,0.01001304,0.0005892200000000014,,,,,
c672c4c3-714b-4e34-b67e-a88f44f21ccd,Ball Receipt*,5,50,1,Real Madrid,Raphaël Varane,Right Center Back,0,Real Madrid,Liverpool,20.0,54.8,,,,,,,,,,,,,,,
03dccfb4-5f14-4e04-bba8-93109a987c61,Carry,5,50,1,Real Madrid,Raphaël Varane,Right Center Back,0,Real Madrid,Liverpool,20.0,54.8,,,,,,,,,,,21.6,52.6,0.0,,
08626697-75f8-48bf-93bc-870a35bf78d8,Pass,5,54,1,Real Madrid,Raphaël Varane,Right Center Back,0,Real Madrid,Liverpool,21.6,52.6,Sergio Ramos García,,,Ground Pass,Right Foot,20.9,29.6,0.01001304,0.01001304,0.0,,,,,
24fc3a94-3d3e-4f3c-8dc8-7a7b86038953,Ball Receipt*,5,56,1,Real Madrid,Sergio Ramos García,Left Center Back,0,Real Madrid,Liverpool,20.9,29.6,,,,,,,,,,,,,,,
2c9108bc-8891-4b74-bb5a-3fe692f6dbb7,Carry,5,56,1,Real Madrid,Sergio Ramos García,Left Center Back,0,Real Madrid,Liverpool,20.9,29.6,,,,,,,,,,,27.4,28.0,0.0,,
a8a4e8cd-6f90-467c-bef2-05148e8f7d7d,Pass,5,58,1,Real Madrid,Sergio Ramos García,Left Center Back,0,Real Madrid,Liverpool,27.4,28.0,Francisco Román Alarcón Suárez,,,High Pass,Right Foot,51.1,6.6,0.01001304,0.01248344,0.002470399999999999,,,,,
ed497e7d-f6d3-4921-863d-02bb0549ea0c,Ball Receipt*,6,0,1,Real Madrid,Francisco Román Alarcón Suárez,Center Attacking Midfield,0,Real Madrid,Liverpool,51.1,6.6,,,,,,,,,,,,,,,
9cbd69e5-f494-42aa-be95-ea3e8cfd0a4b,Carry,6,0,1,Real Madrid,Francisco Román Alarcón Suárez,Center Attacking Midfield,0,Real Madrid,Liverpool,51.1,6.6,,,,,,,,,,,51.3,5.5,0.0,,
62bfe32d-7779-4cd0-ba65-33adc6a209da,Pass,6,2,1,Real Madrid,Francisco Román Alarcón Suárez,Center Attacking Midfield,0,Real Madrid,Liverpool,51.3,5.5,Toni Kroos,,,Ground Pass,Right Foot,42.7,9.4,0.01248344,0.01126267,-0.001220769999999999,,,,,
1aa6a66c-f495-49ee-a8de-5eff848e74e4,Ball Receipt*,6,3,1,Real Madrid,Toni Kroos,Left Center Midfield,0,Real Madrid,Liverpool,42.7,9.4,,,,,,,,,,,,,,,
e2f80f21-69a5-4b0d-bb2b-192cb3878909,Carry,6,3,1,Real Madrid,Toni Kroos,Left Center Midfield,0,Real Madrid,Liverpool,42.7,9.4,,,,,,,,,,,41.7,21.7,0.001429069999999999,,
50863b45-a38b-4f13-8232-e3fab3f683bb,Pass,6,6,1,Real Madrid,Toni Kroos,Left Center Midfield,0,Real Madrid,Liverpool,41.7,21.7,Sergio Ramos García,,,Ground Pass,Right Foot,43.2,41.2,0.01269174,0.01262646,-6.527999999999916e-05,,,,,
011e9d08-2b06-46b9-8c0e-4373654b10fb,Ball Receipt*,6,8,1,Real Madrid,Sergio Ramos García,Left Center Back,0,Real Madrid,Liverpool,43.2,41.2,,,,,,,,,,,,,,,
1b6e01ef-cc9f-440e-acf1-2589b9f64dda,Carry,6,8,1,Real Madrid,Sergio Ramos García,Left Center Back,0,Real Madrid,Liverpool,43.2,41.2,,,,,,,,,,,43.2,42.6,0.0,,
e18b1f46-ff73-43dc-8bf3-a5163637c823,Pass,6,10,1,Real Madrid,Sergio Ramos García,Left Center Back,0,Real Madrid,Liverpool,43.2,42.6,Raphaël Varane,,,Ground Pass,Left Foot,39.9,56.0,0.01262646,0.01110462,-0.00152184,,,,,
c6a00a28-d57a-4490-8ce2-2a1784c52f30,Ball Receipt*,6,13,1,Real Madrid,Raphaël Varane,Right Center Back,0,Real Madrid,Liverpool,39.9,56.0,,,,,,,,,,,,,,,
358a4acb-b76d-473e-ae40-181a4da2a48d,Carry,6,13,1,Real Madrid,Raphaël Varane,Right Center Back,0,Real Madrid,Liverpool,39.9,56.0,,,,,,,,,,,40.3,55.5,0.001587119999999999,,
3a9276ad-55ab-48d6-b787-36e5cff9562c,Pass,6,13,1,Real Madrid,Raphaël Varane,Right Center Back,0,Real Madrid,Liverpool,40.3,55.5,Sergio Ramos García,,,Ground Pass,Right Foot,36.1,41.6,0.01269174,0.01132376,-0.00136798,,,,,
eec4e3a7-d8de-4b54-a157-1511791238ef,Ball Receipt*,6,14,1,Real Madrid,Sergio Ramos García,Left Center Back,0,Real Madrid,Liverpool,36.1,41.6,,,,,,,,,,,,,,,
0f72316e-c963-45db-892c-d86394c6b998,Pass,6,14,1,Real Madrid,Sergio Ramos García,Left Center Back,0,Real Madrid,Liverpool,36.1,40.6,Toni Kroos,,,Ground Pass,Right Foot,46.0,38.3,0.01132376,0.01262646,0.0013027,,,,,
f2d523a7-a8f3-4933-9813-5867c0f01f7f,Ball Receipt*,6,15,1,Real Madrid,Toni Kroos,Left Center Midfield,0,Real Madrid,Liverpool,46.0,38.3,,,,,,,,,,,,,,,
a00627de-7dad-4b1d-8008-031d762f45fa,Carry,6,15,1,Real Madrid,Toni Kroos,Left Center Midfield,0,Real Madrid,Liverpool,46.0,38.3,,,,,,,,,,,50.6,28.3,0.001664819999999999,,
9ec77373-0b44-484d-ac87-903dad9f8e97,Pass,6,19,1,Real Madrid,Toni Kroos,Left Center Midfield,0,Real Madrid,Liverpool,50.6,28.3,Marcelo Vieira da Silva Júnior,,,Ground Pass,Right Foot,49.2,5.5,0.01429128,0.01126267,-0.003028609999999999,,,,,
95add4c1-08b7-4e3d-bd5a-44f7effb591b,Ball Receipt*,6,21,1,Real Madrid,Marcelo Vieira da Silva Júnior,Left Back,0,Real Madrid,Liverpool,49.2,5.5,,,,,,,,,,,,,,,
ea2bbda8-2196-4732-b248-89c94a8e6316,Carry,6,21,1,Real Madrid,Marcelo Vieira da Silva Júnior,Left Back,0,Real Madrid,Liverpool,49.2,5.5,,,,,,,,,,,49.2,5.5,0.0,,
f0a58b38-2821-4d93-b392-935d9d8e4400,Pass,6,22,1,Real Madrid,Marcelo Vieira da Silva Júnior,Left Back,0,Real Madrid,Liverpool,49.2,5.5,Karim Benzema,Incomplete,,High Pass,Left Foot,82.9,10.5,0.01126267,0.02401521,0.01275254,,,,,
61d1bd2c-6378-4178-bcf3-92942f1cbbe9,Ball Receipt*,6,23,1,Real Madrid,Karim Benzema,Right Center Forward,0,Real Madrid,Liverpool,86.5,11.2,,,,,,,,,,,,,,,
196bf558-2a92-4bf6-b549-475f03dbf92d,Pass,6,23,1,Liverpool,Dejan Lovren,Right Center Back,0,Real Madrid,Liverpool,37.2,69.6,Jordan Brian Henderson,Incomplete,Recovery,Low Pass,Right Foot,49.6,70.8,0.0105949,0.01126267,0.0006677699999999998,,,,,
519f3ca6-e451-4cb9-814f-24de28dafbfd,Ball Receipt*,6,24,1,Liverpool,Jordan Brian Henderson,Center Defensive Midfield,0,Real Madrid,Liverpool,49.6,69.4,,,,,,,,,,,,,,,
ad11b9d7-8dbe-43d6-9fdf-64ea48832344,Ball Recovery,6,24,1,Real Madrid,Cristiano Ronaldo dos Santos Aveiro,Left Center Forward,0,Real Madrid,Liverpool,70.5,9.3,,,,,,,,,,,,,,,
1782735c-7a1e-462a-8ed3-9c2b9f9e1b06,Ball Recovery,6,25,1,Liverpool,James Philip Milner,Left Center Midfield,0,Real Madrid,Liverpool,49.7,75.8,,,,,,,,,,,,,,,
985b8c17-b531-43b2-968a-8b71e918f13c,Carry,6,25,1,Liverpool,James Philip Milner,Left Center Midfield,0,Real Madrid,Liverpool,49.7,75.8,,,,,,,,,,,49.7,69.0,0.0008845199999999998,,
cda60cd9-0084-4535-9924-72911d8a2d6a,Pass,6,26,1,Liverpool,James Philip Milner,Left Center Midfield,0,Real Madrid,Liverpool,49.7,69.0,Roberto Firmino Barbosa de Oliveira,,,Ground Pass,Left Foot,62.7,64.9,0.01214719,0.01611813,0.003970940000000001,,,,,
249efc69-c661-4d5c-8cea-cdf0938d29d3,Ball Receipt*,6,27,1,Liverpool,Roberto Firmino Barbosa de Oliveira,Center Forward,0,Real Madrid,Liverpool,62.7,64.9,,,,,,,,,,,,,,,
4cde2d39-6c93-4693-bbec-5ba408945408,Carry,6,27,1,Liverpool,Roberto Firmino Barbosa de Oliveira,Center Forward,1,Real Madrid,Liverpool,62.7,64.9,,,,,,,,,,,63.0,61.1,0.0,,
6e2b4048-8dde-4e51-adbc-dc0c41260e16,Pressure,6,27,1,Real Madrid,Sergio Ramos García,Left Center Back,0,Real Madrid,Liverpool,55.1,16.0,,,,,,,,,,,,,,,
474d5b94-be3d-4e76-bbab-d32245a0f45d,Pass,6,28,1,Liverpool,Roberto Firmino Barbosa de Oliveira,Center Forward,0,Real Madrid,Liverpool,63.0,61.1,Sadio Mané,Incomplete,,Ground Pass,Left Foot,92.6,48.5,0.01611813,0.03511326,0.01899513,,,,,
dc1f76b5-468d-4eaa-a4b3-aba35d3c3100,Ball Receipt*,6,30,1,Liverpool,Sadio Mané,Left Wing,0,Real Madrid,Liverpool,90.9,45.3,,,,,,,,,,,,,,,
9e686209-aec8-4948-a6b3-037bf3104703,Interception,6,30,1,Real Madrid,Raphaël Varane,Right Center Back,0,Real Madrid,Liverpool,27.5,31.6,,,,,,,,,,,,,,,
70d79c16-d9cf-4059-be01-3a7a115c662b,Clearance,6,32,1,Real Madrid,Marcelo Vieira da Silva Júnior,Left Back,1,Real Madrid,Liverpool,22.3,23.5,,,,,,,,,,,,,,,
f0d02aab-9689-4512-9a2a-9943b7afd602,Ball Recovery,6,34,1,Real Madrid,Luka Modrić,Right Center Midfield,0,Real Madrid,Liverpool,42.6,57.9,,,,,,,,,,,,,,,
8d30d7b5-e478-43c2-846b-8ffcac8beeaa,Carry,6,34,1,Real Madrid,Luka Modrić,Right Center Midfield,0,Real Madrid,Liverpool,42.6,57.9,,,,,,,,,,,40.9,63.9,-0.0005445499999999995,,
59c7482d-f610-4318-85e5-6870ed55ad1f,Dispossessed,6,35,1,Real Madrid,Luka Modrić,Right Center Midfield,1,Real Madrid,Liverpool,40.9,63.9,,,,,,,,,,,,,,,
3fb431b7-c829-4190-8621-59bbdf91fd42,Duel,6,35,1,Liverpool,Andrew Robertson,Left Back,1,Real Madrid,Liverpool,79.2,16.2,,,,,,,,,,,,,,,
1b189a48-3456-45db-9a18-de116c5a8856,Carry,6,35,1,Liverpool,Andrew Robertson,Left Back,1,Real Madrid,Liverpool,79.2,16.2,,,,,,,,,,,84.8,3.4,0.00251782,,
cc440a73-d87f-4b73-a9df-aa6af5b34695,Pressure,6,36,1,Real Madrid,Luka Modrić,Right Center Midfield,0,Real Madrid,Liverpool,37.5,65.6,,,,,,,,,,,,,,,
fb9f00da-c5a5-4cf9-b7bd-1129c6ca877a,Pass,6,39,1,Liverpool,Andrew Robertson,Left Back,0,Real Madrid,Liverpool,84.8,3.4,Georginio Wijnaldum,,,Ground Pass,Left Foot,77.8,9.9,0.02122129,0.0174506,-0.00377069,,,,,
92df4aec-0454-4bd4-ac48-5f827671d4c0,Ball Receipt*,6,39,1,Liverpool,Georginio Wijnaldum,Right Center Midfield,0,Real Madrid,Liverpool,77.8,9.9,,,,,,,,,,,,,,,
e3aa94a9-77ba-40aa-94ba-e06d6b1bbd34,Carry,6,39,1,Liverpool,Georginio Wijnaldum,Right Center Midfield,0,Real Madrid,Liverpool,77.8,9.9,,,,,,,,,,,77.2,9.7,0.0,,
4be91002-2d44-47de-a596-e6dfc41efb4a,Pass,6,40,1,Liverpool,Georginio Wijnaldum,Right Center Midfield,0,Real Madrid,Liverpool,77.2,9.7,Jordan Brian Henderson,,,Low Pass,Right Foot,70.6,25.7,0.0174506,0.01935132,0.001900720000000002,,,,,
d17d7f71-93dc-4d5f-a3fd-10e32d0085e3,Ball Receipt*,6,41,1,Liverpool,Jordan Brian Henderson,Center Defensive Midfield,0,Real Madrid,Liverpool,70.6,25.7,,,,,,,,,,,,,,,
f8eb771a-289c-4740-bcac-2af01ed184c1,Carry,6,41,1,Liverpool,Jordan Brian Henderson,Center Defensive Midfield,0,Real Madrid,Liverpool,70.6,25.7,,,,,,,,,,,70.6,25.1,0.0,,
b8ea4bed-ec55-44c6-927c-e559fed735f1,Pass,6,42,1,Liverpool,Jordan Brian Henderson,Center Defensive Midfield,0,Real Madrid,Liverpool,70.6,25.1,James Philip Milner,,,Ground Pass,Right Foot,65.9,34.3,0.01935132,0.01689528,-0.002456040000000003,,,,,
1e2e1b9d-0686-46a2-a0f8-f4b9269f6f2d,Ball Receipt*,6,43,1,Liverpool,James Philip Milner,Left Center Midfield,0,Real Madrid,Liverpool,65.9,34.3,,,,,,,,,,,,,,,
9c3ee81a-1b97-4954-af4c-7bf66fd86e62,Pass,6,43,1,Liverpool,James Philip Milner,Left Center Midfield,0,Real Madrid,Liverpool,64.4,35.1,Jordan Brian Henderson,,,Ground Pass,Right Foot,69.9,28.9,0.01689528,0.01685596,-3.931999999999894e-05,,,,,
691f0cd0-b402-4fd2-b8df-9c1aac0767f7,Ball Receipt*,6,44,1,Liverpool,Jordan Brian Henderson,Center Defensive Midfield,0,Real Madrid,Liverpool,69.9,28.9,,,,,,,,,,,,,,,
23bde146-b691-459a-8e1b-aab3c8fb3680,Carry,6,44,1,Liverpool,Jordan Brian Henderson,Center Defensive Midfield,0,Real Madrid,Liverpool,69.9,28.9,,,,,,,,,,,70.3,28.5,0.002495360000000002,,
8b266034-c95d-4a05-8b5f-7273b515be32,Pass,6,44,1,Liverpool,Jordan Brian Henderson,Center Defensive Midfield,0,Real Madrid,Liverpool,70.3,28.5,Georginio Wijnaldum,,,Ground Pass,Right Foot,76.5,20.9,0.01935132,0.01935132,0.0,,,,,
fded0a90-9a03-4ff8-ae34-6f0fec799d10,Ball Receipt*,6,45,1,Liverpool,Georginio Wijnaldum,Right Center Midfield,0,Real Madrid,Liverpool,76.5,20.9,,,,,,,,,,,,,,,
2e01ec35-26aa-452b-8afa-49e584c15564,Carry,6,45,1,Liverpool,Georginio Wijnaldum,Right Center Midfield,0,Real Madrid,Liverpool,76.5,20.9,,,,,,,,,,,76.9,19.6,-0.0006478500000000019,,
8821bde6-1e6d-4eb7-8275-74590d6b0cca,Pass,6,46,1,Liverpool,Georginio Wijnaldum,Right Center Midfield,0,Real Madrid,Liverpool,76.9,19.6,Andrew Robertson,,,Ground Pass,Right Foot,90.3,4.9,0.01870347,0.02756312,0.00885965,,,,,
042b63ad-424c-4221-a436-fed3e73d2e60,Ball Receipt*,6,48,1,Liverpool,Andrew Robertson,Left Back,0,Real Madrid,Liverpool,90.3,4.9,,,,,,,,,,,,,,,
b16dcf49-74b9-4853-858e-22354e713cb0,Carry,6,48,1,Liverpool,Andrew Robertson,Left Back,0,Real Madrid,Liverpool,90.3,4.9,,,,,,,,,,,97.1,3.8,0.0,,
26d5d9f4-1cfb-4004-b309-73eabca54a52,Pass,6,50,1,Liverpool,Andrew Robertson,Left Back,0,Real Madrid,Liverpool,97.1,3.8,James Philip Milner,,,Ground Pass,Left Foot,85.7,17.2,0.02756312,0.02401521,-0.003547910000000001,,,,,
41b1ee54-ffdc-465c-b9e5-3ac1009e4777,Ball Receipt*,6,51,1,Liverpool,James Philip Milner,Left Center Midfield,0,Real Madrid,Liverpool,85.7,17.2,,,,,,,,,,,,,,,
20124c18-1d79-4cc3-8f93-603e1954e4b0,Carry,6,51,1,Liverpool,James Philip Milner,Left Center Midfield,0,Real Madrid,Liverpool,85.7,17.2,,,,,,,,,,,86.3,23.1,0.0001071900000000001,,
51fb89e2-7323-499b-8950-3dc51d2b1516,Pass,6,53,1,Liverpool,James Philip Milner,Left Center Midfield,0,Real Madrid,Liverpool,86.3,23.1,Trent Alexander-Arnold,,,High Pass,Right Foot,89.9,75.3,0.0241224,0.02122129,-0.002901109999999998,,,,,
44b18e6d-42b7-4a1f-93ad-6024ddece102,Ball Receipt*,6,56,1,Liverpool,Trent Alexander-Arnold,Right Back,0,Real Madrid,Liverpool,89.9,75.3,,,,,,,,,,,,,,,
360cf008-b668-4de9-95e4-398231b08a6c,Carry,6,56,1,Liverpool,Trent Alexander-Arnold,Right Back,0,Real Madrid,Liverpool,89.9,75.3,,,,,,,,,,,86.3,71.7,0.0,,
421b4496-5ced-45e2-9cb1-54bb075ed727,Pass,7,0,1,Liverpool,Trent Alexander-Arnold,Right Back,0,Real Madrid,Liverpool,86.3,71.7,Mohamed Salah,,,Ground Pass,Right Foot,92.5,58.8,0.02122129,0.02855202,0.007330730000000001,,,,,
7c5694ec-05ae-47bf-90ad-c04664d16193,Ball Receipt*,7,1,1,Liverpool,Mohamed Salah,Right Wing,0,Real Madrid,Liverpool,92.5,58.8,,,,,,,,,,,,,,,
49b908c3-4f72-4e27-9fc8-febdd4991646,Carry,7,1,1,Liverpool,Mohamed Salah,Right Wing,1,Real Madrid,Liverpool,92.5,58.8,,,,,,,,,,,95.0,55.5,0.0,,
59bf6ed1-b337-4b30-ae87-c8fdcf127192,Pressure,7,2,1,Real Madrid,Carlos Henrique Casimiro,Center Defensive Midfield,0,Real Madrid,Liverpool,22.0,29.7,,,,,,,,,,,,,,,
f07508c0-e99c-4456-b298-6d1d400c1751,Pass,7,2,1,Liverpool,Mohamed Salah,Right Wing,1,Real Madrid,Liverpool,95.0,55.5,Roberto Firmino Barbosa de Oliveira,,,High Pass,Left Foot,103.8,44.4,0.02855202,0.10805102,0.079499,,,,,
a249a176-1d4d-4629-8490-53a181cd96cd,Ball Receipt*,7,3,1,Liverpool,Roberto Firmino Barbosa de Oliveira,Center Forward,0,Real Madrid,Liverpool,103.8,44.4,,,,,,,,,,,,,,,
f93bea8a-36be-4af7-8530-19f6bda286ab,Pass,7,3,1,Liverpool,Roberto Firmino Barbosa de Oliveira,Center Forward,0,Real Madrid,Liverpool,104.0,43.8,Trent Alexander-Arnold,Incomplete,,Low Pass,Other,113.0,49.1,0.10805102,0.25745362,0.1494026,,,,,
f202411b-51ea-48fc-bb91-df89e551ec5e,Ball Receipt*,7,5,1,Liverpool,Trent Alexander-Arnold,Right Back,0,Real Madrid,Liverpool,112.1,50.6,,,,,,,,,,,,,,,
e63884e9-28f4-43c7-94a7-1ba086ffe56d,Goal Keeper,7,5,1,Real Madrid,Keylor Navas Gamboa,Goalkeeper,0,Real Madrid,Liverpool,7.1,31.0,,,,,,,,,,,,,,,
57ff0cf7-15ce-415d-bb35-06122371c653,Carry,7,5,1,Real Madrid,Keylor Navas Gamboa,Goalkeeper,1,Real Madrid,Liverpool,7.1,31.0,,,,,,,,,,,7.1,28.6,-0.0005306600000000005,,
d6c0d299-fae8-4cbb-aa5f-78bc9674f420,Foul Committed,7,5,1,Liverpool,Trent Alexander-Arnold,Right Back,0,Real Madrid,Liverpool,113.0,51.5,,,,,,,,,,,,,,,
656a8480-5c90-4272-bc96-f6d444d29e87,Foul Won,7,5,1,Real Madrid,Keylor Navas Gamboa,Goalkeeper,1,Real Madrid,Liverpool,7.1,28.6,,,,,,,,,,,,,,,
c717fcd6-e7cf-4dee-8c08-a3ee8939a1d1,Pass,7,25,1,Real Madrid,Keylor Navas Gamboa,Goalkeeper,0,Real Madrid,Liverpool,8.0,30.5,Toni Kroos,,Free Kick,High Pass,Right Foot,35.3,18.6,0.00941056,0.0105949,0.001184340000000001,,,,,
5ec0339c-4efc-427d-8119-185ab1cdff19,Ball Receipt*,7,29,1,Real Madrid,Toni Kroos,Left Center Midfield,0,Real Madrid,Liverpool,35.3,18.6,,,,,,,,,,,,,,,
f5a63f36-b188-42d1-849a-916b3bf6f8ef,Pressure,7,31,1,Liverpool,Roberto Firmino Barbosa de Oliveira,Center Forward,0,Real Madrid,Liverpool,79.2,66.2,,,,,,,,,,,,,,,
226ae060-0da0-43a2-a863-badd8e9b2e6f,Pass,7,31,1,Real Madrid,Toni Kroos,Left Center Midfield,1,Real Madrid,Liverpool,42.2,11.1,Francisco Román Alarcón Suárez,,,Ground Pass,Right Foot,50.6,13.4,0.01214719,0.0138454,0.00169821,,,,,
3e4263b1-de84-4884-b1ac-b9e6fb76d6d5,Ball Receipt*,7,32,1,Real Madrid,Francisco Román Alarcón Suárez,Center Attacking Midfield,0,Real Madrid,Liverpool,50.6,13.4,,,,,,,,,,,,,,,
b8af04ec-06fe-4269-bcd2-bc4cddac5fe1,Pass,7,32,1,Real Madrid,Francisco Román Alarcón Suárez,Center Attacking Midfield,0,Real Madrid,Liverpool,50.9,12.8,Marcelo Vieira da Silva Júnior,Incomplete,,Ground Pass,Right Foot,42.9,11.5,0.0138454,0.01214719,-0.00169821,,,,,
47533be5-9224-481f-ba8a-605ca13a520c,Ball Receipt*,7,33,1,Real Madrid,Marcelo Vieira da Silva Júnior,Left Back,0,Real Madrid,Liverpool,36.8,7.9,,,,,,,,,,,,,,,
42437260-f70e-42e0-b689-96616a02be42,Ball Recovery,7,33,1,Liverpool,Roberto Firmino Barbosa de Oliveira,Center Forward,0,Real Madrid,Liverpool,77.2,68.6,,,,,,,,,,,,,,,
2b8d6d7c-39e5-4939-8186-3405b059fc8f,Carry,7,33,1,Liverpool,Roberto Firmino Barbosa de Oliveira,Center Forward,0,Real Madrid,Liverpool,77.2,68.6,,,,,,,,,,,76.4,67.2,0.0,,
d71234bc-c0ac-4043-a0ab-cc1a50ffeb3d,Pass,7,33,1,Liverpool,Roberto Firmino Barbosa de Oliveira,Center Forward,0,Real Madrid,Liverpool,76.4,67.2,James Philip Milner,,,Ground Pass,Right Foot,69.9,73.9,0.01870347,0.01473596,-0.00396751,,,,,
65b9736f-0669-4240-a4ec-288021b3f92e,Ball Receipt*,7,34,1,Liverpool,James Philip Milner,Left Center Midfield,0,Real Madrid,Liverpool,69.9,73.9,,,,,,,,,,,,,,,
42d8ac88-e62c-4fc8-ac65-686092826d7d,Carry,7,34,1,Liverpool,James Philip Milner,Left Center Midfield,0,Real Madrid,Liverpool,69.9,73.9,,,,,,,,,,,70.0,74.5,0.002714640000000001,,
903c0fb6-a18a-46af-9084-6ee06f46080a,Pass,7,34,1,Liverpool,James Philip Milner,Left Center Midfield,0,Real Madrid,Liverpool,70.0,74.5,Jordan Brian Henderson,,,Ground Pass,Right Foot,70.0,65.9,0.0174506,0.01870347,0.00125287,,,,,
a926078a-28b3-45e4-ad5f-0856956cdecf,Ball Receipt*,7,35,1,Liverpool,Jordan Brian Henderson,Center Defensive Midfield,0,Real Madrid,Liverpool,70.0,65.9,,,,,,,,,,,,,,,
3eca24e6-04cd-4b0c-9f16-517a0f14dc90,Pass,7,35,1,Liverpool,Jordan Brian Henderson,Center Defensive Midfield,0,Real Madrid,Liverpool,70.3,65.8,James Philip Milner,,,Low Pass,Right Foot,69.2,74.5,0.01870347,0.01473596,-0.00396751,,,,,
1267e183-87ce-403a-8dd2-ee85f82455b3,Ball Receipt*,7,36,1,Liverpool,James Philip Milner,Left Center Midfield,0,Real Madrid,Liverpool,69.2,74.5,,,,,,,,,,,,,,,
807a2ae3-47d7-4623-9d83-dc8e206110d9,Carry,7,36,1,Liverpool,James Philip Milner,Left Center Midfield,1,Real Madrid,Liverpool,69.2,74.5,,,,,,,,,,,69.5,74.5,0.0,,
892108ec-b077-4cff-9ff9-cf28329bdaec,Pressure,7,36,1,Real Madrid,Francisco Román Alarcón Suárez,Center Attacking Midfield,0,Real Madrid,Liverpool,48.7,9.3,,,,,,,,,,,,,,,
737cd159-1f4a-4541-9dc3-066dc92c3249,Pass,7,37,1,Liverpool,James Philip Milner,Left Center Midfield,1,Real Madrid,Liverpool,69.5,74.5,Mohamed Salah,,,Ground Pass,Right Foot,84.3,67.6,0.01473596,0.02401521,0.00927925,,,,,
2116e2f5-e953-43eb-bd56-21e3f720ecfe,Pressure,7,37,1,Real Madrid,Sergio Ramos García,Left Center Back,0,Real Madrid,Liverpool,34.3,13.5,,,,,,,,,,,,,,,
38e9194f-01ca-47e7-974f-68d51caac92d,Ball Receipt*,7,38,1,Liverpool,Mohamed Salah,Right Wing,1,Real Madrid,Liverpool,84.3,67.6,,,,,,,,,,,,,,,
28752a6a-7af4-4cd4-9915-e65141ae52c5,Carry,7,38,1,Liverpool,Mohamed Salah,Right Wing,1,Real Madrid,Liverpool,84.3,67.6,,,,,,,,,,,83.4,66.7,0.0,,
1a92d625-4580-4cd6-8646-62f57d196a5a,Pass,7,38,1,Liverpool,Mohamed Salah,Right Wing,0,Real Madrid,Liverpool,83.4,66.7,Roberto Firmino Barbosa de Oliveira,,,Ground Pass,Left Foot,76.9,61.5,0.02401521,0.01870347,-0.005311739999999999,,,,,
b2b15ff9-9ef7-46d1-8f53-9088cec6d74a,Ball Receipt*,7,39,1,Liverpool,Roberto Firmino Barbosa de Oliveira,Center Forward,0,Real Madrid,Liverpool,76.9,61.5,,,,,,,,,,,,,,,
6eaf72d7-21a7-4c8a-bdc5-1e9c128c5965,Carry,7,39,1,Liverpool,Roberto Firmino Barbosa de Oliveira,Center Forward,0,Real Madrid,Liverpool,76.9,61.5,,,,,,,,,,,77.5,61.2,0.0,,
087c5270-9451-4564-9c2f-b857011850fb,Pass,7,39,1,Liverpool,Roberto Firmino Barbosa de Oliveira,Center Forward,0,Real Madrid,Liverpool,77.5,61.2,Jordan Brian Henderson,,,Ground Pass,Right Foot,70.0,59.8,0.01870347,0.01935132,0.0006478500000000019,,,,,
497aec5f-9282-4416-a2ce-6dd2b0cf2338,Ball Receipt*,7,40,1,Liverpool,Jordan Brian Henderson,Center Defensive Midfield,0,Real Madrid,Liverpool,70.0,59.8,,,,,,,,,,,,,,,
25437e7b-6837-4b08-9c7a-167212e775d4,Carry,7,40,1,Liverpool,Jordan Brian Henderson,Center Defensive Midfield,0,Real Madrid,Liverpool,70.0,59.8,,,,,,,,,,,68.6,59.4,-0.002495360000000002,,
6c591bd0-2ff0-43fb-a9bd-490cf6b634da,Pass,7,41,1,Liverpool,Jordan Brian Henderson,Center Defensive Midfield,0,Real Madrid,Liverpool,68.6,59.4,Andrew Robertson,,,Low Pass,Left Foot,63.0,19.1,0.01685596,0.01611813,-0.0007378299999999983,,,,,
f03a3451-7beb-41ef-ac3a-72a77e53650a,Ball Receipt*,7,43,1,Liverpool,Andrew Robertson,Left Back,0,Real Madrid,Liverpool,63.0,19.1,,,,,,,,,,,,,,,
5c69ca9b-009a-4b0d-96a2-574621588924,Carry,7,43,1,Liverpool,Andrew Robertson,Left Back,0,Real Madrid,Liverpool,63.0,19.1,,,,,,,,,,,74.1,9.0,0.001332469999999999,,
3e2571b9-8983-43e3-b397-17bb96667f42,Pass,7,46,1,Liverpool,Andrew Robertson,Left Back,0,Real Madrid,Liverpool,74.1,9.0,Georginio Wijnaldum,,,Ground Pass,Left Foot,76.0,25.7,0.0174506,0.01935132,0.001900720000000002,,,,,
bc0345ca-9968-453e-89c9-c9f2f42457f3,Ball Receipt*,7,47,1,Liverpool,Georginio Wijnaldum,Right Center Midfield,0,Real Madrid,Liverpool,76.0,25.7,,,,,,,,,,,,,,,
cfc2d4a7-4c74-4531-bc8c-2a5c237aa69f,Carry,7,47,1,Liverpool,Georginio Wijnaldum,Right Center Midfield,0,Real Madrid,Liverpool,76.0,25.7,,,,,,,,,,,83.3,25.7,0.004771079999999997,,
5c81d92e-78ed-4ce1-aae6-266dbeb5b77e,Pass,7,52,1,Liverpool,Georginio Wijnaldum,Right Center Midfield,0,Real Madrid,Liverpool,83.3,25.7,Andrew Robertson,,,High Pass,Right Foot,100.5,4.0,0.0241224,0.03485072,0.01072832,,,,,
6f2210ee-649d-47ed-a99a-121d92697045,Ball Receipt*,7,54,1,Liverpool,Andrew Robertson,Left Back,0,Real Madrid,Liverpool,100.5,4.0,,,,,,,,,,,,,,,
fb6ed081-e73b-42e3-8f47-8cb444628b90,Carry,7,54,1,Liverpool,Andrew Robertson,Left Back,0,Real Madrid,Liverpool,100.5,4.0,,,,,,,,,,,103.8,4.0,0.0,,
8ff3f0e3-0868-480a-9073-ba5569125913,Pass,7,55,1,Liverpool,Andrew Robertson,Left Back,0,Real Madrid,Liverpool,103.8,4.0,Roberto Firmino Barbosa de Oliveira,,,High Pass,Left Foot,112.4,33.0,0.03485072,0.25745362,0.2226029,,,,,
864eb93c-f292-4c00-970d-8418ff8d24a6,Ball Receipt*,7,56,1,Liverpool,Roberto Firmino Barbosa de Oliveira,Center Forward,0,Real Madrid,Liverpool,112.4,33.0,,,,,,,,,,,,,,,
399ac143-5f7b-4080-8c0b-3c18435d7fc1,Shot,7,56,1,Liverpool,Roberto Firmino Barbosa de Oliveira,Center Forward,0,Real Madrid,Liverpool,112.1,30.6,,,,,,,,,,,,,,0.07536108,Off T
0ed95d27-7799-4809-94be-14b2af0e8199,Goal Keeper,7,57,1,Real Madrid,Keylor Navas Gamboa,Goalkeeper,0,Real Madrid,Liverpool,1.8,43.1,,,,,,,,,,,,,,,
053aab5e-c93b-4089-b175-1ab161be7f54,Pass,8,39,1,Real Madrid,Keylor Navas Gamboa,Goalkeeper,0,Real Madrid,Liverpool,7.0,36.1,Karim Benzema,,Goal Kick,High Pass,Right Foot,69.8,55.1,0.00941056,0.01685596,0.0074454,,,,,
e04afff4-e840-4d01-ba0f-32cfcf8ebcae,Ball Receipt*,8,42,1,Real Madrid,Karim Benzema,Right Center Forward,0,Real Madrid,Liverpool,69.8,55.1,,,,,,,,,,,,,,,
58bece79-a869-4f91-be89-5a76c3e996ca,Carry,8,42,1,Real Madrid,Karim Benzema,Right Center Forward,1,Real Madrid,Liverpool,69.8,55.1,,,,,,,,,,,74.6,54.1,0.002495360000000002,,
dce16bc8-5bfb-40b8-b7d9-bd86d87bd3bb,Pressure,8,43,1,Liverpool,Georginio Wijnaldum,Right Center Midfield,0,Real Madrid,Liverpool,50.7,27.9,,,,,,,,,,,,,,,
281c9895-9ef4-4a06-b619-81ee470b9600,Pass,8,45,1,Real Madrid,Karim Benzema,Right Center Forward,0,Real Madrid,Liverpool,74.6,54.1,Daniel Carvajal Ramos,,,Ground Pass,Right Foot,91.3,75.2,0.01935132,0.02756312,0.008211799999999998,,,,,
d6060df7-c99f-4ab4-a906-acb90bd9aec5,Ball Receipt*,8,47,1,Real Madrid,Daniel Carvajal Ramos,Right Back,0,Real Madrid,Liverpool,91.3,75.2,,,,,,,,,,,,,,,
8b16577c-6bd3-4f00-b2f7-89e711842409,Carry,8,47,1,Real Madrid,Daniel Carvajal Ramos,Right Back,0,Real Madrid,Liverpool,91.3,75.2,,,,,,,,,,,94.4,75.2,0.0,,
7f70067b-06f5-40a1-be27-880f03c52229,Miscontrol,8,47,1,Real Madrid,Daniel Carvajal Ramos,Right Back,0,Real Madrid,Liverpool,94.4,75.2,,,,,,,,,,,,,,,
2b58c86b-ca11-4156-84d7-a281478943ed,Ball Recovery,8,48,1,Liverpool,Andrew Robertson,Left Back,0,Real Madrid,Liverpool,21.6,5.2,,,,,,,,,,,,,,,
9b1f2a30-8f2d-429b-88c1-607af6a12b81,Carry,8,48,1,Liverpool,Andrew Robertson,Left Back,1,Real Madrid,Liverpool,21.6,5.2,,,,,,,,,,,11.3,4.8,-0.0006523799999999993,,
fbea09fe-79cf-454e-8558-e78908f91559,Pressure,8,49,1,Real Madrid,Daniel Carvajal Ramos,Right Back,0,Real Madrid,Liverpool,104.2,74.9,,,,,,,,,,,,,,,
189c9df1-ac47-4c06-9855-390705f2a353,Pass,8,50,1,Liverpool,Andrew Robertson,Left Back,0,Real Madrid,Liverpool,11.3,4.8,Sadio Mané,,,High Pass,Left Foot,42.4,3.1,0.00779616,0.01126267,0.003466510000000001,,,,,
e2d205f3-da17-4785-b17d-c48787364b03,Ball Receipt*,8,53,1,Liverpool,Sadio Mané,Left Wing,0,Real Madrid,Liverpool,42.4,3.1,,,,,,,,,,,,,,,
b54a8551-b1e3-4ea4-9ff8-3ff81b3085ac,Carry,8,53,1,Liverpool,Sadio Mané,Left Wing,1,Real Madrid,Liverpool,42.4,3.1,,,,,,,,,,,77.5,2.8,0.006187929999999999,,
522007a7-5f48-410d-817f-526b125f3304,Pressure,8,56,1,Real Madrid,Luka Modrić,Right Center Midfield,0,Real Madrid,Liverpool,56.7,76.3,,,,,,,,,,,,,,,
84543707-d1d6-4200-9450-d2556063e586,Dribble,8,57,1,Liverpool,Sadio Mané,Left Wing,1,Real Madrid,Liverpool,77.5,2.8,,,,,,,,,,,,,,,
d1d92587-a119-47cb-82f3-6fd169c68862,Duel,8,57,1,Real Madrid,Luka Modrić,Right Center Midfield,1,Real Madrid,Liverpool,42.6,77.3,,,,,,,,,,,,,,,
70ea9643-5672-4daf-b787-f7cef02dc0ed,Pass,9,5,1,Liverpool,Georginio Wijnaldum,Right Center Midfield,0,Real Madrid,Liverpool,76.9,0.1,Jordan Brian Henderson,,Throw-in,High Pass,,69.6,3.1,0.0174506,0.01473596,-0.002714640000000001,,,,,
19b9de3b-a594-4eef-98fb-186dc4ee2ee6,Ball Receipt*,9,6,1,Liverpool,Jordan Brian Henderson,Center Defensive Midfield,0,Real Madrid,Liverpool,69.6,3.1,,,,,,,,,,,,,,,
bdbfeeaa-7fba-4c87-981c-3ae608cfe4f5,Carry,9,6,1,Liverpool,Jordan Brian Henderson,Center Defensive Midfield,0,Real Madrid,Liverpool,69.6,3.1,,,,,,,,,,,70.0,4.7,0.002714640000000001,,
d078f1c4-d6c1-4d9f-855f-b7a346d076d0,Pass,9,7,1,Liverpool,Jordan Brian Henderson,Center Defensive Midfield,0,Real Madrid,Liverpool,70.0,4.7,Georginio Wijnaldum,,,Low Pass,Left Foot,76.5,3.5,0.0174506,0.0174506,0.0,,,,,
2c952421-141f-4346-b3af-3c312e343c6b,Ball Receipt*,9,7,1,Liverpool,Georginio Wijnaldum,Right Center Midfield,0,Real Madrid,Liverpool,76.5,3.5,,,,,,,,,,,,,,,
7f0f3184-5b74-4415-9419-95f27dcb7465,Carry,9,7,1,Liverpool,Georginio Wijnaldum,Right Center Midfield,0,Real Madrid,Liverpool,76.5,3.5,,,,,,,,,,,111.1,14.5,0.02902661,,
6c83dece-823a-4988-996e-1261c9f71f58,Pass,9,12,1,Liverpool,Georginio Wijnaldum,Right Center Midfield,0,Real Madrid,Liverpool,111.1,14.5,Roberto Firmino Barbosa de Oliveira,,,Low Pass,Left Foot,105.9,27.1,0.04647721,0.05491138,0.008434170000000005,,,,,
a2fa9a21-a945-48c7-a2e7-7f04e298d8e0,Ball Receipt*,9,14,1,Liverpool,Roberto Firmino Barbosa de Oliveira,Center Forward,0,Real Madrid,Liverpool,105.9,27.1,,,,,,,,,,,,,,,
6032c89a-e819-438f-9940-0cc43bcdb286,Carry,9,14,1,Liverpool,Roberto Firmino Barbosa de Oliveira,Center Forward,0,Real Madrid,Liverpool,105.9,27.1,,,,,,,,,,,106.0,27.1,0.0,,
7f4237ae-737e-4ec3-9591-2a6b670ad698,Miscontrol,9,14,1,Liverpool,Roberto Firmino Barbosa de Oliveira,Center Forward,0,Real Madrid,Liverpool,106.0,27.1,,,,,,,,,,,,,,,
dc942462-c19d-4521-8891-21611a7a9c70,Clearance,9,15,1,Real Madrid,Sergio Ramos García,Left Center Back,1,Real Madrid,Liverpool,9.0,45.7,,,,,,,,,,,,,,,
c04b388b-c6fc-4ed2-8cd4-6c34a85e51d8,Pass,9,19,1,Liverpool,Virgil van Dijk,Left Center Back,0,Real Madrid,Liverpool,55.6,23.3,,Incomplete,Recovery,High Pass,Head,78.2,26.1,0.01429128,0.01935132,0.005060040000000002,,,,,
db331810-912d-4c7e-a71d-ea62f345ff62,Ball Recovery,9,21,1,Real Madrid,Toni Kroos,Left Center Midfield,0,Real Madrid,Liverpool,41.9,54.0,,,,,,,,,,,,,,,
0fea6520-0f51-4471-a8dd-0e4af1b22f10,Carry,9,21,1,Real Madrid,Toni Kroos,Left Center Midfield,0,Real Madrid,Liverpool,41.9,54.0,,,,,,,,,,,48.7,53.1,0.0,,
7714d0b0-112b-454b-a034-d5e8d70aca28,Pass,9,21,1,Real Madrid,Toni Kroos,Left Center Midfield,0,Real Madrid,Liverpool,48.7,53.1,Luka Modrić,,,Ground Pass,Right Foot,50.1,63.3,0.01269174,0.0138454,0.001153660000000001,,,,,
a7feca9e-96aa-4d4c-b4f8-4508584d5444,Ball Receipt*,9,22,1,Real Madrid,Luka Modrić,Right Center Midfield,0,Real Madrid,Liverpool,50.1,63.3,,,,,,,,,,,,,,,
53145689-c364-4e37-aa2f-57829126d53c,Carry,9,22,1,Real Madrid,Luka Modrić,Right Center Midfield,1,Real Madrid,Liverpool,50.1,63.3,,,,,,,,,,,56.6,59.5,0.0004458799999999992,,
a80d620b-f73b-41f1-a7f4-71c221f33291,Pressure,9,23,1,Liverpool,Sadio Mané,Left Wing,0,Real Madrid,Liverpool,72.1,15.8,,,,,,,,,,,,,,,
0603f84d-efc8-4302-956f-6e7f9c976c27,Foul Committed,9,24,1,Liverpool,Sadio Mané,Left Wing,0,Real Madrid,Liverpool,63.5,20.6,,,,,,,,,,,,,,,
b601d1b0-1574-4645-974c-885d427302b0,Foul Won,9,24,1,Real Madrid,Luka Modrić,Right Center Midfield,1,Real Madrid,Liverpool,56.6,59.5,,,,,,,,,,,,,,,
91fbb2b8-06c3-4379-b9ec-a38968c69470,Pass,9,32,1,Real Madrid,Toni Kroos,Left Center Midfield,0,Real Madrid,Liverpool,56.7,59.6,Sergio Ramos García,,Free Kick,Ground Pass,Right Foot,48.8,30.9,0.01429128,0.01262646,-0.001664819999999999,,,,,
c433e37a-aaa4-468d-9247-46e8a0729c63,Ball Receipt*,9,34,1,Real Madrid,Sergio Ramos García,Left Center Back,0,Real Madrid,Liverpool,48.8,30.9,,,,,,,,,,,,,,,
ec7aa9bf-3dfb-4ddd-9b4c-aa5e63b2e7df,Pass,9,35,1,Real Madrid,Sergio Ramos García,Left Center Back,0,Real Madrid,Liverpool,49.2,30.9,Toni Kroos,,,Ground Pass,Right Foot,55.7,28.2,0.01262646,0.01429128,0.001664819999999999,,,,,
fc95f234-cf6b-4103-aaee-44dcd4e5c3fa,Ball Receipt*,9,36,1,Real Madrid,Toni Kroos,Left Center Midfield,0,Real Madrid,Liverpool,55.7,28.2,,,,,,,,,,,,,,,
5eba9a8f-b9d6-4504-a2f0-9ebf69dfaf89,Carry,9,36,1,Real Madrid,Toni Kroos,Left Center Midfield,0,Real Madrid,Liverpool,55.7,28.2,,,,,,,,,,,56.4,15.2,-0.0004458799999999992,,
0639751e-c117-4bce-af31-aa481e9a95c9,Pass,9,39,1,Real Madrid,Toni Kroos,Left Center Midfield,0,Real Madrid,Liverpool,56.4,15.2,Sergio Ramos García,,,Ground Pass,Right Foot,48.8,28.2,0.0138454,0.01269174,-0.001153660000000001,,,,,
2c808765-c167-4601-9d03-3b9eab2b6a70,Ball Receipt*,9,40,1,Real Madrid,Sergio Ramos García,Left Center Back,0,Real Madrid,Liverpool,48.8,28.2,,,,,,,,,,,,,,,
acbf53b9-0036-4be2-af91-44fb74dbe83c,Carry,9,40,1,Real Madrid,Sergio Ramos García,Left Center Back,0,Real Madrid,Liverpool,48.8,28.2,,,,,,,,,,,47.4,30.2,-6.527999999999916e-05,,
cc1de37c-d16e-4726-84eb-ab80f1ae0494,Pass,9,42,1,Real Madrid,Sergio Ramos García,Left Center Back,0,Real Madrid,Liverpool,47.4,30.2,Luka Modrić,,,Ground Pass,Left Foot,55.3,46.5,0.01262646,0.01484598,0.002219519999999999,,,,,
08f4c2ff-a65a-4386-ab56-c5359d4c38fa,Ball Receipt*,9,43,1,Real Madrid,Luka Modrić,Right Center Midfield,0,Real Madrid,Liverpool,55.3,46.5,,,,,,,,,,,,,,,
a15bcc37-f674-4826-9485-8668ace39487,Carry,9,43,1,Real Madrid,Luka Modrić,Right Center Midfield,1,Real Madrid,Liverpool,55.3,46.5,,,,,,,,,,,56.0,54.0,-0.0005547,,
130bf9a9-090d-489a-ac6e-cbb54867cd74,Pressure,9,44,1,Liverpool,Georginio Wijnaldum,Right Center Midfield,0,Real Madrid,Liverpool,62.1,33.0,,,,,,,,,,,,,,,
8da9cee1-2fe2-48b0-b9b2-ac07d521e652,Pass,9,45,1,Real Madrid,Luka Modrić,Right Center Midfield,1,Real Madrid,Liverpool,56.0,54.0,Karim Benzema,,,Ground Pass,Right Foot,70.0,57.2,0.01429128,0.01935132,0.005060040000000002,,,,,
60ec67b5-ccbe-4d99-a5c8-599cadb2db57,Ball Receipt*,9,46,1,Real Madrid,Karim Benzema,Right Center Forward,0,Real Madrid,Liverpool,70.0,57.2,,,,,,,,,,,,,,,
68b5a746-3535-4e1e-a412-b5d860e19fb8,Pass,9,46,1,Real Madrid,Karim Benzema,Right Center Forward,0,Real Madrid,Liverpool,70.5,56.3,Daniel Carvajal Ramos,,,Ground Pass,Right Foot,73.8,77.3,0.01935132,0.0174506,-0.001900720000000002,,,,,
f469acfa-022f-472d-96a7-2b553b49be22,Ball Receipt*,9,48,1,Real Madrid,Daniel Carvajal Ramos,Right Back,0,Real Madrid,Liverpool,73.8,77.3,,,,,,,,,,,,,,,
3771bb74-2a0d-4197-b532-5475b2e3a2d3,Carry,9,48,1,Real Madrid,Daniel Carvajal Ramos,Right Back,0,Real Madrid,Liverpool,73.8,77.3,,,,,,,,,,,74.1,77.3,0.0,,
ab348847-2e6e-45e7-8e45-d426244fbc8a,Pass,9,49,1,Real Madrid,Daniel Carvajal Ramos,Right Back,0,Real Madrid,Liverpool,74.1,77.3,Luka Modrić,,,Ground Pass,Right Foot,61.1,64.3,0.0174506,0.01611813,-0.001332469999999999,,,,,
9309298f-4aa5-4871-95a3-b86777c9378c,Ball Receipt*,9,51,1,Real Madrid,Luka Modrić,Right Center Midfield,0,Real Madrid,Liverpool,61.1,64.3,,,,,,,,,,,,,,,
45e50229-e701-475f-9b1f-1e55426ee5e8,Carry,9,51,1,Real Madrid,Luka Modrić,Right Center Midfield,0,Real Madrid,Liverpool,61.1,64.3,,,,,,,,,,,62.6,61.9,0.0,,
d9ef04b5-33d2-4c38-8851-b90c5f051011,Pass,9,52,1,Real Madrid,Luka Modrić,Right Center Midfield,0,Real Madrid,Liverpool,62.6,61.9,Francisco Román Alarcón Suárez,Incomplete,,High Pass,Right Foot,92.0,19.0,0.01611813,0.02953272,0.01341459,,,,,
11b3a989-516d-4045-a071-4c85ef861b09,Ball Receipt*,9,55,1,Real Madrid,Francisco Román Alarcón Suárez,Center Attacking Midfield,0,Real Madrid,Liverpool,92.3,12.1,,,,,,,,,,,,,,,
e9ca07da-38b2-48bd-8a8d-75b6cdaeda1d,Pass,9,55,1,Liverpool,Trent Alexander-Arnold,Right Back,0,Real Madrid,Liverpool,28.1,61.1,Mohamed Salah,Incomplete,Recovery,Low Pass,Head,41.2,67.6,0.00942382,0.01214719,0.002723370000000001,,,,,
57823b6c-986f-422a-ba75-7b0ddf392e9a,Ball Receipt*,9,56,1,Liverpool,Mohamed Salah,Right Wing,0,Real Madrid,Liverpool,43.2,65.6,,,,,,,,,,,,,,,
d86606a5-cce5-471b-9545-f98ff3df1c6f,Ball Recovery,9,56,1,Real Madrid,Marcelo Vieira da Silva Júnior,Left Back,0,Real Madrid,Liverpool,78.9,12.5,,,,,,,,,,,,,,,
d697472f-049a-4e8a-854e-8ed55f87bc4e,Carry,9,56,1,Real Madrid,Marcelo Vieira da Silva Júnior,Left Back,1,Real Madrid,Liverpool,78.9,12.5,,,,,,,,,,,83.8,24.9,0.005418929999999999,,
77d2c818-26b7-475e-825f-4ae5d520ad45,Pressure,9,59,1,Liverpool,James Philip Milner,Left Center Midfield,0,Real Madrid,Liverpool,32.5,58.0,,,,,,,,,,,,,,,
cff03914-d926-439e-b26e-ce0e8e7a6dce,Dribbled Past,10,1,1,Liverpool,James Philip Milner,Left Center Midfield,0,Real Madrid,Liverpool,36.3,55.2,,,,,,,,,,,,,,,
f1f83777-ed86-4908-987d-d2920cc86a64,Dribble,10,1,1,Real Madrid,Marcelo Vieira da Silva Júnior,Left Back,1,Real Madrid,Liverpool,83.8,24.9,,,,,,,,,,,,,,,
15f0afab-8ea3-41c1-97d3-37b02a5504d2,Carry,10,1,1,Real Madrid,Marcelo Vieira da Silva Júnior,Left Back,1,Real Madrid,Liverpool,83.8,24.9,,,,,,,,,,,94.5,26.9,0.004429620000000002,,
660d9d98-46b6-4b5e-9c9a-435d63142c93,Shot,10,2,1,Real Madrid,Marcelo Vieira da Silva Júnior,Left Back,0,Real Madrid,Liverpool,94.5,26.9,,,,,,,,,,,,,,0.023375953,Off T
9eee50d1-2956-4bd5-9417-4faa3cdcfec6,Goal Keeper,10,4,1,Liverpool,Loris Karius,Goalkeeper,0,Real Madrid,Liverpool,2.4,41.0,,,,,,,,,,,,,,,
dd289874-b49c-4975-bb54-9b9347e98859,Pass,10,34,1,Liverpool,Loris Karius,Goalkeeper,0,Real Madrid,Liverpool,6.0,36.0,Dejan Lovren,,Goal Kick,Ground Pass,Left Foot,20.2,58.4,0.00941056,0.01001304,0.0006024800000000007,,,,,
ee25e3c0-e4d7-445d-92f7-37ae95e20fe4,Ball Receipt*,10,35,1,Liverpool,Dejan Lovren,Right Center Back,0,Real Madrid,Liverpool,20.2,58.4,,,,,,,,,,,,,,,
4e27ed36-02c5-44e2-ae6a-cd59bb625e51,Carry,10,35,1,Liverpool,Dejan Lovren,Right Center Back,0,Real Madrid,Liverpool,20.2,58.4,,,,,,,,,,,22.8,64.3,-0.0005892200000000014,,
2b29ecae-b90c-43c1-9aa4-37aa9f1330de,Pass,10,38,1,Liverpool,Dejan Lovren,Right Center Back,0,Real Madrid,Liverpool,22.8,64.3,Mohamed Salah,Incomplete,,High Pass,Right Foot,87.1,72.7,0.00942382,0.02122129,0.01179747,,,,,
07a6c597-c1f1-436a-ac02-170dad664b1c,Ball Receipt*,10,41,1,Liverpool,Mohamed Salah,Right Wing,0,Real Madrid,Liverpool,84.0,73.5,,,,,,,,,,,,,,,
d9549274-ae3a-4d94-af6d-6bf85a904423,Pass,10,41,1,Real Madrid,Sergio Ramos García,Left Center Back,0,Real Madrid,Liverpool,33.0,7.4,Toni Kroos,,Recovery,High Pass,Head,47.8,9.1,0.00977659,0.01126267,0.001486080000000001,,,,,
15342148-e9eb-4743-b19e-3a9cf25fcb73,Ball Receipt*,10,43,1,Real Madrid,Toni Kroos,Left Center Midfield,0,Real Madrid,Liverpool,47.8,9.1,,,,,,,,,,,,,,,
9b3e383d-1178-4b3b-b1b9-462f0cb0f4a7,Carry,10,43,1,Real Madrid,Toni Kroos,Left Center Midfield,0,Real Madrid,Liverpool,47.8,9.1,,,,,,,,,,,42.9,9.4,0.0,,
a406ed9e-80bd-43e1-982f-01e3950c87d2,Pass,10,45,1,Real Madrid,Toni Kroos,Left Center Midfield,0,Real Madrid,Liverpool,42.9,9.4,Raphaël Varane,,,Ground Pass,Right Foot,28.8,39.2,0.01126267,0.01016549,-0.001097180000000001,,,,,
cfa62a22-ae79-4fe2-85ab-f5fa1e90793f,Ball Receipt*,10,46,1,Real Madrid,Raphaël Varane,Right Center Back,0,Real Madrid,Liverpool,28.8,39.2,,,,,,,,,,,,,,,
2a60b0d0-fc42-4485-8f95-be3f87c6e511,Carry,10,46,1,Real Madrid,Raphaël Varane,Right Center Back,0,Real Madrid,Liverpool,28.8,39.2,,,,,,,,,,,29.9,41.2,0.0,,
68fe6f7f-0ba4-4bbb-a828-c3f9dbc2aae2,Pass,10,47,1,Real Madrid,Raphaël Varane,Right Center Back,0,Real Madrid,Liverpool,29.9,41.2,Daniel Carvajal Ramos,,,Ground Pass,Left Foot,42.3,73.5,0.01016549,0.01126267,0.001097180000000001,,,,,
e6180390-3443-4270-a555-bf1a2f28ce9d,Ball Receipt*,10,49,1,Real Madrid,Daniel Carvajal Ramos,Right Back,0,Real Madrid,Liverpool,42.3,73.5,,,,,,,,,,,,,,,
ab83f266-072b-44e0-9bb0-c9d80d5f91ec,Carry,10,49,1,Real Madrid,Daniel Carvajal Ramos,Right Back,0,Real Madrid,Liverpool,42.3,73.5,,,,,,,,,,,49.8,74.9,0.0,,
8cbc70f8-027c-40c1-ad1d-6e51fc5ef3e8,Pass,10,52,1,Real Madrid,Daniel Carvajal Ramos,Right Back,0,Real Madrid,Liverpool,49.8,74.9,Luka Modrić,,,Ground Pass,Right Foot,51.9,60.5,0.01126267,0.0138454,0.00258273,,,,,
46d81052-f3e8-4b9b-a258-bb0253d6583d,Ball Receipt*,10,53,1,Real Madrid,Luka Modrić,Right Center Midfield,0,Real Madrid,Liverpool,51.9,60.5,,,,,,,,,,,,,,,
7519eb0d-60c3-4a80-b878-e83057364ac5,Carry,10,53,1,Real Madrid,Luka Modrić,Right Center Midfield,0,Real Madrid,Liverpool,51.9,60.5,,,,,,,,,,,52.0,59.1,0.0004458799999999992,,
8677c0f8-1ffc-4ba0-9257-a1e92430cedd,Pass,10,53,1,Real Madrid,Luka Modrić,Right Center Midfield,0,Real Madrid,Liverpool,52.0,59.1,Raphaël Varane,,,Ground Pass,Right Foot,36.4,61.8,0.01429128,0.0105949,-0.003696379999999999,,,,,
0d591276-4921-4fdb-a1c0-ecd3c871fb50,Ball Receipt*,10,54,1,Real Madrid,Raphaël Varane,Right Center Back,0,Real Madrid,Liverpool,36.4,61.8,,,,,,,,,,,,,,,
f7539a3f-9c0b-4d89-9af7-6d612be57206,Carry,10,54,1,Real Madrid,Raphaël Varane,Right Center Back,0,Real Madrid,Liverpool,36.4,61.8,,,,,,,,,,,41.3,60.5,0.00155229,,
51db839b-6a2b-4c22-b550-f7447be92666,Pass,10,56,1,Real Madrid,Raphaël Varane,Right Center Back,0,Real Madrid,Liverpool,41.3,60.5,Luka Modrić,,,Ground Pass,Left Foot,48.0,59.6,0.01214719,0.01269174,0.0005445499999999995,,,,,
b4c21588-9caa-486b-be51-dcd0d72ebe85,Ball Receipt*,10,57,1,Real Madrid,Luka Modrić,Right Center Midfield,0,Real Madrid,Liverpool,48.0,59.6,,,,,,,,,,,,,,,
69e8a2fe-5f7b-4ab3-bc59-3519f8362d8b,Carry,10,57,1,Real Madrid,Luka Modrić,Right Center Midfield,0,Real Madrid,Liverpool,48.0,59.6,,,,,,,,,,,47.7,59.9,0.0,,
7895e7ac-4861-440e-be99-338a7963659a,Pass,10,59,1,Real Madrid,Luka Modrić,Right Center Midfield,0,Real Madrid,Liverpool,47.7,59.9,Raphaël Varane,,,Ground Pass,Right Foot,37.2,57.0,0.01269174,0.01110462,-0.001587119999999999,,,,,
7e658741-183e-4564-addd-2d4b8386e176,Ball Receipt*,11,0,1,Real Madrid,Raphaël Varane,Right Center Back,0,Real Madrid,Liverpool,37.2,57.0,,,,,,,,,,,,,,,
51b775f7-aab4-49fb-b36c-04bcedfe1210,Carry,11,0,1,Real Madrid,Raphaël Varane,Right Center Back,0,Real Madrid,Liverpool,37.2,57.0,,,,,,,,,,,39.6,57.0,0.0,,
8e00c72f-1278-492f-b0bb-3e621ef92fb1,Pass,11,2,1,Real Madrid,Raphaël Varane,Right Center Back,0,Real Madrid,Liverpool,39.6,57.0,Karim Benzema,,,Ground Pass,Right Foot,56.4,56.0,0.01110462,0.01429128,0.003186659999999999,,,,,
1d963e91-a62b-4ac0-a05c-c52ff7de1531,Ball Receipt*,11,3,1,Real Madrid,Karim Benzema,Right Center Forward,0,Real Madrid,Liverpool,56.4,56.0,,,,,,,,,,,,,,,
7be34382-a596-4100-9883-93d600a47326,Carry,11,3,1,Real Madrid,Karim Benzema,Right Center Forward,1,Real Madrid,Liverpool,56.4,56.0,,,,,,,,,,,55.3,40.7,0.0005547,,
67dba636-6dbd-4d96-84ad-fc99b55df042,Pressure,11,6,1,Liverpool,James Philip Milner,Left Center Midfield,0,Real Madrid,Liverpool,55.1,38.5,,,,,,,,,,,,,,,
3d6b9d2c-419f-4d69-a907-9f40a0cbeea9,Pass,11,6,1,Real Madrid,Karim Benzema,Right Center Forward,0,Real Madrid,Liverpool,55.3,40.7,Toni Kroos,,,Ground Pass,Right Foot,56.4,12.1,0.01484598,0.0138454,-0.001000579999999999,,,,,
d1f22aca-56fd-40de-87a7-52daf692939e,Ball Receipt*,11,8,1,Real Madrid,Toni Kroos,Left Center Midfield,0,Real Madrid,Liverpool,56.4,12.1,,,,,,,,,,,,,,,
141e0a90-d151-4413-b5d0-d3a7f4d7699d,Carry,11,8,1,Real Madrid,Toni Kroos,Left Center Midfield,0,Real Madrid,Liverpool,56.4,12.1,,,,,,,,,,,56.1,12.0,0.0,,
73a731c1-8801-4ad5-80da-908d0cc5d969,Pass,11,9,1,Real Madrid,Toni Kroos,Left Center Midfield,0,Real Madrid,Liverpool,56.1,12.0,Francisco Román Alarcón Suárez,,,Ground Pass,Right Foot,63.5,17.5,0.0138454,0.01611813,0.002272730000000001,,,,,
cf1ada76-f98a-47ea-8d03-f20d8cb55a85,Ball Receipt*,11,9,1,Real Madrid,Francisco Román Alarcón Suárez,Center Attacking Midfield,0,Real Madrid,Liverpool,63.5,17.5,,,,,,,,,,,,,,,
ec86f594-dfe2-4a86-add1-291b605d57d9,Pass,11,9,1,Real Madrid,Francisco Román Alarcón Suárez,Center Attacking Midfield,0,Real Madrid,Liverpool,63.5,17.5,Toni Kroos,,,Low Pass,Right Foot,56.1,11.2,0.01611813,0.0138454,-0.002272730000000001,,,,,
ce2224c6-dcf8-43c7-a0c2-dcb4a9e06bf6,Ball Receipt*,11,10,1,Real Madrid,Toni Kroos,Left Center Midfield,0,Real Madrid,Liverpool,56.1,11.2,,,,,,,,,,,,,,,
8d737f42-86ff-41b5-a756-e207098d3cc3,Pass,11,10,1,Real Madrid,Toni Kroos,Left Center Midfield,0,Real Madrid,Liverpool,56.0,9.8,Sergio Ramos García,,,Low Pass,Left Foot,48.4,19.3,0.01248344,0.01214719,-0.0003362499999999997,,,,,
6115f04c-e8be-4971-bc0e-a5a2b48c991a,Ball Receipt*,11,12,1,Real Madrid,Sergio Ramos García,Left Center Back,0,Real Madrid,Liverpool,48.4,19.3,,,,,,,,,,,,,,,
082c8aad-7d82-4e17-bf82-36be2a0f4172,Carry,11,12,1,Real Madrid,Sergio Ramos García,Left Center Back,1,Real Madrid,Liverpool,48.4,19.3,,,,,,,,,,,47.7,21.4,0.0005445499999999995,,
a155e170-5142-41bd-b6ca-a8aaed0b7644,Pressure,11,12,1,Liverpool,Mohamed Salah,Right Wing,0,Real Madrid,Liverpool,66.8,64.8,,,,,,,,,,,,,,,
f8b162a2-5f27-4ddf-8119-c9662eacca8a,Pass,11,12,1,Real Madrid,Sergio Ramos García,Left Center Back,1,Real Madrid,Liverpool,47.7,21.4,Francisco Román Alarcón Suárez,,,Low Pass,Right Foot,65.4,8.4,0.01269174,0.01473596,0.002044219999999999,,,,,
635e7593-4382-4d3c-898b-4d70fdc50a69,Ball Receipt*,11,13,1,Real Madrid,Francisco Román Alarcón Suárez,Center Attacking Midfield,0,Real Madrid,Liverpool,65.4,8.4,,,,,,,,,,,,,,,
b1947f6e-832e-4b93-838a-7f3b7fe11c5c,Carry,11,13,1,Real Madrid,Francisco Román Alarcón Suárez,Center Attacking Midfield,0,Real Madrid,Liverpool,65.4,8.4,,,,,,,,,,,61.8,8.8,0.0,,
c6d3d11b-2968-4757-8f97-e19b07b16691,Pass,11,15,1,Real Madrid,Francisco Román Alarcón Suárez,Center Attacking Midfield,0,Real Madrid,Liverpool,61.8,8.8,Toni Kroos,,,Ground Pass,Right Foot,52.0,7.3,0.01473596,0.01248344,-0.002252519999999999,,,,,
86289af5-e844-422a-97e2-3609c56b9911,Ball Receipt*,11,16,1,Real Madrid,Toni Kroos,Left Center Midfield,0,Real Madrid,Liverpool,52.0,7.3,,,,,,,,,,,,,,,
a560ef9a-31ac-4c2e-9b2a-4fbe2569df1a,Carry,11,16,1,Real Madrid,Toni Kroos,Left Center Midfield,0,Real Madrid,Liverpool,52.0,7.3,,,,,,,,,,,53.3,6.9,0.0,,
c5451284-dfbb-4b9c-9aa2-2d701a9a4cb1,Pass,11,17,1,Real Madrid,Toni Kroos,Left Center Midfield,0,Real Madrid,Liverpool,53.3,6.9,Francisco Román Alarcón Suárez,,,Ground Pass,Left Foot,56.7,12.4,0.01248344,0.0138454,0.001361960000000001,,,,,
28efd4bf-56c7-4b1e-87c5-ad3bd3aecf8f,Ball Receipt*,11,17,1,Real Madrid,Francisco Román Alarcón Suárez,Center Attacking Midfield,0,Real Madrid,Liverpool,56.7,12.4,,,,,,,,,,,,,,,
e85ad6ba-c29b-49af-b130-cd0cd3d3cca2,Pass,11,17,1,Real Madrid,Francisco Román Alarcón Suárez,Center Attacking Midfield,0,Real Madrid,Liverpool,56.7,12.8,Sergio Ramos García,,,Ground Pass,Left Foot,44.4,13.8,0.0138454,0.01214719,-0.00169821,,,,,
e669d731-c34e-483c-894a-f916cb140005,Ball Receipt*,11,19,1,Real Madrid,Sergio Ramos García,Left Center Back,0,Real Madrid,Liverpool,44.4,13.8,,,,,,,,,,,,,,,
08b28d8c-aa01-4241-a3cf-8aa7f3785e5e,Carry,11,19,1,Real Madrid,Sergio Ramos García,Left Center Back,0,Real Madrid,Liverpool,44.4,13.8,,,,,,,,,,,47.2,16.6,0.0,,
3eeb0fa6-a208-4606-a84a-d2c706df56ee,Pass,11,22,1,Real Madrid,Sergio Ramos García,Left Center Back,0,Real Madrid,Liverpool,47.2,16.6,Francisco Román Alarcón Suárez,,,Ground Pass,Right Foot,52.5,18.0,0.01214719,0.0138454,0.00169821,,,,,
c5a66eef-2c9f-411d-9f3f-93692fcfebb0,Ball Receipt*,11,22,1,Real Madrid,Francisco Román Alarcón Suárez,Center Attacking Midfield,0,Real Madrid,Liverpool,52.5,18.0,,,,,,,,,,,,,,,
51634692-10ee-405c-9b3f-6285be6c74c6,Pass,11,22,1,Real Madrid,Francisco Román Alarcón Suárez,Center Attacking Midfield,0,Real Madrid,Liverpool,53.3,18.2,Sergio Ramos García,,,Ground Pass,Right Foot,48.0,18.0,0.0138454,0.01214719,-0.00169821,,,,,
8e6d1057-eac0-491a-b3bb-28198b394a46,Ball Receipt*,11,23,1,Real Madrid,Sergio Ramos García,Left Center Back,0,Real Madrid,Liverpool,48.0,18.0,,,,,,,,,,,,,,,
196aab02-792e-416c-a801-59ee592bdaf0,Carry,11,23,1,Real Madrid,Sergio Ramos García,Left Center Back,0,Real Madrid,Liverpool,48.0,18.0,,,,,,,,,,,47.4,19.0,0.0,,
4da34d9a-212d-4e43-82ee-92d3d4d06ecd,Pass,11,24,1,Real Madrid,Sergio Ramos García,Left Center Back,0,Real Madrid,Liverpool,47.4,19.0,Raphaël Varane,,,Ground Pass,Right Foot,42.6,51.6,0.01214719,0.01269174,0.0005445499999999995,,,,,
6dd9c669-d773-431a-8212-21b2fda64439,Ball Receipt*,11,26,1,Real Madrid,Raphaël Varane,Right Center Back,0,Real Madrid,Liverpool,42.6,51.6,,,,,,,,,,,,,,,
1142a765-77d4-4db0-9fa1-cdf0039fc2a8,Carry,11,26,1,Real Madrid,Raphaël Varane,Right Center Back,0,Real Madrid,Liverpool,42.6,51.6,,,,,,,,,,,48.8,51.9,0.0,,
cac6066f-428b-4bb1-8870-f1acebc46b4f,Pass,11,29,1,Real Madrid,Raphaël Varane,Right Center Back,0,Real Madrid,Liverpool,48.8,51.9,Daniel Carvajal Ramos,,,Ground Pass,Right Foot,57.4,75.3,0.01269174,0.01248344,-0.0002082999999999998,,,,,
861e2ec6-6389-4a7f-89f3-f604059f672f,Ball Receipt*,11,30,1,Real Madrid,Daniel Carvajal Ramos,Right Back,0,Real Madrid,Liverpool,57.4,75.3,,,,,,,,,,,,,,,
844fc454-9063-4827-850a-a8e4bf40a96a,Carry,11,30,1,Real Madrid,Daniel Carvajal Ramos,Right Back,0,Real Madrid,Liverpool,57.4,75.3,,,,,,,,,,,57.4,75.3,0.0,,
02955231-edb1-4dfb-b022-b1ab88765e30,Pass,11,30,1,Real Madrid,Daniel Carvajal Ramos,Right Back,0,Real Madrid,Liverpool,57.4,75.3,Francisco Román Alarcón Suárez,,,Ground Pass,Right Foot,55.3,66.6,0.01248344,0.0138454,0.001361960000000001,,,,,
09e60559-b3c2-4155-9a0b-73498cf7f552,Ball Receipt*,11,32,1,Real Madrid,Francisco Román Alarcón Suárez,Center Attacking Midfield,0,Real Madrid,Liverpool,55.3,66.6,,,,,,,,,,,,,,,
2e1491d1-409e-4cf0-ae42-854d6de38395,Carry,11,32,1,Real Madrid,Francisco Román Alarcón Suárez,Center Attacking Midfield,0,Real Madrid,Liverpool,55.3,66.6,,,,,,,,,,,55.3,66.1,0.0,,
97bf34be-84fe-467e-926a-f5f6f566e8a9,Pass,11,32,1,Real Madrid,Francisco Román Alarcón Suárez,Center Attacking Midfield,0,Real Madrid,Liverpool,55.3,66.1,Daniel Carvajal Ramos,,,Low Pass,Right Foot,54.6,77.1,0.0138454,0.01248344,-0.001361960000000001,,,,,
8861d346-0af0-47f8-b937-72e265ea0418,Ball Receipt*,11,33,1,Real Madrid,Daniel Carvajal Ramos,Right Back,0,Real Madrid,Liverpool,54.6,77.1,,,,,,,,,,,,,,,
3956f466-5435-47af-a22c-a1914de859b5,Pass,11,33,1,Real Madrid,Daniel Carvajal Ramos,Right Back,0,Real Madrid,Liverpool,53.5,77.3,Raphaël Varane,,,Low Pass,Right Foot,37.2,63.3,0.01248344,0.0105949,-0.001888539999999999,,,,,
e71dc0f6-a505-49dc-bb20-af91f4041353,Ball Receipt*,11,34,1,Real Madrid,Raphaël Varane,Right Center Back,0,Real Madrid,Liverpool,37.2,63.3,,,,,,,,,,,,,,,
4c74504e-0da6-4dc8-ac48-81d9df1059ba,Carry,11,34,1,Real Madrid,Raphaël Varane,Right Center Back,0,Real Madrid,Liverpool,37.2,63.3,,,,,,,,,,,36.4,61.5,0.0,,
451351b8-de82-4589-9e89-fccf2122f0f4,Pass,11,35,1,Real Madrid,Raphaël Varane,Right Center Back,0,Real Madrid,Liverpool,36.4,61.5,Sergio Ramos García,,,Ground Pass,Right Foot,28.9,37.9,0.0105949,0.01016549,-0.0004294100000000016,,,,,
d0a43767-0d0e-40ca-84d0-c6e26d0d022d,Ball Receipt*,11,37,1,Real Madrid,Sergio Ramos García,Left Center Back,0,Real Madrid,Liverpool,28.9,37.9,,,,,,,,,,,,,,,
2cefdd59-fc3d-4860-b7fb-4e52b2d99a43,Carry,11,37,1,Real Madrid,Sergio Ramos García,Left Center Back,0,Real Madrid,Liverpool,28.9,37.9,,,,,,,,,,,56.7,26.5,0.004125790000000001,,
ffd7b26c-1489-494b-b543-ba015b52d6d3,Pass,11,41,1,Real Madrid,Sergio Ramos García,Left Center Back,0,Real Madrid,Liverpool,56.7,26.5,Marcelo Vieira da Silva Júnior,Incomplete,,Ground Pass,Right Foot,57.4,22.7,0.01429128,0.01429128,0.0,,,,,
b4a9eca6-2d3b-4ea4-bc90-c0de60eb17e0,Ball Receipt*,11,43,1,Real Madrid,Marcelo Vieira da Silva Júnior,Left Back,0,Real Madrid,Liverpool,70.0,10.7,,,,,,,,,,,,,,,
044fa57d-bf32-4464-9618-1ce117bff4c2,Pass,11,43,1,Liverpool,Trent Alexander-Arnold,Right Back,0,Real Madrid,Liverpool,62.7,57.4,Mohamed Salah,Incomplete,Recovery,Low Pass,Right Foot,64.5,57.0,0.01685596,0.01685596,0.0,,,,,
a412129f-4fcd-468e-a156-29dd72655ab8,Ball Receipt*,11,43,1,Liverpool,Mohamed Salah,Right Wing,0,Real Madrid,Liverpool,67.6,56.2,,,,,,,,,,,,,,,
ebfb9dae-43cc-41dc-bb56-aefd9fdaf672,Pass,11,43,1,Real Madrid,Sergio Ramos García,Left Center Back,0,Real Madrid,Liverpool,55.6,23.1,Toni Kroos,,Recovery,High Pass,Right Foot,43.2,8.8,0.01429128,0.01126267,-0.003028609999999999,,,,,
8aae1b32-fa6d-485d-ae38-03f4cfafeccb,Ball Receipt*,11,46,1,Real Madrid,Toni Kroos,Left Center Midfield,0,Real Madrid,Liverpool,43.2,8.8,,,,,,,,,,,,,,,
30b307ad-1543-468a-b523-be900417b870,Pass,11,46,1,Real Madrid,Toni Kroos,Left Center Midfield,0,Real Madrid,Liverpool,42.9,8.7,Keylor Navas Gamboa,,,Low Pass,Right Foot,9.2,37.3,0.01126267,0.00941056,-0.001852110000000001,,,,,
63c1f485-d927-40b5-9802-bcdcb817b6b4,Ball Receipt*,11,48,1,Real Madrid,Keylor Navas Gamboa,Goalkeeper,0,Real Madrid,Liverpool,9.2,37.3,,,,,,,,,,,,,,,
ebe11a3b-3b16-4a02-bfb2-6985633c3a86,Carry,11,48,1,Real Madrid,Keylor Navas Gamboa,Goalkeeper,0,Real Madrid,Liverpool,9.2,37.3,,,,,,,,,,,13.5,41.6,0.00141666,,
9a88eec2-cf13-4549-a527-4bebf4fd6640,Pass,11,51,1,Real Madrid,Keylor Navas Gamboa,Goalkeeper,0,Real Madrid,Liverpool,13.5,41.6,Raphaël Varane,,,Ground Pass,Right Foot,20.6,59.1,0.01082722,0.01001304,-0.0008141799999999994,,,,,
c1c3916b-a91f-4483-af85-0a66e2a3d95d,Ball Receipt*,11,53,1,Real Madrid,Raphaël Varane,Right Center Back,0,Real Madrid,Liverpool,20.6,59.1,,,,,,,,,,,,,,,
f5fc8a65-0174-49e1-81d0-97ebb1305af7,Carry,11,53,1,Real Madrid,Raphaël Varane,Right Center Back,0,Real Madrid,Liverpool,20.6,59.1,,,,,,,,,,,36.1,74.3,-0.0002364500000000009,,
9dfe455d-d115-4cdf-a211-90750f50aa67,Pass,11,57,1,Real Madrid,Raphaël Varane,Right Center Back,0,Real Madrid,Liverpool,36.1,74.3,Toni Kroos,,,Ground Pass,Right Foot,32.7,48.1,0.00977659,0.01132376,0.00154717,,,,,
a1a64a18-6adf-4a1c-9490-e1bc86dd9314,Ball Receipt*,11,58,1,Real Madrid,Toni Kroos,Left Center Midfield,0,Real Madrid,Liverpool,32.7,48.1,,,,,,,,,,,,,,,
e031356a-c4dd-4fa0-a946-d53ed441fe94,Carry,11,58,1,Real Madrid,Toni Kroos,Left Center Midfield,0,Real Madrid,Liverpool,32.7,48.1,,,,,,,,,,,35.8,44.4,0.0,,
765452c3-5742-4bd3-924f-91333e08f5b6,Pass,12,2,1,Real Madrid,Toni Kroos,Left Center Midfield,0,Real Madrid,Liverpool,35.8,44.4,Luka Modrić,,,Ground Pass,Right Foot,49.6,50.3,0.01132376,0.01269174,0.00136798,,,,,
4d8364ae-3d5e-4a7a-b1af-6acd98ba2212,Ball Receipt*,12,3,1,Real Madrid,Luka Modrić,Right Center Midfield,0,Real Madrid,Liverpool,49.6,50.3,,,,,,,,,,,,,,,
9dc7a1c6-e6f0-4a08-a2cf-97c294103883,Carry,12,3,1,Real Madrid,Luka Modrić,Right Center Midfield,0,Real Madrid,Liverpool,49.6,50.3,,,,,,,,,,,49.1,50.5,0.0,,
daaad8e6-eb8c-4326-93d3-68e85cf1a39b,Pass,12,3,1,Real Madrid,Luka Modrić,Right Center Midfield,0,Real Madrid,Liverpool,49.1,50.5,Toni Kroos,,,Ground Pass,Right Foot,37.1,51.6,0.01269174,0.01110462,-0.001587119999999999,,,,,
5c8b904d-fd25-4a53-af82-d5c53dc868cc,Ball Receipt*,12,4,1,Real Madrid,Toni Kroos,Left Center Midfield,0,Real Madrid,Liverpool,37.1,51.6,,,,,,,,,,,,,,,
2bc885c4-343c-43e7-8fae-d033967b0726,Carry,12,4,1,Real Madrid,Toni Kroos,Left Center Midfield,0,Real Madrid,Liverpool,37.1,51.6,,,,,,,,,,,37.1,49.5,0.0002191399999999996,,
3cd4910f-d66a-497f-aede-daf20c4fe854,Pass,12,4,1,Real Madrid,Toni Kroos,Left Center Midfield,0,Real Madrid,Liverpool,37.1,49.5,Luka Modrić,,,Ground Pass,Right Foot,50.1,47.9,0.01132376,0.01484598,0.00352222,,,,,
fd25dfc5-ea28-4e9d-bcc7-849dd1583a63,Ball Receipt*,12,5,1,Real Madrid,Luka Modrić,Right Center Midfield,0,Real Madrid,Liverpool,50.1,47.9,,,,,,,,,,,,,,,
3551161b-c968-4e82-a9a3-0de4155d8570,Carry,12,5,1,Real Madrid,Luka Modrić,Right Center Midfield,0,Real Madrid,Liverpool,50.1,47.9,,,,,,,,,,,54.9,61.0,-0.001000579999999999,,
dd3de57a-d28b-4730-a795-463ca1cec64e,Pass,12,8,1,Real Madrid,Luka Modrić,Right Center Midfield,0,Real Madrid,Liverpool,54.9,61.0,Francisco Román Alarcón Suárez,Incomplete,,Ground Pass,Right Foot,58.4,61.3,0.0138454,0.0138454,0.0,,,,,
2e58afa6-0109-4036-adc0-006e44dedbe4,Ball Receipt*,12,8,1,Real Madrid,Francisco Román Alarcón Suárez,Center Attacking Midfield,0,Real Madrid,Liverpool,58.8,59.6,,,,,,,,,,,,,,,
43bc7b2a-6ed1-45d0-b86a-bfa64e5fc5da,Ball Recovery,12,8,1,Liverpool,Sadio Mané,Left Wing,0,Real Madrid,Liverpool,61.7,18.8,,,,,,,,,,,,,,,
f7a3611e-ee16-42bd-a181-ffe1a8f32253,Carry,12,8,1,Liverpool,Sadio Mané,Left Wing,0,Real Madrid,Liverpool,61.7,18.8,,,,,,,,,,,64.4,17.8,0.0,,
121ec04f-4f23-4ae2-95ee-fd41f2c09b60,Dispossessed,12,9,1,Liverpool,Sadio Mané,Left Wing,1,Real Madrid,Liverpool,64.4,17.8,,,,,,,,,,,,,,,
a2c51c78-7149-44c0-ab50-40bebf075844,Duel,12,9,1,Real Madrid,Francisco Román Alarcón Suárez,Center Attacking Midfield,1,Real Madrid,Liverpool,55.7,62.3,,,,,,,,,,,,,,,
9422ae23-5160-4b76-aa8a-13589521a7a0,Pass,12,11,1,Real Madrid,Raphaël Varane,Right Center Back,0,Real Madrid,Liverpool,41.2,54.0,Luka Modrić,,Recovery,High Pass,Head,49.1,72.2,0.01269174,0.01126267,-0.001429069999999999,,,,,
1557531d-c501-412d-8370-f1edb645938e,Ball Receipt*,12,12,1,Real Madrid,Luka Modrić,Right Center Midfield,0,Real Madrid,Liverpool,49.1,72.2,,,,,,,,,,,,,,,
e173f0c7-9f68-4012-a5d6-4cd4dba26a91,Carry,12,12,1,Real Madrid,Luka Modrić,Right Center Midfield,0,Real Madrid,Liverpool,49.1,72.2,,,,,,,,,,,49.1,72.2,0.0,,
7ff99dbd-831a-486f-8db1-cb2cb5cbacb5,Pass,12,14,1,Real Madrid,Luka Modrić,Right Center Midfield,0,Real Madrid,Liverpool,49.1,72.2,Daniel Carvajal Ramos,,,Ground Pass,Right Foot,56.1,74.5,0.01126267,0.01248344,0.001220769999999999,,,,,
f26921f5-fb7a-4555-9c25-298b23f1334f,Ball Receipt*,12,15,1,Real Madrid,Daniel Carvajal Ramos,Right Back,0,Real Madrid,Liverpool,56.1,74.5,,,,,,,,,,,,,,,
1c47fc4c-c755-4c21-b961-58cff4fd2f15,Carry,12,15,1,Real Madrid,Daniel Carvajal Ramos,Right Back,0,Real Madrid,Liverpool,56.1,74.5,,,,,,,,,,,56.1,74.5,0.0,,
f37a9e42-186b-4ae2-919d-d62ea57282ca,Pass,12,16,1,Real Madrid,Daniel Carvajal Ramos,Right Back,0,Real Madrid,Liverpool,56.1,74.5,Francisco Román Alarcón Suárez,,,Ground Pass,Right Foot,56.1,64.7,0.01248344,0.0138454,0.001361960000000001,,,,,
f386d669-f5a4-4d05-8572-86e4663f5e21,Ball Receipt*,12,17,1,Real Madrid,Francisco Román Alarcón Suárez,Center Attacking Midfield,0,Real Madrid,Liverpool,56.1,64.7,,,,,,,,,,,,,,,
fd077a48-9f3d-45e6-8af6-73efe05e1dc5,Pass,12,17,1,Real Madrid,Francisco Román Alarcón Suárez,Center Attacking Midfield,0,Real Madrid,Liverpool,56.0,65.6,Luka Modrić,,,Ground Pass,Left Foot,47.4,75.7,0.0138454,0.01126267,-0.00258273,,,,,
2aaf0d80-ab5a-45b6-898c-1ccfe1bc845e,Ball Receipt*,12,18,1,Real Madrid,Luka Modrić,Right Center Midfield,0,Real Madrid,Liverpool,47.4,75.7,,,,,,,,,,,,,,,
c74eba2c-4c6c-442a-9368-c72150815101,Pass,12,18,1,Real Madrid,Luka Modrić,Right Center Midfield,0,Real Madrid,Liverpool,47.4,75.7,Raphaël Varane,,,Ground Pass,Right Foot,42.6,59.5,0.01126267,0.01269174,0.001429069999999999,,,,,
fa2708c2-fc61-472e-9cc8-66e858582e5f,Ball Receipt*,12,19,1,Real Madrid,Raphaël Varane,Right Center Back,0,Real Madrid,Liverpool,42.6,59.5,,,,,,,,,,,,,,,
5078f5a7-7303-48be-8589-cfc197030063,Carry,12,19,1,Real Madrid,Raphaël Varane,Right Center Back,0,Real Madrid,Liverpool,42.6,59.5,,,,,,,,,,,42.6,59.5,0.0,,
bae7b6be-a825-4981-aea6-38254ef1abee,Pass,12,20,1,Real Madrid,Raphaël Varane,Right Center Back,0,Real Madrid,Liverpool,42.6,59.5,Toni Kroos,,,Ground Pass,Right Foot,47.4,39.9,0.01269174,0.01262646,-6.527999999999916e-05,,,,,
59f1c0b2-46a8-4064-8546-25b3e71afde4,Ball Receipt*,12,21,1,Real Madrid,Toni Kroos,Left Center Midfield,0,Real Madrid,Liverpool,47.4,39.9,,,,,,,,,,,,,,,
15031c6d-142c-4cfb-bf58-57d9b99a22f2,Carry,12,21,1,Real Madrid,Toni Kroos,Left Center Midfield,0,Real Madrid,Liverpool,47.4,39.9,,,,,,,,,,,60.4,23.1,0.004229499999999999,,
7412afa8-fa9b-4d97-b37c-7d55ebc44fff,Pass,12,26,1,Real Madrid,Toni Kroos,Left Center Midfield,0,Real Madrid,Liverpool,60.4,23.1,Sergio Ramos García,,,Ground Pass,Right Foot,54.3,10.7,0.01685596,0.0138454,-0.003010559999999999,,,,,
ba818049-d78a-4933-88ae-7730b635d271,Ball Receipt*,12,27,1,Real Madrid,Sergio Ramos García,Left Center Back,0,Real Madrid,Liverpool,54.3,10.7,,,,,,,,,,,,,,,
628fae1f-7bd4-4d30-a073-e8917fa70bfd,Pass,12,27,1,Real Madrid,Sergio Ramos García,Left Center Back,0,Real Madrid,Liverpool,53.9,10.7,Marcelo Vieira da Silva Júnior,,,Ground Pass,Right Foot,69.8,3.6,0.0138454,0.01473596,0.0008905599999999986,,,,,
3c3ea0c3-7663-4e83-b8ed-8850fdedfde0,Ball Receipt*,12,28,1,Real Madrid,Marcelo Vieira da Silva Júnior,Left Back,0,Real Madrid,Liverpool,69.8,3.6,,,,,,,,,,,,,,,
241d5a28-8c09-4177-ac34-d9f20bbd98e9,Carry,12,28,1,Real Madrid,Marcelo Vieira da Silva Júnior,Left Back,0,Real Madrid,Liverpool,69.8,3.6,,,,,,,,,,,69.8,3.6,0.0,,
0f724790-f0ba-469d-92cf-64027daa53b0,Pass,12,29,1,Real Madrid,Marcelo Vieira da Silva Júnior,Left Back,0,Real Madrid,Liverpool,69.8,3.6,Cristiano Ronaldo dos Santos Aveiro,,,Ground Pass,Left Foot,77.4,4.6,0.01473596,0.0174506,0.002714640000000001,,,,,
de3ac842-0724-4f59-be41-2f2d1534a3cf,Ball Receipt*,12,29,1,Real Madrid,Cristiano Ronaldo dos Santos Aveiro,Left Center Forward,0,Real Madrid,Liverpool,77.4,4.6,,,,,,,,,,,,,,,
23b5ca99-9da8-4d6c-bb47-84ee9e2e8985,Carry,12,29,1,Real Madrid,Cristiano Ronaldo dos Santos Aveiro,Left Center Forward,0,Real Madrid,Liverpool,77.4,4.6,,,,,,,,,,,78.1,4.6,0.0,,
18b983f5-1377-4c08-94df-7c401a88b2d6,Pass,12,30,1,Real Madrid,Cristiano Ronaldo dos Santos Aveiro,Left Center Forward,0,Real Madrid,Liverpool,78.1,4.6,Marcelo Vieira da Silva Júnior,,,Ground Pass,Right Foot,78.4,11.0,0.0174506,0.01870347,0.00125287,,,,,
3e4342a4-8510-4fcd-ab86-c33ee4791016,Ball Receipt*,12,31,1,Real Madrid,Marcelo Vieira da Silva Júnior,Left Back,0,Real Madrid,Liverpool,78.4,11.0,,,,,,,,,,,,,,,
fa93055e-eff3-420b-b2b4-66fe47fac8dd,Carry,12,31,1,Real Madrid,Marcelo Vieira da Silva Júnior,Left Back,0,Real Madrid,Liverpool,78.4,11.0,,,,,,,,,,,77.5,16.0,0.0,,
88286cab-22ab-4552-b654-475b782a271d,Pass,12,31,1,Real Madrid,Marcelo Vieira da Silva Júnior,Left Back,0,Real Madrid,Liverpool,77.5,16.0,Carlos Henrique Casimiro,Incomplete,,Ground Pass,Left Foot,67.2,45.7,0.01870347,0.01689528,-0.001808190000000001,,,,,
177d89f2-e51f-4068-b560-8567e10fd93e,Pressure,12,33,1,Real Madrid,Carlos Henrique Casimiro,Center Defensive Midfield,0,Real Madrid,Liverpool,71.3,37.6,,,,,,,,,,,,,,,
c775dfb0-2fd3-44c9-93b8-0c95e18f42b0,Ball Receipt*,12,34,1,Real Madrid,Carlos Henrique Casimiro,Center Defensive Midfield,0,Real Madrid,Liverpool,67.0,42.5,,,,,,,,,,,,,,,
ee08a386-2b83-4512-9163-13d379331f08,Pass,12,34,1,Liverpool,Sadio Mané,Left Wing,0,Real Madrid,Liverpool,52.9,34.4,Jordan Brian Henderson,Incomplete,Recovery,Low Pass,Right Foot,51.4,37.8,0.01484598,0.01484598,0.0,,,,,
491099f9-64f3-457a-a46c-8a4b4dc43c9d,Ball Receipt*,12,34,1,Liverpool,Jordan Brian Henderson,Center Defensive Midfield,0,Real Madrid,Liverpool,43.7,35.0,,,,,,,,,,,,,,,
95be11d9-d956-420b-8bb5-48d65fc50a08,Block,12,34,1,Real Madrid,Carlos Henrique Casimiro,Center Defensive Midfield,0,Real Madrid,Liverpool,68.7,42.3,,,,,,,,,,,,,,,
fed3fc6c-5556-4911-a8da-28ec8922f636,Pass,12,35,1,Liverpool,Jordan Brian Henderson,Center Defensive Midfield,0,Real Madrid,Liverpool,51.4,39.4,Sadio Mané,,Recovery,High Pass,Left Foot,63.4,45.4,0.01484598,0.01689528,0.002049299999999999,,,,,
33462134-973f-4a94-a40e-e51ef0a52f89,Pressure,12,36,1,Real Madrid,Toni Kroos,Left Center Midfield,0,Real Madrid,Liverpool,56.0,35.2,,,,,,,,,,,,,,,
ee218c0d-229c-4634-b5f0-395c9554cae0,Ball Receipt*,12,37,1,Liverpool,Sadio Mané,Left Wing,1,Real Madrid,Liverpool,63.4,45.4,,,,,,,,,,,,,,,
4b297a1d-3f77-4051-a3c8-01c188fab751,Carry,12,37,1,Liverpool,Sadio Mané,Left Wing,1,Real Madrid,Liverpool,63.4,45.4,,,,,,,,,,,64.0,45.4,0.0,,
ed89e8f0-6156-43a7-bab8-f6bfdca97554,Foul Committed,12,37,1,Real Madrid,Toni Kroos,Left Center Midfield,0,Real Madrid,Liverpool,56.1,34.7,,,,,,,,,,,,,,,
80433e68-dcb2-4481-b3e2-4d0803dea7b9,Foul Won,12,37,1,Liverpool,Sadio Mané,Left Wing,1,Real Madrid,Liverpool,64.0,45.4,,,,,,,,,,,,,,,
b9099cdf-1c04-40e1-9a6b-610d3be5faf1,Pass,12,46,1,Liverpool,Georginio Wijnaldum,Right Center Midfield,0,Real Madrid,Liverpool,63.4,45.4,Trent Alexander-Arnold,,Free Kick,Ground Pass,Right Foot,63.7,65.8,0.01689528,0.01611813,-0.0007771499999999973,,,,,
958205b0-5902-4232-8df9-9486d2306583,Ball Receipt*,12,48,1,Liverpool,Trent Alexander-Arnold,Right Back,0,Real Madrid,Liverpool,63.7,65.8,,,,,,,,,,,,,,,
3b3c175e-bc7c-4eb9-b221-2b13fcf78775,Pass,12,51,1,Liverpool,Trent Alexander-Arnold,Right Back,0,Real Madrid,Liverpool,71.3,68.1,Georginio Wijnaldum,,,Ground Pass,Right Foot,70.9,59.8,0.01870347,0.01935132,0.0006478500000000019,,,,,
e2436eee-b28e-4145-ab65-6843516dba33,Ball Receipt*,12,52,1,Liverpool,Georginio Wijnaldum,Right Center Midfield,0,Real Madrid,Liverpool,70.9,59.8,,,,,,,,,,,,,,,
ad6af48e-8c88-4ff6-bd66-659d4bde6298,Carry,12,52,1,Liverpool,Georginio Wijnaldum,Right Center Midfield,0,Real Madrid,Liverpool,70.9,59.8,,,,,,,,,,,77.9,57.1,0.0,,
977c26d0-9f27-4040-a913-094f1dde3961,Pass,12,54,1,Liverpool,Georginio Wijnaldum,Right Center Midfield,0,Real Madrid,Liverpool,77.9,57.1,Andrew Robertson,,,High Pass,Right Foot,82.6,5.6,0.01935132,0.02122129,0.001869969999999999,,,,,
1c7f455f-ede0-4682-9b6c-7f61bccf1e75,Ball Receipt*,12,56,1,Liverpool,Andrew Robertson,Left Back,0,Real Madrid,Liverpool,82.6,5.6,,,,,,,,,,,,,,,
44991046-d9ac-4714-8aa6-5344eaeb0838,Carry,12,56,1,Liverpool,Andrew Robertson,Left Back,1,Real Madrid,Liverpool,82.6,5.6,,,,,,,,,,,83.9,7.1,0.0,,
3a93534e-dc82-4638-a09d-cd85457062a2,Pressure,12,57,1,Real Madrid,Francisco Román Alarcón Suárez,Center Attacking Midfield,0,Real Madrid,Liverpool,35.4,70.2,,,,,,,,,,,,,,,
6371f368-765d-4c5c-a9d7-1124026bd2ed,Dribbled Past,12,57,1,Real Madrid,Francisco Román Alarcón Suárez,Center Attacking Midfield,0,Real Madrid,Liverpool,36.2,73.0,,,,,,,,,,,,,,,
1e255023-6bf7-40b8-a472-d7069351b5a9,Dribble,12,57,1,Liverpool,Andrew Robertson,Left Back,1,Real Madrid,Liverpool,83.9,7.1,,,,,,,,,,,,,,,
262aa778-1519-4e55-aac0-5b48301e1288,Carry,12,57,1,Liverpool,Andrew Robertson,Left Back,1,Real Madrid,Liverpool,83.9,7.1,,,,,,,,,,,100.6,17.7,0.01944863,,
1ca911b4-c33a-4087-8e64-f0a0909fc13a,Pass,13,1,1,Liverpool,Andrew Robertson,Left Back,0,Real Madrid,Liverpool,100.6,17.7,,Incomplete,,Low Pass,Left Foot,104.2,35.9,0.04066992,0.10805102,0.0673811,,,,,
34a7ade2-e88f-4b77-b4b9-ca24c466422c,Ball Recovery,13,2,1,Real Madrid,Carlos Henrique Casimiro,Center Defensive Midfield,0,Real Madrid,Liverpool,15.9,44.2,,,,,,,,,,,,,,,
d2917a47-0724-4902-860a-1149a794085d,Error,13,2,1,Real Madrid,Carlos Henrique Casimiro,Center Defensive Midfield,0,Real Madrid,Liverpool,14.5,44.3,,,,,,,,,,,,,,,
07196ec3-0701-4f99-8aed-05017cdf06bc,Ball Recovery,13,2,1,Liverpool,James Philip Milner,Left Center Midfield,0,Real Madrid,Liverpool,99.1,29.2,,,,,,,,,,,,,,,
fe6c7f60-2ff0-4077-882e-b045c8abc7c3,Shot,13,2,1,Liverpool,James Philip Milner,Left Center Midfield,0,Real Madrid,Liverpool,101.2,30.6,,,,,,,,,,,,,,0.0437719,Blocked
62488dda-14cf-4155-90c2-a4231a54de32,Block,13,3,1,Real Madrid,Carlos Henrique Casimiro,Center Defensive Midfield,0,Real Madrid,Liverpool,16.8,48.7,,,,,,,,,,,,,,,
70c57f06-4df2-4e4e-9d1a-6677df31f393,Goal Keeper,13,3,1,Real Madrid,Keylor Navas Gamboa,Goalkeeper,0,Real Madrid,Liverpool,1.7,42.8,,,,,,,,,,,,,,,
2ce78dee-3704-4643-a859-c0d2e59c31d1,Ball Recovery,13,4,1,Liverpool,Sadio Mané,Left Wing,0,Real Madrid,Liverpool,92.0,36.7,,,,,,,,,,,,,,,
25872264-91ee-4542-afc6-0b78da6e4170,Carry,13,4,1,Liverpool,Sadio Mané,Left Wing,1,Real Madrid,Liverpool,92.0,36.7,,,,,,,,,,,92.0,38.9,0.0,,
ae8c0e00-2435-4132-a0c4-aede0d5e370f,Pressure,13,5,1,Real Madrid,Carlos Henrique Casimiro,Center Defensive Midfield,0,Real Madrid,Liverpool,21.9,47.7,,,,,,,,,,,,,,,
08dc5ae0-18b5-4401-aa0c-dc04882d4290,Pass,13,5,1,Liverpool,Sadio Mané,Left Wing,1,Real Madrid,Liverpool,92.0,38.9,Mohamed Salah,,,Ground Pass,Right Foot,106.0,42.3,0.03511326,0.10805102,0.07293775999999999,,,,,
1fa5aa86-f9a1-4c73-a9a6-11f44ca83ca5,Pressure,13,5,1,Real Madrid,Sergio Ramos García,Left Center Back,0,Real Madrid,Liverpool,12.7,37.9,,,,,,,,,,,,,,,
004036db-fcbb-44c6-bbc2-1a587a71a236,Ball Receipt*,13,5,1,Liverpool,Mohamed Salah,Right Wing,1,Real Madrid,Liverpool,106.0,42.3,,,,,,,,,,,,,,,
dc487b97-b695-440e-a2f1-ba79615ddf49,Carry,13,5,1,Liverpool,Mohamed Salah,Right Wing,1,Real Madrid,Liverpool,106.0,42.3,,,,,,,,,,,104.5,41.1,0.0,,
eda7e108-2479-46f2-9cd0-a0bc2939e352,Shot,13,6,1,Liverpool,Mohamed Salah,Right Wing,0,Real Madrid,Liverpool,104.5,41.1,,,,,,,,,,,,,,0.06565269,Blocked
e431e58e-0e67-4bf7-ac96-22378746ef0b,Block,13,7,1,Real Madrid,Raphaël Varane,Right Center Back,0,Real Madrid,Liverpool,14.0,39.2,,,,,,,,,,,,,,,
aa11ac1c-7221-4376-a459-20f8840fccbd,Goal Keeper,13,7,1,Real Madrid,Keylor Navas Gamboa,Goalkeeper,0,Real Madrid,Liverpool,3.2,40.5,,,,,,,,,,,,,,,
6015ceed-ee31-4ab3-b528-985b2b5b3d58,Pressure,13,7,1,Real Madrid,Luka Modrić,Right Center Midfield,0,Real Madrid,Liverpool,20.6,44.0,,,,,,,,,,,,,,,
836ee0a6-905e-41f0-8c83-1eaf2141108f,Ball Recovery,13,8,1,Liverpool,Sadio Mané,Left Wing,1,Real Madrid,Liverpool,101.8,35.8,,,,,,,,,,,,,,,
74a18cab-d25b-464a-8ecc-8c15893ea385,Carry,13,8,1,Liverpool,Sadio Mané,Left Wing,1,Real Madrid,Liverpool,101.8,35.8,,,,,,,,,,,103.7,35.9,0.0,,
c36dfe04-2f8e-48f0-8df6-1c4d0b93a16e,Shot,13,8,1,Liverpool,Sadio Mané,Left Wing,1,Real Madrid,Liverpool,103.7,35.9,,,,,,,,,,,,,,0.057769474,Blocked
a8dd6a8e-b13d-477c-9f08-8bc659b278c3,Block,13,8,1,Real Madrid,Daniel Carvajal Ramos,Right Back,0,Real Madrid,Liverpool,13.9,43.7,,,,,,,,,,,,,,,
2547d1f4-8831-4005-aab4-5616ab105ea6,Goal Keeper,13,8,1,Real Madrid,Keylor Navas Gamboa,Goalkeeper,0,Real Madrid,Liverpool,1.6,42.6,,,,,,,,,,,,,,,
1c73a70b-07bc-43fb-8356-e5c2ef6499b5,Ball Recovery,13,9,1,Liverpool,Roberto Firmino Barbosa de Oliveira,Center Forward,0,Real Madrid,Liverpool,108.8,33.0,,,,,,,,,,,,,,,
f2ab3974-2d5c-4ec0-ba3a-a35956804934,Carry,13,9,1,Liverpool,Roberto Firmino Barbosa de Oliveira,Center Forward,1,Real Madrid,Liverpool,108.8,33.0,,,,,,,,,,,117.2,19.1,-0.06157381,,
cef72635-1dbd-4e3c-a538-0238e172747a,Pressure,13,9,1,Real Madrid,Daniel Carvajal Ramos,Right Back,0,Real Madrid,Liverpool,10.7,45.4,,,,,,,,,,,,,,,
8f334c4e-77eb-487e-937d-7ece6ab88481,Pass,13,13,1,Liverpool,Roberto Firmino Barbosa de Oliveira,Center Forward,1,Real Madrid,Liverpool,117.2,19.1,James Philip Milner,,,Low Pass,Right Foot,98.5,21.0,0.04647721,0.02855202,-0.01792519,,,,,
ccfe72c3-c30b-4b54-8253-97359d6738ee,Ball Receipt*,13,15,1,Liverpool,James Philip Milner,Left Center Midfield,0,Real Madrid,Liverpool,98.5,21.0,,,,,,,,,,,,,,,
4091d665-dab5-4a67-9738-f509331e207d,Carry,13,15,1,Liverpool,James Philip Milner,Left Center Midfield,0,Real Madrid,Liverpool,98.5,21.0,,,,,,,,,,,92.2,23.1,0.0,,
ef20ae49-6a31-4d38-b07f-3ef384bc22a8,Pass,13,16,1,Liverpool,James Philip Milner,Left Center Midfield,0,Real Madrid,Liverpool,92.2,23.1,Trent Alexander-Arnold,,,High Pass,Right Foot,109.4,65.8,0.02855202,0.04066992,0.0121179,,,,,
135d6723-e052-40a7-97b7-819a5ccfa479,Ball Receipt*,13,18,1,Liverpool,Trent Alexander-Arnold,Right Back,0,Real Madrid,Liverpool,109.4,65.8,,,,,,,,,,,,,,,
1299af6e-52d2-41ff-b2fd-a49e603635ac,Carry,13,18,1,Liverpool,Trent Alexander-Arnold,Right Back,0,Real Madrid,Liverpool,109.4,65.8,,,,,,,,,,,111.5,62.5,0.00580729,,
bed623be-2eaf-4f77-81c8-1f118fcac055,Pass,13,19,1,Liverpool,Trent Alexander-Arnold,Right Back,0,Real Madrid,Liverpool,111.5,62.5,Sadio Mané,Incomplete,,High Pass,Right Foot,117.4,40.5,0.04647721,0.25745362,0.21097641,,,,,
6ae51e44-8e13-4e53-a07d-fe5a974acf21,Ball Receipt*,13,20,1,Liverpool,Sadio Mané,Left Wing,0,Real Madrid,Liverpool,112.1,40.9,,,,,,,,,,,,,,,
f695d274-dc21-43f8-aad0-edbc1e66b2eb,Goal Keeper,13,20,1,Real Madrid,Keylor Navas Gamboa,Goalkeeper,0,Real Madrid,Liverpool,2.7,39.6,,,,,,,,,,,,,,,
07c437d1-bcb2-4ad8-88d7-ad5c011962c7,Duel,13,23,1,Liverpool,James Philip Milner,Left Center Midfield,1,Real Madrid,Liverpool,92.2,33.6,,,,,,,,,,,,,,,
824df355-a953-47e1-b1d9-fced7d5cfb64,Clearance,13,23,1,Real Madrid,Cristiano Ronaldo dos Santos Aveiro,Left Center Forward,1,Real Madrid,Liverpool,27.9,46.5,,,,,,,,,,,,,,,
b7dc7fee-4457-4ec5-bdad-f92479c66658,Ball Recovery,13,26,1,Liverpool,Virgil van Dijk,Left Center Back,0,Real Madrid,Liverpool,71.3,12.1,,,,,,,,,,,,,,,
68e14584-904e-4562-aee7-abcc4917179e,Carry,13,26,1,Liverpool,Virgil van Dijk,Left Center Back,0,Real Madrid,Liverpool,71.3,12.1,,,,,,,,,,,70.5,11.7,0.0,,
8ac86b0d-5255-441c-b423-d770db8d9a55,Pass,13,27,1,Liverpool,Virgil van Dijk,Left Center Back,0,Real Madrid,Liverpool,70.5,11.7,Jordan Brian Henderson,,,Ground Pass,Right Foot,69.5,27.8,0.01870347,0.01685596,-0.00184751,,,,,
7b8abef3-5750-45e2-90c4-82ad41d78ba6,Ball Receipt*,13,28,1,Liverpool,Jordan Brian Henderson,Center Defensive Midfield,0,Real Madrid,Liverpool,69.5,27.8,,,,,,,,,,,,,,,
7f2d0816-a191-45c1-9cd9-3d6abf6561c3,Carry,13,28,1,Liverpool,Jordan Brian Henderson,Center Defensive Midfield,0,Real Madrid,Liverpool,69.5,27.8,,,,,,,,,,,63.1,30.1,3.931999999999894e-05,,
0c7a9f89-eeb7-4ffe-9222-ebedd25c76ee,Pass,13,29,1,Liverpool,Jordan Brian Henderson,Center Defensive Midfield,0,Real Madrid,Liverpool,63.1,30.1,Dejan Lovren,,,Low Pass,Right Foot,65.2,65.8,0.01689528,0.01611813,-0.0007771499999999973,,,,,
90cb5b04-ace6-4113-942b-c02b52d17433,Ball Receipt*,13,31,1,Liverpool,Dejan Lovren,Right Center Back,0,Real Madrid,Liverpool,65.2,65.8,,,,,,,,,,,,,,,
d7186c1c-ed96-4a6f-96dd-7e4862362dd7,Carry,13,31,1,Liverpool,Dejan Lovren,Right Center Back,0,Real Madrid,Liverpool,65.2,65.8,,,,,,,,,,,70.9,69.0,0.002585339999999998,,
c9faf08a-b52f-4eb8-80f9-dbc8af57d0e4,Pass,13,32,1,Liverpool,Dejan Lovren,Right Center Back,0,Real Madrid,Liverpool,70.9,69.0,Trent Alexander-Arnold,,,Ground Pass,Right Foot,84.0,75.8,0.01870347,0.02122129,0.00251782,,,,,
73facc8c-69b5-4a1b-9ebb-73033f4ede76,Ball Receipt*,13,33,1,Liverpool,Trent Alexander-Arnold,Right Back,0,Real Madrid,Liverpool,84.0,75.8,,,,,,,,,,,,,,,
b5e49440-bb21-4451-abd4-7dbbaa406041,Carry,13,33,1,Liverpool,Trent Alexander-Arnold,Right Back,0,Real Madrid,Liverpool,84.0,75.8,,,,,,,,,,,84.0,75.8,0.0,,
62e63005-1767-4aed-a1f5-426f068c60e0,Pass,13,35,1,Liverpool,Trent Alexander-Arnold,Right Back,0,Real Madrid,Liverpool,84.0,75.8,Georginio Wijnaldum,,,Ground Pass,Right Foot,76.8,63.9,0.02122129,0.01870347,-0.00251782,,,,,
14e14552-9936-4632-9de6-6811f28dc161,Pressure,13,36,1,Real Madrid,Toni Kroos,Left Center Midfield,0,Real Madrid,Liverpool,35.8,14.9,,,,,,,,,,,,,,,
86b07fde-0169-4bd2-b2c7-53326d2d1f25,Ball Receipt*,13,36,1,Liverpool,Georginio Wijnaldum,Right Center Midfield,1,Real Madrid,Liverpool,76.8,63.9,,,,,,,,,,,,,,,
0fee6075-8ff1-4d2f-9ef4-1f0017de430e,Carry,13,36,1,Liverpool,Georginio Wijnaldum,Right Center Midfield,1,Real Madrid,Liverpool,76.8,63.9,,,,,,,,,,,77.8,65.9,0.0,,
2447c705-b067-4a3c-b4e4-2f9ddceb229f,Dribbled Past,13,36,1,Real Madrid,Toni Kroos,Left Center Midfield,0,Real Madrid,Liverpool,42.3,14.2,,,,,,,,,,,,,,,
66ffe7b2-e66e-41d6-8a16-2da17f8ed0e7,Dribble,13,36,1,Liverpool,Georginio Wijnaldum,Right Center Midfield,1,Real Madrid,Liverpool,77.8,65.9,,,,,,,,,,,,,,,
de7b8e00-27e0-49a6-96fa-7a81ae24e24c,Carry,13,36,1,Liverpool,Georginio Wijnaldum,Right Center Midfield,1,Real Madrid,Liverpool,77.8,65.9,,,,,,,,,,,91.2,57.0,0.009848550000000001,,
596cdfad-8949-475d-89a4-2968c4ca418e,Pass,13,40,1,Liverpool,Georginio Wijnaldum,Right Center Midfield,0,Real Madrid,Liverpool,91.2,57.0,Roberto Firmino Barbosa de Oliveira,Incomplete,,Ground Pass,Right Foot,98.1,57.4,0.02855202,0.02855202,0.0,,,,,
225874f2-7562-4274-8859-c2e87a016636,Ball Receipt*,13,40,1,Liverpool,Roberto Firmino Barbosa de Oliveira,Center Forward,0,Real Madrid,Liverpool,104.6,52.3,,,,,,,,,,,,,,,
12f4c5d7-7f7d-4605-b6b6-53230423486c,Block,13,40,1,Real Madrid,Carlos Henrique Casimiro,Center Defensive Midfield,0,Real Madrid,Liverpool,22.0,22.7,,,,,,,,,,,,,,,
7f5d0a14-f64d-4b71-a697-0cc3c6fa8a68,Pass,13,42,1,Real Madrid,Karim Benzema,Right Center Forward,0,Real Madrid,Liverpool,47.2,8.4,Toni Kroos,,Recovery,High Pass,Other,40.3,11.5,0.01126267,0.01214719,0.0008845199999999998,,,,,
47721140-532e-4bc0-8f62-3aaa076031fc,Ball Receipt*,13,43,1,Real Madrid,Toni Kroos,Left Center Midfield,0,Real Madrid,Liverpool,40.3,11.5,,,,,,,,,,,,,,,
da39d57a-90a6-4509-9211-1df2b5a84042,Carry,13,43,1,Real Madrid,Toni Kroos,Left Center Midfield,1,Real Madrid,Liverpool,40.3,11.5,,,,,,,,,,,63.5,11.2,0.003970940000000001,,
ab0945ed-7dd1-4e4c-8580-45b8379e61c0,Pressure,13,47,1,Liverpool,James Philip Milner,Left Center Midfield,0,Real Madrid,Liverpool,64.0,65.9,,,,,,,,,,,,,,,
5371e0c2-8e7f-4116-9b47-5c31444d293d,Pass,13,47,1,Real Madrid,Toni Kroos,Left Center Midfield,1,Real Madrid,Liverpool,63.5,11.2,Karim Benzema,Out,,Ground Pass,Right Foot,76.7,0.8,0.01611813,0.0174506,0.001332469999999999,,,,,
6db5fce4-339b-46c0-a80c-7a2dce80a8ff,Ball Receipt*,13,48,1,Real Madrid,Karim Benzema,Right Center Forward,0,Real Madrid,Liverpool,79.7,2.6,,,,,,,,,,,,,,,
3eef2f4c-91e8-443a-a600-7bf9c104873a,Pass,13,57,1,Liverpool,Trent Alexander-Arnold,Right Back,0,Real Madrid,Liverpool,36.6,80.0,Dejan Lovren,,Throw-in,Low Pass,,28.5,75.3,0.00977659,0.00844854,-0.001328050000000001,,,,,
00a4554d-4279-46b1-9628-db6eddfeba49,Ball Receipt*,13,58,1,Liverpool,Dejan Lovren,Right Center Back,0,Real Madrid,Liverpool,28.5,75.3,,,,,,,,,,,,,,,
0221a6fa-d472-4b3a-b25e-56985d4f4e72,Carry,13,58,1,Liverpool,Dejan Lovren,Right Center Back,0,Real Madrid,Liverpool,28.5,75.3,,,,,,,,,,,28.8,75.3,0.0,,
f56f40d2-1bf0-4d03-bc1b-45e8e9067140,Pass,14,0,1,Liverpool,Dejan Lovren,Right Center Back,0,Real Madrid,Liverpool,28.8,75.3,Trent Alexander-Arnold,,,Ground Pass,Left Foot,36.2,74.9,0.00844854,0.00977659,0.001328050000000001,,,,,
99647d9a-2f8c-4f6e-8373-2081a8678d7e,Ball Receipt*,14,1,1,Liverpool,Trent Alexander-Arnold,Right Back,0,Real Madrid,Liverpool,36.2,74.9,,,,,,,,,,,,,,,
d085dcd6-c4d1-42ef-bdc3-eec49261cc2c,Carry,14,1,1,Liverpool,Trent Alexander-Arnold,Right Back,0,Real Madrid,Liverpool,36.2,74.9,,,,,,,,,,,41.8,74.2,0.001486080000000001,,
a6cce867-7ce5-4bfc-8481-1a13ab53247e,Pass,14,6,1,Liverpool,Trent Alexander-Arnold,Right Back,0,Real Madrid,Liverpool,41.8,74.2,Roberto Firmino Barbosa de Oliveira,,,Ground Pass,Left Foot,53.2,76.3,0.01126267,0.01248344,0.001220769999999999,,,,,
4a73be57-0494-480a-98b5-3f14f014b914,Ball Receipt*,14,7,1,Liverpool,Roberto Firmino Barbosa de Oliveira,Center Forward,0,Real Madrid,Liverpool,53.2,76.3,,,,,,,,,,,,,,,
252bfe7e-763e-4f11-a519-b89cbbc08f6e,Carry,14,7,1,Liverpool,Roberto Firmino Barbosa de Oliveira,Center Forward,0,Real Madrid,Liverpool,53.2,76.3,,,,,,,,,,,53.2,76.3,0.0,,
5dc11123-927c-4d86-99f1-4c6ef72f18e9,Pass,14,7,1,Liverpool,Roberto Firmino Barbosa de Oliveira,Center Forward,0,Real Madrid,Liverpool,53.2,76.3,Trent Alexander-Arnold,,,Ground Pass,Right Foot,43.2,76.8,0.01248344,0.01126267,-0.001220769999999999,,,,,
f1fa6f5e-760a-4d17-bd1a-5ebdc0da1387,Ball Receipt*,14,8,1,Liverpool,Trent Alexander-Arnold,Right Back,0,Real Madrid,Liverpool,43.2,76.8,,,,,,,,,,,,,,,
2aff50e9-7eaf-47a6-8f60-3c1c59e93427,Carry,14,8,1,Liverpool,Trent Alexander-Arnold,Right Back,0,Real Madrid,Liverpool,43.2,76.8,,,,,,,,,,,49.1,74.5,0.0,,
1a77928a-058b-49cb-954d-fe769b3a3203,Pass,14,10,1,Liverpool,Trent Alexander-Arnold,Right Back,0,Real Madrid,Liverpool,49.1,74.5,Andrew Robertson,,,High Pass,Right Foot,56.6,4.9,0.01126267,0.01248344,0.001220769999999999,,,,,
8e858e8c-0fbc-4f8a-9b01-6d499142d934,Ball Receipt*,14,14,1,Liverpool,Andrew Robertson,Left Back,0,Real Madrid,Liverpool,56.6,4.9,,,,,,,,,,,,,,,
4a5b72d5-8526-4c03-8d48-c4cf0f24b084,Carry,14,14,1,Liverpool,Andrew Robertson,Left Back,0,Real Madrid,Liverpool,56.6,4.9,,,,,,,,,,,56.6,4.9,0.0,,
1e05cd0e-aa63-4ec9-bc1b-7c1420e09eae,Pass,14,15,1,Liverpool,Andrew Robertson,Left Back,0,Real Madrid,Liverpool,56.6,4.9,Virgil van Dijk,,,Ground Pass,Left Foot,39.4,15.1,0.01248344,0.0105949,-0.001888539999999999,,,,,
bca04651-0435-4bb1-939e-b2b655b03389,Ball Receipt*,14,17,1,Liverpool,Virgil van Dijk,Left Center Back,0,Real Madrid,Liverpool,39.4,15.1,,,,,,,,,,,,,,,
1abcd698-5139-4e03-844c-f70ecb50820f,Carry,14,17,1,Liverpool,Virgil van Dijk,Left Center Back,0,Real Madrid,Liverpool,39.4,15.1,,,,,,,,,,,40.5,16.2,0.00155229,,
64540d87-e048-4031-b15d-cfed0805fc34,Pass,14,19,1,Liverpool,Virgil van Dijk,Left Center Back,0,Real Madrid,Liverpool,40.5,16.2,Dejan Lovren,,,Low Pass,Right Foot,41.7,55.5,0.01214719,0.01269174,0.0005445499999999995,,,,,
506417da-3e04-4d8c-8bd4-a472b9a81732,Ball Receipt*,14,20,1,Liverpool,Dejan Lovren,Right Center Back,0,Real Madrid,Liverpool,41.7,55.5,,,,,,,,,,,,,,,
f0aa4b95-67dc-4e3c-9771-7eaefd0d8d51,Carry,14,20,1,Liverpool,Dejan Lovren,Right Center Back,1,Real Madrid,Liverpool,41.7,55.5,,,,,,,,,,,38.7,59.0,-0.001587119999999999,,
1a57be6a-8f95-41fe-b681-894c6b220f8a,Pressure,14,20,1,Real Madrid,Karim Benzema,Right Center Forward,0,Real Madrid,Liverpool,76.7,27.3,,,,,,,,,,,,,,,
f62de6cb-d1a8-4ae9-9f63-c5fd5e6ffe13,Pass,14,21,1,Liverpool,Dejan Lovren,Right Center Back,0,Real Madrid,Liverpool,38.7,59.0,Trent Alexander-Arnold,,,Ground Pass,Right Foot,48.9,75.1,0.01110462,0.01126267,0.0001580499999999999,,,,,
158bede1-0742-44b4-aa52-9eca4cafec48,Ball Receipt*,14,23,1,Liverpool,Trent Alexander-Arnold,Right Back,0,Real Madrid,Liverpool,48.9,75.1,,,,,,,,,,,,,,,
d1529e9d-39a8-46f9-96f3-accab2728005,Carry,14,23,1,Liverpool,Trent Alexander-Arnold,Right Back,0,Real Madrid,Liverpool,48.9,75.1,,,,,,,,,,,48.9,75.1,0.0,,
b548986a-90d4-4bb7-9791-705d1b61cbec,Pass,14,24,1,Liverpool,Trent Alexander-Arnold,Right Back,0,Real Madrid,Liverpool,48.9,75.1,James Philip Milner,Out,,Ground Pass,Right Foot,69.0,79.7,0.01126267,0.01473596,0.003473289999999999,,,,,
730a0ce3-be7e-4bd3-ad65-903898a85310,Ball Receipt*,14,25,1,Liverpool,James Philip Milner,Left Center Midfield,0,Real Madrid,Liverpool,68.8,72.2,,,,,,,,,,,,,,,
3a277089-2ead-450d-9b93-847c1ef84b08,Pass,14,34,1,Real Madrid,Marcelo Vieira da Silva Júnior,Left Back,0,Real Madrid,Liverpool,56.0,0.1,Karim Benzema,,Throw-in,Low Pass,,56.6,6.9,0.01248344,0.01248344,0.0,,,,,
e5416fb5-e413-4691-8e58-238d153a9904,Ball Receipt*,14,34,1,Real Madrid,Karim Benzema,Right Center Forward,0,Real Madrid,Liverpool,56.6,6.9,,,,,,,,,,,,,,,
68626742-f367-45b7-a40f-7e64fe4160bf,Carry,14,34,1,Real Madrid,Karim Benzema,Right Center Forward,0,Real Madrid,Liverpool,56.6,6.9,,,,,,,,,,,43.6,8.8,-0.001220769999999999,,
e493b29e-464d-49fb-a47f-4ae7028302ef,Pass,14,37,1,Real Madrid,Karim Benzema,Right Center Forward,0,Real Madrid,Liverpool,43.6,8.8,Sergio Ramos García,,,Ground Pass,Right Foot,34.3,6.6,0.01126267,0.00977659,-0.001486080000000001,,,,,
6abeab18-7015-4222-9403-2b64d904670a,Ball Receipt*,14,38,1,Real Madrid,Sergio Ramos García,Left Center Back,0,Real Madrid,Liverpool,34.3,6.6,,,,,,,,,,,,,,,
9f701b00-f538-4bf3-afeb-5f9b82d3aa74,Pass,14,38,1,Real Madrid,Sergio Ramos García,Left Center Back,0,Real Madrid,Liverpool,34.0,6.6,Marcelo Vieira da Silva Júnior,,,Ground Pass,Right Foot,49.1,4.2,0.00977659,0.01126267,0.001486080000000001,,,,,
98644e75-ac84-469e-bd8d-58030708ace1,Ball Receipt*,14,39,1,Real Madrid,Marcelo Vieira da Silva Júnior,Left Back,0,Real Madrid,Liverpool,49.1,4.2,,,,,,,,,,,,,,,
45664951-9829-4042-86ca-8f0dd62b11b4,Pass,14,39,1,Real Madrid,Marcelo Vieira da Silva Júnior,Left Back,0,Real Madrid,Liverpool,49.8,4.3,Karim Benzema,,,Ground Pass,Left Foot,43.3,7.9,0.01126267,0.01126267,0.0,,,,,
c3e2fb7f-c574-4973-857d-b3e2c1e565f0,Ball Receipt*,14,39,1,Real Madrid,Karim Benzema,Right Center Forward,0,Real Madrid,Liverpool,43.3,7.9,,,,,,,,,,,,,,,
dab3bcdf-4480-4906-9012-b806cd1f3a01,Pass,14,39,1,Real Madrid,Karim Benzema,Right Center Forward,0,Real Madrid,Liverpool,42.6,8.7,Toni Kroos,,,Ground Pass,Left Foot,50.9,8.4,0.01126267,0.01248344,0.001220769999999999,,,,,
aee15306-632b-4265-be53-2e2d4da190b8,Ball Receipt*,14,40,1,Real Madrid,Toni Kroos,Left Center Midfield,0,Real Madrid,Liverpool,50.9,8.4,,,,,,,,,,,,,,,
5fb15772-4e51-4afe-a0c8-13314d543514,Pass,14,40,1,Real Madrid,Toni Kroos,Left Center Midfield,0,Real Madrid,Liverpool,50.9,8.4,Karim Benzema,,,Ground Pass,Right Foot,46.0,10.3,0.01248344,0.01214719,-0.0003362499999999997,,,,,
2af7275c-d6a9-4b6a-b077-5b59fcb74380,Ball Receipt*,14,41,1,Real Madrid,Karim Benzema,Right Center Forward,0,Real Madrid,Liverpool,46.0,10.3,,,,,,,,,,,,,,,
af89d07b-abb0-43ef-9a69-3147c2e3468e,Pass,14,41,1,Real Madrid,Karim Benzema,Right Center Forward,0,Real Madrid,Liverpool,49.1,10.7,Carlos Henrique Casimiro,,,Ground Pass,Right Foot,53.3,21.7,0.01214719,0.01429128,0.00214409,,,,,
8ce5890d-fb1d-46af-9ad4-2fbf61be5f73,Ball Receipt*,14,42,1,Real Madrid,Carlos Henrique Casimiro,Center Defensive Midfield,0,Real Madrid,Liverpool,53.3,21.7,,,,,,,,,,,,,,,
0981571a-8eb1-43ab-9e70-680e47c4c2c4,Carry,14,42,1,Real Madrid,Carlos Henrique Casimiro,Center Defensive Midfield,0,Real Madrid,Liverpool,53.3,21.7,,,,,,,,,,,57.0,19.6,-0.0004458799999999992,,
10a536e1-4998-43a6-aa85-89e38f95c7c2,Pass,14,43,1,Real Madrid,Carlos Henrique Casimiro,Center Defensive Midfield,0,Real Madrid,Liverpool,57.0,19.6,Francisco Román Alarcón Suárez,,,Ground Pass,Right Foot,69.5,23.2,0.0138454,0.01685596,0.003010559999999999,,,,,
7a38a0ce-fcf3-4629-8a04-6178dc20bc4d,Ball Receipt*,14,44,1,Real Madrid,Francisco Román Alarcón Suárez,Center Attacking Midfield,0,Real Madrid,Liverpool,69.5,23.2,,,,,,,,,,,,,,,
2e224536-d861-4e8f-9372-352cfc17e6bb,Carry,14,44,1,Real Madrid,Francisco Román Alarcón Suárez,Center Attacking Midfield,0,Real Madrid,Liverpool,69.5,23.2,,,,,,,,,,,69.5,23.7,0.0,,
fea257e7-6f62-437d-b6ce-7a2400533948,Miscontrol,14,44,1,Real Madrid,Francisco Román Alarcón Suárez,Center Attacking Midfield,0,Real Madrid,Liverpool,69.5,23.7,,,,,,,,,,,,,,,
7be5ac8e-51ad-41c8-be1c-b18b39aefbe8,Ball Recovery,14,45,1,Liverpool,Roberto Firmino Barbosa de Oliveira,Center Forward,0,Real Madrid,Liverpool,57.5,53.3,,,,,,,,,,,,,,,
f4e6253f-1423-4072-bad7-79406df01518,Carry,14,45,1,Liverpool,Roberto Firmino Barbosa de Oliveira,Center Forward,0,Real Madrid,Liverpool,57.5,53.3,,,,,,,,,,,55.0,42.1,0.0005547,,
589db43f-29f9-443b-9bd7-8fd4a3c92b5d,Pass,14,47,1,Liverpool,Roberto Firmino Barbosa de Oliveira,Center Forward,0,Real Madrid,Liverpool,55.0,42.1,Sadio Mané,Incomplete,,Ground Pass,Right Foot,64.2,19.0,0.01484598,0.01611813,0.001272150000000001,,,,,
a11376dc-ebe1-408c-bbcb-da29240cece3,Pressure,14,49,1,Liverpool,Andrew Robertson,Left Back,0,Real Madrid,Liverpool,55.6,19.6,,,,,,,,,,,,,,,
59e1237e-38a9-4776-8386-0ff3313a97ce,Ball Receipt*,14,49,1,Liverpool,Sadio Mané,Left Wing,0,Real Madrid,Liverpool,62.9,32.4,,,,,,,,,,,,,,,
6aa04545-cb2d-4707-9fa9-01ad4c048a86,Interception,14,49,1,Real Madrid,Daniel Carvajal Ramos,Right Back,1,Real Madrid,Liverpool,55.9,61.1,,,,,,,,,,,,,,,
f681bbcf-fb81-4043-88e6-69031a31f00e,Carry,14,49,1,Real Madrid,Daniel Carvajal Ramos,Right Back,1,Real Madrid,Liverpool,55.9,61.1,,,,,,,,,,,61.5,60.5,0.002272730000000001,,
efc9317e-a51e-4e9d-b1d8-61a8687c6802,Dribbled Past,14,49,1,Liverpool,Andrew Robertson,Left Back,0,Real Madrid,Liverpool,58.6,19.6,,,,,,,,,,,,,,,
14ad5809-11f0-48d0-8623-4d0c02e888ca,Dribble,14,49,1,Real Madrid,Daniel Carvajal Ramos,Right Back,1,Real Madrid,Liverpool,61.5,60.5,,,,,,,,,,,,,,,
0587df12-a27e-40e8-a95d-259509b6f33b,Carry,14,49,1,Real Madrid,Daniel Carvajal Ramos,Right Back,1,Real Madrid,Liverpool,61.5,60.5,,,,,,,,,,,71.7,67.5,0.002585339999999998,,
9c8307b5-4e62-4de4-8839-e4346a3c1aad,Pass,14,51,1,Real Madrid,Daniel Carvajal Ramos,Right Back,0,Real Madrid,Liverpool,71.7,67.5,Cristiano Ronaldo dos Santos Aveiro,,,Ground Pass,Right Foot,95.9,71.5,0.01870347,0.02756312,0.00885965,,,,,
145cfdaf-69b8-4826-b4d1-816112f75187,Ball Receipt*,14,53,1,Real Madrid,Cristiano Ronaldo dos Santos Aveiro,Left Center Forward,0,Real Madrid,Liverpool,95.9,71.5,,,,,,,,,,,,,,,
fa41d9bb-a62e-4023-906f-7f5c978feb69,Carry,14,53,1,Real Madrid,Cristiano Ronaldo dos Santos Aveiro,Left Center Forward,0,Real Madrid,Liverpool,95.9,71.5,,,,,,,,,,,111.7,58.7,0.03686283,,
3e93f456-9971-4a33-9b10-ee9961410a32,Shot,14,55,1,Real Madrid,Cristiano Ronaldo dos Santos Aveiro,Left Center Forward,0,Real Madrid,Liverpool,111.7,58.7,,,,,,,,,,,,,,0.012568896,Off T
43bacbe9-4920-4cba-89e0-2424b91bfe19,Goal Keeper,14,56,1,Liverpool,Loris Karius,Goalkeeper,0,Real Madrid,Liverpool,2.0,35.1,,,,,,,,,,,,,,,
c76e3a42-ae2d-48f8-84da-a03a9c950e64,Pass,15,16,1,Liverpool,Loris Karius,Goalkeeper,0,Real Madrid,Liverpool,6.0,36.0,Dejan Lovren,,Goal Kick,Ground Pass,Right Foot,17.3,63.8,0.00941056,0.00878589,-0.0006246700000000008,,,,,
44759405-5f1d-46a6-bcb0-c5ff53375ab4,Ball Receipt*,15,18,1,Liverpool,Dejan Lovren,Right Center Back,0,Real Madrid,Liverpool,17.3,63.8,,,,,,,,,,,,,,,
499662d3-8b46-4d33-ab09-0a803589f12f,Pass,15,18,1,Liverpool,Dejan Lovren,Right Center Back,0,Real Madrid,Liverpool,17.0,63.8,Loris Karius,,,Ground Pass,Right Foot,7.2,39.9,0.00878589,0.00941056,0.0006246700000000008,,,,,
9be03def-0a6a-4c88-8226-9dcbaa6795fe,Ball Receipt*,15,19,1,Liverpool,Loris Karius,Goalkeeper,0,Real Madrid,Liverpool,7.2,39.9,,,,,,,,,,,,,,,
8555a9db-d448-42dd-8c0d-662d50631018,Pass,15,26,1,Liverpool,Loris Karius,Goalkeeper,0,Real Madrid,Liverpool,20.9,45.0,Andrew Robertson,Incomplete,,High Pass,Right Foot,69.6,6.1,0.01016549,0.01473596,0.00457047,,,,,
09eae32d-cabd-4521-a12d-918df93f0361,Ball Receipt*,15,30,1,Liverpool,Andrew Robertson,Left Back,0,Real Madrid,Liverpool,71.9,5.4,,,,,,,,,,,,,,,
f5fb5b25-78f7-4334-abe2-99806a9c244d,Duel,15,30,1,Liverpool,Andrew Robertson,Left Back,1,Real Madrid,Liverpool,69.6,6.1,,,,,,,,,,,,,,,
fd5ce307-f41b-4cc7-9af4-d98b60fcdf06,Pass,15,30,1,Real Madrid,Daniel Carvajal Ramos,Right Back,1,Real Madrid,Liverpool,50.5,74.0,Luka Modrić,,Recovery,High Pass,,63.2,58.5,0.01248344,0.01685596,0.00437252,,,,,
285ba961-9a60-40e4-9bb5-d8d12e8be981,Ball Receipt*,15,31,1,Real Madrid,Luka Modrić,Right Center Midfield,0,Real Madrid,Liverpool,63.2,58.5,,,,,,,,,,,,,,,
aee5d9a6-4849-4da1-a48c-0b59603e9663,Carry,15,31,1,Real Madrid,Luka Modrić,Right Center Midfield,1,Real Madrid,Liverpool,63.2,58.5,,,,,,,,,,,62.9,45.4,3.931999999999894e-05,,
810e6280-19bd-4fd3-b1ab-6d139f275792,Pressure,15,32,1,Liverpool,Georginio Wijnaldum,Right Center Midfield,0,Real Madrid,Liverpool,55.1,20.5,,,,,,,,,,,,,,,
8932b497-1087-4247-b2bc-c89752245408,Pass,15,34,1,Real Madrid,Luka Modrić,Right Center Midfield,0,Real Madrid,Liverpool,62.9,45.4,Marcelo Vieira da Silva Júnior,,,Ground Pass,Right Foot,61.8,23.7,0.01689528,0.01685596,-3.931999999999894e-05,,,,,
d1e8ad32-ffbf-4556-8708-66bfa85b4eee,Ball Receipt*,15,35,1,Real Madrid,Marcelo Vieira da Silva Júnior,Left Back,0,Real Madrid,Liverpool,61.8,23.7,,,,,,,,,,,,,,,
527724ba-0494-458a-a72f-6d673660db96,Pass,15,35,1,Real Madrid,Marcelo Vieira da Silva Júnior,Left Back,0,Real Madrid,Liverpool,61.8,23.2,Toni Kroos,,,Ground Pass,Left Foot,56.1,28.3,0.01685596,0.01429128,-0.00256468,,,,,
fc2eee81-2a57-4102-8d0f-6deda5641a81,Ball Receipt*,15,36,1,Real Madrid,Toni Kroos,Left Center Midfield,0,Real Madrid,Liverpool,56.1,28.3,,,,,,,,,,,,,,,
c23b00d4-9b1a-4a54-a8ac-5642a2ac3765,Carry,15,36,1,Real Madrid,Toni Kroos,Left Center Midfield,0,Real Madrid,Liverpool,56.1,28.3,,,,,,,,,,,56.1,29.2,0.0,,
b3272277-4e50-4f5c-ad68-38dd38a500ba,Pass,15,37,1,Real Madrid,Toni Kroos,Left Center Midfield,0,Real Madrid,Liverpool,56.1,29.2,Luka Modrić,,,Ground Pass,Right Foot,64.0,31.0,0.01429128,0.01689528,0.002603999999999999,,,,,
25f7d047-2825-4ed4-ac37-6c607a6d2a89,Ball Receipt*,15,37,1,Real Madrid,Luka Modrić,Right Center Midfield,0,Real Madrid,Liverpool,64.0,31.0,,,,,,,,,,,,,,,
51e4102c-465a-46b8-9a14-ac5c259d428d,Pass,15,37,1,Real Madrid,Luka Modrić,Right Center Midfield,0,Real Madrid,Liverpool,64.0,31.0,Toni Kroos,,,Ground Pass,Right Foot,55.6,28.6,0.01689528,0.01429128,-0.002603999999999999,,,,,
64b681c9-178d-47f1-bab8-34529eb329bb,Ball Receipt*,15,38,1,Real Madrid,Toni Kroos,Left Center Midfield,0,Real Madrid,Liverpool,55.6,28.6,,,,,,,,,,,,,,,
3f4e0bd0-6354-44ed-9be0-6f6456e02b33,Carry,15,38,1,Real Madrid,Toni Kroos,Left Center Midfield,0,Real Madrid,Liverpool,55.6,28.6,,,,,,,,,,,56.0,28.7,0.0,,
3b3f534e-3467-4117-aaab-80fa03918df8,Pass,15,39,1,Real Madrid,Toni Kroos,Left Center Midfield,0,Real Madrid,Liverpool,56.0,28.7,Carlos Henrique Casimiro,,,Ground Pass,Right Foot,55.3,42.8,0.01429128,0.01484598,0.0005547,,,,,
c00f59a8-57c7-4c3f-8353-59a87d425360,Ball Receipt*,15,40,1,Real Madrid,Carlos Henrique Casimiro,Center Defensive Midfield,0,Real Madrid,Liverpool,55.3,42.8,,,,,,,,,,,,,,,
4e393e35-638d-4851-a1fe-2d0654a73c2f,Carry,15,40,1,Real Madrid,Carlos Henrique Casimiro,Center Defensive Midfield,0,Real Madrid,Liverpool,55.3,42.8,,,,,,,,,,,59.9,47.9,0.0,,
9c3d145a-56be-4fe7-a310-33e4e4242042,Pass,15,43,1,Real Madrid,Carlos Henrique Casimiro,Center Defensive Midfield,0,Real Madrid,Liverpool,59.9,47.9,Raphaël Varane,,,Ground Pass,Right Foot,49.6,55.0,0.01484598,0.01269174,-0.00215424,,,,,
6c4d585a-a8f6-4172-acf0-c16a7fae912f,Ball Receipt*,15,45,1,Real Madrid,Raphaël Varane,Right Center Back,0,Real Madrid,Liverpool,49.6,55.0,,,,,,,,,,,,,,,
9946e921-74e1-4b60-90e2-414ec929d309,Carry,15,45,1,Real Madrid,Raphaël Varane,Right Center Back,0,Real Madrid,Liverpool,49.6,55.0,,,,,,,,,,,52.9,54.0,0.00159954,,
41fef365-bec4-4b7b-a0f8-a67f91ebdbd6,Pass,15,46,1,Real Madrid,Raphaël Varane,Right Center Back,0,Real Madrid,Liverpool,52.9,54.0,Karim Benzema,Incomplete,,High Pass,Right Foot,90.4,20.7,0.01429128,0.02855202,0.01426074,,,,,
ab8f5bc5-5324-45dc-9714-474ed836da24,Ball Receipt*,15,49,1,Real Madrid,Karim Benzema,Right Center Forward,0,Real Madrid,Liverpool,84.2,6.0,,,,,,,,,,,,,,,
9a25f2eb-d3c9-4a0c-86dc-c83a0553bc13,Ball Recovery,15,49,1,Liverpool,Trent Alexander-Arnold,Right Back,0,Real Madrid,Liverpool,29.7,59.4,,,,,,,,,,,,,,,
89a29e1c-1ab6-4ea6-b277-48341fb5e3af,Carry,15,49,1,Liverpool,Trent Alexander-Arnold,Right Back,0,Real Madrid,Liverpool,29.7,59.4,,,,,,,,,,,28.5,59.3,0.0,,
dfa84db4-70b3-4e9c-888a-b41497e811b0,Pass,15,50,1,Liverpool,Trent Alexander-Arnold,Right Back,0,Real Madrid,Liverpool,28.5,59.3,,Incomplete,,Low Pass,Right Foot,43.4,62.2,0.01001304,0.01214719,0.00213415,,,,,
18378717-4605-4b97-a7f8-bd7619c78f13,Ball Recovery,15,51,1,Real Madrid,Toni Kroos,Left Center Midfield,0,Real Madrid,Liverpool,76.7,17.9,,,,,,,,,,,,,,,
8c28b618-d882-491f-a89b-011206bc41bc,50/50,15,54,1,Liverpool,James Philip Milner,Left Center Midfield,1,Real Madrid,Liverpool,49.9,71.6,,,,,,,,,,,,,,,
30a2f213-cd73-4ed5-b3d6-761c909bd74a,50/50,15,54,1,Real Madrid,Marcelo Vieira da Silva Júnior,Left Back,1,Real Madrid,Liverpool,70.2,8.5,,,,,,,,,,,,,,,
24e7736a-7f9f-498e-8493-41946525707a,Carry,15,54,1,Real Madrid,Marcelo Vieira da Silva Júnior,Left Back,1,Real Madrid,Liverpool,70.2,8.5,,,,,,,,,,,84.8,26.5,0.006671799999999999,,
a9254906-5ad0-4f26-b850-071df9c9e85b,Pass,15,59,1,Real Madrid,Marcelo Vieira da Silva Júnior,Left Back,0,Real Madrid,Liverpool,84.8,26.5,Luka Modrić,,,Ground Pass,Left Foot,76.9,39.9,0.0241224,0.0199707,-0.004151699999999998,,,,,
3d5661e2-73f9-4bf4-a642-7ea9d2c93bde,Ball Receipt*,16,0,1,Real Madrid,Luka Modrić,Right Center Midfield,0,Real Madrid,Liverpool,76.9,39.9,,,,,,,,,,,,,,,
679e4b44-1257-4861-8a2b-c1201e9ec010,Carry,16,0,1,Real Madrid,Luka Modrić,Right Center Midfield,0,Real Madrid,Liverpool,76.9,39.9,,,,,,,,,,,77.0,44.3,0.0,,
a7f25180-666e-436e-9604-0053b8f3f146,Pass,16,1,1,Real Madrid,Luka Modrić,Right Center Midfield,0,Real Madrid,Liverpool,77.0,44.3,Daniel Carvajal Ramos,,,Ground Pass,Right Foot,74.5,70.2,0.0199707,0.0174506,-0.002520100000000001,,,,,
5f0f62eb-37a8-4945-8971-6ab59d4eaab8,Ball Receipt*,16,3,1,Real Madrid,Daniel Carvajal Ramos,Right Back,0,Real Madrid,Liverpool,74.5,70.2,,,,,,,,,,,,,,,
0e6b97ee-39e7-452e-846c-2f581df9497d,Carry,16,3,1,Real Madrid,Daniel Carvajal Ramos,Right Back,0,Real Madrid,Liverpool,74.5,70.2,,,,,,,,,,,76.9,68.7,0.00125287,,
ae5e0eeb-2017-404e-8e6a-4f8989678673,Pass,16,4,1,Real Madrid,Daniel Carvajal Ramos,Right Back,0,Real Madrid,Liverpool,76.9,68.7,Cristiano Ronaldo dos Santos Aveiro,,,Ground Pass,Right Foot,92.1,75.7,0.01870347,0.02756312,0.00885965,,,,,
50cdcfe7-6a7b-4691-8228-51014ca61d85,Ball Receipt*,16,5,1,Real Madrid,Cristiano Ronaldo dos Santos Aveiro,Left Center Forward,0,Real Madrid,Liverpool,92.1,75.7,,,,,,,,,,,,,,,
d0520062-c625-4d72-b3a4-20931bd89edc,Carry,16,5,1,Real Madrid,Cristiano Ronaldo dos Santos Aveiro,Left Center Forward,0,Real Madrid,Liverpool,92.1,75.7,,,,,,,,,,,96.2,75.3,0.0,,
ff73d736-18ca-4074-81d8-05f6e795c256,Pass,16,9,1,Real Madrid,Cristiano Ronaldo dos Santos Aveiro,Left Center Forward,0,Real Madrid,Liverpool,96.2,75.3,Daniel Carvajal Ramos,,,Ground Pass,Right Foot,85.8,74.3,0.02756312,0.02122129,-0.00634183,,,,,
6c724b90-aada-40eb-8cfb-8fc042bef6a1,Ball Receipt*,16,10,1,Real Madrid,Daniel Carvajal Ramos,Right Back,0,Real Madrid,Liverpool,85.8,74.3,,,,,,,,,,,,,,,
c2e491d8-a0cf-45ef-95dd-feb76d2be887,Carry,16,10,1,Real Madrid,Daniel Carvajal Ramos,Right Back,0,Real Madrid,Liverpool,85.8,74.3,,,,,,,,,,,85.8,74.3,0.0,,
85e30ee7-336f-43bd-b234-c54e85e838b0,Pass,16,11,1,Real Madrid,Daniel Carvajal Ramos,Right Back,0,Real Madrid,Liverpool,85.8,74.3,Carlos Henrique Casimiro,,,Ground Pass,Right Foot,72.6,56.8,0.02122129,0.01935132,-0.001869969999999999,,,,,
caac6d26-6c23-4662-99ba-e28040bce7a3,Ball Receipt*,16,12,1,Real Madrid,Carlos Henrique Casimiro,Center Defensive Midfield,0,Real Madrid,Liverpool,72.6,56.8,,,,,,,,,,,,,,,
509d22ac-e50f-41f6-af53-63b626441afb,Carry,16,12,1,Real Madrid,Carlos Henrique Casimiro,Center Defensive Midfield,0,Real Madrid,Liverpool,72.6,56.8,,,,,,,,,,,72.8,55.8,0.0,,
8edc949f-334e-4276-acb5-c6df50553a18,Pass,16,13,1,Real Madrid,Carlos Henrique Casimiro,Center Defensive Midfield,0,Real Madrid,Liverpool,72.8,55.8,Toni Kroos,,,Ground Pass,Right Foot,72.2,39.7,0.01935132,0.0199707,0.0006193799999999992,,,,,
e7cd3b6c-9fce-411f-999d-388bd408bf3f,Ball Receipt*,16,14,1,Real Madrid,Toni Kroos,Left Center Midfield,0,Real Madrid,Liverpool,72.2,39.7,,,,,,,,,,,,,,,
62c17dea-d890-4f08-bf3e-67e69bc3e591,Carry,16,14,1,Real Madrid,Toni Kroos,Left Center Midfield,0,Real Madrid,Liverpool,72.2,39.7,,,,,,,,,,,72.8,39.7,0.0,,
0cf0e470-3817-448c-9066-8d5535f5c66b,Pass,16,15,1,Real Madrid,Toni Kroos,Left Center Midfield,0,Real Madrid,Liverpool,72.8,39.7,Francisco Román Alarcón Suárez,,,High Pass,Right Foot,93.5,5.5,0.0199707,0.02756312,0.007592419999999999,,,,,
86ae068f-cba3-470c-a09f-f56d45c02b88,Ball Receipt*,16,17,1,Real Madrid,Francisco Román Alarcón Suárez,Center Attacking Midfield,0,Real Madrid,Liverpool,93.5,5.5,,,,,,,,,,,,,,,
d34cd739-bbf1-4996-aa92-9d180c12e675,Carry,16,17,1,Real Madrid,Francisco Román Alarcón Suárez,Center Attacking Midfield,0,Real Madrid,Liverpool,93.5,5.5,,,,,,,,,,,98.2,5.2,0.0,,
8406cbc7-4c01-458e-b006-9311d3c04e13,Pass,16,20,1,Real Madrid,Francisco Román Alarcón Suárez,Center Attacking Midfield,0,Real Madrid,Liverpool,98.2,5.2,Sergio Ramos García,,,Ground Pass,Right Foot,77.9,19.0,0.02756312,0.01870347,-0.00885965,,,,,
c3b7609a-b5ce-4fc3-8e36-c07c3e750b59,Ball Receipt*,16,21,1,Real Madrid,Sergio Ramos García,Left Center Back,0,Real Madrid,Liverpool,77.9,19.0,,,,,,,,,,,,,,,
a496a2b3-3875-4d34-9e9f-4801d883b33a,Carry,16,21,1,Real Madrid,Sergio Ramos García,Left Center Back,0,Real Madrid,Liverpool,77.9,19.0,,,,,,,,,,,85.1,16.3,0.005311739999999999,,
2c8ac737-b99e-48bf-8ccd-522ffad0bb9b,Pass,16,22,1,Real Madrid,Sergio Ramos García,Left Center Back,0,Real Madrid,Liverpool,85.1,16.3,Francisco Román Alarcón Suárez,,,Ground Pass,Right Foot,97.1,6.2,0.02401521,0.02756312,0.003547910000000001,,,,,
d5420851-fccb-4688-b973-78cdd576345a,Ball Receipt*,16,23,1,Real Madrid,Francisco Román Alarcón Suárez,Center Attacking Midfield,0,Real Madrid,Liverpool,97.1,6.2,,,,,,,,,,,,,,,
670d22b0-7956-48da-b8d9-45677a42aca7,Carry,16,23,1,Real Madrid,Francisco Román Alarcón Suárez,Center Attacking Midfield,0,Real Madrid,Liverpool,97.1,6.2,,,,,,,,,,,103.5,8.7,0.007287600000000002,,
54d20993-70b8-4f56-b681-bee1ce8e49f7,Pass,16,26,1,Real Madrid,Francisco Román Alarcón Suárez,Center Attacking Midfield,0,Real Madrid,Liverpool,103.5,8.7,Marcelo Vieira da Silva Júnior,,,Ground Pass,Right Foot,99.5,20.7,0.03485072,0.02855202,-0.006298700000000001,,,,,
46b47355-f7e1-4883-aa3c-2514afb5d922,Ball Receipt*,16,26,1,Real Madrid,Marcelo Vieira da Silva Júnior,Left Back,0,Real Madrid,Liverpool,99.5,20.7,,,,,,,,,,,,,,,
a8987cee-0286-4844-9249-84e4d0c87c32,Carry,16,26,1,Real Madrid,Marcelo Vieira da Silva Júnior,Left Back,0,Real Madrid,Liverpool,99.5,20.7,,,,,,,,,,,99.2,20.7,0.0,,
69e68317-f66a-46ad-8aee-758e2ab7b86d,Pass,16,27,1,Real Madrid,Marcelo Vieira da Silva Júnior,Left Back,0,Real Madrid,Liverpool,99.2,20.7,Francisco Román Alarcón Suárez,,,Ground Pass,Left Foot,108.9,15.6,0.02855202,0.04066992,0.0121179,,,,,
0b76fa18-8b17-43fb-b2dc-bdb84a3a1430,Ball Receipt*,16,28,1,Real Madrid,Francisco Román Alarcón Suárez,Center Attacking Midfield,0,Real Madrid,Liverpool,108.9,15.6,,,,,,,,,,,,,,,
9a843fc6-34ba-4a16-8ed3-48783da9698d,Carry,16,28,1,Real Madrid,Francisco Román Alarcón Suárez,Center Attacking Midfield,0,Real Madrid,Liverpool,108.9,15.6,,,,,,,,,,,110.2,16.2,0.00580729,,
21146796-33c1-4e49-b505-b9f5724905f0,Pass,16,29,1,Real Madrid,Francisco Román Alarcón Suárez,Center Attacking Midfield,0,Real Madrid,Liverpool,110.2,16.2,Cristiano Ronaldo dos Santos Aveiro,Incomplete,,High Pass,Right Foot,111.0,42.8,0.04647721,0.25745362,0.21097641,,,,,
4086d2f2-e24c-4954-9b0e-f5bd2837afcf,Ball Receipt*,16,31,1,Real Madrid,Cristiano Ronaldo dos Santos Aveiro,Left Center Forward,0,Real Madrid,Liverpool,111.0,47.6,,,,,,,,,,,,,,,
73408a46-8f00-4849-8c7d-36a86c7c2f4a,Clearance,16,31,1,Liverpool,Andrew Robertson,Left Back,1,Real Madrid,Liverpool,9.1,37.3,,,,,,,,,,,,,,,
f445a8cd-338d-4760-a390-71953519568a,Ball Recovery,16,33,1,Real Madrid,Carlos Henrique Casimiro,Center Defensive Midfield,0,Real Madrid,Liverpool,83.5,37.3,,,,,,,,,,,,,,,
ab1226f2-d7eb-4c3b-a04a-b730a646657e,Carry,16,33,1,Real Madrid,Carlos Henrique Casimiro,Center Defensive Midfield,0,Real Madrid,Liverpool,83.5,37.3,,,,,,,,,,,83.8,43.3,0.0,,
38e486b8-0d40-47e9-9353-d481132e08cd,Pass,16,35,1,Real Madrid,Carlos Henrique Casimiro,Center Defensive Midfield,0,Real Madrid,Liverpool,83.8,43.3,Cristiano Ronaldo dos Santos Aveiro,,,Ground Pass,Right Foot,90.7,59.6,0.02385149,0.02855202,0.004700530000000001,,,,,
3600645f-08d6-4351-b79f-477f1f73894e,Pressure,16,36,1,Liverpool,Sadio Mané,Left Wing,0,Real Madrid,Liverpool,23.0,20.9,,,,,,,,,,,,,,,
3cbb9416-f8c4-4154-8474-2997a397f2ca,Ball Receipt*,16,36,1,Real Madrid,Cristiano Ronaldo dos Santos Aveiro,Left Center Forward,1,Real Madrid,Liverpool,90.7,59.6,,,,,,,,,,,,,,,
c6d0e14b-d070-4234-81d4-236d9646f722,Carry,16,36,1,Real Madrid,Cristiano Ronaldo dos Santos Aveiro,Left Center Forward,1,Real Madrid,Liverpool,90.7,59.6,,,,,,,,,,,92.5,59.5,0.0,,
def1c83c-c7a4-4d64-b4c4-049e4ef727fc,Dispossessed,16,37,1,Real Madrid,Cristiano Ronaldo dos Santos Aveiro,Left Center Forward,1,Real Madrid,Liverpool,92.5,59.5,,,,,,,,,,,,,,,
a7bbf012-4ac7-4f97-9558-ce56f92e3c46,Duel,16,37,1,Liverpool,Sadio Mané,Left Wing,1,Real Madrid,Liverpool,27.6,20.6,,,,,,,,,,,,,,,
5c5f38a3-989b-4dc3-b93f-8a682feaa289,Pressure,16,38,1,Liverpool,Sadio Mané,Left Wing,0,Real Madrid,Liverpool,34.5,22.9,,,,,,,,,,,,,,,
49d7a430-1bb5-451f-880f-97156d79cd38,Pass,16,38,1,Real Madrid,Luka Modrić,Right Center Midfield,1,Real Madrid,Liverpool,81.8,58.1,Daniel Carvajal Ramos,,Recovery,Low Pass,Right Foot,89.3,73.3,0.0241224,0.02122129,-0.002901109999999998,,,,,
25b40b56-c878-4198-b9a9-cf4463d76ba7,Ball Receipt*,16,40,1,Real Madrid,Daniel Carvajal Ramos,Right Back,0,Real Madrid,Liverpool,89.3,73.3,,,,,,,,,,,,,,,
d2be743f-f3b3-4b2f-9add-718deb122ad6,Carry,16,40,1,Real Madrid,Daniel Carvajal Ramos,Right Back,0,Real Madrid,Liverpool,89.3,73.3,,,,,,,,,,,89.9,74.3,0.0,,
ce719e4f-fa7c-4242-9fed-04f5bedf93d0,Pass,16,41,1,Real Madrid,Daniel Carvajal Ramos,Right Back,0,Real Madrid,Liverpool,89.9,74.3,Luka Modrić,,,Ground Pass,Right Foot,91.7,63.7,0.02122129,0.02953272,0.008311429999999998,,,,,
d7379f15-4503-4b77-aec7-b5baa53e498d,Pressure,16,41,1,Liverpool,Jordan Brian Henderson,Center Defensive Midfield,0,Real Madrid,Liverpool,28.5,19.5,,,,,,,,,,,,,,,
8ef97796-0005-449f-bbe0-d123d933c14a,Ball Receipt*,16,42,1,Real Madrid,Luka Modrić,Right Center Midfield,1,Real Madrid,Liverpool,91.7,63.7,,,,,,,,,,,,,,,
3b087824-c980-42f4-9c14-838cde95b1ca,Carry,16,42,1,Real Madrid,Luka Modrić,Right Center Midfield,1,Real Madrid,Liverpool,91.7,63.7,,,,,,,,,,,92.1,66.0,0.0,,
f187a240-ff8a-49e8-aec6-99439fa7ffb9,Pass,16,43,1,Real Madrid,Luka Modrić,Right Center Midfield,1,Real Madrid,Liverpool,92.1,66.0,Daniel Carvajal Ramos,,,Ground Pass,Right Foot,88.6,74.0,0.02953272,0.02122129,-0.008311429999999998,,,,,
40d6f93b-c483-4721-a280-834e754e30fa,Ball Receipt*,16,43,1,Real Madrid,Daniel Carvajal Ramos,Right Back,0,Real Madrid,Liverpool,88.6,74.0,,,,,,,,,,,,,,,
f91979af-e00a-4c76-b68c-3fc3a00b21b6,Pass,16,43,1,Real Madrid,Daniel Carvajal Ramos,Right Back,0,Real Madrid,Liverpool,88.6,74.3,Cristiano Ronaldo dos Santos Aveiro,Incomplete,,Ground Pass,Right Foot,98.5,59.5,0.02122129,0.02855202,0.007330730000000001,,,,,
c54d7710-ec29-4f11-8ce9-72dca4173329,Ball Receipt*,16,44,1,Real Madrid,Cristiano Ronaldo dos Santos Aveiro,Left Center Forward,0,Real Madrid,Liverpool,98.2,57.8,,,,,,,,,,,,,,,
d0ac3ca4-0215-41b7-a61e-a26eb2ba578d,Pass,16,44,1,Liverpool,Andrew Robertson,Left Back,0,Real Madrid,Liverpool,21.6,20.6,Roberto Firmino Barbosa de Oliveira,,Recovery,Low Pass,Left Foot,31.1,26.4,0.01001304,0.01110462,0.00109158,,,,,
44ed58ae-b2b7-40c2-86d6-5d3e20140e3c,Ball Receipt*,16,45,1,Liverpool,Roberto Firmino Barbosa de Oliveira,Center Forward,0,Real Madrid,Liverpool,31.1,26.4,,,,,,,,,,,,,,,
d0c8a969-1715-4fbc-bfa4-c1a239500ff9,Carry,16,45,1,Liverpool,Roberto Firmino Barbosa de Oliveira,Center Forward,0,Real Madrid,Liverpool,31.1,26.4,,,,,,,,,,,30.7,30.6,0.0002191399999999996,,
fe8384c2-44a9-4e0e-a264-4d6600b995b2,Pass,16,47,1,Liverpool,Roberto Firmino Barbosa de Oliveira,Center Forward,0,Real Madrid,Liverpool,30.7,30.6,Mohamed Salah,,,Ground Pass,Right Foot,51.5,35.8,0.01132376,0.01484598,0.00352222,,,,,
6f7088e9-261b-4f05-a32d-2c33873f8a75,Pressure,16,47,1,Real Madrid,Sergio Ramos García,Left Center Back,0,Real Madrid,Liverpool,63.4,44.2,,,,,,,,,,,,,,,
2ee0117d-2fc2-4c52-9e6d-beb75f490602,Ball Receipt*,16,48,1,Liverpool,Mohamed Salah,Right Wing,0,Real Madrid,Liverpool,51.5,35.8,,,,,,,,,,,,,,,
b659d0ef-4948-46fd-9bd7-c77c5e2a2007,Carry,16,48,1,Liverpool,Mohamed Salah,Right Wing,0,Real Madrid,Liverpool,51.5,35.8,,,,,,,,,,,51.5,35.8,0.0,,
054676d4-c0b6-4f3b-9a24-603bcf38c251,Pass,16,48,1,Liverpool,Mohamed Salah,Right Wing,0,Real Madrid,Liverpool,51.5,35.8,Sadio Mané,,,Low Pass,Left Foot,56.5,8.2,0.01484598,0.01248344,-0.00236254,,,,,
7c1ec535-f7d4-4e46-a183-48031a35b313,Ball Receipt*,16,49,1,Liverpool,Sadio Mané,Left Wing,0,Real Madrid,Liverpool,56.5,8.2,,,,,,,,,,,,,,,
189e15c6-cf28-48db-b88e-1e3c26007878,Carry,16,49,1,Liverpool,Sadio Mané,Left Wing,1,Real Madrid,Liverpool,56.5,8.2,,,,,,,,,,,76.1,10.9,0.00622003,,
2e3006de-8159-4d21-b03b-c1f3b23b2f46,Pressure,16,53,1,Real Madrid,Carlos Henrique Casimiro,Center Defensive Midfield,0,Real Madrid,Liverpool,42.3,71.1,,,,,,,,,,,,,,,
0ce1dd61-a5c3-4280-83bc-4a8a0970a80b,Dribbled Past,16,54,1,Real Madrid,Carlos Henrique Casimiro,Center Defensive Midfield,0,Real Madrid,Liverpool,44.0,69.2,,,,,,,,,,,,,,,
9575136d-f701-42d7-9b6d-f50f111ddf91,Dribble,16,54,1,Liverpool,Sadio Mané,Left Wing,1,Real Madrid,Liverpool,76.1,10.9,,,,,,,,,,,,,,,
20e4cec2-5d3c-4316-b60b-954a2e42401e,Carry,16,54,1,Liverpool,Sadio Mané,Left Wing,1,Real Madrid,Liverpool,76.1,10.9,,,,,,,,,,,70.9,26.4,0.0006478500000000019,,
38dda269-e2d2-47ba-8575-221b38135273,Pass,16,56,1,Liverpool,Sadio Mané,Left Wing,0,Real Madrid,Liverpool,70.9,26.4,Jordan Brian Henderson,,,Ground Pass,Right Foot,64.1,34.9,0.01935132,0.01689528,-0.002456040000000003,,,,,
4ac27105-8cef-4a87-aa99-44f5d4e86b55,Ball Receipt*,16,57,1,Liverpool,Jordan Brian Henderson,Center Defensive Midfield,0,Real Madrid,Liverpool,64.1,34.9,,,,,,,,,,,,,,,
b55a1108-56f8-4bf2-8669-3fa03d5f33cb,Carry,16,57,1,Liverpool,Jordan Brian Henderson,Center Defensive Midfield,0,Real Madrid,Liverpool,64.1,34.9,,,,,,,,,,,64.1,34.9,0.0,,
790038e1-1832-47cb-b4b9-8fb979de95af,Pass,16,58,1,Liverpool,Jordan Brian Henderson,Center Defensive Midfield,0,Real Madrid,Liverpool,64.1,34.9,Trent Alexander-Arnold,,,Ground Pass,Right Foot,69.9,68.9,0.01689528,0.01611813,-0.0007771499999999973,,,,,
ef2aac5c-dcf5-448a-944c-51e7d53262ec,Ball Receipt*,17,0,1,Liverpool,Trent Alexander-Arnold,Right Back,0,Real Madrid,Liverpool,69.9,68.9,,,,,,,,,,,,,,,
c8e191af-6725-4762-8d9f-d5c224d620ee,Carry,17,0,1,Liverpool,Trent Alexander-Arnold,Right Back,0,Real Madrid,Liverpool,69.9,68.9,,,,,,,,,,,69.9,68.4,0.0,,
86501242-4257-4c41-990b-927cb479c2ea,Pass,17,2,1,Liverpool,Trent Alexander-Arnold,Right Back,0,Real Madrid,Liverpool,69.9,68.4,Mohamed Salah,Incomplete,,High Pass,Right Foot,104.0,26.0,0.01611813,0.05491138,0.03879325,,,,,
35623d35-e7c2-4155-aff3-964b22a44c45,Ball Receipt*,17,5,1,Liverpool,Mohamed Salah,Right Wing,0,Real Madrid,Liverpool,105.2,21.3,,,,,,,,,,,,,,,
cd049da1-8bb1-491e-aa5f-1dccbf0bd22d,Pass,17,5,1,Real Madrid,Raphaël Varane,Right Center Back,0,Real Madrid,Liverpool,16.1,54.1,Luka Modrić,,Recovery,High Pass,Head,28.8,57.7,0.00977745,0.01001304,0.0002355900000000008,,,,,
89ce9b37-fdca-4df4-90aa-61c6ded7588c,Ball Receipt*,17,7,1,Real Madrid,Luka Modrić,Right Center Midfield,0,Real Madrid,Liverpool,28.8,57.7,,,,,,,,,,,,,,,
1ef4dcba-b9e0-43c7-a968-58a3925e1600,Pass,17,7,1,Real Madrid,Luka Modrić,Right Center Midfield,0,Real Madrid,Liverpool,29.9,56.4,Daniel Carvajal Ramos,,,High Pass,Head,24.3,56.0,0.01001304,0.01001304,0.0,,,,,
498f9f9b-0ab0-42b7-95f5-b2ceca29d89b,Ball Receipt*,17,8,1,Real Madrid,Daniel Carvajal Ramos,Right Back,0,Real Madrid,Liverpool,24.3,56.0,,,,,,,,,,,,,,,
53c47e2c-8d82-40eb-822f-4bca9ceef175,Carry,17,8,1,Real Madrid,Daniel Carvajal Ramos,Right Back,0,Real Madrid,Liverpool,24.3,56.0,,,,,,,,,,,28.8,73.0,-0.001564500000000002,,
808d3570-5808-4dcf-b9c3-e4b631b90863,Pass,17,12,1,Real Madrid,Daniel Carvajal Ramos,Right Back,0,Real Madrid,Liverpool,28.8,73.0,Sergio Ramos García,Out,,High Pass,Right Foot,0.1,28.3,0.00844854,0.0088799,0.0004313600000000004,,,,,
3b4acda0-9034-4c13-8393-27ea7f0afe25,Ball Receipt*,17,16,1,Real Madrid,Sergio Ramos García,Left Center Back,0,Real Madrid,Liverpool,10.4,36.9,,,,,,,,,,,,,,,
f1826135-b359-4aaf-ac69-3170627c2606,Pass,17,51,1,Liverpool,Mohamed Salah,Right Wing,0,Real Madrid,Liverpool,120.0,80.0,Virgil van Dijk,,Corner,High Pass,Left Foot,115.6,39.4,0.0379259,0.25745362,0.21952772,,,,,
6a1360e1-e55c-4015-9b86-0ad43ba23811,Ball Receipt*,17,53,1,Liverpool,Virgil van Dijk,Left Center Back,0,Real Madrid,Liverpool,115.6,39.4,,,,,,,,,,,,,,,
9def9ed2-52f0-496b-8ae8-f4c5a97c2d8a,Shot,17,53,1,Liverpool,Virgil van Dijk,Left Center Back,0,Real Madrid,Liverpool,116.5,37.1,,,,,,,,,,,,,,0.24867696,Off T
e8151a31-4c94-4395-9204-825151fa577a,Goal Keeper,17,54,1,Real Madrid,Keylor Navas Gamboa,Goalkeeper,0,Real Madrid,Liverpool,2.7,42.9,,,,,,,,,,,,,,,
f97b7d50-74cb-422e-91e0-094b7937dadf,Pass,18,13,1,Real Madrid,Keylor Navas Gamboa,Goalkeeper,0,Real Madrid,Liverpool,7.0,44.1,Raphaël Varane,,Goal Kick,Ground Pass,Right Foot,11.4,63.2,0.00941056,0.00878589,-0.0006246700000000008,,,,,
21688735-e2e0-4fea-ae9a-28e884989765,Ball Receipt*,18,15,1,Real Madrid,Raphaël Varane,Right Center Back,0,Real Madrid,Liverpool,11.4,63.2,,,,,,,,,,,,,,,
55d8290c-6242-42f3-a40f-107e4fdc5ef5,Pass,18,15,1,Real Madrid,Raphaël Varane,Right Center Back,0,Real Madrid,Liverpool,11.8,62.9,Keylor Navas Gamboa,,,Ground Pass,Right Foot,2.2,49.9,0.00878589,0.00941056,0.0006246700000000008,,,,,
638440a1-4f2a-486e-ba35-de01888ae1e1,Ball Receipt*,18,17,1,Real Madrid,Keylor Navas Gamboa,Goalkeeper,0,Real Madrid,Liverpool,2.2,49.9,,,,,,,,,,,,,,,
250f24cc-cf29-484b-b1d5-8bd149a9040a,Carry,18,17,1,Real Madrid,Keylor Navas Gamboa,Goalkeeper,0,Real Madrid,Liverpool,2.2,49.9,,,,,,,,,,,8.0,49.3,0.0,,
53c85808-2a87-4e1b-9222-8010ca422a93,Pass,18,20,1,Real Madrid,Keylor Navas Gamboa,Goalkeeper,0,Real Madrid,Liverpool,8.0,49.3,Marcelo Vieira da Silva Júnior,,,High Pass,Right Foot,42.2,5.9,0.00941056,0.01126267,0.001852110000000001,,,,,
3a6631dd-4dbd-4c2a-a746-8060c6e24582,Ball Receipt*,18,22,1,Real Madrid,Marcelo Vieira da Silva Júnior,Left Back,0,Real Madrid,Liverpool,42.2,5.9,,,,,,,,,,,,,,,
7d926645-5de7-45a4-8735-0ef9b88ee22e,Carry,18,22,1,Real Madrid,Marcelo Vieira da Silva Júnior,Left Back,0,Real Madrid,Liverpool,42.2,5.9,,,,,,,,,,,42.6,9.1,0.0,,
432a5869-1363-4a58-8875-c70b336f1e2c,Pass,18,25,1,Real Madrid,Marcelo Vieira da Silva Júnior,Left Back,0,Real Madrid,Liverpool,42.6,9.1,Toni Kroos,,,Ground Pass,Right Foot,41.5,19.4,0.01126267,0.01214719,0.0008845199999999998,,,,,
9533d213-07f8-40be-bc12-ed7a88695e58,Ball Receipt*,18,25,1,Real Madrid,Toni Kroos,Left Center Midfield,0,Real Madrid,Liverpool,41.5,19.4,,,,,,,,,,,,,,,
0c0361f7-d4b9-4330-a7ae-f3e102331d15,Carry,18,25,1,Real Madrid,Toni Kroos,Left Center Midfield,0,Real Madrid,Liverpool,41.5,19.4,,,,,,,,,,,46.5,18.4,0.0,,
c3d4701f-7c17-49d8-ac08-65b8ec350cd4,Pass,18,26,1,Real Madrid,Toni Kroos,Left Center Midfield,0,Real Madrid,Liverpool,46.5,18.4,Carlos Henrique Casimiro,,,Ground Pass,Left Foot,48.8,34.2,0.01214719,0.01262646,0.0004792700000000004,,,,,
fb0eef18-62b6-447b-abcd-4c3bebf27491,Ball Receipt*,18,27,1,Real Madrid,Carlos Henrique Casimiro,Center Defensive Midfield,0,Real Madrid,Liverpool,48.8,34.2,,,,,,,,,,,,,,,
c7513219-1a4a-490f-b37b-594136ae4dee,Pass,18,27,1,Real Madrid,Carlos Henrique Casimiro,Center Defensive Midfield,0,Real Madrid,Liverpool,48.8,34.2,Marcelo Vieira da Silva Júnior,,,High Pass,Right Foot,34.6,9.8,0.01262646,0.00977659,-0.002849870000000001,,,,,
1b666113-49cf-4dc1-867f-7c2071b9c5a9,Ball Receipt*,18,29,1,Real Madrid,Marcelo Vieira da Silva Júnior,Left Back,0,Real Madrid,Liverpool,34.6,9.8,,,,,,,,,,,,,,,
90c87c39-c225-4176-b9d5-fe78e414e13f,Carry,18,29,1,Real Madrid,Marcelo Vieira da Silva Júnior,Left Back,0,Real Madrid,Liverpool,34.6,9.8,,,,,,,,,,,41.5,8.8,0.001486080000000001,,
f4eb8225-b813-46b6-a722-e61a8b6817df,Pass,18,31,1,Real Madrid,Marcelo Vieira da Silva Júnior,Left Back,0,Real Madrid,Liverpool,41.5,8.8,Toni Kroos,,,Ground Pass,Left Foot,48.8,13.5,0.01126267,0.01214719,0.0008845199999999998,,,,,
50de5710-d3e9-489d-95eb-14cceb0e9fde,Ball Receipt*,18,32,1,Real Madrid,Toni Kroos,Left Center Midfield,0,Real Madrid,Liverpool,48.8,13.5,,,,,,,,,,,,,,,
3528772b-3bba-4228-b036-795f671d0328,Carry,18,32,1,Real Madrid,Toni Kroos,Left Center Midfield,0,Real Madrid,Liverpool,48.8,13.5,,,,,,,,,,,49.2,12.9,0.0,,
1bf2da85-5172-4d59-9cf2-bb28c70f88fb,Pass,18,33,1,Real Madrid,Toni Kroos,Left Center Midfield,0,Real Madrid,Liverpool,49.2,12.9,Cristiano Ronaldo dos Santos Aveiro,,,Ground Pass,Right Foot,62.6,13.8,0.01214719,0.01611813,0.003970940000000001,,,,,
466e7c2b-e0b2-42bf-8534-defc867d2b55,Ball Receipt*,18,34,1,Real Madrid,Cristiano Ronaldo dos Santos Aveiro,Left Center Forward,0,Real Madrid,Liverpool,62.6,13.8,,,,,,,,,,,,,,,
4344b93b-3cd3-4c5b-a8d4-9b19f1b93fe3,Carry,18,34,1,Real Madrid,Cristiano Ronaldo dos Santos Aveiro,Left Center Forward,1,Real Madrid,Liverpool,62.6,13.8,,,,,,,,,,,59.7,19.6,-0.002272730000000001,,
67bf56a2-9360-430a-8784-148815f62c42,Pressure,18,34,1,Liverpool,Jordan Brian Henderson,Center Defensive Midfield,0,Real Madrid,Liverpool,54.8,60.5,,,,,,,,,,,,,,,
9f07d825-6763-4a93-80f8-3985f9d9e973,Pass,18,35,1,Real Madrid,Cristiano Ronaldo dos Santos Aveiro,Left Center Forward,1,Real Madrid,Liverpool,59.7,19.6,Sergio Ramos García,,,Ground Pass,Left Foot,42.2,25.9,0.0138454,0.01269174,-0.001153660000000001,,,,,
f65a6a03-dbb1-493f-be71-bbbe10baf6fa,Ball Receipt*,18,36,1,Real Madrid,Sergio Ramos García,Left Center Back,0,Real Madrid,Liverpool,42.2,25.9,,,,,,,,,,,,,,,
44fb1c0c-0d1a-42b1-b3f7-f3c482dd0985,Carry,18,36,1,Real Madrid,Sergio Ramos García,Left Center Back,0,Real Madrid,Liverpool,42.2,25.9,,,,,,,,,,,48.4,32.8,-6.527999999999916e-05,,
095d8b93-9cf6-49a6-be9a-9bdc64acddb1,Pass,18,38,1,Real Madrid,Sergio Ramos García,Left Center Back,0,Real Madrid,Liverpool,48.4,32.8,Luka Modrić,,,Ground Pass,Right Foot,48.8,48.1,0.01262646,0.01262646,0.0,,,,,
08804ce5-66cc-40c3-8ec6-8c3a8a9b175b,Ball Receipt*,18,39,1,Real Madrid,Luka Modrić,Right Center Midfield,0,Real Madrid,Liverpool,48.8,48.1,,,,,,,,,,,,,,,
be0af981-a1c4-4804-881d-9d85b697f70c,Carry,18,39,1,Real Madrid,Luka Modrić,Right Center Midfield,0,Real Madrid,Liverpool,48.8,48.1,,,,,,,,,,,49.6,50.3,6.527999999999916e-05,,
86e9a881-ba77-40e0-8a0d-3047333442c8,Pass,18,40,1,Real Madrid,Luka Modrić,Right Center Midfield,0,Real Madrid,Liverpool,49.6,50.3,Daniel Carvajal Ramos,,,Low Pass,Right Foot,52.8,77.3,0.01269174,0.01248344,-0.0002082999999999998,,,,,
b96cf63f-4c82-4d5b-b310-712b4efe3299,Ball Receipt*,18,42,1,Real Madrid,Daniel Carvajal Ramos,Right Back,0,Real Madrid,Liverpool,52.8,77.3,,,,,,,,,,,,,,,
a5351f8b-a727-4d68-b2a9-76892139f090,Carry,18,42,1,Real Madrid,Daniel Carvajal Ramos,Right Back,0,Real Madrid,Liverpool,52.8,77.3,,,,,,,,,,,52.3,77.3,0.0,,
ab101922-a84f-4781-b8db-daf29b5c3371,Pass,18,43,1,Real Madrid,Daniel Carvajal Ramos,Right Back,0,Real Madrid,Liverpool,52.3,77.3,Luka Modrić,,,Ground Pass,Right Foot,48.8,64.7,0.01248344,0.01214719,-0.0003362499999999997,,,,,
8a390b70-ce3c-4af3-9194-47a07f87247c,Ball Receipt*,18,43,1,Real Madrid,Luka Modrić,Right Center Midfield,0,Real Madrid,Liverpool,48.8,64.7,,,,,,,,,,,,,,,
ea879eb8-15c8-45e6-bd79-208693fc3f5c,Carry,18,43,1,Real Madrid,Luka Modrić,Right Center Midfield,0,Real Madrid,Liverpool,48.8,64.7,,,,,,,,,,,48.2,63.2,0.0,,
e26d7851-4135-4272-8ca1-70ce4bd520a6,Pass,18,45,1,Real Madrid,Luka Modrić,Right Center Midfield,0,Real Madrid,Liverpool,48.2,63.2,Toni Kroos,,,Ground Pass,Right Foot,47.2,35.9,0.01214719,0.01262646,0.0004792700000000004,,,,,
eb968905-1927-4380-b787-0f0d3c4d68bd,Ball Receipt*,18,46,1,Real Madrid,Toni Kroos,Left Center Midfield,0,Real Madrid,Liverpool,47.2,35.9,,,,,,,,,,,,,,,
d80a5588-42e1-4d84-ab98-3a439e2d7dbb,Carry,18,46,1,Real Madrid,Toni Kroos,Left Center Midfield,0,Real Madrid,Liverpool,47.2,35.9,,,,,,,,,,,57.0,27.6,0.001664819999999999,,
5f703ade-81d4-4632-8bb1-9209ad83be0d,Pass,18,49,1,Real Madrid,Toni Kroos,Left Center Midfield,0,Real Madrid,Liverpool,57.0,27.6,Sergio Ramos García,,,Ground Pass,Right Foot,49.2,21.1,0.01429128,0.01269174,-0.00159954,,,,,
a286260d-1140-4dfc-a78e-ac92c32f769f,Ball Receipt*,18,50,1,Real Madrid,Sergio Ramos García,Left Center Back,0,Real Madrid,Liverpool,49.2,21.1,,,,,,,,,,,,,,,
4b694080-be87-4e70-b18e-1bd4e50caada,Carry,18,50,1,Real Madrid,Sergio Ramos García,Left Center Back,0,Real Madrid,Liverpool,49.2,21.1,,,,,,,,,,,49.1,21.4,0.0,,
cee8b4c9-f240-49de-aeb6-76dfbfb2333c,Pass,18,52,1,Real Madrid,Sergio Ramos García,Left Center Back,0,Real Madrid,Liverpool,49.1,21.4,Raphaël Varane,,,Low Pass,Right Foot,42.7,52.7,0.01269174,0.01269174,0.0,,,,,
0046ab93-6111-42c9-a3d3-7d41f5eefe97,Ball Receipt*,18,54,1,Real Madrid,Raphaël Varane,Right Center Back,0,Real Madrid,Liverpool,42.7,52.7,,,,,,,,,,,,,,,
fabe3058-09d4-484d-88b8-55cd64ebe717,Pass,18,54,1,Real Madrid,Raphaël Varane,Right Center Back,0,Real Madrid,Liverpool,43.2,50.7,Keylor Navas Gamboa,,,High Pass,Right Foot,9.9,40.7,0.01269174,0.00941056,-0.00328118,,,,,
a9379711-cddb-42d3-b887-7bb4adf56f4c,Ball Receipt*,18,56,1,Real Madrid,Keylor Navas Gamboa,Goalkeeper,0,Real Madrid,Liverpool,9.9,40.7,,,,,,,,,,,,,,,
563afb6d-2edf-4973-9d11-f5337b75f790,Carry,18,56,1,Real Madrid,Keylor Navas Gamboa,Goalkeeper,0,Real Madrid,Liverpool,9.9,40.7,,,,,,,,,,,11.3,40.7,0.00141666,,
1acb7146-1376-4dd0-a6eb-df4ac989a96a,Pass,18,59,1,Real Madrid,Keylor Navas Gamboa,Goalkeeper,0,Real Madrid,Liverpool,11.3,40.7,Marcelo Vieira da Silva Júnior,Out,,High Pass,Right Foot,70.1,0.8,0.01082722,0.0174506,0.00662338,,,,,
7afbf9d9-fe47-4246-b222-9de6ad2df8f1,Ball Receipt*,19,3,1,Real Madrid,Marcelo Vieira da Silva Júnior,Left Back,0,Real Madrid,Liverpool,69.0,2.8,,,,,,,,,,,,,,,
680e674a-4eaa-4030-802f-30e40597f51a,Pass,19,26,1,Liverpool,Trent Alexander-Arnold,Right Back,0,Real Madrid,Liverpool,49.3,80.0,Mohamed Salah,Incomplete,Throw-in,High Pass,,71.7,75.1,0.01126267,0.0174506,0.006187929999999999,,,,,
f0ad53fb-ec7d-4d00-b749-e352f5baf102,Ball Receipt*,19,28,1,Liverpool,Mohamed Salah,Right Wing,0,Real Madrid,Liverpool,70.6,75.1,,,,,,,,,,,,,,,
62b7c311-773c-4c3b-b102-f5a42752b42a,Pass,19,28,1,Real Madrid,Sergio Ramos García,Left Center Back,0,Real Madrid,Liverpool,48.4,5.0,Marcelo Vieira da Silva Júnior,Incomplete,Recovery,High Pass,Head,57.4,10.1,0.01126267,0.0138454,0.00258273,,,,,
c7812a19-efd7-469f-8b44-338de1ffd5f7,Ball Receipt*,19,29,1,Real Madrid,Marcelo Vieira da Silva Júnior,Left Back,0,Real Madrid,Liverpool,57.1,10.5,,,,,,,,,,,,,,,
1e560562-222b-4ff5-873f-f135f9ec0570,Duel,19,29,1,Real Madrid,Marcelo Vieira da Silva Júnior,Left Back,1,Real Madrid,Liverpool,57.4,10.1,,,,,,,,,,,,,,,
39c8af29-0866-4261-b8ce-9c4e7c01776f,Pass,19,29,1,Liverpool,James Philip Milner,Left Center Midfield,1,Real Madrid,Liverpool,62.7,70.0,Georginio Wijnaldum,,Recovery,Low Pass,,68.5,69.0,0.01473596,0.01611813,0.001382170000000002,,,,,
0cde2c00-b839-4903-8bb1-e7841345572a,Ball Receipt*,19,30,1,Liverpool,Georginio Wijnaldum,Right Center Midfield,0,Real Madrid,Liverpool,68.5,69.0,,,,,,,,,,,,,,,
356f4c87-28c6-4113-93f2-148fac8a3413,Carry,19,30,1,Liverpool,Georginio Wijnaldum,Right Center Midfield,0,Real Madrid,Liverpool,68.5,69.0,,,,,,,,,,,68.8,69.0,0.0,,
1f8c0191-1c9b-4518-a636-e21214596b92,Miscontrol,19,30,1,Liverpool,Georginio Wijnaldum,Right Center Midfield,0,Real Madrid,Liverpool,68.8,69.0,,,,,,,,,,,,,,,
fff41c85-a002-4075-a7a1-f131ff1d71bd,Pass,19,31,1,Real Madrid,Carlos Henrique Casimiro,Center Defensive Midfield,0,Real Madrid,Liverpool,49.1,11.7,Toni Kroos,,Recovery,Ground Pass,Right Foot,53.7,9.3,0.01214719,0.01248344,0.0003362499999999997,,,,,
afda9576-f51f-46c1-8195-0c17ecd909c7,Ball Receipt*,19,31,1,Real Madrid,Toni Kroos,Left Center Midfield,0,Real Madrid,Liverpool,53.7,9.3,,,,,,,,,,,,,,,
cbb92486-b31a-477b-b7a8-85e3489417dd,Carry,19,31,1,Real Madrid,Toni Kroos,Left Center Midfield,0,Real Madrid,Liverpool,53.7,9.3,,,,,,,,,,,51.9,9.3,0.0,,
0feef2c9-3471-4368-88ba-ec4e78fc1273,Pass,19,33,1,Real Madrid,Toni Kroos,Left Center Midfield,0,Real Madrid,Liverpool,51.9,9.3,Daniel Carvajal Ramos,,,Low Pass,Right Foot,43.6,51.3,0.01248344,0.01269174,0.0002082999999999998,,,,,
ca08fcb6-6214-4980-b3e2-481c7cf733f9,Ball Receipt*,19,35,1,Real Madrid,Daniel Carvajal Ramos,Right Back,0,Real Madrid,Liverpool,43.6,51.3,,,,,,,,,,,,,,,
56d55ace-11b3-42e3-b91d-ee0ac62a56fc,Carry,19,35,1,Real Madrid,Daniel Carvajal Ramos,Right Back,0,Real Madrid,Liverpool,43.6,51.3,,,,,,,,,,,57.4,65.0,0.001153660000000001,,
e7258538-f4b1-45a1-9d22-1c802730698b,Pass,19,39,1,Real Madrid,Daniel Carvajal Ramos,Right Back,0,Real Madrid,Liverpool,57.4,65.0,Raphaël Varane,,,Ground Pass,Right Foot,49.6,52.3,0.0138454,0.01269174,-0.001153660000000001,,,,,
a3b94863-82bc-445e-acb5-46485ef00083,Ball Receipt*,19,40,1,Real Madrid,Raphaël Varane,Right Center Back,0,Real Madrid,Liverpool,49.6,52.3,,,,,,,,,,,,,,,
985edf21-a25e-4013-972f-204d0a6c62d2,Carry,19,40,1,Real Madrid,Raphaël Varane,Right Center Back,0,Real Madrid,Liverpool,49.6,52.3,,,,,,,,,,,49.1,52.3,0.0,,
7193afb4-a218-46c1-9103-9a0192299723,Pass,19,41,1,Real Madrid,Raphaël Varane,Right Center Back,0,Real Madrid,Liverpool,49.1,52.3,Sergio Ramos García,,,Ground Pass,Right Foot,48.2,27.2,0.01269174,0.01269174,0.0,,,,,
e7ca13fd-1c99-4a9a-b13e-3ca0470baacf,Ball Receipt*,19,42,1,Real Madrid,Sergio Ramos García,Left Center Back,0,Real Madrid,Liverpool,48.2,27.2,,,,,,,,,,,,,,,
c6c51e9a-dede-4a73-a835-46a358d4e393,Carry,19,42,1,Real Madrid,Sergio Ramos García,Left Center Back,1,Real Madrid,Liverpool,48.2,27.2,,,,,,,,,,,44.6,31.6,-6.527999999999916e-05,,
40ac8606-4747-44c8-b48b-0f6367949ee1,Pressure,19,42,1,Liverpool,Mohamed Salah,Right Wing,0,Real Madrid,Liverpool,69.5,56.4,,,,,,,,,,,,,,,
bd0fbbb4-3377-4cf7-b57c-e72b71d8426e,Pass,19,43,1,Real Madrid,Sergio Ramos García,Left Center Back,1,Real Madrid,Liverpool,44.6,31.6,Raphaël Varane,,,Ground Pass,Right Foot,36.1,52.2,0.01262646,0.01110462,-0.00152184,,,,,
4c0ab099-d873-4e98-aadd-28d726c40645,Ball Receipt*,19,45,1,Real Madrid,Raphaël Varane,Right Center Back,0,Real Madrid,Liverpool,36.1,52.2,,,,,,,,,,,,,,,
6ee85952-0336-417f-83eb-27c75d4e7a5c,Carry,19,45,1,Real Madrid,Raphaël Varane,Right Center Back,0,Real Madrid,Liverpool,36.1,52.2,,,,,,,,,,,35.7,50.3,0.0,,
98fb4fa4-f83f-4763-a9b6-9bdd8d6519c9,Pass,19,46,1,Real Madrid,Raphaël Varane,Right Center Back,0,Real Madrid,Liverpool,35.7,50.3,Francisco Román Alarcón Suárez,Pass Offside,,High Pass,Left Foot,70.0,4.8,0.01110462,0.0174506,0.006345979999999999,,,,,
23de49f1-e035-447c-83c5-7f898b8e2872,Ball Receipt*,19,49,1,Real Madrid,Francisco Román Alarcón Suárez,Center Attacking Midfield,0,Real Madrid,Liverpool,70.0,4.8,,,,,,,,,,,,,,,
361f18e2-2d8a-4b86-928c-ccf11a9cd287,Pass,20,23,1,Liverpool,Trent Alexander-Arnold,Right Back,0,Real Madrid,Liverpool,44.5,74.1,Roberto Firmino Barbosa de Oliveira,Incomplete,Free Kick,High Pass,Right Foot,93.5,65.6,0.01126267,0.02953272,0.01827005,,,,,
96bcd26a-2b49-430c-aae2-54006289bc25,Ball Receipt*,20,25,1,Liverpool,Roberto Firmino Barbosa de Oliveira,Center Forward,0,Real Madrid,Liverpool,91.6,67.2,,,,,,,,,,,,,,,
0d461385-5299-47ef-89ca-de22964f7223,Pass,20,25,1,Real Madrid,Sergio Ramos García,Left Center Back,0,Real Madrid,Liverpool,26.6,14.5,Marcelo Vieira da Silva Júnior,,Recovery,High Pass,Head,36.1,6.2,0.00942382,0.00977659,0.0003527700000000005,,,,,
7ac9317f-b3c3-4355-a231-43e7f4e972d9,Ball Receipt*,20,28,1,Real Madrid,Marcelo Vieira da Silva Júnior,Left Back,0,Real Madrid,Liverpool,36.1,6.2,,,,,,,,,,,,,,,
c2e54212-0f68-433e-b927-dd1732151862,Carry,20,28,1,Real Madrid,Marcelo Vieira da Silva Júnior,Left Back,0,Real Madrid,Liverpool,36.1,6.2,,,,,,,,,,,42.7,6.0,0.001486080000000001,,
cff30c9f-4b2d-4967-ab72-088da1779676,Pass,20,29,1,Real Madrid,Marcelo Vieira da Silva Júnior,Left Back,0,Real Madrid,Liverpool,42.7,6.0,Francisco Román Alarcón Suárez,,,Ground Pass,Left Foot,49.6,6.9,0.01126267,0.01126267,0.0,,,,,
06275e37-c59d-4a18-babe-a9f6e924fb0e,Pressure,20,30,1,Liverpool,Georginio Wijnaldum,Right Center Midfield,0,Real Madrid,Liverpool,70.5,70.7,,,,,,,,,,,,,,,
308fef3d-aade-44e1-850e-4cc36cc1ac3b,Ball Receipt*,20,30,1,Real Madrid,Francisco Román Alarcón Suárez,Center Attacking Midfield,1,Real Madrid,Liverpool,49.6,6.9,,,,,,,,,,,,,,,
329e81a3-f119-4384-890c-7442aea2ffe6,Carry,20,30,1,Real Madrid,Francisco Román Alarcón Suárez,Center Attacking Midfield,1,Real Madrid,Liverpool,49.6,6.9,,,,,,,,,,,48.7,7.4,0.0,,
95b18105-ca3b-4f5f-80f3-df8ed7fec212,Pass,20,31,1,Real Madrid,Francisco Román Alarcón Suárez,Center Attacking Midfield,0,Real Madrid,Liverpool,48.7,7.4,Marcelo Vieira da Silva Júnior,Incomplete,,Ground Pass,Right Foot,50.6,5.9,0.01126267,0.01248344,0.001220769999999999,,,,,
a0528295-f2da-407b-bac2-0f6ad4211816,Ball Receipt*,20,31,1,Real Madrid,Marcelo Vieira da Silva Júnior,Left Back,0,Real Madrid,Liverpool,53.7,4.2,,,,,,,,,,,,,,,
ba626a82-e079-42d4-a274-3cfdaa4fa224,Block,20,31,1,Liverpool,Georginio Wijnaldum,Right Center Midfield,0,Real Madrid,Liverpool,69.5,74.2,,,,,,,,,,,,,,,
2d2beff7-844a-4aa2-91f5-1fba4c1ac49f,Ball Recovery,20,32,1,Real Madrid,Francisco Román Alarcón Suárez,Center Attacking Midfield,0,Real Madrid,Liverpool,49.8,5.9,,,,,,,,,,,,,,,
2babe178-c2f8-41a3-b0eb-049407f25783,Carry,20,32,1,Real Madrid,Francisco Román Alarcón Suárez,Center Attacking Midfield,1,Real Madrid,Liverpool,49.8,5.9,,,,,,,,,,,51.1,7.7,0.001220769999999999,,
f7db51dd-329d-4030-b8a3-64d4138497b2,Dribbled Past,20,33,1,Liverpool,Georginio Wijnaldum,Right Center Midfield,0,Real Madrid,Liverpool,69.0,72.4,,,,,,,,,,,,,,,
d75e7e5c-65e7-41e4-b990-0c4fbbf1e2a4,Dribble,20,33,1,Real Madrid,Francisco Román Alarcón Suárez,Center Attacking Midfield,1,Real Madrid,Liverpool,51.1,7.7,,,,,,,,,,,,,,,
4823d332-0a76-4e1c-bb4f-b705cde676d8,Carry,20,33,1,Real Madrid,Francisco Román Alarcón Suárez,Center Attacking Midfield,1,Real Madrid,Liverpool,51.1,7.7,,,,,,,,,,,51.9,8.7,0.0,,
ee5f8f2b-07b5-42c1-a46d-55aca87e1398,Pressure,20,33,1,Liverpool,Mohamed Salah,Right Wing,0,Real Madrid,Liverpool,69.2,72.4,,,,,,,,,,,,,,,
becca823-9030-44e1-8209-88e1aa0da0c2,Foul Committed,20,33,1,Liverpool,Mohamed Salah,Right Wing,0,Real Madrid,Liverpool,68.2,71.4,,,,,,,,,,,,,,,
863ede65-b890-4793-b44f-768c6fbc5c8f,Foul Won,20,33,1,Real Madrid,Francisco Román Alarcón Suárez,Center Attacking Midfield,1,Real Madrid,Liverpool,51.9,8.7,,,,,,,,,,,,,,,
357c12e1-12c7-410f-9b51-9bf80c7743ff,Pass,20,46,1,Real Madrid,Toni Kroos,Left Center Midfield,0,Real Madrid,Liverpool,49.2,6.9,Francisco Román Alarcón Suárez,,Free Kick,Ground Pass,Left Foot,54.3,16.0,0.01126267,0.0138454,0.00258273,,,,,
97e61a34-b8a9-4cb5-8c48-5a5c3ddd0cc1,Ball Receipt*,20,47,1,Real Madrid,Francisco Román Alarcón Suárez,Center Attacking Midfield,0,Real Madrid,Liverpool,54.3,16.0,,,,,,,,,,,,,,,
98b53031-0669-4132-a128-9a3b8e8739e2,Pass,20,47,1,Real Madrid,Francisco Román Alarcón Suárez,Center Attacking Midfield,0,Real Madrid,Liverpool,54.3,16.0,Toni Kroos,,,Ground Pass,Right Foot,48.7,14.5,0.0138454,0.01214719,-0.00169821,,,,,
27c792e1-3426-42cc-a257-11f25ce41bb3,Ball Receipt*,20,47,1,Real Madrid,Toni Kroos,Left Center Midfield,0,Real Madrid,Liverpool,48.7,14.5,,,,,,,,,,,,,,,
01974e46-8272-453a-8bcc-fca2e94b35a2,Carry,20,47,1,Real Madrid,Toni Kroos,Left Center Midfield,0,Real Madrid,Liverpool,48.7,14.5,,,,,,,,,,,48.8,21.7,0.0005445499999999995,,
9ec6d51a-59de-48ff-be31-752911179964,Pass,20,50,1,Real Madrid,Toni Kroos,Left Center Midfield,0,Real Madrid,Liverpool,48.8,21.7,Luka Modrić,,,Ground Pass,Right Foot,53.7,41.2,0.01269174,0.01484598,0.00215424,,,,,
647b8568-9c32-42a7-a14f-30278221066b,Ball Receipt*,20,51,1,Real Madrid,Luka Modrić,Right Center Midfield,0,Real Madrid,Liverpool,53.7,41.2,,,,,,,,,,,,,,,
12fa9dbe-bdc7-4c70-8726-15699097acce,Carry,20,51,1,Real Madrid,Luka Modrić,Right Center Midfield,0,Real Madrid,Liverpool,53.7,41.2,,,,,,,,,,,48.2,36.6,-0.002219519999999999,,
b50cf290-697b-4bb4-8da6-040c0872b3d3,Pass,20,52,1,Real Madrid,Luka Modrić,Right Center Midfield,0,Real Madrid,Liverpool,48.2,36.6,Sergio Ramos García,,,Ground Pass,Right Foot,41.3,37.5,0.01262646,0.01262646,0.0,,,,,
9b808dcc-e37b-4822-beac-cb1091e9c22f,Pressure,20,53,1,Liverpool,Roberto Firmino Barbosa de Oliveira,Center Forward,0,Real Madrid,Liverpool,74.3,45.4,,,,,,,,,,,,,,,
d461f103-6a4b-450a-a5a4-60dfabec7e70,Ball Receipt*,20,53,1,Real Madrid,Sergio Ramos García,Left Center Back,1,Real Madrid,Liverpool,41.3,37.5,,,,,,,,,,,,,,,
23720633-2bdd-4186-afa3-984132ec73b6,Carry,20,53,1,Real Madrid,Sergio Ramos García,Left Center Back,1,Real Madrid,Liverpool,41.3,37.5,,,,,,,,,,,37.2,38.8,-0.0013027,,
8262629b-083a-4fc6-9185-a57c8c2d528d,Pass,20,54,1,Real Madrid,Sergio Ramos García,Left Center Back,1,Real Madrid,Liverpool,37.2,38.8,Keylor Navas Gamboa,,,Ground Pass,Right Foot,11.0,38.3,0.01132376,0.01082722,-0.0004965400000000002,,,,,
bf46fb49-21d1-482f-899e-2bf33788214b,Ball Receipt*,20,56,1,Real Madrid,Keylor Navas Gamboa,Goalkeeper,0,Real Madrid,Liverpool,11.0,38.3,,,,,,,,,,,,,,,
b22cbb5c-db13-419e-b04f-acdff796297c,Carry,20,56,1,Real Madrid,Keylor Navas Gamboa,Goalkeeper,0,Real Madrid,Liverpool,11.0,38.3,,,,,,,,,,,12.4,43.3,0.0,,
b37c8888-9596-470d-a480-604babff3e47,Pass,21,0,1,Real Madrid,Keylor Navas Gamboa,Goalkeeper,0,Real Madrid,Liverpool,12.4,43.3,Sergio Ramos García,,,Ground Pass,Right Foot,14.5,12.1,0.01082722,0.00878589,-0.002041330000000001,,,,,
852b67cb-2159-4648-9587-027ff0707dfa,Ball Receipt*,21,2,1,Real Madrid,Sergio Ramos García,Left Center Back,0,Real Madrid,Liverpool,14.5,12.1,,,,,,,,,,,,,,,
8b85e01d-acf6-41f6-9ba2-e014a214bee2,Carry,21,2,1,Real Madrid,Sergio Ramos García,Left Center Back,0,Real Madrid,Liverpool,14.5,12.1,,,,,,,,,,,14.5,17.2,0.0,,
1b8585c5-9a92-4e50-9ea6-72378936c882,Pass,21,5,1,Real Madrid,Sergio Ramos García,Left Center Back,0,Real Madrid,Liverpool,14.5,17.2,Daniel Carvajal Ramos,,,High Pass,Right Foot,41.7,73.9,0.00878589,0.01126267,0.002476780000000001,,,,,
1f916d80-3a6d-49de-ba7b-5bb968b59a26,Ball Receipt*,21,8,1,Real Madrid,Daniel Carvajal Ramos,Right Back,0,Real Madrid,Liverpool,41.7,73.9,,,,,,,,,,,,,,,
bef3c5ec-0074-4d85-a0f1-d844613bdfaa,Duel,21,8,1,Liverpool,Andrew Robertson,Left Back,1,Real Madrid,Liverpool,78.4,6.8,,,,,,,,,,,,,,,
2002da6e-a65b-43bf-b8ea-0d3d9cab23f8,Pass,21,8,1,Real Madrid,Daniel Carvajal Ramos,Right Back,1,Real Madrid,Liverpool,41.7,73.3,Francisco Román Alarcón Suárez,,,High Pass,,57.1,73.9,0.01126267,0.01248344,0.001220769999999999,,,,,
599efa91-457d-456a-a884-f8a24640efa6,Ball Receipt*,21,10,1,Real Madrid,Francisco Román Alarcón Suárez,Center Attacking Midfield,0,Real Madrid,Liverpool,57.1,73.9,,,,,,,,,,,,,,,
8222bc97-68bc-4e6a-8c8e-2bf5c9b95f42,Carry,21,10,1,Real Madrid,Francisco Román Alarcón Suárez,Center Attacking Midfield,0,Real Madrid,Liverpool,57.1,73.9,,,,,,,,,,,57.5,73.5,0.0,,
1c82b50a-cbe6-4060-886c-f9a2cc412693,Pass,21,11,1,Real Madrid,Francisco Román Alarcón Suárez,Center Attacking Midfield,0,Real Madrid,Liverpool,57.5,73.5,Daniel Carvajal Ramos,,,Ground Pass,Right Foot,55.7,68.2,0.01248344,0.0138454,0.001361960000000001,,,,,
c6b20d59-8f25-467d-8a71-45530bab4d2e,Pressure,21,11,1,Liverpool,James Philip Milner,Left Center Midfield,0,Real Madrid,Liverpool,67.6,19.9,,,,,,,,,,,,,,,
6e02e1cc-6490-44f8-ab91-cbaf3668113a,Ball Receipt*,21,12,1,Real Madrid,Daniel Carvajal Ramos,Right Back,1,Real Madrid,Liverpool,55.7,68.2,,,,,,,,,,,,,,,
fa6b172c-8f18-4921-9543-06ecee40a886,Carry,21,12,1,Real Madrid,Daniel Carvajal Ramos,Right Back,1,Real Madrid,Liverpool,55.7,68.2,,,,,,,,,,,57.0,68.0,0.0,,
d5cc924f-f776-4f5f-834d-87c437647f5d,Foul Committed,21,12,1,Liverpool,James Philip Milner,Left Center Midfield,0,Real Madrid,Liverpool,63.1,12.1,,,,,,,,,,,,,,,
5a040a11-ff74-41aa-8b52-6a7c3ebbbfe2,Foul Won,21,12,1,Real Madrid,Daniel Carvajal Ramos,Right Back,1,Real Madrid,Liverpool,57.0,68.0,,,,,,,,,,,,,,,
bab78d8f-65b6-4c6a-80df-ca340c4521d8,Pass,21,28,1,Real Madrid,Daniel Carvajal Ramos,Right Back,0,Real Madrid,Liverpool,57.1,66.8,,Incomplete,Free Kick,High Pass,Right Foot,96.3,51.7,0.0138454,0.02855202,0.01470662,,,,,
1d0a2047-7f02-4b8e-aeeb-86a55f4976e1,Clearance,21,30,1,Liverpool,Virgil van Dijk,Left Center Back,1,Real Madrid,Liverpool,23.8,28.4,,,,,,,,,,,,,,,
02d4e85c-94d1-4c9c-a825-339aabb4cbf9,Ball Recovery,21,33,1,Liverpool,Andrew Robertson,Left Back,0,Real Madrid,Liverpool,34.1,16.5,,,,,,,,,,,,,,,
98f828f0-75d4-4bec-8183-afddf1450113,Pass,21,34,1,Liverpool,Andrew Robertson,Left Back,0,Real Madrid,Liverpool,33.9,16.5,Jordan Brian Henderson,,,Ground Pass,Left Foot,35.3,25.3,0.0105949,0.01110462,0.00050972,,,,,
519dfabf-34c5-4ed6-9a2b-ea1dea5bcb2c,Ball Receipt*,21,34,1,Liverpool,Jordan Brian Henderson,Center Defensive Midfield,0,Real Madrid,Liverpool,35.3,25.3,,,,,,,,,,,,,,,
6ca280d3-0471-4bbb-944f-301a50447e81,Carry,21,34,1,Liverpool,Jordan Brian Henderson,Center Defensive Midfield,0,Real Madrid,Liverpool,35.3,25.3,,,,,,,,,,,34.9,24.6,0.0,,
d9148138-0a08-4c7c-9625-515eeda613e0,Pass,21,34,1,Liverpool,Jordan Brian Henderson,Center Defensive Midfield,0,Real Madrid,Liverpool,34.9,24.6,James Philip Milner,,,High Pass,Right Foot,49.1,7.6,0.01110462,0.01126267,0.0001580499999999999,,,,,
e9335fbc-f9d7-42c0-aa2b-6a90f6c0788a,Ball Receipt*,21,36,1,Liverpool,James Philip Milner,Left Center Midfield,0,Real Madrid,Liverpool,49.1,7.6,,,,,,,,,,,,,,,
5f7190fc-5c81-421e-ad6d-14ed3fdf9fc4,Carry,21,36,1,Liverpool,James Philip Milner,Left Center Midfield,0,Real Madrid,Liverpool,49.1,7.6,,,,,,,,,,,50.6,3.8,0.001220769999999999,,
54708dc9-a373-401d-932d-8354980bfd73,Pass,21,37,1,Liverpool,James Philip Milner,Left Center Midfield,0,Real Madrid,Liverpool,50.6,3.8,Andrew Robertson,,,Ground Pass,Right Foot,36.3,4.7,0.01248344,0.00977659,-0.00270685,,,,,
c50ddb4f-9c8e-4a03-b1e5-4b6be647d9b8,Ball Receipt*,21,38,1,Liverpool,Andrew Robertson,Left Back,0,Real Madrid,Liverpool,36.3,4.7,,,,,,,,,,,,,,,
f657849c-cf54-453a-a806-7c43b43edb70,Carry,21,38,1,Liverpool,Andrew Robertson,Left Back,0,Real Madrid,Liverpool,36.3,4.7,,,,,,,,,,,36.2,5.8,0.0,,
943458b3-a622-4b75-9e59-addd704aebbd,Pass,21,39,1,Liverpool,Andrew Robertson,Left Back,0,Real Madrid,Liverpool,36.2,5.8,Roberto Firmino Barbosa de Oliveira,,,High Pass,Left Foot,91.8,25.1,0.00977659,0.02855202,0.01877543,,,,,
9eb17df6-a5f6-459c-a4be-8c28bd8c7a40,Ball Receipt*,21,42,1,Liverpool,Roberto Firmino Barbosa de Oliveira,Center Forward,0,Real Madrid,Liverpool,91.8,25.1,,,,,,,,,,,,,,,
14cc47ee-c824-499d-b378-fecebd7d76a1,Pass,21,42,1,Liverpool,Roberto Firmino Barbosa de Oliveira,Center Forward,0,Real Madrid,Liverpool,91.6,23.3,Sadio Mané,Incomplete,,Low Pass,Head,110.2,34.0,0.02855202,0.25745362,0.2289016,,,,,
4e8d2feb-a7d4-4e58-8672-1f807298031d,Ball Receipt*,21,44,1,Liverpool,Sadio Mané,Left Wing,0,Real Madrid,Liverpool,105.9,27.1,,,,,,,,,,,,,,,
2c290508-45b2-4845-ae86-866226469746,Ball Recovery,21,44,1,Real Madrid,Sergio Ramos García,Left Center Back,0,Real Madrid,Liverpool,9.9,46.1,,,,,,,,,,,,,,,
6c498325-3089-4f0d-8a04-17ffbbf1d015,Carry,21,44,1,Real Madrid,Sergio Ramos García,Left Center Back,1,Real Madrid,Liverpool,9.9,46.1,,,,,,,,,,,4.8,73.3,-0.00302753,,
03cef604-abf9-421c-9bd0-08f28e48e1c1,Pressure,21,46,1,Liverpool,Roberto Firmino Barbosa de Oliveira,Center Forward,0,Real Madrid,Liverpool,107.0,17.8,,,,,,,,,,,,,,,
30391da2-8d94-4bda-94e8-3d6d39bad8a8,Pass,21,47,1,Real Madrid,Sergio Ramos García,Left Center Back,1,Real Madrid,Liverpool,4.8,73.3,Daniel Carvajal Ramos,,,Low Pass,Right Foot,18.7,77.0,0.00638303,0.00779616,0.00141313,,,,,
db540f69-4e30-46b8-bc6c-0990c927bd68,Ball Receipt*,21,49,1,Real Madrid,Daniel Carvajal Ramos,Right Back,0,Real Madrid,Liverpool,18.7,77.0,,,,,,,,,,,,,,,
4f8e03d8-7f7d-4b85-9aba-fa4eafcf7a0a,Carry,21,49,1,Real Madrid,Daniel Carvajal Ramos,Right Back,0,Real Madrid,Liverpool,18.7,77.0,,,,,,,,,,,15.1,78.5,0.0,,
e5899e2a-f1e6-4b31-b378-bcebf9bd3e7f,Pass,21,51,1,Real Madrid,Daniel Carvajal Ramos,Right Back,0,Real Madrid,Liverpool,15.1,78.5,Raphaël Varane,,,Ground Pass,Right Foot,28.8,67.8,0.00779616,0.00942382,0.00162766,,,,,
b2c93b98-ee1f-4f63-8919-d0f1ee3dd817,Ball Receipt*,21,51,1,Real Madrid,Raphaël Varane,Right Center Back,0,Real Madrid,Liverpool,28.8,67.8,,,,,,,,,,,,,,,
b8c2af9e-e330-4785-a310-80d98f76e516,Carry,21,51,1,Real Madrid,Raphaël Varane,Right Center Back,0,Real Madrid,Liverpool,28.8,67.8,,,,,,,,,,,29.5,61.5,0.0,,
83baf881-9ece-4d66-bb3c-26caae56736e,Pass,21,53,1,Real Madrid,Raphaël Varane,Right Center Back,0,Real Madrid,Liverpool,29.5,61.5,Toni Kroos,,,Ground Pass,Left Foot,31.2,39.9,0.00942382,0.01132376,0.001899940000000001,,,,,
bbb5f02e-9f6d-464a-8469-ca9a97c828b6,Ball Receipt*,21,54,1,Real Madrid,Toni Kroos,Left Center Midfield,0,Real Madrid,Liverpool,31.2,39.9,,,,,,,,,,,,,,,
2cbb01c3-38e3-47b5-9020-f8271e80d118,Pass,21,54,1,Real Madrid,Toni Kroos,Left Center Midfield,0,Real Madrid,Liverpool,31.2,39.9,Raphaël Varane,,,Ground Pass,Left Foot,21.4,52.6,0.01132376,0.01001304,-0.00131072,,,,,
00fc0ec1-f8e8-4429-9446-4001be1b6d33,Ball Receipt*,21,55,1,Real Madrid,Raphaël Varane,Right Center Back,0,Real Madrid,Liverpool,21.4,52.6,,,,,,,,,,,,,,,
d078de78-b6e3-4866-927e-59bc3ecadf53,Carry,21,55,1,Real Madrid,Raphaël Varane,Right Center Back,0,Real Madrid,Liverpool,21.4,52.6,,,,,,,,,,,23.4,51.3,0.0,,
ca0d8f89-bc7a-4101-b9d5-aa53a6f48912,Pass,21,56,1,Real Madrid,Raphaël Varane,Right Center Back,0,Real Madrid,Liverpool,23.4,51.3,Karim Benzema,Incomplete,,Low Pass,Right Foot,49.8,33.7,0.01001304,0.01262646,0.00261342,,,,,
affcd1b3-876b-4965-b110-8922eebc9048,Ball Receipt*,21,58,1,Real Madrid,Karim Benzema,Right Center Forward,0,Real Madrid,Liverpool,53.5,35.9,,,,,,,,,,,,,,,
594d95bc-f44b-46ef-85e2-4b529c120277,Pass,21,58,1,Liverpool,Trent Alexander-Arnold,Right Back,0,Real Madrid,Liverpool,70.3,46.4,Jordan Brian Henderson,,Interception,Low Pass,Right Foot,63.5,41.3,0.0199707,0.01689528,-0.003075420000000002,,,,,
8f82fa72-931f-4298-9ca7-4d3cf367262e,Ball Receipt*,21,59,1,Liverpool,Jordan Brian Henderson,Center Defensive Midfield,0,Real Madrid,Liverpool,63.5,41.3,,,,,,,,,,,,,,,
6f39b686-5ec2-46e3-a4c6-d286598fea1f,Carry,21,59,1,Liverpool,Jordan Brian Henderson,Center Defensive Midfield,0,Real Madrid,Liverpool,63.5,41.3,,,,,,,,,,,61.3,43.2,0.0,,
ab40d628-32a1-4108-b064-550fc8659e53,Pass,22,2,1,Liverpool,Jordan Brian Henderson,Center Defensive Midfield,0,Real Madrid,Liverpool,61.3,43.2,Virgil van Dijk,,,Ground Pass,Right Foot,52.5,31.0,0.01689528,0.01484598,-0.002049299999999999,,,,,
525ed1da-ade4-4b9e-997d-440327f0b8c7,Ball Receipt*,22,3,1,Liverpool,Virgil van Dijk,Left Center Back,0,Real Madrid,Liverpool,52.5,31.0,,,,,,,,,,,,,,,
64168e4d-d68d-4afe-a30f-3bcac3febef3,Carry,22,3,1,Liverpool,Virgil van Dijk,Left Center Back,0,Real Madrid,Liverpool,52.5,31.0,,,,,,,,,,,53.0,32.0,0.0,,
580f89e4-9cc7-4c65-b75c-3d84405455e9,Pass,22,5,1,Liverpool,Virgil van Dijk,Left Center Back,0,Real Madrid,Liverpool,53.0,32.0,Georginio Wijnaldum,,,Ground Pass,Right Foot,64.1,34.7,0.01484598,0.01689528,0.002049299999999999,,,,,
a6e03a44-89cf-4664-b1e7-654b01446fd7,Ball Receipt*,22,5,1,Liverpool,Georginio Wijnaldum,Right Center Midfield,0,Real Madrid,Liverpool,64.1,34.7,,,,,,,,,,,,,,,
7a90b572-0bf0-4463-813a-612c8c5bf968,Carry,22,5,1,Liverpool,Georginio Wijnaldum,Right Center Midfield,0,Real Madrid,Liverpool,64.1,34.7,,,,,,,,,,,64.1,34.7,0.0,,
5382bc6b-dc0d-4953-b5f4-91fc1b9eef3d,Pass,22,5,1,Liverpool,Georginio Wijnaldum,Right Center Midfield,0,Real Madrid,Liverpool,64.1,34.7,Virgil van Dijk,,,Ground Pass,Right Foot,51.0,33.4,0.01689528,0.01484598,-0.002049299999999999,,,,,
eaecbbd8-5c3c-4c59-8ea6-cacc73000e64,Pressure,22,6,1,Real Madrid,Francisco Román Alarcón Suárez,Center Attacking Midfield,0,Real Madrid,Liverpool,65.7,46.8,,,,,,,,,,,,,,,
79e1f8c9-bc42-4437-a6a4-91646f3d74c7,Ball Receipt*,22,7,1,Liverpool,Virgil van Dijk,Left Center Back,1,Real Madrid,Liverpool,51.0,33.4,,,,,,,,,,,,,,,
bc248022-5e20-4713-b18f-b9b592e9d1ba,Carry,22,7,1,Liverpool,Virgil van Dijk,Left Center Back,1,Real Madrid,Liverpool,51.0,33.4,,,,,,,,,,,47.0,33.0,-0.002219519999999999,,
4fc15643-d7a3-4e29-95f2-efda226e8b24,Pass,22,8,1,Liverpool,Virgil van Dijk,Left Center Back,1,Real Madrid,Liverpool,47.0,33.0,Trent Alexander-Arnold,,,Low Pass,Right Foot,62.3,68.4,0.01262646,0.01611813,0.003491670000000001,,,,,
9c8a7a2b-6a86-4060-ac38-32b52ca12347,Ball Receipt*,22,9,1,Liverpool,Trent Alexander-Arnold,Right Back,0,Real Madrid,Liverpool,62.3,68.4,,,,,,,,,,,,,,,
05cb417a-3791-4e57-b1d9-6061e0d14399,Carry,22,9,1,Liverpool,Trent Alexander-Arnold,Right Back,0,Real Madrid,Liverpool,62.3,68.4,,,,,,,,,,,56.9,68.1,-0.002272730000000001,,
980a041d-5483-49ba-a9a1-23eb80a29a59,Pass,22,11,1,Liverpool,Trent Alexander-Arnold,Right Back,0,Real Madrid,Liverpool,56.9,68.1,Roberto Firmino Barbosa de Oliveira,,,Ground Pass,Right Foot,71.0,58.4,0.0138454,0.01935132,0.005505920000000001,,,,,
6f99449e-48d9-46ec-8f3b-a4a15f943723,Ball Receipt*,22,12,1,Liverpool,Roberto Firmino Barbosa de Oliveira,Center Forward,0,Real Madrid,Liverpool,71.0,58.4,,,,,,,,,,,,,,,
c0b81b84-d0be-4e46-859e-fae2a3f49cc2,Carry,22,12,1,Liverpool,Roberto Firmino Barbosa de Oliveira,Center Forward,0,Real Madrid,Liverpool,71.0,58.4,,,,,,,,,,,70.6,57.4,0.0,,
a589baae-f431-4395-b5a2-bd8df1ef160e,Pass,22,13,1,Liverpool,Roberto Firmino Barbosa de Oliveira,Center Forward,0,Real Madrid,Liverpool,70.6,57.4,Jordan Brian Henderson,,,Ground Pass,Right Foot,61.3,49.5,0.01935132,0.01689528,-0.002456040000000003,,,,,
37db3590-7411-4def-95e5-83e8c22648f5,Ball Receipt*,22,14,1,Liverpool,Jordan Brian Henderson,Center Defensive Midfield,0,Real Madrid,Liverpool,61.3,49.5,,,,,,,,,,,,,,,
4d437849-0730-4a9d-983d-46ed9498f408,Pass,22,14,1,Liverpool,Jordan Brian Henderson,Center Defensive Midfield,0,Real Madrid,Liverpool,60.2,48.8,Georginio Wijnaldum,,,Ground Pass,Right Foot,67.2,37.1,0.01689528,0.01689528,0.0,,,,,
b9fe864e-26dd-440e-9185-47398013f055,Pressure,22,14,1,Real Madrid,Francisco Román Alarcón Suárez,Center Attacking Midfield,0,Real Madrid,Liverpool,66.7,32.7,,,,,,,,,,,,,,,
11b26e7b-92a3-4559-a06e-62b57366ed4b,Ball Receipt*,22,15,1,Liverpool,Georginio Wijnaldum,Right Center Midfield,0,Real Madrid,Liverpool,67.2,37.1,,,,,,,,,,,,,,,
1f5e4546-7818-46a1-82ac-82c528907ac2,Carry,22,15,1,Liverpool,Georginio Wijnaldum,Right Center Midfield,1,Real Madrid,Liverpool,67.2,37.1,,,,,,,,,,,63.4,23.7,-3.931999999999894e-05,,
b8520c2e-a8b2-46fe-9b20-2743bd902377,Pressure,22,16,1,Real Madrid,Francisco Román Alarcón Suárez,Center Attacking Midfield,0,Real Madrid,Liverpool,54.2,43.6,,,,,,,,,,,,,,,
438cce6e-1060-4ef3-b54c-60e7f9b09fd6,Pass,22,19,1,Liverpool,Georginio Wijnaldum,Right Center Midfield,0,Real Madrid,Liverpool,63.4,23.7,Andrew Robertson,,,Ground Pass,Left Foot,66.6,4.0,0.01685596,0.01473596,-0.00212,,,,,
5570696a-0c40-40f5-b458-a02db8f3a595,Ball Receipt*,22,20,1,Liverpool,Andrew Robertson,Left Back,0,Real Madrid,Liverpool,66.6,4.0,,,,,,,,,,,,,,,
f2cb1675-4fa6-47d9-aeb7-7e0959fba842,Carry,22,20,1,Liverpool,Andrew Robertson,Left Back,0,Real Madrid,Liverpool,66.6,4.0,,,,,,,,,,,66.6,4.0,0.0,,
41a64787-3e31-44af-b2f3-28f0b1c15503,Pass,22,21,1,Liverpool,Andrew Robertson,Left Back,0,Real Madrid,Liverpool,66.6,4.0,James Philip Milner,,,Ground Pass,Left Foot,82.3,3.5,0.01473596,0.02122129,0.006485330000000001,,,,,
cfcd81c7-afc3-434f-bb7c-4e16a12a00de,Ball Receipt*,22,22,1,Liverpool,James Philip Milner,Left Center Midfield,0,Real Madrid,Liverpool,82.3,3.5,,,,,,,,,,,,,,,
69546921-b55b-4662-a4cc-0dc4ef675634,Pass,22,22,1,Liverpool,James Philip Milner,Left Center Midfield,0,Real Madrid,Liverpool,80.2,3.5,Georginio Wijnaldum,,,Ground Pass,Right Foot,76.4,13.3,0.02122129,0.01870347,-0.00251782,,,,,
4b2366ba-7a81-428b-b605-d827ed3ef3ee,Ball Receipt*,22,23,1,Liverpool,Georginio Wijnaldum,Right Center Midfield,0,Real Madrid,Liverpool,76.4,13.3,,,,,,,,,,,,,,,
1b9f3205-d3f4-4b13-a402-86d7018e953b,Carry,22,23,1,Liverpool,Georginio Wijnaldum,Right Center Midfield,0,Real Madrid,Liverpool,76.4,13.3,,,,,,,,,,,84.0,19.1,0.005311739999999999,,
52789267-d56f-40de-bc30-37c3a0e87445,Pass,22,27,1,Liverpool,Georginio Wijnaldum,Right Center Midfield,0,Real Madrid,Liverpool,84.0,19.1,James Philip Milner,,,Ground Pass,Right Foot,97.8,4.4,0.02401521,0.02756312,0.003547910000000001,,,,,
fe81a84f-af7d-4a0c-8949-1d2f3719390c,Ball Receipt*,22,28,1,Liverpool,James Philip Milner,Left Center Midfield,0,Real Madrid,Liverpool,97.8,4.4,,,,,,,,,,,,,,,
631de4e6-501c-49f2-8c6e-09b7d55b3b23,Carry,22,28,1,Liverpool,James Philip Milner,Left Center Midfield,0,Real Madrid,Liverpool,97.8,4.4,,,,,,,,,,,97.8,4.4,0.0,,
1877c8c9-9e77-409f-b755-21c0b94e9134,Pass,22,29,1,Liverpool,James Philip Milner,Left Center Midfield,0,Real Madrid,Liverpool,97.8,4.4,Sadio Mané,,,Ground Pass,Right Foot,97.8,12.7,0.02756312,0.02953272,0.001969599999999998,,,,,
97ae1aaa-2948-4c84-a5b8-adcb0c622c9b,Ball Receipt*,22,30,1,Liverpool,Sadio Mané,Left Wing,0,Real Madrid,Liverpool,97.8,12.7,,,,,,,,,,,,,,,
e4712be3-1bdb-4311-bd69-eb9eae62f4eb,Carry,22,30,1,Liverpool,Sadio Mané,Left Wing,0,Real Madrid,Liverpool,97.8,12.7,,,,,,,,,,,97.8,13.0,0.0,,
dc4dc8dd-0126-4a21-a302-c3a6f5b9c221,Pass,22,30,1,Liverpool,Sadio Mané,Left Wing,0,Real Madrid,Liverpool,97.8,13.0,James Philip Milner,,,Ground Pass,Right Foot,112.1,13.5,0.02953272,0.04647721,0.01694449,,,,,
45c6edc5-7b00-4c0a-94a1-797109f6f523,Ball Receipt*,22,31,1,Liverpool,James Philip Milner,Left Center Midfield,0,Real Madrid,Liverpool,112.1,13.5,,,,,,,,,,,,,,,
ab69f3d6-1e03-467b-8905-a09794543897,Carry,22,31,1,Liverpool,James Philip Milner,Left Center Midfield,0,Real Madrid,Liverpool,112.1,13.5,,,,,,,,,,,114.8,14.4,0.0,,
879d28d2-90af-44d9-ba4e-acd4e60e80d8,Pass,22,33,1,Liverpool,James Philip Milner,Left Center Midfield,0,Real Madrid,Liverpool,114.8,14.4,Roberto Firmino Barbosa de Oliveira,,,Low Pass,Left Foot,108.0,35.4,0.04647721,0.10805102,0.06157381,,,,,
afc0dc00-e4cf-4e0a-87a1-505fb96524f4,Ball Receipt*,22,34,1,Liverpool,Roberto Firmino Barbosa de Oliveira,Center Forward,0,Real Madrid,Liverpool,108.0,35.4,,,,,,,,,,,,,,,
34eceede-3584-4304-be0c-26f5929f57f2,Carry,22,34,1,Liverpool,Roberto Firmino Barbosa de Oliveira,Center Forward,0,Real Madrid,Liverpool,108.0,35.4,,,,,,,,,,,105.7,41.4,0.0,,
20b934f1-9afa-401d-9a16-f97fea2b80d9,Shot,22,35,1,Liverpool,Roberto Firmino Barbosa de Oliveira,Center Forward,0,Real Madrid,Liverpool,105.7,41.4,,,,,,,,,,,,,,0.083349325,Blocked
bb230bd5-f7ac-4473-934f-7d0a920675bc,Block,22,35,1,Real Madrid,Sergio Ramos García,Left Center Back,0,Real Madrid,Liverpool,9.1,39.1,,,,,,,,,,,,,,,
6a4197ae-d02e-4781-ad80-5e1be53b9d91,Goal Keeper,22,35,1,Real Madrid,Keylor Navas Gamboa,Goalkeeper,0,Real Madrid,Liverpool,1.2,39.2,,,,,,,,,,,,,,,
25422595-7e7d-4c62-885c-1c6b6494444d,Ball Recovery,22,36,1,Liverpool,Trent Alexander-Arnold,Right Back,0,Real Madrid,Liverpool,101.9,57.4,,,,,,,,,,,,,,,
3b43b18e-9f9b-41ef-9879-4ec1dc5136b4,Carry,22,36,1,Liverpool,Trent Alexander-Arnold,Right Back,0,Real Madrid,Liverpool,101.9,57.4,,,,,,,,,,,106.4,55.3,0.0,,
6711367a-6855-4914-903e-a5e19771429c,Shot,22,38,1,Liverpool,Trent Alexander-Arnold,Right Back,0,Real Madrid,Liverpool,106.4,55.3,,,,,,,,,,,,,,0.03727715,Saved
fe983313-2a43-4a44-8a9e-7dd60fff8282,Goal Keeper,22,38,1,Real Madrid,Keylor Navas Gamboa,Goalkeeper,0,Real Madrid,Liverpool,3.9,35.1,,,,,,,,,,,,,,,
4a8f25be-cd47-479b-83de-2b784ef1934d,Pass,23,1,1,Real Madrid,Keylor Navas Gamboa,Goalkeeper,0,Real Madrid,Liverpool,14.9,36.4,,Incomplete,,High Pass,Drop Kick,108.3,44.4,0.01082722,0.10805102,0.0972238,,,,,
7624d22e-25d2-415b-a920-d0458607fcbb,Ball Recovery,23,6,1,Liverpool,Loris Karius,Goalkeeper,0,Real Madrid,Liverpool,11.8,35.7,,,,,,,,,,,,,,,
6f8ab903-26cc-486b-9055-afda747eac33,Pass,23,11,1,Liverpool,Loris Karius,Goalkeeper,0,Real Madrid,Liverpool,14.4,39.9,Dejan Lovren,,,Ground Pass,Left Foot,24.6,59.3,0.01082722,0.01001304,-0.0008141799999999994,,,,,
c687a9e2-3446-4d04-a5e5-27a01b3766b1,Ball Receipt*,23,12,1,Liverpool,Dejan Lovren,Right Center Back,0,Real Madrid,Liverpool,24.6,59.3,,,,,,,,,,,,,,,
2ef39ed6-60aa-4cf9-859e-74c24a99bf4a,Carry,23,12,1,Liverpool,Dejan Lovren,Right Center Back,0,Real Madrid,Liverpool,24.6,59.3,,,,,,,,,,,23.0,58.3,0.0,,
a7d919de-5b7a-46be-870e-5d75b339a681,Pass,23,13,1,Liverpool,Dejan Lovren,Right Center Back,0,Real Madrid,Liverpool,23.0,58.3,Loris Karius,,,Ground Pass,Right Foot,11.3,35.7,0.01001304,0.01082722,0.0008141799999999994,,,,,
6c5d8cc9-77a0-481e-a3d0-f0554c130278,Ball Receipt*,23,15,1,Liverpool,Loris Karius,Goalkeeper,0,Real Madrid,Liverpool,11.3,35.7,,,,,,,,,,,,,,,
b67c6c2f-290c-41de-a8f2-564dcc22a2ec,Carry,23,15,1,Liverpool,Loris Karius,Goalkeeper,0,Real Madrid,Liverpool,11.3,35.7,,,,,,,,,,,11.3,35.8,0.0,,
31b8a373-7e6e-4562-a755-bb2832d90a58,Pass,23,15,1,Liverpool,Loris Karius,Goalkeeper,0,Real Madrid,Liverpool,11.3,35.8,Virgil van Dijk,,,Low Pass,Right Foot,22.1,11.7,0.01082722,0.00942382,-0.001403400000000001,,,,,
f5f148da-127c-497b-87fb-485b93e30dce,Ball Receipt*,23,16,1,Liverpool,Virgil van Dijk,Left Center Back,0,Real Madrid,Liverpool,22.1,11.7,,,,,,,,,,,,,,,
44d9c9e0-aed0-45ba-a6a4-e4b8056f52c5,Carry,23,16,1,Liverpool,Virgil van Dijk,Left Center Back,0,Real Madrid,Liverpool,22.1,11.7,,,,,,,,,,,27.1,3.5,-0.0009752800000000002,,
ea7d85b5-aaa5-4f32-8400-5750077c9d41,Pass,23,19,1,Liverpool,Virgil van Dijk,Left Center Back,0,Real Madrid,Liverpool,27.1,3.5,Sadio Mané,Incomplete,,High Pass,Left Foot,82.4,20.0,0.00844854,0.0241224,0.01567386,,,,,
3598e9c3-9089-4095-8268-43da5e091dad,Ball Receipt*,23,22,1,Liverpool,Sadio Mané,Left Wing,0,Real Madrid,Liverpool,75.1,17.8,,,,,,,,,,,,,,,
24d613ca-26b3-407a-89c1-a79c63e50107,Pass,23,22,1,Real Madrid,Daniel Carvajal Ramos,Right Back,0,Real Madrid,Liverpool,37.7,60.1,Keylor Navas Gamboa,,Recovery,High Pass,Head,14.2,49.9,0.0105949,0.01082722,0.0002323199999999994,,,,,
0886dd01-c866-4a7a-93eb-1c76a3c8fb97,Ball Receipt*,23,26,1,Real Madrid,Keylor Navas Gamboa,Goalkeeper,0,Real Madrid,Liverpool,14.2,49.9,,,,,,,,,,,,,,,
c4dbdb50-9a6a-4119-b155-846234a2eb11,Carry,23,26,1,Real Madrid,Keylor Navas Gamboa,Goalkeeper,0,Real Madrid,Liverpool,14.2,49.9,,,,,,,,,,,15.5,47.2,0.0,,
8497accb-2581-48e5-bc90-37d3e5681ae1,Pass,23,27,1,Real Madrid,Keylor Navas Gamboa,Goalkeeper,0,Real Madrid,Liverpool,15.5,47.2,Sergio Ramos García,,,Ground Pass,Right Foot,18.6,23.7,0.01082722,0.00977745,-0.00104977,,,,,
7c3b3e27-9a6b-45da-aaf6-22ba0d0a4d74,Ball Receipt*,23,29,1,Real Madrid,Sergio Ramos García,Left Center Back,0,Real Madrid,Liverpool,18.6,23.7,,,,,,,,,,,,,,,
e1fc9267-1b7f-4a88-b2d7-99d785e41886,Carry,23,29,1,Real Madrid,Sergio Ramos García,Left Center Back,0,Real Madrid,Liverpool,18.6,23.7,,,,,,,,,,,22.3,22.2,0.0002355900000000008,,
f10c88ff-da32-4d50-bf2c-e9040d7c7ef5,Pass,23,30,1,Real Madrid,Sergio Ramos García,Left Center Back,0,Real Madrid,Liverpool,22.3,22.2,Toni Kroos,,,Ground Pass,Left Foot,36.2,22.2,0.01001304,0.01110462,0.00109158,,,,,
8f4fa35f-5070-4ebc-b6f2-d48a92cf6518,Ball Receipt*,23,32,1,Real Madrid,Toni Kroos,Left Center Midfield,0,Real Madrid,Liverpool,36.2,22.2,,,,,,,,,,,,,,,
bd7e788b-d048-42e2-9230-315a76de8b58,Pass,23,32,1,Real Madrid,Toni Kroos,Left Center Midfield,0,Real Madrid,Liverpool,36.2,21.7,Sergio Ramos García,,,Ground Pass,Right Foot,28.3,13.4,0.01110462,0.00942382,-0.001680800000000001,,,,,
f6a1e5fa-b7ac-47e4-adad-4aa5719b04d4,Ball Receipt*,23,33,1,Real Madrid,Sergio Ramos García,Left Center Back,0,Real Madrid,Liverpool,28.3,13.4,,,,,,,,,,,,,,,
fd8aa5f0-56d2-48bc-a78a-b70d36e93a7d,Carry,23,33,1,Real Madrid,Sergio Ramos García,Left Center Back,0,Real Madrid,Liverpool,28.3,13.4,,,,,,,,,,,29.8,12.5,0.0,,
e334c902-1194-44fa-a481-a323ca33f704,Pass,23,35,1,Real Madrid,Sergio Ramos García,Left Center Back,0,Real Madrid,Liverpool,29.8,12.5,Marcelo Vieira da Silva Júnior,,,High Pass,Right Foot,51.3,5.5,0.00942382,0.01248344,0.003059620000000001,,,,,
bcaf3dac-21df-4df5-b211-cbf5b1d6bc51,Ball Receipt*,23,37,1,Real Madrid,Marcelo Vieira da Silva Júnior,Left Back,0,Real Madrid,Liverpool,51.3,5.5,,,,,,,,,,,,,,,
0f4c3288-80c2-43ad-8317-44ad25ae2a76,Carry,23,37,1,Real Madrid,Marcelo Vieira da Silva Júnior,Left Back,0,Real Madrid,Liverpool,51.3,5.5,,,,,,,,,,,51.1,7.0,0.0,,
01721dca-c3fc-4fb9-af7b-ca797443eaef,Pass,23,38,1,Real Madrid,Marcelo Vieira da Silva Júnior,Left Back,0,Real Madrid,Liverpool,51.1,7.0,Cristiano Ronaldo dos Santos Aveiro,Incomplete,,Ground Pass,Right Foot,68.3,7.9,0.01248344,0.01473596,0.002252519999999999,,,,,
1d3c861d-e957-4fe9-9f31-504cb6182606,Ball Receipt*,23,39,1,Real Madrid,Cristiano Ronaldo dos Santos Aveiro,Left Center Forward,0,Real Madrid,Liverpool,70.1,7.3,,,,,,,,,,,,,,,
e793dd4b-96b3-42ba-897e-8d385c27a9dc,Interception,23,39,1,Liverpool,Dejan Lovren,Right Center Back,0,Real Madrid,Liverpool,51.8,72.2,,,,,,,,,,,,,,,
11cd700c-ca08-4984-a25a-5b73c625eba9,Pass,23,41,1,Liverpool,Trent Alexander-Arnold,Right Back,0,Real Madrid,Liverpool,56.2,71.8,Jordan Brian Henderson,,Recovery,Ground Pass,Right Foot,43.1,59.7,0.01248344,0.01269174,0.0002082999999999998,,,,,
0d4303f4-2bd9-4c29-864b-95a2edc2b399,Ball Receipt*,23,42,1,Liverpool,Jordan Brian Henderson,Center Defensive Midfield,0,Real Madrid,Liverpool,43.1,59.7,,,,,,,,,,,,,,,
c20e79e5-e828-4477-ac00-8e7734cf7c43,Carry,23,42,1,Liverpool,Jordan Brian Henderson,Center Defensive Midfield,0,Real Madrid,Liverpool,43.1,59.7,,,,,,,,,,,48.7,52.1,0.0,,
b20e33c2-a2cd-4cd5-8a60-761b6a068863,Pass,23,45,1,Liverpool,Jordan Brian Henderson,Center Defensive Midfield,0,Real Madrid,Liverpool,48.7,52.1,Loris Karius,,,Ground Pass,Right Foot,13.6,46.8,0.01269174,0.01082722,-0.00186452,,,,,
245a642c-2cfd-48d5-8ee8-4f2eb88e04bf,Ball Receipt*,23,48,1,Liverpool,Loris Karius,Goalkeeper,0,Real Madrid,Liverpool,13.6,46.8,,,,,,,,,,,,,,,
7c7c7ded-65c9-4469-9b6d-fb312e29352c,Carry,23,48,1,Liverpool,Loris Karius,Goalkeeper,0,Real Madrid,Liverpool,13.6,46.8,,,,,,,,,,,13.6,46.8,0.0,,
65bd6e6c-7c38-4bcb-a7bb-eaaac9d45345,Pass,23,49,1,Liverpool,Loris Karius,Goalkeeper,0,Real Madrid,Liverpool,13.6,46.8,Jordan Brian Henderson,,,Ground Pass,Right Foot,33.9,45.4,0.01082722,0.01132376,0.0004965400000000002,,,,,
ab6d8de1-6c26-4a58-9d6a-cc84189abe67,Ball Receipt*,23,50,1,Liverpool,Jordan Brian Henderson,Center Defensive Midfield,0,Real Madrid,Liverpool,33.9,45.4,,,,,,,,,,,,,,,
0c01fa86-d135-41c6-9027-2494ffe28761,Carry,23,50,1,Liverpool,Jordan Brian Henderson,Center Defensive Midfield,0,Real Madrid,Liverpool,33.9,45.4,,,,,,,,,,,32.5,46.4,0.0,,
9c067588-1923-4f44-946e-eb1fed53dcb3,Pass,23,51,1,Liverpool,Jordan Brian Henderson,Center Defensive Midfield,0,Real Madrid,Liverpool,32.5,46.4,Loris Karius,,,Ground Pass,Left Foot,9.1,42.3,0.01132376,0.00941056,-0.0019132,,,,,
0abfaa09-ab8e-4bf4-b758-caa7d9cf5021,Ball Receipt*,23,53,1,Liverpool,Loris Karius,Goalkeeper,0,Real Madrid,Liverpool,9.1,42.3,,,,,,,,,,,,,,,
3cf51cc6-bcce-478f-80f2-c83586fc1979,Carry,23,53,1,Liverpool,Loris Karius,Goalkeeper,0,Real Madrid,Liverpool,9.1,42.3,,,,,,,,,,,9.4,41.9,0.0,,
e61971f9-0d02-41d6-89ec-f2bd7ba2d831,Pass,23,54,1,Liverpool,Loris Karius,Goalkeeper,0,Real Madrid,Liverpool,9.4,41.9,Dejan Lovren,,,Ground Pass,Left Foot,20.6,63.9,0.00941056,0.00942382,1.325999999999931e-05,,,,,
dcf02530-56c4-4103-a85c-b4312a8fbd4a,Ball Receipt*,23,56,1,Liverpool,Dejan Lovren,Right Center Back,0,Real Madrid,Liverpool,20.6,63.9,,,,,,,,,,,,,,,
8d77c127-fe84-4ad0-8af2-e37df9fa8248,Carry,23,56,1,Liverpool,Dejan Lovren,Right Center Back,0,Real Madrid,Liverpool,20.6,63.9,,,,,,,,,,,20.6,63.9,0.0,,
c374bdb2-07b1-4752-8ada-b9c87297a59b,Pass,23,57,1,Liverpool,Dejan Lovren,Right Center Back,0,Real Madrid,Liverpool,20.6,63.9,Trent Alexander-Arnold,,,Ground Pass,Right Foot,35.7,75.8,0.00942382,0.00977659,0.0003527700000000005,,,,,
94e74eb2-a97b-4d80-a1aa-4b1089fc6ef2,Ball Receipt*,23,58,1,Liverpool,Trent Alexander-Arnold,Right Back,0,Real Madrid,Liverpool,35.7,75.8,,,,,,,,,,,,,,,
c444b408-2dba-4944-8a29-fdb8f8fc04ef,Carry,23,58,1,Liverpool,Trent Alexander-Arnold,Right Back,1,Real Madrid,Liverpool,35.7,75.8,,,,,,,,,,,34.8,74.5,0.0,,
6a04870c-5bd4-4326-a687-45ff799e7467,Pressure,23,58,1,Real Madrid,Marcelo Vieira da Silva Júnior,Left Back,0,Real Madrid,Liverpool,82.1,5.2,,,,,,,,,,,,,,,
a7021e15-fd6f-4ccf-a008-827f2cc00f0a,Pass,23,59,1,Liverpool,Trent Alexander-Arnold,Right Back,1,Real Madrid,Liverpool,34.8,74.5,,Incomplete,,Low Pass,Right Foot,36.6,74.5,0.00977659,0.00977659,0.0,,,,,
ab2bcea7-e118-4e5d-84d1-415ca17daaf8,Block,23,59,1,Real Madrid,Marcelo Vieira da Silva Júnior,Left Back,0,Real Madrid,Liverpool,83.5,5.6,,,,,,,,,,,,,,,
d59874c5-ed50-4576-a81a-8b18f01d0994,Pass,24,12,1,Liverpool,Trent Alexander-Arnold,Right Back,0,Real Madrid,Liverpool,44.5,80.0,Mohamed Salah,,Throw-in,High Pass,,64.4,70.4,0.01126267,0.01473596,0.003473289999999999,,,,,
49b63033-c3cf-4e09-8d11-07f42db032a4,Ball Receipt*,24,14,1,Liverpool,Mohamed Salah,Right Wing,0,Real Madrid,Liverpool,64.4,70.4,,,,,,,,,,,,,,,
20e95140-d248-420a-bfa1-da5f623437da,Carry,24,14,1,Liverpool,Mohamed Salah,Right Wing,0,Real Madrid,Liverpool,64.4,70.4,,,,,,,,,,,63.7,71.3,0.0,,
b54eb22d-362d-4487-a19e-536dafafb09e,Pass,24,14,1,Liverpool,Mohamed Salah,Right Wing,0,Real Madrid,Liverpool,63.7,71.3,Roberto Firmino Barbosa de Oliveira,,,Low Pass,Other,62.1,65.2,0.01473596,0.01611813,0.001382170000000002,,,,,
cfe3903e-bb01-4ec3-a358-37f5ba65fcb1,Ball Receipt*,24,15,1,Liverpool,Roberto Firmino Barbosa de Oliveira,Center Forward,0,Real Madrid,Liverpool,62.1,65.2,,,,,,,,,,,,,,,
07d38f98-211a-4a5d-8db5-4ec9ae0b8691,Carry,24,15,1,Liverpool,Roberto Firmino Barbosa de Oliveira,Center Forward,1,Real Madrid,Liverpool,62.1,65.2,,,,,,,,,,,63.0,63.9,0.0,,
0b5e3404-11e9-4bf6-bd89-9c3a0acb28c6,Pressure,24,15,1,Real Madrid,Carlos Henrique Casimiro,Center Defensive Midfield,0,Real Madrid,Liverpool,56.6,18.2,,,,,,,,,,,,,,,
b075900d-dd9a-4dbd-8292-2a11f59a8233,Pass,24,16,1,Liverpool,Roberto Firmino Barbosa de Oliveira,Center Forward,1,Real Madrid,Liverpool,63.0,63.9,,Incomplete,,Ground Pass,Right Foot,65.9,63.5,0.01611813,0.01611813,0.0,,,,,
f8faac10-6a3b-4fda-9739-a567674dbd8d,Block,24,16,1,Real Madrid,Carlos Henrique Casimiro,Center Defensive Midfield,0,Real Madrid,Liverpool,54.2,16.6,,,,,,,,,,,,,,,
978017b9-19f7-46f7-bad6-5fa35802fe81,Ball Recovery,24,17,1,Real Madrid,Marcelo Vieira da Silva Júnior,Left Back,0,Real Madrid,Liverpool,57.5,5.6,,,,,,,,,,,,,,,
4ac9964a-c52a-4478-ad1b-7b85077d8ea4,Carry,24,17,1,Real Madrid,Marcelo Vieira da Silva Júnior,Left Back,1,Real Madrid,Liverpool,57.5,5.6,,,,,,,,,,,48.8,4.0,-0.001220769999999999,,
1353683e-d7c1-4b49-b4a5-c999cc3baecb,Pressure,24,20,1,Liverpool,Georginio Wijnaldum,Right Center Midfield,0,Real Madrid,Liverpool,65.8,73.9,,,,,,,,,,,,,,,
7a928fd1-dc91-4a32-9916-07230d058340,Dispossessed,24,22,1,Real Madrid,Marcelo Vieira da Silva Júnior,Left Back,1,Real Madrid,Liverpool,48.8,4.0,,,,,,,,,,,,,,,
98f3dc18-2527-4d93-9fb3-20b36bef35aa,Duel,24,22,1,Liverpool,Georginio Wijnaldum,Right Center Midfield,1,Real Madrid,Liverpool,71.3,76.1,,,,,,,,,,,,,,,
a5f8baae-34cb-462c-b6f1-1d17b7bca29e,Pass,24,39,1,Liverpool,Trent Alexander-Arnold,Right Back,0,Real Madrid,Liverpool,70.3,80.0,Mohamed Salah,,Throw-in,High Pass,,82.4,62.1,0.0174506,0.02401521,0.006564609999999999,,,,,
616c125c-be02-4077-b2f2-5336a3222d1c,Pressure,24,40,1,Real Madrid,Sergio Ramos García,Left Center Back,0,Real Madrid,Liverpool,34.4,13.4,,,,,,,,,,,,,,,
5b338d3e-5920-4fa1-b83c-734d5aeaa36d,Ball Receipt*,24,41,1,Liverpool,Mohamed Salah,Right Wing,1,Real Madrid,Liverpool,82.4,62.1,,,,,,,,,,,,,,,
4cf2c6f6-d886-47f3-98fa-7f3a294a1b1f,Carry,24,41,1,Liverpool,Mohamed Salah,Right Wing,1,Real Madrid,Liverpool,82.4,62.1,,,,,,,,,,,80.8,45.3,-0.0001637199999999991,,
19db5505-398d-4873-9a8d-705579f64375,Dispossessed,24,42,1,Liverpool,Mohamed Salah,Right Wing,1,Real Madrid,Liverpool,80.8,45.3,,,,,,,,,,,,,,,
7f5ade31-03d6-40dd-ac09-ef6f136f330f,Duel,24,42,1,Real Madrid,Sergio Ramos García,Left Center Back,1,Real Madrid,Liverpool,39.3,34.8,,,,,,,,,,,,,,,
e62f37be-3c81-45f7-a979-c6dd7cd50829,Ball Recovery,24,43,1,Real Madrid,Francisco Román Alarcón Suárez,Center Attacking Midfield,0,Real Madrid,Liverpool,42.7,37.8,,,,,,,,,,,,,,,
f1165713-f352-4131-8235-1193ca68483b,Carry,24,43,1,Real Madrid,Francisco Román Alarcón Suárez,Center Attacking Midfield,1,Real Madrid,Liverpool,42.7,37.8,,,,,,,,,,,42.3,72.9,-0.00136379,,
bc0aec51-1f7d-4375-8602-3f7890beeda1,Pressure,24,44,1,Liverpool,Jordan Brian Henderson,Center Defensive Midfield,0,Real Madrid,Liverpool,73.1,39.9,,,,,,,,,,,,,,,
215ffa7e-0f5e-4162-9c49-b248781ef98f,Pressure,24,48,1,Liverpool,Andrew Robertson,Left Back,0,Real Madrid,Liverpool,65.0,16.5,,,,,,,,,,,,,,,
9d050e04-06cf-4b72-80cb-ee97da9ff525,Foul Committed,24,50,1,Liverpool,Andrew Robertson,Left Back,0,Real Madrid,Liverpool,77.8,7.2,,,,,,,,,,,,,,,
2258248d-bc1c-4669-ade3-a528f07a4cab,Foul Won,24,50,1,Real Madrid,Francisco Román Alarcón Suárez,Center Attacking Midfield,1,Real Madrid,Liverpool,42.3,72.9,,,,,,,,,,,,,,,
da9495e2-a179-4415-ba33-b0e65c907787,Injury Stoppage,24,56,1,Liverpool,Mohamed Salah,Right Wing,0,Real Madrid,Liverpool,,,,,,,,,,,,,,,,,
961d6147-7e14-4098-9e3e-1f3c7cc0a16a,Injury Stoppage,24,58,1,Real Madrid,Keylor Navas Gamboa,Goalkeeper,0,Real Madrid,Liverpool,,,,,,,,,,,,,,,,,
a079e6a1-292e-45f5-b339-920b93132cbf,Pass,26,40,1,Real Madrid,Raphaël Varane,Right Center Back,0,Real Madrid,Liverpool,42.9,72.6,Carlos Henrique Casimiro,,Free Kick,Ground Pass,Right Foot,45.4,48.5,0.01126267,0.01262646,0.00136379,,,,,
fec64b3a-e1d1-4869-b2df-5264a554f45a,Ball Receipt*,26,43,1,Real Madrid,Carlos Henrique Casimiro,Center Defensive Midfield,0,Real Madrid,Liverpool,45.4,48.5,,,,,,,,,,,,,,,
b593d386-4c43-410e-9d97-82ee24cc1632,Carry,26,43,1,Real Madrid,Carlos Henrique Casimiro,Center Defensive Midfield,0,Real Madrid,Liverpool,45.4,48.5,,,,,,,,,,,49.2,43.4,0.0,,
741d6500-9d66-4b2a-bb81-637992b2ea36,Pass,26,44,1,Real Madrid,Carlos Henrique Casimiro,Center Defensive Midfield,0,Real Madrid,Liverpool,49.2,43.4,Toni Kroos,,,Ground Pass,Right Foot,55.3,23.5,0.01262646,0.01429128,0.001664819999999999,,,,,
c9c4e52b-a5d2-4200-b116-ecf0f7737602,Ball Receipt*,26,45,1,Real Madrid,Toni Kroos,Left Center Midfield,0,Real Madrid,Liverpool,55.3,23.5,,,,,,,,,,,,,,,
9e78e1e8-0718-45f7-b1ad-ef1486168449,Carry,26,45,1,Real Madrid,Toni Kroos,Left Center Midfield,0,Real Madrid,Liverpool,55.3,23.5,,,,,,,,,,,55.6,23.5,0.0,,
1b05ee64-c57d-4557-bd3b-8ed64f3a6f3d,Pass,26,45,1,Real Madrid,Toni Kroos,Left Center Midfield,0,Real Madrid,Liverpool,55.6,23.5,Sergio Ramos García,,,Ground Pass,Left Foot,48.2,30.9,0.01429128,0.01262646,-0.001664819999999999,,,,,
28cb583c-b9d5-4934-b39d-80d890362cfe,Ball Receipt*,26,46,1,Real Madrid,Sergio Ramos García,Left Center Back,0,Real Madrid,Liverpool,48.2,30.9,,,,,,,,,,,,,,,
1b3140ab-5df0-4ee3-97ff-5318648a6157,Carry,26,46,1,Real Madrid,Sergio Ramos García,Left Center Back,0,Real Madrid,Liverpool,48.2,30.9,,,,,,,,,,,64.3,35.1,0.004268819999999998,,
88cb52f0-c0a6-47f3-9a7e-ba16c228f1f4,Pass,26,50,1,Real Madrid,Sergio Ramos García,Left Center Back,0,Real Madrid,Liverpool,64.3,35.1,Marcelo Vieira da Silva Júnior,,,High Pass,Right Foot,83.5,4.8,0.01689528,0.02122129,0.004326010000000002,,,,,
0b1ddd25-99c2-4b7b-a1c8-853bd4b1a964,Ball Receipt*,26,52,1,Real Madrid,Marcelo Vieira da Silva Júnior,Left Back,0,Real Madrid,Liverpool,83.5,4.8,,,,,,,,,,,,,,,
b5b42571-19e0-4eb6-9445-759689d71686,Carry,26,52,1,Real Madrid,Marcelo Vieira da Silva Júnior,Left Back,0,Real Madrid,Liverpool,83.5,4.8,,,,,,,,,,,81.1,5.5,0.0,,
ee446565-b1f7-492f-b157-53d18133735a,Pass,26,53,1,Real Madrid,Marcelo Vieira da Silva Júnior,Left Back,0,Real Madrid,Liverpool,81.1,5.5,,Incomplete,,Low Pass,Left Foot,70.5,10.1,0.02122129,0.01870347,-0.00251782,,,,,
8812237e-38e9-43d7-b135-9e6d66f26669,Ball Recovery,26,54,1,Liverpool,Mohamed Salah,Right Wing,0,Real Madrid,Liverpool,49.6,70.0,,,,,,,,,,,,,,,
094255cf-1358-43c6-9815-85afa185b163,Carry,26,54,1,Liverpool,Mohamed Salah,Right Wing,0,Real Madrid,Liverpool,49.6,70.0,,,,,,,,,,,49.6,69.4,0.0008845199999999998,,
bb98c9c6-ecf4-4323-9495-e73d30cdf39e,Pass,26,55,1,Liverpool,Mohamed Salah,Right Wing,0,Real Madrid,Liverpool,49.6,69.4,James Philip Milner,,,Ground Pass,Left Foot,41.8,38.9,0.01214719,0.01262646,0.0004792700000000004,,,,,
b4351bc5-c3a0-4a4d-946a-09807ead153c,Ball Receipt*,26,57,1,Liverpool,James Philip Milner,Left Center Midfield,0,Real Madrid,Liverpool,41.8,38.9,,,,,,,,,,,,,,,
c3af1fd4-a662-410c-ac1b-b628803508ec,Carry,26,57,1,Liverpool,James Philip Milner,Left Center Midfield,0,Real Madrid,Liverpool,41.8,38.9,,,,,,,,,,,43.1,39.8,0.0,,
eea5ed10-d36c-4a16-b9ea-a31b249c7a93,Pass,26,58,1,Liverpool,James Philip Milner,Left Center Midfield,0,Real Madrid,Liverpool,43.1,39.8,Sadio Mané,,,High Pass,Right Foot,73.3,7.5,0.01262646,0.0174506,0.004824139999999999,,,,,
d5ba815d-6139-4f14-945a-67a74ac6a2ef,Ball Receipt*,27,0,1,Liverpool,Sadio Mané,Left Wing,0,Real Madrid,Liverpool,73.3,7.5,,,,,,,,,,,,,,,
aa6fa0dd-7a32-412e-8302-38c241159f20,Carry,27,0,1,Liverpool,Sadio Mané,Left Wing,1,Real Madrid,Liverpool,73.3,7.5,,,,,,,,,,,91.2,2.0,0.01011252,,
b1e9811d-8bbb-44b4-9359-3286e7625e60,Pressure,27,0,1,Real Madrid,Daniel Carvajal Ramos,Right Back,0,Real Madrid,Liverpool,42.3,74.3,,,,,,,,,,,,,,,
0012fed8-0a25-4f54-bae3-e07a2fcf1d31,Dribbled Past,27,3,1,Real Madrid,Daniel Carvajal Ramos,Right Back,0,Real Madrid,Liverpool,28.9,78.1,,,,,,,,,,,,,,,
16fee45c-b6df-4f28-b397-2b0a34ef49f9,Dribble,27,3,1,Liverpool,Sadio Mané,Left Wing,1,Real Madrid,Liverpool,91.2,2.0,,,,,,,,,,,,,,,
425519e5-c3c2-4b81-97f9-b3a7774923cf,Carry,27,3,1,Liverpool,Sadio Mané,Left Wing,1,Real Madrid,Liverpool,91.2,2.0,,,,,,,,,,,113.8,11.9,0.01891409,,
f5c8e00a-7d07-4522-9efa-69d42705553b,Pressure,27,5,1,Real Madrid,Daniel Carvajal Ramos,Right Back,0,Real Madrid,Liverpool,15.5,75.7,,,,,,,,,,,,,,,
50e0e55f-d957-4778-a539-f9d38228c914,Pass,27,7,1,Liverpool,Sadio Mané,Left Wing,1,Real Madrid,Liverpool,113.8,11.9,,Incomplete,,Ground Pass,Left Foot,114.5,14.0,0.04647721,0.04647721,0.0,,,,,
d433eeeb-3084-472c-bf7a-7719bec38ab3,Block,27,7,1,Real Madrid,Daniel Carvajal Ramos,Right Back,0,Real Madrid,Liverpool,5.6,66.1,,,,,,,,,,,,,,,
d610ed0a-81fe-4149-a480-cc7cfc7d8aeb,Pass,27,52,1,Liverpool,James Philip Milner,Left Center Midfield,0,Real Madrid,Liverpool,120.0,0.1,,Unknown,Corner,High Pass,Right Foot,117.9,38.9,0.0379259,0.25745362,0.21952772,,,,,
60c7ec9c-ba20-4de6-8f99-05e87655aacb,Foul Committed,27,53,1,Liverpool,Georginio Wijnaldum,Right Center Midfield,0,Real Madrid,Liverpool,115.7,39.5,,,,,,,,,,,,,,,
40080100-1fdb-4e5a-bb39-0930cbae2a98,Foul Won,27,53,1,Real Madrid,Keylor Navas Gamboa,Goalkeeper,1,Real Madrid,Liverpool,4.4,40.6,,,,,,,,,,,,,,,
395619b7-1c42-4368-9f45-24dc301f0a59,Injury Stoppage,28,11,1,Liverpool,Mohamed Salah,Right Wing,0,Real Madrid,Liverpool,,,,,,,,,,,,,,,,,
261b85f1-dc40-4f2f-b523-2556405fe5d2,Injury Stoppage,28,13,1,Real Madrid,Keylor Navas Gamboa,Goalkeeper,0,Real Madrid,Liverpool,,,,,,,,,,,,,,,,,
b40aca8d-8b5c-4c0b-8917-392b1b9b8a8e,Substitution,29,39,1,Liverpool,Mohamed Salah,Right Wing,0,Real Madrid,Liverpool,,,,,,,,,,,,,,,,,
01d54155-bbc5-4c00-a2be-b549bce8d72b,Pass,30,5,1,Real Madrid,Keylor Navas Gamboa,Goalkeeper,0,Real Madrid,Liverpool,6.8,41.2,Sergio Ramos García,,Free Kick,Low Pass,Right Foot,28.1,4.6,0.00941056,0.00844854,-0.0009620200000000009,,,,,
72acd046-9079-4fc5-8684-6e7d3ae33b87,Ball Receipt*,30,11,1,Real Madrid,Sergio Ramos García,Left Center Back,0,Real Madrid,Liverpool,28.1,4.6,,,,,,,,,,,,,,,
df45af28-47bf-4073-8013-2f0b3ca25b51,Pass,30,15,1,Real Madrid,Sergio Ramos García,Left Center Back,0,Real Madrid,Liverpool,31.5,14.5,Toni Kroos,,,Ground Pass,Right Foot,43.2,21.3,0.0105949,0.01269174,0.002096839999999999,,,,,
eb12af41-e14d-4fd1-bda3-e65ca76effa3,Ball Receipt*,30,16,1,Real Madrid,Toni Kroos,Left Center Midfield,0,Real Madrid,Liverpool,43.2,21.3,,,,,,,,,,,,,,,
481e4c8e-a01a-47fe-94db-7bf34fbfc18d,Carry,30,16,1,Real Madrid,Toni Kroos,Left Center Midfield,0,Real Madrid,Liverpool,43.2,21.3,,,,,,,,,,,36.2,26.9,-0.001587119999999999,,
fd87eeb1-0bb4-4d9c-8042-31f45580ee26,Pass,30,18,1,Real Madrid,Toni Kroos,Left Center Midfield,0,Real Madrid,Liverpool,36.2,26.9,Raphaël Varane,,,Ground Pass,Right Foot,28.8,57.0,0.01110462,0.01001304,-0.00109158,,,,,
021d816f-6818-4b9a-a5e1-a4d7b540325a,Ball Receipt*,30,21,1,Real Madrid,Raphaël Varane,Right Center Back,0,Real Madrid,Liverpool,28.8,57.0,,,,,,,,,,,,,,,
a7565195-4239-4e46-8e36-90ec5d600a66,Carry,30,21,1,Real Madrid,Raphaël Varane,Right Center Back,0,Real Madrid,Liverpool,28.8,57.0,,,,,,,,,,,36.7,72.1,-0.0002364500000000009,,
66a2fbee-fec0-4144-9ec7-97b2ebe51f34,Pass,30,23,1,Real Madrid,Raphaël Varane,Right Center Back,0,Real Madrid,Liverpool,36.7,72.1,Karim Benzema,Incomplete,,High Pass,Right Foot,92.3,64.2,0.00977659,0.02953272,0.01975613,,,,,
91705368-12d2-463b-b3df-d52cdd93af2d,Ball Receipt*,30,26,1,Real Madrid,Karim Benzema,Right Center Forward,0,Real Madrid,Liverpool,93.0,57.8,,,,,,,,,,,,,,,
c9488d10-32ed-4d74-bcea-ee5ce3164d56,Pass,30,26,1,Liverpool,Virgil van Dijk,Left Center Back,0,Real Madrid,Liverpool,27.8,15.9,Andrew Robertson,,Recovery,High Pass,Head,28.4,7.5,0.00942382,0.00844854,-0.0009752800000000002,,,,,
e6bae7a1-9104-4f6c-a63e-1d8a15c204ed,Ball Receipt*,30,27,1,Liverpool,Andrew Robertson,Left Back,0,Real Madrid,Liverpool,28.4,7.5,,,,,,,,,,,,,,,
a7ab63d4-d9ad-4890-b5ea-eb91895c0f24,Pass,30,27,1,Liverpool,Andrew Robertson,Left Back,0,Real Madrid,Liverpool,28.4,7.5,Jordan Brian Henderson,,,Low Pass,Right Foot,34.9,21.9,0.00844854,0.01110462,0.002656080000000002,,,,,
78eb444c-c1f6-4df1-963e-8bf79b01e475,Ball Receipt*,30,28,1,Liverpool,Jordan Brian Henderson,Center Defensive Midfield,0,Real Madrid,Liverpool,34.9,21.9,,,,,,,,,,,,,,,
6ab44e40-40bd-490a-9315-16df0223faf8,Carry,30,28,1,Liverpool,Jordan Brian Henderson,Center Defensive Midfield,1,Real Madrid,Liverpool,34.9,21.9,,,,,,,,,,,32.9,17.8,-0.00050972,,
7472dd1e-2bed-4fc9-8288-ce97bc0e71b4,Pressure,30,29,1,Real Madrid,Luka Modrić,Right Center Midfield,0,Real Madrid,Liverpool,86.6,63.9,,,,,,,,,,,,,,,
d5c27a71-d009-4920-ab55-60b30fd8b70a,Pass,30,29,1,Liverpool,Jordan Brian Henderson,Center Defensive Midfield,1,Real Madrid,Liverpool,32.9,17.8,Roberto Firmino Barbosa de Oliveira,,,Low Pass,Right Foot,64.0,20.9,0.0105949,0.01685596,0.006261059999999999,,,,,
3f23e239-6d0a-439d-9ade-ff9ef54997f2,Ball Receipt*,30,31,1,Liverpool,Roberto Firmino Barbosa de Oliveira,Center Forward,0,Real Madrid,Liverpool,64.0,20.9,,,,,,,,,,,,,,,
bbdf22de-e886-48f2-a588-201121a87829,Pass,30,31,1,Liverpool,Roberto Firmino Barbosa de Oliveira,Center Forward,0,Real Madrid,Liverpool,64.0,20.9,Adam David Lallana,,,Low Pass,Other,63.0,32.5,0.01685596,0.01689528,3.931999999999894e-05,,,,,
ace78ac6-0cec-4a3b-9cdf-0e9b6c454fae,Ball Receipt*,30,33,1,Liverpool,Adam David Lallana,Right Wing,0,Real Madrid,Liverpool,63.0,32.5,,,,,,,,,,,,,,,
00556360-1072-4a64-a50d-9f1eedc610db,Pass,30,33,1,Liverpool,Adam David Lallana,Right Wing,0,Real Madrid,Liverpool,63.6,32.9,Sadio Mané,Incomplete,,Ground Pass,Right Foot,71.3,42.9,0.01689528,0.0199707,0.003075420000000002,,,,,
939b395f-84c8-454b-909f-b1ea9243c1e4,Ball Receipt*,30,33,1,Liverpool,Sadio Mané,Left Wing,0,Real Madrid,Liverpool,77.7,47.6,,,,,,,,,,,,,,,
2dee076a-32be-4f16-9f7b-2513d46d000a,Interception,30,33,1,Real Madrid,Marcelo Vieira da Silva Júnior,Left Back,0,Real Madrid,Liverpool,48.8,37.2,,,,,,,,,,,,,,,
90b3e1f1-e23e-41c6-a60b-7d4be3926b86,Carry,30,33,1,Real Madrid,Marcelo Vieira da Silva Júnior,Left Back,0,Real Madrid,Liverpool,48.8,37.2,,,,,,,,,,,43.2,41.2,0.0,,
6e5a519d-c0e6-4672-b0a1-1fdb4f494a4e,Pass,30,38,1,Real Madrid,Marcelo Vieira da Silva Júnior,Left Back,0,Real Madrid,Liverpool,43.2,41.2,Raphaël Varane,,,Ground Pass,Right Foot,32.7,56.7,0.01262646,0.01110462,-0.00152184,,,,,
9067d7af-5966-45f9-8035-bbb964b6d8df,Ball Receipt*,30,39,1,Real Madrid,Raphaël Varane,Right Center Back,0,Real Madrid,Liverpool,32.7,56.7,,,,,,,,,,,,,,,
93be3d15-cd0a-49fe-bd87-c638d2c2b093,Carry,30,39,1,Real Madrid,Raphaël Varane,Right Center Back,0,Real Madrid,Liverpool,32.7,56.7,,,,,,,,,,,32.4,57.4,0.0,,
0d8912c1-4ef1-4a3d-b50f-de404c86e29f,Pass,30,40,1,Real Madrid,Raphaël Varane,Right Center Back,0,Real Madrid,Liverpool,32.4,57.4,Daniel Carvajal Ramos,,,Ground Pass,Left Foot,41.5,73.7,0.01110462,0.01126267,0.0001580499999999999,,,,,
4d026e40-33ff-4426-a6a5-289b960f34ab,Ball Receipt*,30,41,1,Real Madrid,Daniel Carvajal Ramos,Right Back,0,Real Madrid,Liverpool,41.5,73.7,,,,,,,,,,,,,,,
26819548-6f9f-4340-b0d5-daf5115e7a82,Carry,30,41,1,Real Madrid,Daniel Carvajal Ramos,Right Back,0,Real Madrid,Liverpool,41.5,73.7,,,,,,,,,,,42.7,74.0,0.0,,
e292cd17-c2a6-42b1-87b2-8a7651ec6ee6,Pass,30,43,1,Real Madrid,Daniel Carvajal Ramos,Right Back,0,Real Madrid,Liverpool,42.7,74.0,Raphaël Varane,,,Ground Pass,Right Foot,30.2,65.0,0.01126267,0.0105949,-0.0006677699999999998,,,,,
0f0d0e3c-dcc3-4792-b425-d1a995214f17,Ball Receipt*,30,45,1,Real Madrid,Raphaël Varane,Right Center Back,0,Real Madrid,Liverpool,30.2,65.0,,,,,,,,,,,,,,,
0b5ac5ae-221f-4ee3-8b16-2f4f3520196a,Carry,30,45,1,Real Madrid,Raphaël Varane,Right Center Back,0,Real Madrid,Liverpool,30.2,65.0,,,,,,,,,,,31.0,63.2,0.0,,
f339130d-833c-4467-802d-20e14fe1fe22,Pass,30,46,1,Real Madrid,Raphaël Varane,Right Center Back,0,Real Madrid,Liverpool,31.0,63.2,Sergio Ramos García,,,Ground Pass,Right Foot,27.9,34.5,0.0105949,0.01016549,-0.0004294100000000016,,,,,
fcbb2de4-b3fa-4921-ad33-4122e94b520b,Ball Receipt*,30,47,1,Real Madrid,Sergio Ramos García,Left Center Back,0,Real Madrid,Liverpool,27.9,34.5,,,,,,,,,,,,,,,
8aa52707-5304-47dc-8ff8-6e237d2c1eff,Carry,30,47,1,Real Madrid,Sergio Ramos García,Left Center Back,0,Real Madrid,Liverpool,27.9,34.5,,,,,,,,,,,27.5,32.7,0.0,,
a7da4f9c-b44c-4b3e-966f-30c6ffd4f076,Pass,30,49,1,Real Madrid,Sergio Ramos García,Left Center Back,0,Real Madrid,Liverpool,27.5,32.7,Toni Kroos,,,Ground Pass,Right Foot,43.6,28.7,0.01016549,0.01269174,0.002526250000000001,,,,,
c6a6848f-0a73-46b8-9271-0c62d577755b,Ball Receipt*,30,50,1,Real Madrid,Toni Kroos,Left Center Midfield,0,Real Madrid,Liverpool,43.6,28.7,,,,,,,,,,,,,,,
4602df24-7c57-4340-bdf8-be7388521767,Carry,30,50,1,Real Madrid,Toni Kroos,Left Center Midfield,0,Real Madrid,Liverpool,43.6,28.7,,,,,,,,,,,41.7,26.8,0.0,,
887cfe10-6187-4a36-8674-af2e9b751696,Pass,30,50,1,Real Madrid,Toni Kroos,Left Center Midfield,0,Real Madrid,Liverpool,41.7,26.8,Marcelo Vieira da Silva Júnior,,,Ground Pass,Left Foot,43.6,5.6,0.01269174,0.01126267,-0.001429069999999999,,,,,
9fe909d5-7c08-431c-a6d1-b8d4d75f3aa8,Ball Receipt*,30,52,1,Real Madrid,Marcelo Vieira da Silva Júnior,Left Back,0,Real Madrid,Liverpool,43.6,5.6,,,,,,,,,,,,,,,
1bbbb324-984e-4ada-9730-c4a3291e2776,Carry,30,52,1,Real Madrid,Marcelo Vieira da Silva Júnior,Left Back,0,Real Madrid,Liverpool,43.6,5.6,,,,,,,,,,,42.7,5.6,0.0,,
6d6c6224-423d-4038-83d8-cf4daeed148f,Pass,30,53,1,Real Madrid,Marcelo Vieira da Silva Júnior,Left Back,0,Real Madrid,Liverpool,42.7,5.6,Toni Kroos,,,Ground Pass,Left Foot,49.2,12.9,0.01126267,0.01214719,0.0008845199999999998,,,,,
c59ca883-1089-4c8e-a68e-3fb47ada48e1,Ball Receipt*,30,54,1,Real Madrid,Toni Kroos,Left Center Midfield,0,Real Madrid,Liverpool,49.2,12.9,,,,,,,,,,,,,,,
924a7871-b108-4e4f-80c8-8a57c7d98173,Carry,30,54,1,Real Madrid,Toni Kroos,Left Center Midfield,0,Real Madrid,Liverpool,49.2,12.9,,,,,,,,,,,61.2,15.6,0.003970940000000001,,
eb3c402d-5fe7-4868-848e-752767e3a599,Pass,30,56,1,Real Madrid,Toni Kroos,Left Center Midfield,0,Real Madrid,Liverpool,61.2,15.6,Karim Benzema,,,Ground Pass,Right Foot,92.0,21.1,0.01611813,0.02855202,0.01243389,,,,,
a2711d32-84aa-4de3-8ab1-b36c78af5d91,Ball Receipt*,30,58,1,Real Madrid,Karim Benzema,Right Center Forward,0,Real Madrid,Liverpool,92.0,21.1,,,,,,,,,,,,,,,
869bb12e-62bf-4cd8-8de2-425b0e96e80e,Carry,30,58,1,Real Madrid,Karim Benzema,Right Center Forward,0,Real Madrid,Liverpool,92.0,21.1,,,,,,,,,,,93.0,23.1,0.0,,
2406a50f-98f8-44d6-ae2f-e063bc5ab77a,Pass,31,0,1,Real Madrid,Karim Benzema,Right Center Forward,0,Real Madrid,Liverpool,93.0,23.1,Luka Modrić,,,Ground Pass,Right Foot,99.0,55.4,0.02855202,0.02855202,0.0,,,,,
c7867659-1688-44b2-8822-320196e1046e,Ball Receipt*,31,1,1,Real Madrid,Luka Modrić,Right Center Midfield,0,Real Madrid,Liverpool,99.0,55.4,,,,,,,,,,,,,,,
1a58ac94-eab7-4549-86ed-4b3106b7a5e2,Carry,31,1,1,Real Madrid,Luka Modrić,Right Center Midfield,1,Real Madrid,Liverpool,99.0,55.4,,,,,,,,,,,107.1,53.2,0.02635936,,
1e20f36e-2c3b-408e-b3c2-612b0c2d08e2,Pressure,31,2,1,Liverpool,Andrew Robertson,Left Back,0,Real Madrid,Liverpool,15.6,30.3,,,,,,,,,,,,,,,
e8c20962-0eef-4066-97ce-dcaad4f70b52,Shot,31,3,1,Real Madrid,Luka Modrić,Right Center Midfield,0,Real Madrid,Liverpool,107.1,53.2,,,,,,,,,,,,,,0.03428409,Blocked
16ffae57-35f2-4b2c-927c-222deffaa0d5,Block,31,4,1,Liverpool,Andrew Robertson,Left Back,0,Real Madrid,Liverpool,11.9,28.0,,,,,,,,,,,,,,,
cb7f3cfe-ac38-4e25-97ac-55ef22402862,Goal Keeper,31,4,1,Liverpool,Loris Karius,Goalkeeper,0,Real Madrid,Liverpool,2.4,35.6,,,,,,,,,,,,,,,
672dd8e0-f17f-4e3b-8534-7bf767d59da5,Pass,31,13,1,Real Madrid,Daniel Carvajal Ramos,Right Back,0,Real Madrid,Liverpool,104.2,80.0,Luka Modrić,,Throw-in,Low Pass,,102.7,75.4,0.03485072,0.03485072,0.0,,,,,
5eb3f63a-75f2-436c-a00d-3ed739992bef,Pressure,31,14,1,Liverpool,Adam David Lallana,Right Wing,0,Real Madrid,Liverpool,14.6,4.9,,,,,,,,,,,,,,,
f0307f18-ae93-48e8-9055-1affe770b0ba,Ball Receipt*,31,14,1,Real Madrid,Luka Modrić,Right Center Midfield,1,Real Madrid,Liverpool,102.7,75.4,,,,,,,,,,,,,,,
4795a158-5182-4d0e-853b-5bb741af80ec,Carry,31,14,1,Real Madrid,Luka Modrić,Right Center Midfield,1,Real Madrid,Liverpool,102.7,75.4,,,,,,,,,,,104.1,78.0,0.0,,
5a685670-7609-400d-8b7a-396067f49e4f,Dispossessed,31,14,1,Real Madrid,Luka Modrić,Right Center Midfield,1,Real Madrid,Liverpool,104.1,78.0,,,,,,,,,,,,,,,
f4ef81dd-e41f-4d43-9814-1cb88a7b385a,Duel,31,14,1,Liverpool,Adam David Lallana,Right Wing,1,Real Madrid,Liverpool,16.0,2.1,,,,,,,,,,,,,,,
69b7af78-f21c-4d3f-a06b-bbb369e6a7b4,Pass,31,24,1,Real Madrid,Daniel Carvajal Ramos,Right Back,0,Real Madrid,Liverpool,102.1,80.0,Raphaël Varane,,Throw-in,Low Pass,,75.9,76.1,0.03485072,0.0174506,-0.01740012,,,,,
7097aded-ba88-4533-9dd9-f1223609a92f,Ball Receipt*,31,26,1,Real Madrid,Raphaël Varane,Right Center Back,0,Real Madrid,Liverpool,75.9,76.1,,,,,,,,,,,,,,,
5d2d95e8-efa7-4cd3-afb6-197673d4838e,Carry,31,26,1,Real Madrid,Raphaël Varane,Right Center Back,0,Real Madrid,Liverpool,75.9,76.1,,,,,,,,,,,71.0,74.9,0.0,,
a3f44e7d-17e1-4aec-88b4-f23cfbf0b844,Pass,31,27,1,Real Madrid,Raphaël Varane,Right Center Back,0,Real Madrid,Liverpool,71.0,74.9,Toni Kroos,,,Ground Pass,Left Foot,69.8,55.0,0.0174506,0.01685596,-0.0005946400000000004,,,,,
45009d6a-db93-4651-8d33-a369b8462415,Ball Receipt*,31,28,1,Real Madrid,Toni Kroos,Left Center Midfield,0,Real Madrid,Liverpool,69.8,55.0,,,,,,,,,,,,,,,
b3f33783-d836-4fdc-a359-e39a2029dfd4,Carry,31,28,1,Real Madrid,Toni Kroos,Left Center Midfield,0,Real Madrid,Liverpool,69.8,55.0,,,,,,,,,,,76.5,44.3,0.003114740000000001,,
36006dca-a43a-43c1-820e-12a112a1419d,Pass,31,32,1,Real Madrid,Toni Kroos,Left Center Midfield,0,Real Madrid,Liverpool,76.5,44.3,Sergio Ramos García,,,Ground Pass,Right Foot,70.0,24.4,0.0199707,0.01935132,-0.0006193799999999992,,,,,
02f302da-f4e3-4ba4-a104-179604c74e0b,Ball Receipt*,31,33,1,Real Madrid,Sergio Ramos García,Left Center Back,0,Real Madrid,Liverpool,70.0,24.4,,,,,,,,,,,,,,,
26f54d37-f7a6-4d35-a66e-66ab4d772769,Carry,31,33,1,Real Madrid,Sergio Ramos García,Left Center Back,0,Real Madrid,Liverpool,70.0,24.4,,,,,,,,,,,70.1,23.1,0.0,,
a2697d9a-2d46-433e-a617-0e16d00f2462,Pass,31,34,1,Real Madrid,Sergio Ramos García,Left Center Back,0,Real Madrid,Liverpool,70.1,23.1,Marcelo Vieira da Silva Júnior,,,Ground Pass,Right Foot,76.9,7.3,0.01935132,0.0174506,-0.001900720000000002,,,,,
c6f01625-8dd5-43de-8cdf-6d75402f6fdd,Ball Receipt*,31,34,1,Real Madrid,Marcelo Vieira da Silva Júnior,Left Back,0,Real Madrid,Liverpool,76.9,7.3,,,,,,,,,,,,,,,
3536fa72-9ab8-4cea-8ed7-d4be4163f66b,Carry,31,34,1,Real Madrid,Marcelo Vieira da Silva Júnior,Left Back,1,Real Madrid,Liverpool,76.9,7.3,,,,,,,,,,,77.9,7.9,0.0,,
255629ae-a093-4166-9957-148f7d781833,Pressure,31,35,1,Liverpool,Sadio Mané,Left Wing,0,Real Madrid,Liverpool,40.5,71.4,,,,,,,,,,,,,,,
a48f288a-c87c-4419-9793-0bab8683cc2c,Pass,31,35,1,Real Madrid,Marcelo Vieira da Silva Júnior,Left Back,1,Real Madrid,Liverpool,77.9,7.9,Sergio Ramos García,,,Ground Pass,Left Foot,62.6,13.4,0.0174506,0.01611813,-0.001332469999999999,,,,,
166e7894-f922-4b57-85c0-96ba9e9eece9,Ball Receipt*,31,36,1,Real Madrid,Sergio Ramos García,Left Center Back,0,Real Madrid,Liverpool,62.6,13.4,,,,,,,,,,,,,,,
2c9a0867-f43d-4275-8c90-93f4331f11ac,Carry,31,36,1,Real Madrid,Sergio Ramos García,Left Center Back,0,Real Madrid,Liverpool,62.6,13.4,,,,,,,,,,,55.3,12.1,-0.002272730000000001,,
ffdb596f-6376-427a-a8ff-8f850cee5bc7,Pass,31,38,1,Real Madrid,Sergio Ramos García,Left Center Back,0,Real Madrid,Liverpool,55.3,12.1,Raphaël Varane,,,Ground Pass,Right Foot,50.1,49.8,0.0138454,0.01484598,0.001000579999999999,,,,,
2f316a13-438c-475c-b2d8-c12af494d0f8,Ball Receipt*,31,41,1,Real Madrid,Raphaël Varane,Right Center Back,0,Real Madrid,Liverpool,50.1,49.8,,,,,,,,,,,,,,,
5600fb24-497a-4952-88ba-55512d9efc91,Carry,31,41,1,Real Madrid,Raphaël Varane,Right Center Back,0,Real Madrid,Liverpool,50.1,49.8,,,,,,,,,,,50.1,51.2,-0.0005547,,
7062c012-6d9c-4d89-833c-b91c427676ed,Tactical Shift,31,41,1,Liverpool,,,0,Real Madrid,Liverpool,,,,,,,,,,,,,,,,,
49b7a0b1-95aa-4753-b7a3-a6358a602b58,Pass,31,42,1,Real Madrid,Raphaël Varane,Right Center Back,0,Real Madrid,Liverpool,50.1,51.2,Luka Modrić,,,Low Pass,Right Foot,63.5,76.6,0.01429128,0.01473596,0.0004446799999999994,,,,,
b3f7a211-f36e-4eb1-9c43-f5118385fa39,Pressure,31,43,1,Liverpool,Adam David Lallana,Left Wing,0,Real Madrid,Liverpool,55.1,6.4,,,,,,,,,,,,,,,
e237eefb-e933-4f5b-b4dc-6810b7c96e49,Ball Receipt*,31,43,1,Real Madrid,Luka Modrić,Right Center Midfield,1,Real Madrid,Liverpool,63.5,76.6,,,,,,,,,,,,,,,
76a1786e-c73b-45d1-b24f-3655e827230b,Carry,31,43,1,Real Madrid,Luka Modrić,Right Center Midfield,1,Real Madrid,Liverpool,63.5,76.6,,,,,,,,,,,65.0,77.0,0.0,,
22f6c9a1-10c3-47d0-b08d-37ad88eb776b,Dribbled Past,31,43,1,Liverpool,Adam David Lallana,Left Wing,0,Real Madrid,Liverpool,55.1,3.1,,,,,,,,,,,,,,,
9f242642-e0cd-4e71-bd42-2ec5721e34d7,Dribble,31,43,1,Real Madrid,Luka Modrić,Right Center Midfield,1,Real Madrid,Liverpool,65.0,77.0,,,,,,,,,,,,,,,
9b9cc2ea-10ad-441e-a0e8-ed17dbcd1251,Carry,31,43,1,Real Madrid,Luka Modrić,Right Center Midfield,1,Real Madrid,Liverpool,65.0,77.0,,,,,,,,,,,71.7,60.2,0.00396751,,
55f6b8d2-9f91-4ea7-a0fd-63f0f82aad96,Pressure,31,45,1,Liverpool,James Philip Milner,Left Center Midfield,0,Real Madrid,Liverpool,52.5,4.0,,,,,,,,,,,,,,,
729b8004-a5ac-44a1-94f2-5df62ec4c2e8,Pass,31,48,1,Real Madrid,Luka Modrić,Right Center Midfield,0,Real Madrid,Liverpool,71.7,60.2,Carlos Henrique Casimiro,,,Ground Pass,Right Foot,64.3,47.5,0.01870347,0.01689528,-0.001808190000000001,,,,,
2e0745c6-fa5c-4e28-852e-92dd150c80aa,Ball Receipt*,31,49,1,Real Madrid,Carlos Henrique Casimiro,Center Defensive Midfield,0,Real Madrid,Liverpool,64.3,47.5,,,,,,,,,,,,,,,
b87c19d0-bf2c-4548-9306-295d75f70178,Pass,31,49,1,Real Madrid,Carlos Henrique Casimiro,Center Defensive Midfield,0,Real Madrid,Liverpool,65.4,47.2,Toni Kroos,,,Ground Pass,Right Foot,62.9,34.5,0.01689528,0.01689528,0.0,,,,,
62ca85dd-2167-4c6c-bd3c-f51a53cf1530,Ball Receipt*,31,50,1,Real Madrid,Toni Kroos,Left Center Midfield,0,Real Madrid,Liverpool,62.9,34.5,,,,,,,,,,,,,,,
0390312a-ec9d-4739-9fde-4e98ef95de92,Carry,31,50,1,Real Madrid,Toni Kroos,Left Center Midfield,0,Real Madrid,Liverpool,62.9,34.5,,,,,,,,,,,63.6,32.3,0.0,,
ce1e4ba8-e4ed-494c-9509-45101afdb6db,Pass,31,51,1,Real Madrid,Toni Kroos,Left Center Midfield,0,Real Madrid,Liverpool,63.6,32.3,Francisco Román Alarcón Suárez,,,Low Pass,Left Foot,81.0,21.8,0.01689528,0.0241224,0.00722712,,,,,
e3775d6e-42b4-4ab7-a88d-afe5259c93ce,Ball Receipt*,31,52,1,Real Madrid,Francisco Román Alarcón Suárez,Center Attacking Midfield,0,Real Madrid,Liverpool,81.0,21.8,,,,,,,,,,,,,,,
17b16d84-29ea-488a-9f8f-756d542859a3,Carry,31,52,1,Real Madrid,Francisco Román Alarcón Suárez,Center Attacking Midfield,0,Real Madrid,Liverpool,81.0,21.8,,,,,,,,,,,81.0,21.8,0.0,,
acb7369d-6815-431f-b55f-c5405661be4f,Pass,31,53,1,Real Madrid,Francisco Román Alarcón Suárez,Center Attacking Midfield,0,Real Madrid,Liverpool,81.0,21.8,Cristiano Ronaldo dos Santos Aveiro,,,Ground Pass,Left Foot,91.1,10.7,0.0241224,0.02953272,0.00541032,,,,,
680ebbf3-411b-4296-8ade-44e68a0c1da3,Ball Receipt*,31,54,1,Real Madrid,Cristiano Ronaldo dos Santos Aveiro,Left Center Forward,0,Real Madrid,Liverpool,91.1,10.7,,,,,,,,,,,,,,,
bbbfe7cf-2701-4f2d-b46b-36ed9c01ad9d,Carry,31,54,1,Real Madrid,Cristiano Ronaldo dos Santos Aveiro,Left Center Forward,1,Real Madrid,Liverpool,91.1,10.7,,,,,,,,,,,97.6,13.5,0.0,,
7fce35ed-cb9e-4f35-956e-74a78f2c8b8d,Pressure,31,55,1,Liverpool,Georginio Wijnaldum,Right Center Midfield,0,Real Madrid,Liverpool,27.0,58.4,,,,,,,,,,,,,,,
1d0e319f-f365-41ce-963d-621517b7ba16,Pass,31,56,1,Real Madrid,Cristiano Ronaldo dos Santos Aveiro,Left Center Forward,1,Real Madrid,Liverpool,97.6,13.5,Marcelo Vieira da Silva Júnior,,,Ground Pass,Right Foot,111.4,11.5,0.02953272,0.04647721,0.01694449,,,,,
e428ea06-df89-41ce-9390-0bdaf2c35d63,Pressure,31,57,1,Liverpool,Trent Alexander-Arnold,Right Back,0,Real Madrid,Liverpool,12.7,62.6,,,,,,,,,,,,,,,
e5d791e1-3a46-4a66-9738-ccc70b927d6c,Ball Receipt*,31,58,1,Real Madrid,Marcelo Vieira da Silva Júnior,Left Back,1,Real Madrid,Liverpool,111.4,11.5,,,,,,,,,,,,,,,
0ac68b6d-1729-4945-9198-c718c9fad14b,Pass,31,58,1,Real Madrid,Marcelo Vieira da Silva Júnior,Left Back,1,Real Madrid,Liverpool,109.3,13.5,Cristiano Ronaldo dos Santos Aveiro,,,Low Pass,Left Foot,105.4,28.2,0.04066992,0.05491138,0.01424146,,,,,
95584b39-a877-43a6-b491-718fa7046731,Ball Receipt*,31,58,1,Real Madrid,Cristiano Ronaldo dos Santos Aveiro,Left Center Forward,0,Real Madrid,Liverpool,105.4,28.2,,,,,,,,,,,,,,,
63484089-3110-4eba-88c1-59e16bd58c32,Carry,31,58,1,Real Madrid,Cristiano Ronaldo dos Santos Aveiro,Left Center Forward,0,Real Madrid,Liverpool,105.4,28.2,,,,,,,,,,,105.4,28.2,0.0,,
608448b3-7627-4d5f-b4e1-ccea55468f09,Miscontrol,31,59,1,Real Madrid,Cristiano Ronaldo dos Santos Aveiro,Left Center Forward,0,Real Madrid,Liverpool,105.4,28.2,,,,,,,,,,,,,,,
03fa6591-87aa-4e1d-860d-882a53f809b1,Ball Recovery,31,59,1,Real Madrid,Karim Benzema,Right Center Forward,0,Real Madrid,Liverpool,109.3,32.0,,,,,,,,,,,,,,,
4cb0a71a-2a5a-4e8a-9ff5-8b16a02d7dc3,Carry,31,59,1,Real Madrid,Karim Benzema,Right Center Forward,0,Real Madrid,Liverpool,109.3,32.0,,,,,,,,,,,108.8,32.4,0.0,,
02f0755f-76cf-4d30-8062-369dc9509bdd,Shot,32,0,1,Real Madrid,Karim Benzema,Right Center Forward,0,Real Madrid,Liverpool,108.8,32.4,,,,,,,,,,,,,,0.0959495,Blocked
44abc64d-47f7-418d-9d64-8705b858b212,Block,32,0,1,Liverpool,Virgil van Dijk,Left Center Back,0,Real Madrid,Liverpool,9.6,46.6,,,,,,,,,,,,,,,
f565c273-12d2-449b-8f80-dc74d497315f,Goal Keeper,32,0,1,Liverpool,Loris Karius,Goalkeeper,0,Real Madrid,Liverpool,1.7,42.3,,,,,,,,,,,,,,,
cd8befbf-9df6-4032-a19a-fbbeb365dbc8,Clearance,32,1,1,Liverpool,James Philip Milner,Left Center Midfield,1,Real Madrid,Liverpool,11.5,42.6,,,,,,,,,,,,,,,
3ffae36c-612f-445a-acc9-62525bae2f7c,Pass,32,7,1,Real Madrid,Daniel Carvajal Ramos,Right Back,0,Real Madrid,Liverpool,83.8,80.0,Luka Modrić,,Throw-in,Low Pass,,84.4,69.2,0.02122129,0.02401521,0.002793919999999998,,,,,
0397b075-b449-431f-be10-94490935844c,Ball Receipt*,32,8,1,Real Madrid,Luka Modrić,Right Center Midfield,0,Real Madrid,Liverpool,84.4,69.2,,,,,,,,,,,,,,,
d2a0d87b-d39f-4ef7-bb4d-97fb0a035ded,Pass,32,8,1,Real Madrid,Luka Modrić,Right Center Midfield,0,Real Madrid,Liverpool,83.8,69.0,Daniel Carvajal Ramos,,,Low Pass,Right Foot,84.8,78.8,0.02401521,0.02122129,-0.002793919999999998,,,,,
e6b40ad3-8c1b-42fd-a6a3-c199a421de35,Ball Receipt*,32,9,1,Real Madrid,Daniel Carvajal Ramos,Right Back,0,Real Madrid,Liverpool,84.8,78.8,,,,,,,,,,,,,,,
cc736c10-1c2c-49f2-ac77-c73d8c1c0aaf,Carry,32,9,1,Real Madrid,Daniel Carvajal Ramos,Right Back,0,Real Madrid,Liverpool,84.8,78.8,,,,,,,,,,,77.4,73.7,-0.00377069,,
07d79a94-292a-417a-ae6c-4d9bef1c1b30,Pass,32,12,1,Real Madrid,Daniel Carvajal Ramos,Right Back,0,Real Madrid,Liverpool,77.4,73.7,Toni Kroos,,,Low Pass,Right Foot,65.7,41.2,0.0174506,0.01689528,-0.0005553200000000015,,,,,
2ab71c41-5321-417e-8839-740bec988bec,Ball Receipt*,32,14,1,Real Madrid,Toni Kroos,Left Center Midfield,0,Real Madrid,Liverpool,65.7,41.2,,,,,,,,,,,,,,,
7c75c582-940f-4760-8b13-96f9500a6fbb,Carry,32,14,1,Real Madrid,Toni Kroos,Left Center Midfield,0,Real Madrid,Liverpool,65.7,41.2,,,,,,,,,,,67.6,36.5,0.0,,
537f5276-ec55-4da7-bdde-7e481a61633c,Pass,32,16,1,Real Madrid,Toni Kroos,Left Center Midfield,0,Real Madrid,Liverpool,67.6,36.5,Marcelo Vieira da Silva Júnior,,,High Pass,Right Foot,91.7,6.0,0.01689528,0.02756312,0.01066784,,,,,
5c8ff537-3ba7-4236-b960-9ec48998db45,Ball Receipt*,32,18,1,Real Madrid,Marcelo Vieira da Silva Júnior,Left Back,0,Real Madrid,Liverpool,91.7,6.0,,,,,,,,,,,,,,,
cec7c99c-effe-4931-8254-ff9106ef3d7a,Carry,32,18,1,Real Madrid,Marcelo Vieira da Silva Júnior,Left Back,0,Real Madrid,Liverpool,91.7,6.0,,,,,,,,,,,92.1,13.5,0.001969599999999998,,
5771b8b4-559e-4ff0-b977-d84eb5799c28,Pass,32,21,1,Real Madrid,Marcelo Vieira da Silva Júnior,Left Back,0,Real Madrid,Liverpool,92.1,13.5,Francisco Román Alarcón Suárez,,,Low Pass,Left Foot,84.8,6.4,0.02953272,0.02122129,-0.008311429999999998,,,,,
7d2f1bca-7fbd-4459-98af-b6444975dff3,Ball Receipt*,32,21,1,Real Madrid,Francisco Román Alarcón Suárez,Center Attacking Midfield,0,Real Madrid,Liverpool,84.8,6.4,,,,,,,,,,,,,,,
86c3a602-e418-44ab-b4d7-c0114a953f02,Carry,32,21,1,Real Madrid,Francisco Román Alarcón Suárez,Center Attacking Midfield,0,Real Madrid,Liverpool,84.8,6.4,,,,,,,,,,,84.8,10.7,0.002793919999999998,,
092e196a-06a5-4561-9f0a-e8ced3b3a701,Dispossessed,32,24,1,Real Madrid,Francisco Román Alarcón Suárez,Center Attacking Midfield,1,Real Madrid,Liverpool,84.8,10.7,,,,,,,,,,,,,,,
162138a5-3464-4ed7-947b-5930c9588120,Duel,32,24,1,Liverpool,Sadio Mané,Right Wing,1,Real Madrid,Liverpool,35.3,69.4,,,,,,,,,,,,,,,
59d2c891-e014-4895-895a-73ed7c104da3,Carry,32,24,1,Liverpool,Sadio Mané,Right Wing,1,Real Madrid,Liverpool,35.3,69.4,,,,,,,,,,,41.7,68.1,0.00155229,,
08b5f43a-aa5c-43c4-9514-640c5d2f1daf,Pressure,32,25,1,Real Madrid,Sergio Ramos García,Left Center Back,0,Real Madrid,Liverpool,75.9,12.8,,,,,,,,,,,,,,,
a3e53193-3308-4523-8705-17bcf6d1177d,Dribbled Past,32,26,1,Real Madrid,Sergio Ramos García,Left Center Back,0,Real Madrid,Liverpool,78.4,12.0,,,,,,,,,,,,,,,
6d49d572-9808-4a4b-90f7-99f39b3474d3,Dribble,32,26,1,Liverpool,Sadio Mané,Right Wing,1,Real Madrid,Liverpool,41.7,68.1,,,,,,,,,,,,,,,
73155715-ab04-4360-aec4-350fcba48503,Pressure,32,27,1,Liverpool,Sadio Mané,Right Wing,0,Real Madrid,Liverpool,48.7,68.9,,,,,,,,,,,,,,,
6d12ba66-eaf4-43c7-84eb-bdaa2c60c109,Ball Recovery,32,27,1,Real Madrid,Carlos Henrique Casimiro,Center Defensive Midfield,1,Real Madrid,Liverpool,65.0,10.1,,,,,,,,,,,,,,,
9fa4fa0e-13e2-4e9e-ae21-17b9608869f8,Carry,32,27,1,Real Madrid,Carlos Henrique Casimiro,Center Defensive Midfield,1,Real Madrid,Liverpool,65.0,10.1,,,,,,,,,,,62.5,5.6,-0.001382170000000002,,
2ccb4e06-2672-4428-adad-4fc64b0bb04c,Foul Committed,32,29,1,Liverpool,Sadio Mané,Right Wing,0,Real Madrid,Liverpool,57.6,74.5,,,,,,,,,,,,,,,
691bb2df-d6ee-49ef-a478-acdce9a46bda,Foul Won,32,29,1,Real Madrid,Carlos Henrique Casimiro,Center Defensive Midfield,1,Real Madrid,Liverpool,62.5,5.6,,,,,,,,,,,,,,,
366fd93e-31e5-4f0b-86e6-809586735177,Pass,32,37,1,Real Madrid,Carlos Henrique Casimiro,Center Defensive Midfield,0,Real Madrid,Liverpool,63.5,5.6,Sergio Ramos García,,Free Kick,Ground Pass,Right Foot,50.2,12.4,0.01473596,0.0138454,-0.0008905599999999986,,,,,
ead5aca6-ecd2-47e9-b01c-d3d12afbf56a,Ball Receipt*,32,37,1,Real Madrid,Sergio Ramos García,Left Center Back,0,Real Madrid,Liverpool,50.2,12.4,,,,,,,,,,,,,,,
ccdf6a29-d11e-4582-a8b1-a322c9522914,Pass,32,41,1,Real Madrid,Sergio Ramos García,Left Center Back,0,Real Madrid,Liverpool,45.8,23.1,Toni Kroos,,,Ground Pass,Right Foot,56.0,20.3,0.01269174,0.01429128,0.00159954,,,,,
0f9bd583-d082-488f-a7fa-de264c6ee2e2,Ball Receipt*,32,41,1,Real Madrid,Toni Kroos,Left Center Midfield,0,Real Madrid,Liverpool,56.0,20.3,,,,,,,,,,,,,,,
10331fba-703f-44ac-a707-cac7e554a173,Carry,32,41,1,Real Madrid,Toni Kroos,Left Center Midfield,0,Real Madrid,Liverpool,56.0,20.3,,,,,,,,,,,57.5,19.0,-0.0004458799999999992,,
dafe92ce-e60d-4e9a-abb9-fd55dbb5d260,Pass,32,44,1,Real Madrid,Toni Kroos,Left Center Midfield,0,Real Madrid,Liverpool,57.5,19.0,Francisco Román Alarcón Suárez,,,Low Pass,Right Foot,76.9,4.6,0.0138454,0.0174506,0.003605199999999999,,,,,
95e49cc4-e494-47e3-96ac-f5c7ed890668,Ball Receipt*,32,45,1,Real Madrid,Francisco Román Alarcón Suárez,Center Attacking Midfield,0,Real Madrid,Liverpool,76.9,4.6,,,,,,,,,,,,,,,
660733ed-a694-4520-82d1-744e30650903,Carry,32,45,1,Real Madrid,Francisco Román Alarcón Suárez,Center Attacking Midfield,0,Real Madrid,Liverpool,76.9,4.6,,,,,,,,,,,77.3,15.6,0.00125287,,
a7462078-eb01-4118-b1e8-2197fdf8d8d6,Pass,32,48,1,Real Madrid,Francisco Román Alarcón Suárez,Center Attacking Midfield,0,Real Madrid,Liverpool,77.3,15.6,Karim Benzema,,,Ground Pass,Right Foot,77.3,26.3,0.01870347,0.01935132,0.0006478500000000019,,,,,
b88e5832-67d2-4c4f-b9c6-550f05dcf1f3,Pressure,32,49,1,Liverpool,Roberto Firmino Barbosa de Oliveira,Center Forward,0,Real Madrid,Liverpool,45.5,55.6,,,,,,,,,,,,,,,
d427c221-8217-4e5a-88f7-eb9d6df0e8a6,Ball Receipt*,32,49,1,Real Madrid,Karim Benzema,Right Center Forward,1,Real Madrid,Liverpool,77.3,26.3,,,,,,,,,,,,,,,
99a42dd0-66a7-4fb6-a794-df7f255ff3a7,Carry,32,49,1,Real Madrid,Karim Benzema,Right Center Forward,1,Real Madrid,Liverpool,77.3,26.3,,,,,,,,,,,77.7,24.4,0.0,,
8a76c2ea-de3d-4fc3-9ea7-c50764c236e1,Pass,32,50,1,Real Madrid,Karim Benzema,Right Center Forward,0,Real Madrid,Liverpool,77.7,24.4,Carlos Henrique Casimiro,,,Ground Pass,Right Foot,71.0,24.5,0.01935132,0.01935132,0.0,,,,,
554857c8-a60f-4f08-a13e-7e7d37451580,Ball Receipt*,32,51,1,Real Madrid,Carlos Henrique Casimiro,Center Defensive Midfield,0,Real Madrid,Liverpool,71.0,24.5,,,,,,,,,,,,,,,
240d36e2-0c7f-41ca-b8a5-80e1f70827be,Pass,32,51,1,Real Madrid,Carlos Henrique Casimiro,Center Defensive Midfield,0,Real Madrid,Liverpool,71.0,23.1,Toni Kroos,,,Ground Pass,Right Foot,70.1,14.9,0.01935132,0.01870347,-0.0006478500000000019,,,,,
e1696a0c-4fb2-4089-ab53-239056d80947,Ball Receipt*,32,52,1,Real Madrid,Toni Kroos,Left Center Midfield,0,Real Madrid,Liverpool,70.1,14.9,,,,,,,,,,,,,,,
44886de4-599d-4570-8653-4c89c2500414,Carry,32,52,1,Real Madrid,Toni Kroos,Left Center Midfield,0,Real Madrid,Liverpool,70.1,14.9,,,,,,,,,,,70.1,14.9,0.0,,
8e09a60e-7e9e-4811-8da1-54400d7e357e,Pass,32,52,1,Real Madrid,Toni Kroos,Left Center Midfield,0,Real Madrid,Liverpool,70.1,14.9,Luka Modrić,,,Ground Pass,Right Foot,66.2,31.4,0.01870347,0.01689528,-0.001808190000000001,,,,,
7ecb1dbd-0b61-4c68-b84d-1efd7bffcf5f,Ball Receipt*,32,54,1,Real Madrid,Luka Modrić,Right Center Midfield,0,Real Madrid,Liverpool,66.2,31.4,,,,,,,,,,,,,,,
5441c077-9d0f-49e7-a734-af12db4b4c3c,Carry,32,54,1,Real Madrid,Luka Modrić,Right Center Midfield,0,Real Madrid,Liverpool,66.2,31.4,,,,,,,,,,,63.6,40.7,0.0,,
990f2e05-82b2-44da-8589-f45edf5be32e,Pass,32,56,1,Real Madrid,Luka Modrić,Right Center Midfield,0,Real Madrid,Liverpool,63.6,40.7,Daniel Carvajal Ramos,,,Low Pass,Right Foot,77.4,73.9,0.01689528,0.0174506,0.0005553200000000015,,,,,
50d0d22e-3c5f-4d54-8314-4b4c7a0329ef,Ball Receipt*,32,58,1,Real Madrid,Daniel Carvajal Ramos,Right Back,0,Real Madrid,Liverpool,77.4,73.9,,,,,,,,,,,,,,,
ff6d42af-ec34-4241-b537-76ea18f04d15,Carry,32,58,1,Real Madrid,Daniel Carvajal Ramos,Right Back,0,Real Madrid,Liverpool,77.4,73.9,,,,,,,,,,,77.7,74.7,0.0,,
7faf4b39-78ef-4ce7-8d86-be931f63556e,Pass,33,0,1,Real Madrid,Daniel Carvajal Ramos,Right Back,0,Real Madrid,Liverpool,77.7,74.7,Karim Benzema,,,Ground Pass,Right Foot,78.1,67.8,0.0174506,0.01870347,0.00125287,,,,,
ac18d4ad-e93a-4647-94b0-1c818bde370a,Ball Receipt*,33,1,1,Real Madrid,Karim Benzema,Right Center Forward,0,Real Madrid,Liverpool,78.1,67.8,,,,,,,,,,,,,,,
c158427b-cad9-480b-84a0-d77a9c3f6433,Carry,33,1,1,Real Madrid,Karim Benzema,Right Center Forward,0,Real Madrid,Liverpool,78.1,67.8,,,,,,,,,,,78.1,67.8,0.0,,
75b9088c-d183-4321-89e7-ae634f879d42,Pass,33,1,1,Real Madrid,Karim Benzema,Right Center Forward,0,Real Madrid,Liverpool,78.1,67.8,Cristiano Ronaldo dos Santos Aveiro,,,Ground Pass,Right Foot,84.6,70.8,0.01870347,0.02122129,0.00251782,,,,,
e77bf3a2-0e10-4a1e-b7e5-1fea27fe8783,Ball Receipt*,33,1,1,Real Madrid,Cristiano Ronaldo dos Santos Aveiro,Left Center Forward,0,Real Madrid,Liverpool,84.6,70.8,,,,,,,,,,,,,,,
8693dbdd-a772-481f-b49f-45695222c3c6,Carry,33,1,1,Real Madrid,Cristiano Ronaldo dos Santos Aveiro,Left Center Forward,0,Real Madrid,Liverpool,84.6,70.8,,,,,,,,,,,84.8,70.8,0.0,,
e2f03a2f-2653-4a7d-aa82-5c5307fc2d17,Pass,33,1,1,Real Madrid,Cristiano Ronaldo dos Santos Aveiro,Left Center Forward,0,Real Madrid,Liverpool,84.8,70.8,Daniel Carvajal Ramos,,,Ground Pass,Right Foot,75.5,77.1,0.02122129,0.0174506,-0.00377069,,,,,
e7c190fa-e2b1-42dd-8f75-f17d7df43304,Ball Receipt*,33,2,1,Real Madrid,Daniel Carvajal Ramos,Right Back,0,Real Madrid,Liverpool,75.5,77.1,,,,,,,,,,,,,,,
a47523e8-1156-4021-ad8d-a51644f41482,Pass,33,2,1,Real Madrid,Daniel Carvajal Ramos,Right Back,0,Real Madrid,Liverpool,75.5,77.1,Luka Modrić,,,Ground Pass,Right Foot,69.1,56.3,0.0174506,0.01685596,-0.0005946400000000004,,,,,
b8d06fdc-2574-4803-a4aa-8d50e82f5789,Ball Receipt*,33,4,1,Real Madrid,Luka Modrić,Right Center Midfield,0,Real Madrid,Liverpool,69.1,56.3,,,,,,,,,,,,,,,
4d17e33f-4ea6-433d-b10e-4ced6b0fefb2,Carry,33,4,1,Real Madrid,Luka Modrić,Right Center Midfield,0,Real Madrid,Liverpool,69.1,56.3,,,,,,,,,,,65.3,56.7,0.0,,
7012c5f5-0558-43eb-ace2-c20339add4bc,Pass,33,5,1,Real Madrid,Luka Modrić,Right Center Midfield,0,Real Madrid,Liverpool,65.3,56.7,Toni Kroos,,,Ground Pass,Right Foot,69.1,30.6,0.01685596,0.01689528,3.931999999999894e-05,,,,,
ebb240b4-a75e-4779-9bf6-c167e0c6b131,Ball Receipt*,33,7,1,Real Madrid,Toni Kroos,Left Center Midfield,0,Real Madrid,Liverpool,69.1,30.6,,,,,,,,,,,,,,,
dc5ce279-b6a3-4c46-bd78-259ffe47b06e,Carry,33,7,1,Real Madrid,Toni Kroos,Left Center Midfield,0,Real Madrid,Liverpool,69.1,30.6,,,,,,,,,,,68.1,34.5,0.0,,
e46c9686-62e6-47c1-88f6-b95015d2ee82,Pass,33,8,1,Real Madrid,Toni Kroos,Left Center Midfield,0,Real Madrid,Liverpool,68.1,34.5,Francisco Román Alarcón Suárez,,,Ground Pass,Right Foot,66.7,39.2,0.01689528,0.01689528,0.0,,,,,
8ebcf200-049f-4192-b3db-eb20a7986757,Ball Receipt*,33,9,1,Real Madrid,Francisco Román Alarcón Suárez,Center Attacking Midfield,0,Real Madrid,Liverpool,66.7,39.2,,,,,,,,,,,,,,,
0674f9d5-b918-4125-ba30-91f3b23f0432,Carry,33,9,1,Real Madrid,Francisco Román Alarcón Suárez,Center Attacking Midfield,0,Real Madrid,Liverpool,66.7,39.2,,,,,,,,,,,66.9,39.7,0.0,,
71c6f074-c28e-401f-8e6b-d23be03c399d,Pass,33,9,1,Real Madrid,Francisco Román Alarcón Suárez,Center Attacking Midfield,0,Real Madrid,Liverpool,66.9,39.7,Sergio Ramos García,,,Ground Pass,Right Foot,62.9,24.6,0.01689528,0.01685596,-3.931999999999894e-05,,,,,
780e1bb2-5b18-4896-bb88-1ee9be16e370,Ball Receipt*,33,10,1,Real Madrid,Sergio Ramos García,Left Center Back,0,Real Madrid,Liverpool,62.9,24.6,,,,,,,,,,,,,,,
2962e0ce-0601-4990-8e65-9f0f6bffe448,Carry,33,10,1,Real Madrid,Sergio Ramos García,Left Center Back,0,Real Madrid,Liverpool,62.9,24.6,,,,,,,,,,,63.2,23.1,0.0,,
55ee351f-9f9e-429c-a429-b2e1fb7efa11,Pass,33,10,1,Real Madrid,Sergio Ramos García,Left Center Back,0,Real Madrid,Liverpool,63.2,23.1,Marcelo Vieira da Silva Júnior,,,Ground Pass,Right Foot,78.1,7.9,0.01685596,0.0174506,0.0005946400000000004,,,,,
8a670ddf-7325-4dd4-9562-1d9fdec49ccc,Ball Receipt*,33,12,1,Real Madrid,Marcelo Vieira da Silva Júnior,Left Back,0,Real Madrid,Liverpool,78.1,7.9,,,,,,,,,,,,,,,
744783af-1b50-4eb6-9eba-16a593c3cb8c,Carry,33,12,1,Real Madrid,Marcelo Vieira da Silva Júnior,Left Back,0,Real Madrid,Liverpool,78.1,7.9,,,,,,,,,,,77.7,8.0,0.0,,
f27caff4-4a7e-4349-8c30-eb56464eeb43,Pass,33,13,1,Real Madrid,Marcelo Vieira da Silva Júnior,Left Back,0,Real Madrid,Liverpool,77.7,8.0,Sergio Ramos García,,,Ground Pass,Left Foot,63.1,12.1,0.0174506,0.01611813,-0.001332469999999999,,,,,
ebab3196-0d4e-4e6d-a444-d13c5fdfc1cd,Ball Receipt*,33,14,1,Real Madrid,Sergio Ramos García,Left Center Back,0,Real Madrid,Liverpool,63.1,12.1,,,,,,,,,,,,,,,
59779f95-7873-475e-b44e-c05249e2a980,Carry,33,14,1,Real Madrid,Sergio Ramos García,Left Center Back,0,Real Madrid,Liverpool,63.1,12.1,,,,,,,,,,,62.9,13.5,0.0,,
9463ba0b-2b99-4657-9e09-55b82631c59b,Pass,33,16,1,Real Madrid,Sergio Ramos García,Left Center Back,0,Real Madrid,Liverpool,62.9,13.5,Daniel Carvajal Ramos,,,High Pass,Right Foot,90.4,74.0,0.01611813,0.02756312,0.01144499,,,,,
5659faf1-83ae-4337-bfa0-74f383ddafea,Ball Receipt*,33,19,1,Real Madrid,Daniel Carvajal Ramos,Right Back,0,Real Madrid,Liverpool,90.4,74.0,,,,,,,,,,,,,,,
7a5b6e36-eca5-4847-b7d5-70befea9815e,Carry,33,19,1,Real Madrid,Daniel Carvajal Ramos,Right Back,1,Real Madrid,Liverpool,90.4,74.0,,,,,,,,,,,88.6,64.6,-0.003547910000000001,,
e341f24f-6b07-4f9a-9d72-bab4bb6bb4c0,Pressure,33,21,1,Liverpool,Andrew Robertson,Left Back,0,Real Madrid,Liverpool,27.6,17.4,,,,,,,,,,,,,,,
ad112215-ebf5-42bd-974c-7969f236465c,Pass,33,22,1,Real Madrid,Daniel Carvajal Ramos,Right Back,1,Real Madrid,Liverpool,88.6,64.6,Cristiano Ronaldo dos Santos Aveiro,,,Ground Pass,Right Foot,99.0,77.7,0.02401521,0.02756312,0.003547910000000001,,,,,
613e81da-2451-4895-a41d-1caf756a9180,Ball Receipt*,33,23,1,Real Madrid,Cristiano Ronaldo dos Santos Aveiro,Left Center Forward,0,Real Madrid,Liverpool,99.0,77.7,,,,,,,,,,,,,,,
9afede4a-4ab8-4f36-90f4-ee98ebf7e6c2,Carry,33,23,1,Real Madrid,Cristiano Ronaldo dos Santos Aveiro,Left Center Forward,0,Real Madrid,Liverpool,99.0,77.7,,,,,,,,,,,99.2,77.6,0.0,,
55d2327c-d8d4-419f-aaae-8872649a577b,Pass,33,23,1,Real Madrid,Cristiano Ronaldo dos Santos Aveiro,Left Center Forward,0,Real Madrid,Liverpool,99.2,77.6,Daniel Carvajal Ramos,,,Ground Pass,Left Foot,109.8,70.6,0.02756312,0.03485072,0.007287600000000002,,,,,
b078c90e-d0e4-48c8-8182-34595e5cc010,Pressure,33,24,1,Liverpool,Andrew Robertson,Left Back,0,Real Madrid,Liverpool,15.9,13.3,,,,,,,,,,,,,,,
0b4d9715-5223-4c8c-ba99-532500e06c01,Ball Receipt*,33,25,1,Real Madrid,Daniel Carvajal Ramos,Right Back,1,Real Madrid,Liverpool,109.8,70.6,,,,,,,,,,,,,,,
8d93f7b0-e57e-457d-ac26-8c5749b16e45,Carry,33,25,1,Real Madrid,Daniel Carvajal Ramos,Right Back,1,Real Madrid,Liverpool,109.8,70.6,,,,,,,,,,,111.4,69.8,0.01162649,,
f47ad710-ffcb-49ba-9c5b-d9c12cf89c33,Pass,33,25,1,Real Madrid,Daniel Carvajal Ramos,Right Back,1,Real Madrid,Liverpool,111.4,69.8,,Incomplete,,Ground Pass,Right Foot,105.0,60.5,0.04647721,0.04066992,-0.00580729,,,,,
08ed15e3-d560-4a21-9a5b-1a551b7b075b,Ball Recovery,33,28,1,Liverpool,Adam David Lallana,Left Wing,0,Real Madrid,Liverpool,15.1,19.6,,,,,,,,,,,,,,,
7c8962a4-0154-4140-b6b9-04e88d99e108,Carry,33,28,1,Liverpool,Adam David Lallana,Left Wing,0,Real Madrid,Liverpool,15.1,19.6,,,,,,,,,,,22.1,20.2,0.001227150000000002,,
04694050-b14b-41cd-b5a8-50bd73337824,Pass,33,30,1,Liverpool,Adam David Lallana,Left Wing,0,Real Madrid,Liverpool,22.1,20.2,Roberto Firmino Barbosa de Oliveira,Incomplete,,High Pass,Right Foot,49.3,14.0,0.01001304,0.01214719,0.00213415,,,,,
f39749d8-0831-48ec-86b5-a3872f4b3da5,Ball Receipt*,33,31,1,Liverpool,Roberto Firmino Barbosa de Oliveira,Center Forward,0,Real Madrid,Liverpool,50.1,13.7,,,,,,,,,,,,,,,
ef339180-abf4-45b3-9f7a-16cf4b1f0f2a,Duel,33,31,1,Liverpool,Roberto Firmino Barbosa de Oliveira,Center Forward,1,Real Madrid,Liverpool,49.3,14.0,,,,,,,,,,,,,,,
30798863-48f6-470d-84c2-eb13ea7cfc0e,Clearance,33,31,1,Real Madrid,Daniel Carvajal Ramos,Right Back,1,Real Madrid,Liverpool,70.8,66.1,,,,,,,,,,,,,,,
b32f507d-7933-4f6a-b9e5-eefbe0e63c7a,Injury Stoppage,34,7,1,Real Madrid,Daniel Carvajal Ramos,Right Back,0,Real Madrid,Liverpool,,,,,,,,,,,,,,,,,
c045b092-91af-40ba-b502-1f3bbbe71f56,Substitution,36,17,1,Real Madrid,Daniel Carvajal Ramos,Right Back,0,Real Madrid,Liverpool,,,,,,,,,,,,,,,,,
c18646c5-5fff-429b-9c47-44b4323df6bc,Pass,36,24,1,Liverpool,Andrew Robertson,Left Back,0,Real Madrid,Liverpool,70.3,0.1,Georginio Wijnaldum,,Throw-in,High Pass,,67.3,27.8,0.0174506,0.01685596,-0.0005946400000000004,,,,,
01a5a47a-a5d9-4492-89ad-b124c70986de,Ball Receipt*,36,26,1,Liverpool,Georginio Wijnaldum,Right Center Midfield,0,Real Madrid,Liverpool,67.3,27.8,,,,,,,,,,,,,,,
7737c6af-e94c-41c3-9ebc-91554afad3a4,Carry,36,26,1,Liverpool,Georginio Wijnaldum,Right Center Midfield,1,Real Madrid,Liverpool,67.3,27.8,,,,,,,,,,,64.8,38.7,3.931999999999894e-05,,
2982328b-e5ca-4316-bf40-c2e96fae1b48,Pressure,36,26,1,Real Madrid,Toni Kroos,Left Center Midfield,0,Real Madrid,Liverpool,49.2,50.9,,,,,,,,,,,,,,,
baf93a19-2a8d-44ab-afbd-2c01b9261e6f,Pass,36,27,1,Liverpool,Georginio Wijnaldum,Right Center Midfield,1,Real Madrid,Liverpool,64.8,38.7,Dejan Lovren,,,Ground Pass,Left Foot,43.2,57.4,0.01689528,0.01269174,-0.004203539999999999,,,,,
e7f0c2eb-0cc3-4d93-a1c2-7a004d64d9c3,Ball Receipt*,36,29,1,Liverpool,Dejan Lovren,Right Center Back,0,Real Madrid,Liverpool,43.2,57.4,,,,,,,,,,,,,,,
1ec90c62-d1b5-4890-bd58-7f86ed304eb9,Carry,36,29,1,Liverpool,Dejan Lovren,Right Center Back,1,Real Madrid,Liverpool,43.2,57.4,,,,,,,,,,,43.1,56.9,0.0,,
d8083e47-dc48-4ea3-8294-6aacd46dd71b,Pressure,36,29,1,Real Madrid,Karim Benzema,Right Center Forward,0,Real Madrid,Liverpool,70.1,30.2,,,,,,,,,,,,,,,
0fe1513b-7670-44fc-bce6-79fe3b332875,Pass,36,30,1,Liverpool,Dejan Lovren,Right Center Back,0,Real Madrid,Liverpool,43.1,56.9,Loris Karius,,,Ground Pass,Left Foot,16.8,38.7,0.01269174,0.01082722,-0.00186452,,,,,
f523f813-31c4-42b2-a686-ac329f9af9cb,Ball Receipt*,36,32,1,Liverpool,Loris Karius,Goalkeeper,0,Real Madrid,Liverpool,16.8,38.7,,,,,,,,,,,,,,,
884b5188-304d-4468-b83f-b644a46e711f,Carry,36,32,1,Liverpool,Loris Karius,Goalkeeper,0,Real Madrid,Liverpool,16.8,38.7,,,,,,,,,,,16.8,38.7,0.0,,
5c5619b3-a1c9-4104-beb1-d2e5104e5d06,Pass,36,34,1,Liverpool,Loris Karius,Goalkeeper,0,Real Madrid,Liverpool,16.8,38.7,Andrew Robertson,,,High Pass,Right Foot,54.7,4.4,0.01082722,0.01248344,0.00165622,,,,,
c9d251f9-04c9-495c-a88d-11eb1123c281,Ball Receipt*,36,36,1,Liverpool,Andrew Robertson,Left Back,0,Real Madrid,Liverpool,54.7,4.4,,,,,,,,,,,,,,,
8bb223a8-469e-4013-9a60-fe50c8f4d86f,Pass,36,36,1,Liverpool,Andrew Robertson,Left Back,0,Real Madrid,Liverpool,54.7,5.6,James Philip Milner,,,Low Pass,Head,51.0,18.2,0.01248344,0.0138454,0.001361960000000001,,,,,
e7a124c8-ca92-479e-9e2e-5e84f52d83bd,Ball Receipt*,36,38,1,Liverpool,James Philip Milner,Left Center Midfield,0,Real Madrid,Liverpool,51.0,18.2,,,,,,,,,,,,,,,
f166cf54-0de0-4cf8-a2ae-819b7edd8452,Pass,36,38,1,Liverpool,James Philip Milner,Left Center Midfield,0,Real Madrid,Liverpool,50.6,16.5,Adam David Lallana,,,High Pass,Left Foot,65.2,7.2,0.0138454,0.01473596,0.0008905599999999986,,,,,
5aca960a-c619-446b-b472-156c7107eeb1,Pressure,36,38,1,Real Madrid,José Ignacio Fernández Iglesias,Right Back,0,Real Madrid,Liverpool,52.0,74.5,,,,,,,,,,,,,,,
9ff5fc12-6d2d-4cb6-91fa-270f0ffb20fc,Ball Receipt*,36,39,1,Liverpool,Adam David Lallana,Left Wing,1,Real Madrid,Liverpool,65.2,7.2,,,,,,,,,,,,,,,
287f10fe-b1cc-4e32-a6b0-b640989f4331,Carry,36,39,1,Liverpool,Adam David Lallana,Left Wing,1,Real Madrid,Liverpool,65.2,7.2,,,,,,,,,,,64.0,7.9,0.0,,
128a1337-b569-456c-8f12-f91016f05f21,Pressure,36,39,1,Real Madrid,Carlos Henrique Casimiro,Center Defensive Midfield,0,Real Madrid,Liverpool,56.7,72.1,,,,,,,,,,,,,,,
674ce639-f13f-4c4a-9ab0-003d294ca88b,Pass,36,40,1,Liverpool,Adam David Lallana,Left Wing,1,Real Madrid,Liverpool,64.0,7.9,Roberto Firmino Barbosa de Oliveira,Incomplete,,High Pass,Right Foot,73.1,27.0,0.01473596,0.01935132,0.004615360000000002,,,,,
d7e8c7e0-e0c8-47cd-9f31-922b72d5f809,Ball Receipt*,36,42,1,Liverpool,Roberto Firmino Barbosa de Oliveira,Center Forward,0,Real Madrid,Liverpool,72.7,27.5,,,,,,,,,,,,,,,
1ba0c47b-f361-42cc-9aad-9062279bae04,Pass,36,42,1,Real Madrid,Raphaël Varane,Right Center Back,1,Real Madrid,Liverpool,47.0,53.1,,Incomplete,Recovery,High Pass,,55.7,55.5,0.01269174,0.01429128,0.00159954,,,,,
2b29db92-84e4-4280-b49b-ba8be06a3c09,Duel,36,42,1,Liverpool,Roberto Firmino Barbosa de Oliveira,Center Forward,1,Real Madrid,Liverpool,73.1,27.0,,,,,,,,,,,,,,,
f44641ff-f152-4e5d-b871-337151e998e8,Ball Recovery,36,43,1,Liverpool,James Philip Milner,Left Center Midfield,0,Real Madrid,Liverpool,64.4,24.6,,,,,,,,,,,,,,,
f070ff53-fab2-4eb0-8fad-c914fc7d88cd,Carry,36,43,1,Liverpool,James Philip Milner,Left Center Midfield,0,Real Madrid,Liverpool,64.4,24.6,,,,,,,,,,,64.4,24.3,0.0,,
f43d00cf-02ad-4d19-a5c7-f650049728a9,Pass,36,44,1,Liverpool,James Philip Milner,Left Center Midfield,0,Real Madrid,Liverpool,64.4,24.3,Adam David Lallana,Incomplete,,High Pass,Right Foot,105.9,36.5,0.01685596,0.10805102,0.09119506,,,,,
f411bd27-6b79-4d7f-b58f-2ad082117916,Ball Receipt*,36,47,1,Liverpool,Adam David Lallana,Left Wing,0,Real Madrid,Liverpool,103.2,36.5,,,,,,,,,,,,,,,
c60309aa-5d49-4a02-84e5-273510a0b4a1,Ball Recovery,36,47,1,Real Madrid,Keylor Navas Gamboa,Goalkeeper,0,Real Madrid,Liverpool,14.2,43.6,,,,,,,,,,,,,,,
c6f5dbee-230d-4368-a783-0ebb84e93b1b,Carry,36,47,1,Real Madrid,Keylor Navas Gamboa,Goalkeeper,0,Real Madrid,Liverpool,14.2,43.6,,,,,,,,,,,15.4,43.6,0.0,,
cb6a214f-52fc-4092-a7a0-1d4dd704d1fa,Pass,36,48,1,Real Madrid,Keylor Navas Gamboa,Goalkeeper,0,Real Madrid,Liverpool,15.4,43.6,Marcelo Vieira da Silva Júnior,,,High Pass,Keeper Arm,35.3,16.2,0.01082722,0.0105949,-0.0002323199999999994,,,,,
82b394ac-7f78-438e-addc-93282780aaca,Ball Receipt*,36,51,1,Real Madrid,Marcelo Vieira da Silva Júnior,Left Back,0,Real Madrid,Liverpool,35.3,16.2,,,,,,,,,,,,,,,
46dc8e04-52f5-49ec-b470-2a50661f686c,Carry,36,51,1,Real Madrid,Marcelo Vieira da Silva Júnior,Left Back,0,Real Madrid,Liverpool,35.3,16.2,,,,,,,,,,,47.0,11.1,0.00155229,,
60144047-ea91-41b9-a7dc-ba80f5401508,Pass,36,53,1,Real Madrid,Marcelo Vieira da Silva Júnior,Left Back,0,Real Madrid,Liverpool,47.0,11.1,Toni Kroos,,,Ground Pass,Left Foot,54.7,23.2,0.01214719,0.01429128,0.00214409,,,,,
2b4976c4-8f1b-4e80-9e37-3c4fb45e6b5d,Ball Receipt*,36,54,1,Real Madrid,Toni Kroos,Left Center Midfield,0,Real Madrid,Liverpool,54.7,23.2,,,,,,,,,,,,,,,
2023015c-3538-4833-9b27-94fd82efad09,Carry,36,54,1,Real Madrid,Toni Kroos,Left Center Midfield,0,Real Madrid,Liverpool,54.7,23.2,,,,,,,,,,,55.7,22.1,0.0,,
e2823571-4e59-48fe-878f-3756133283fd,Pass,36,55,1,Real Madrid,Toni Kroos,Left Center Midfield,0,Real Madrid,Liverpool,55.7,22.1,Marcelo Vieira da Silva Júnior,,,Ground Pass,Right Foot,56.1,9.7,0.01429128,0.01248344,-0.00180784,,,,,
e1a818b2-d61e-42f6-a5d6-0208306d958a,Ball Receipt*,36,55,1,Real Madrid,Marcelo Vieira da Silva Júnior,Left Back,0,Real Madrid,Liverpool,56.1,9.7,,,,,,,,,,,,,,,
9edc7b7b-c8fc-4ed5-a6f7-4808e529716c,Carry,36,55,1,Real Madrid,Marcelo Vieira da Silva Júnior,Left Back,0,Real Madrid,Liverpool,56.1,9.7,,,,,,,,,,,59.8,9.8,0.0,,
027e83cb-2d3c-4598-aad4-790f9abf6386,Pass,36,56,1,Real Madrid,Marcelo Vieira da Silva Júnior,Left Back,0,Real Madrid,Liverpool,59.8,9.8,Cristiano Ronaldo dos Santos Aveiro,,,Ground Pass,Left Foot,70.0,5.6,0.01248344,0.0174506,0.00496716,,,,,
6603a5fa-95dc-4d61-a514-26b377678ab5,Ball Receipt*,36,58,1,Real Madrid,Cristiano Ronaldo dos Santos Aveiro,Left Center Forward,0,Real Madrid,Liverpool,70.0,5.6,,,,,,,,,,,,,,,
41e0485e-c35c-4eb6-8e5e-0d046aa66c76,Pass,36,58,1,Real Madrid,Cristiano Ronaldo dos Santos Aveiro,Left Center Forward,0,Real Madrid,Liverpool,71.2,5.9,Karim Benzema,,,Ground Pass,Right Foot,76.0,12.5,0.0174506,0.01870347,0.00125287,,,,,
6ab7e498-65f2-42c3-8025-550cd46371ef,Pressure,36,59,1,Liverpool,Jordan Brian Henderson,Center Defensive Midfield,0,Real Madrid,Liverpool,43.1,64.8,,,,,,,,,,,,,,,
7f0afe3b-1f55-48a8-b41e-f7c43e0562a8,Ball Receipt*,36,59,1,Real Madrid,Karim Benzema,Right Center Forward,1,Real Madrid,Liverpool,76.0,12.5,,,,,,,,,,,,,,,
3522a7d3-5794-453d-9b40-4c9e3de3bb77,Carry,36,59,1,Real Madrid,Karim Benzema,Right Center Forward,1,Real Madrid,Liverpool,76.0,12.5,,,,,,,,,,,77.0,13.5,0.0,,
07423691-ef35-4a7b-86d3-4459b2ecec3d,Pass,37,0,1,Real Madrid,Karim Benzema,Right Center Forward,1,Real Madrid,Liverpool,77.0,13.5,Marcelo Vieira da Silva Júnior,,,Ground Pass,Right Foot,70.8,20.7,0.01870347,0.01935132,0.0006478500000000019,,,,,
ad2532a6-0743-4843-8a8a-42f900624116,Ball Receipt*,37,0,1,Real Madrid,Marcelo Vieira da Silva Júnior,Left Back,0,Real Madrid,Liverpool,70.8,20.7,,,,,,,,,,,,,,,
5a5f7468-058f-4873-8616-37b5d2c1ebc9,Carry,37,0,1,Real Madrid,Marcelo Vieira da Silva Júnior,Left Back,0,Real Madrid,Liverpool,70.8,20.7,,,,,,,,,,,71.7,24.6,0.0,,
22f06da5-ee74-47d6-946f-fd40f6e6b9ff,Pass,37,2,1,Real Madrid,Marcelo Vieira da Silva Júnior,Left Back,0,Real Madrid,Liverpool,71.7,24.6,Carlos Henrique Casimiro,,,Ground Pass,Left Foot,68.1,30.6,0.01935132,0.01689528,-0.002456040000000003,,,,,
99a0dd7a-8a39-42fe-aa18-f5ee4832e93a,Ball Receipt*,37,2,1,Real Madrid,Carlos Henrique Casimiro,Center Defensive Midfield,0,Real Madrid,Liverpool,68.1,30.6,,,,,,,,,,,,,,,
36d4231c-c7b5-4342-80d5-7e29c2f9f493,Carry,37,2,1,Real Madrid,Carlos Henrique Casimiro,Center Defensive Midfield,0,Real Madrid,Liverpool,68.1,30.6,,,,,,,,,,,65.4,39.2,0.0,,
4b598c31-527d-4a3b-bcba-0dde0551dc66,Pass,37,3,1,Real Madrid,Carlos Henrique Casimiro,Center Defensive Midfield,0,Real Madrid,Liverpool,65.4,39.2,Luka Modrić,,,Ground Pass,Right Foot,63.5,59.9,0.01689528,0.01685596,-3.931999999999894e-05,,,,,
8f71b624-06ad-4517-92f4-6ba1756567c4,Ball Receipt*,37,5,1,Real Madrid,Luka Modrić,Right Center Midfield,0,Real Madrid,Liverpool,63.5,59.9,,,,,,,,,,,,,,,
024a1871-42bf-4cb9-a365-32c1640144c7,Carry,37,5,1,Real Madrid,Luka Modrić,Right Center Midfield,0,Real Madrid,Liverpool,63.5,59.9,,,,,,,,,,,65.9,60.9,-0.0007378299999999983,,
dfc2e4a4-df15-4a3a-90f9-3a48977c4069,Pass,37,6,1,Real Madrid,Luka Modrić,Right Center Midfield,0,Real Madrid,Liverpool,65.9,60.9,Francisco Román Alarcón Suárez,,,Low Pass,Right Foot,85.6,77.1,0.01611813,0.02122129,0.005103159999999999,,,,,
7b1f62fd-93ec-444e-826d-4aa2c33c6a47,Ball Receipt*,37,7,1,Real Madrid,Francisco Román Alarcón Suárez,Center Attacking Midfield,0,Real Madrid,Liverpool,85.6,77.1,,,,,,,,,,,,,,,
235704f3-db3a-468c-aba9-f3077e381899,Carry,37,7,1,Real Madrid,Francisco Román Alarcón Suárez,Center Attacking Midfield,0,Real Madrid,Liverpool,85.6,77.1,,,,,,,,,,,85.3,77.0,0.0,,
04916394-fa05-4fdf-8249-aab5d1e43031,Pass,37,9,1,Real Madrid,Francisco Román Alarcón Suárez,Center Attacking Midfield,0,Real Madrid,Liverpool,85.3,77.0,José Ignacio Fernández Iglesias,,,Ground Pass,Right Foot,70.0,77.0,0.02122129,0.0174506,-0.00377069,,,,,
26dfae82-9e19-4bff-8263-23a905ccb41d,Ball Receipt*,37,10,1,Real Madrid,José Ignacio Fernández Iglesias,Right Back,0,Real Madrid,Liverpool,70.0,77.0,,,,,,,,,,,,,,,
dddbecb0-5866-4c10-b7d8-1ee97362293b,Carry,37,10,1,Real Madrid,José Ignacio Fernández Iglesias,Right Back,0,Real Madrid,Liverpool,70.0,77.0,,,,,,,,,,,70.5,76.6,0.0,,
14700f98-0591-426e-85aa-5701f3abdc63,Pass,37,11,1,Real Madrid,José Ignacio Fernández Iglesias,Right Back,0,Real Madrid,Liverpool,70.5,76.6,Luka Modrić,,,Ground Pass,Right Foot,70.8,69.0,0.0174506,0.01870347,0.00125287,,,,,
3fe8dca7-b872-4996-862b-f41a62425afe,Ball Receipt*,37,12,1,Real Madrid,Luka Modrić,Right Center Midfield,0,Real Madrid,Liverpool,70.8,69.0,,,,,,,,,,,,,,,
1fa951cd-7305-4780-a2c6-25c78c6ea3ff,Carry,37,12,1,Real Madrid,Luka Modrić,Right Center Midfield,0,Real Madrid,Liverpool,70.8,69.0,,,,,,,,,,,68.0,53.6,-0.00184751,,
4e01793a-f1ec-479e-939c-a482f6f42d77,Pass,37,17,1,Real Madrid,Luka Modrić,Right Center Midfield,0,Real Madrid,Liverpool,68.0,53.6,José Ignacio Fernández Iglesias,,,Ground Pass,Right Foot,69.0,75.3,0.01685596,0.01473596,-0.00212,,,,,
e27821b7-6e28-4ff3-b72b-ba2542a4cada,Ball Receipt*,37,18,1,Real Madrid,José Ignacio Fernández Iglesias,Right Back,0,Real Madrid,Liverpool,69.0,75.3,,,,,,,,,,,,,,,
627b8517-42ad-45b8-b227-4ba787ebfc9e,Carry,37,18,1,Real Madrid,José Ignacio Fernández Iglesias,Right Back,0,Real Madrid,Liverpool,69.0,75.3,,,,,,,,,,,67.3,76.6,0.0,,
2d56b28f-099c-43fd-ae55-af259237fbdc,Pass,37,19,1,Real Madrid,José Ignacio Fernández Iglesias,Right Back,0,Real Madrid,Liverpool,67.3,76.6,Raphaël Varane,,,Ground Pass,Right Foot,55.1,55.4,0.01473596,0.01429128,-0.0004446799999999994,,,,,
cecca9bf-834a-4538-be5e-a819c1561c35,Ball Receipt*,37,20,1,Real Madrid,Raphaël Varane,Right Center Back,0,Real Madrid,Liverpool,55.1,55.4,,,,,,,,,,,,,,,
b86885cb-92bf-43c8-b5f6-b4e337773b76,Carry,37,20,1,Real Madrid,Raphaël Varane,Right Center Back,0,Real Madrid,Liverpool,55.1,55.4,,,,,,,,,,,51.3,56.0,0.0,,
92f6f846-c1ad-4f77-bc92-3c00e9d57713,Pass,37,21,1,Real Madrid,Raphaël Varane,Right Center Back,0,Real Madrid,Liverpool,51.3,56.0,Sergio Ramos García,,,Ground Pass,Right Foot,49.5,30.2,0.01429128,0.01262646,-0.001664819999999999,,,,,
eb679d7a-b945-4a91-ab1c-dc2c22f1e70d,Ball Receipt*,37,23,1,Real Madrid,Sergio Ramos García,Left Center Back,0,Real Madrid,Liverpool,49.5,30.2,,,,,,,,,,,,,,,
deb019e5-56cb-4430-aebb-e20260f81434,Carry,37,23,1,Real Madrid,Sergio Ramos García,Left Center Back,0,Real Madrid,Liverpool,49.5,30.2,,,,,,,,,,,52.9,28.0,0.001664819999999999,,
de2a0617-0b84-4c55-ad3b-c096f08a252b,Pass,37,24,1,Real Madrid,Sergio Ramos García,Left Center Back,0,Real Madrid,Liverpool,52.9,28.0,Marcelo Vieira da Silva Júnior,,,Ground Pass,Right Foot,70.4,5.2,0.01429128,0.0174506,0.00315932,,,,,
0bd754b0-ea04-4a68-9a93-7002a2b5381f,Ball Receipt*,37,26,1,Real Madrid,Marcelo Vieira da Silva Júnior,Left Back,0,Real Madrid,Liverpool,70.4,5.2,,,,,,,,,,,,,,,
3d31e55d-832f-4b8e-aa84-4e37e3f1c2c4,Carry,37,26,1,Real Madrid,Marcelo Vieira da Silva Júnior,Left Back,0,Real Madrid,Liverpool,70.4,5.2,,,,,,,,,,,70.4,5.2,0.0,,
1bde8907-eb21-472e-8f42-82f82303d7e0,Pass,37,27,1,Real Madrid,Marcelo Vieira da Silva Júnior,Left Back,0,Real Madrid,Liverpool,70.4,5.2,Karim Benzema,,,Ground Pass,Left Foot,110.5,5.9,0.0174506,0.0379259,0.0204753,,,,,
d3726aae-3e32-4d52-9281-e2b984fa03e1,Ball Receipt*,37,29,1,Real Madrid,Karim Benzema,Right Center Forward,0,Real Madrid,Liverpool,110.5,5.9,,,,,,,,,,,,,,,
3088c6b8-8821-49c7-b619-0eeffe56fc57,Carry,37,29,1,Real Madrid,Karim Benzema,Right Center Forward,0,Real Madrid,Liverpool,110.5,5.9,,,,,,,,,,,110.6,6.0,0.0,,
14ea727c-a94d-4692-82ad-0a8a88c88631,Pass,37,31,1,Real Madrid,Karim Benzema,Right Center Forward,0,Real Madrid,Liverpool,110.6,6.0,Cristiano Ronaldo dos Santos Aveiro,,,Ground Pass,Right Foot,99.2,6.0,0.0379259,0.02756312,-0.01036278,,,,,
13459aa4-f7ef-4b5a-8288-f40844ea9419,Ball Receipt*,37,31,1,Real Madrid,Cristiano Ronaldo dos Santos Aveiro,Left Center Forward,0,Real Madrid,Liverpool,99.2,6.0,,,,,,,,,,,,,,,
288f4f64-122d-4a1f-be8a-debc50746eb1,Carry,37,31,1,Real Madrid,Cristiano Ronaldo dos Santos Aveiro,Left Center Forward,0,Real Madrid,Liverpool,99.2,6.0,,,,,,,,,,,98.6,6.4,0.0,,
dc443a75-31b7-4476-a24f-755ac907b771,Pass,37,33,1,Real Madrid,Cristiano Ronaldo dos Santos Aveiro,Left Center Forward,0,Real Madrid,Liverpool,98.6,6.4,Carlos Henrique Casimiro,,,Ground Pass,Right Foot,84.6,28.0,0.02756312,0.0241224,-0.003440720000000001,,,,,
903a7a22-7e51-4325-b7ac-0cbef65db682,Ball Receipt*,37,34,1,Real Madrid,Carlos Henrique Casimiro,Center Defensive Midfield,0,Real Madrid,Liverpool,84.6,28.0,,,,,,,,,,,,,,,
b2a790ae-af86-495f-b607-61ae6ee917df,Carry,37,34,1,Real Madrid,Carlos Henrique Casimiro,Center Defensive Midfield,0,Real Madrid,Liverpool,84.6,28.0,,,,,,,,,,,83.5,32.7,-0.0002709099999999992,,
3c9eda62-1a87-441f-a7a1-c926dd2cf9d4,Pass,37,35,1,Real Madrid,Carlos Henrique Casimiro,Center Defensive Midfield,0,Real Madrid,Liverpool,83.5,32.7,José Ignacio Fernández Iglesias,,,High Pass,Right Foot,96.8,75.2,0.02385149,0.02756312,0.00371163,,,,,
a44b3089-004a-49d6-834c-f85b8e4ad566,Ball Receipt*,37,39,1,Real Madrid,José Ignacio Fernández Iglesias,Right Back,0,Real Madrid,Liverpool,96.8,75.2,,,,,,,,,,,,,,,
de346de2-6c07-43d7-bbc0-70401356d38e,Pass,37,39,1,Real Madrid,José Ignacio Fernández Iglesias,Right Back,0,Real Madrid,Liverpool,97.1,75.9,Francisco Román Alarcón Suárez,,,Ground Pass,Right Foot,91.1,71.2,0.02756312,0.02756312,0.0,,,,,
992ce561-eabb-4c9f-8ab5-21ff8bc1b321,Ball Receipt*,37,41,1,Real Madrid,Francisco Román Alarcón Suárez,Center Attacking Midfield,0,Real Madrid,Liverpool,91.1,71.2,,,,,,,,,,,,,,,
5cd1e0d3-a63f-4f46-8e83-ee0d5735b413,Pass,37,41,1,Real Madrid,Francisco Román Alarcón Suárez,Center Attacking Midfield,0,Real Madrid,Liverpool,90.4,71.2,Luka Modrić,,,Ground Pass,Right Foot,83.2,60.5,0.02756312,0.02401521,-0.003547910000000001,,,,,
835672d1-cfa8-44c1-831a-56ea780e2c8f,Ball Receipt*,37,42,1,Real Madrid,Luka Modrić,Right Center Midfield,0,Real Madrid,Liverpool,83.2,60.5,,,,,,,,,,,,,,,
1a1d3ad7-fdad-4c43-925d-2366a83d023c,Carry,37,42,1,Real Madrid,Luka Modrić,Right Center Midfield,0,Real Madrid,Liverpool,83.2,60.5,,,,,,,,,,,87.0,60.5,0.0,,
4065d010-a661-407b-bde4-ceeb3b188158,Pass,37,43,1,Real Madrid,Luka Modrić,Right Center Midfield,0,Real Madrid,Liverpool,87.0,60.5,Francisco Román Alarcón Suárez,,,Ground Pass,Right Foot,89.7,73.7,0.02401521,0.02122129,-0.002793919999999998,,,,,
b7bbcda7-0d45-42d4-8c03-2040c404de01,Ball Receipt*,37,43,1,Real Madrid,Francisco Román Alarcón Suárez,Center Attacking Midfield,0,Real Madrid,Liverpool,89.7,73.7,,,,,,,,,,,,,,,
68b35a4a-03fc-40a7-9458-279a7846f393,Carry,37,43,1,Real Madrid,Francisco Román Alarcón Suárez,Center Attacking Midfield,0,Real Madrid,Liverpool,89.7,73.7,,,,,,,,,,,89.7,73.7,0.0,,
549c5a63-2f25-4343-abf6-0d16af675ee1,Pass,37,45,1,Real Madrid,Francisco Román Alarcón Suárez,Center Attacking Midfield,0,Real Madrid,Liverpool,89.7,73.7,José Ignacio Fernández Iglesias,,,Ground Pass,Right Foot,100.3,74.9,0.02122129,0.03485072,0.01362943,,,,,
694c564e-0783-4b31-b7f6-86467c888fec,Ball Receipt*,37,45,1,Real Madrid,José Ignacio Fernández Iglesias,Right Back,0,Real Madrid,Liverpool,100.3,74.9,,,,,,,,,,,,,,,
91bc3317-6e27-4454-960f-7fcb66dba3a6,Pass,37,45,1,Real Madrid,José Ignacio Fernández Iglesias,Right Back,0,Real Madrid,Liverpool,98.2,75.9,Francisco Román Alarcón Suárez,,,Ground Pass,Right Foot,90.3,74.0,0.02756312,0.02756312,0.0,,,,,
78120a69-3e50-4aac-a576-02bd62abcbc6,Ball Receipt*,37,47,1,Real Madrid,Francisco Román Alarcón Suárez,Center Attacking Midfield,0,Real Madrid,Liverpool,90.3,74.0,,,,,,,,,,,,,,,
3a011687-fa4d-48b0-b37f-b210d864a273,Carry,37,47,1,Real Madrid,Francisco Román Alarcón Suárez,Center Attacking Midfield,0,Real Madrid,Liverpool,90.3,74.0,,,,,,,,,,,90.3,74.0,0.0,,
16e45173-8b89-4f9e-9d72-be59dd3e362b,Pass,37,52,1,Real Madrid,Francisco Román Alarcón Suárez,Center Attacking Midfield,0,Real Madrid,Liverpool,90.3,74.0,José Ignacio Fernández Iglesias,,,Ground Pass,Right Foot,92.3,77.6,0.02756312,0.02756312,0.0,,,,,
39ef57a0-5820-42bb-bc37-84ba7d6cb9ab,Ball Receipt*,37,53,1,Real Madrid,José Ignacio Fernández Iglesias,Right Back,0,Real Madrid,Liverpool,92.3,77.6,,,,,,,,,,,,,,,
9ce69abf-df3c-4f8b-a024-d57837bc92a3,Carry,37,53,1,Real Madrid,José Ignacio Fernández Iglesias,Right Back,0,Real Madrid,Liverpool,92.3,77.6,,,,,,,,,,,92.3,77.6,0.0,,
54bdaeb3-cd5f-4af7-8bbc-fd2add18c966,Pass,37,54,1,Real Madrid,José Ignacio Fernández Iglesias,Right Back,0,Real Madrid,Liverpool,92.3,77.6,Francisco Román Alarcón Suárez,,,Ground Pass,Right Foot,84.4,74.0,0.02756312,0.02122129,-0.00634183,,,,,
65fd9420-0f47-460b-8f81-db1c3339784e,Ball Receipt*,37,55,1,Real Madrid,Francisco Román Alarcón Suárez,Center Attacking Midfield,0,Real Madrid,Liverpool,84.4,74.0,,,,,,,,,,,,,,,
dd9920a8-e432-486d-8f42-4936aee94292,Carry,37,55,1,Real Madrid,Francisco Román Alarcón Suárez,Center Attacking Midfield,0,Real Madrid,Liverpool,84.4,74.0,,,,,,,,,,,84.4,74.0,0.0,,
e5b99ee3-c7b9-4dfa-afa9-ce45b6ff1685,Pass,37,56,1,Real Madrid,Francisco Román Alarcón Suárez,Center Attacking Midfield,0,Real Madrid,Liverpool,84.4,74.0,Raphaël Varane,,,Ground Pass,Right Foot,66.3,57.2,0.02122129,0.01685596,-0.004365330000000001,,,,,
4634245d-ef2d-4e54-b5a6-d83a8dd1e2ad,Ball Receipt*,37,58,1,Real Madrid,Raphaël Varane,Right Center Back,0,Real Madrid,Liverpool,66.3,57.2,,,,,,,,,,,,,,,
bfc92bb2-4efc-4fd6-a554-a8d58717af22,Carry,37,58,1,Real Madrid,Raphaël Varane,Right Center Back,0,Real Madrid,Liverpool,66.3,57.2,,,,,,,,,,,63.5,56.0,0.0,,
b4a8e69c-ba26-432a-afeb-cda10035f058,Pass,37,58,1,Real Madrid,Raphaël Varane,Right Center Back,0,Real Madrid,Liverpool,63.5,56.0,Sergio Ramos García,,,Ground Pass,Right Foot,64.0,40.7,0.01685596,0.01689528,3.931999999999894e-05,,,,,
75a57cd6-50df-4025-ae57-da6fd70f5fe3,Ball Receipt*,38,0,1,Real Madrid,Sergio Ramos García,Left Center Back,0,Real Madrid,Liverpool,64.0,40.7,,,,,,,,,,,,,,,
485d0dcd-cb9b-455e-a46b-0a24082f3656,Carry,38,0,1,Real Madrid,Sergio Ramos García,Left Center Back,0,Real Madrid,Liverpool,64.0,40.7,,,,,,,,,,,63.5,41.6,0.0,,
72174756-c1b2-4af0-b887-3612e8acab70,Pass,38,2,1,Real Madrid,Sergio Ramos García,Left Center Back,0,Real Madrid,Liverpool,63.5,41.6,Raphaël Varane,,,Ground Pass,Left Foot,63.9,57.7,0.01689528,0.01685596,-3.931999999999894e-05,,,,,
1a1f1e93-50e9-4129-92e5-b2c4e961ca45,Ball Receipt*,38,3,1,Real Madrid,Raphaël Varane,Right Center Back,0,Real Madrid,Liverpool,63.9,57.7,,,,,,,,,,,,,,,
1cd33a1f-3a31-43ac-bfe5-3bfcac91ce5e,Carry,38,3,1,Real Madrid,Raphaël Varane,Right Center Back,0,Real Madrid,Liverpool,63.9,57.7,,,,,,,,,,,74.6,63.7,0.00184751,,
49fe0f2a-9532-460c-a46f-caaf15f24903,Pass,38,6,1,Real Madrid,Raphaël Varane,Right Center Back,0,Real Madrid,Liverpool,74.6,63.7,Francisco Román Alarcón Suárez,,,Ground Pass,Left Foot,77.7,76.6,0.01870347,0.0174506,-0.00125287,,,,,
a6026232-58e1-43de-9cae-95d64937b9fc,Ball Receipt*,38,7,1,Real Madrid,Francisco Román Alarcón Suárez,Center Attacking Midfield,0,Real Madrid,Liverpool,77.7,76.6,,,,,,,,,,,,,,,
10e25a27-0306-4795-8002-c722dbb4f6fb,Carry,38,7,1,Real Madrid,Francisco Román Alarcón Suárez,Center Attacking Midfield,0,Real Madrid,Liverpool,77.7,76.6,,,,,,,,,,,77.7,76.6,0.0,,
4d1fc9e8-6077-42d8-ac0b-fdacc737d851,Pass,38,11,1,Real Madrid,Francisco Román Alarcón Suárez,Center Attacking Midfield,0,Real Madrid,Liverpool,77.7,76.6,José Ignacio Fernández Iglesias,,,Ground Pass,Right Foot,90.3,76.1,0.0174506,0.02756312,0.01011252,,,,,
b5e00fc9-d427-429c-a7aa-7354a1e2d161,Ball Receipt*,38,11,1,Real Madrid,José Ignacio Fernández Iglesias,Right Back,0,Real Madrid,Liverpool,90.3,76.1,,,,,,,,,,,,,,,
4d24d670-8215-4ccd-bbab-7a1b5145e66a,Carry,38,11,1,Real Madrid,José Ignacio Fernández Iglesias,Right Back,0,Real Madrid,Liverpool,90.3,76.1,,,,,,,,,,,91.1,76.1,0.0,,
1e2f5572-a4f8-4c75-bd30-dd7e424f0b33,Pass,38,12,1,Real Madrid,José Ignacio Fernández Iglesias,Right Back,0,Real Madrid,Liverpool,91.1,76.1,Luka Modrić,,,Ground Pass,Right Foot,110.6,69.0,0.02756312,0.04647721,0.01891409,,,,,
80a17e53-a3e4-4342-bcd5-1bfe3e749296,Pressure,38,14,1,Liverpool,Virgil van Dijk,Left Center Back,0,Real Madrid,Liverpool,8.2,14.1,,,,,,,,,,,,,,,
49fb7ef9-1fdf-49c8-afab-58fa4dcb74bc,Ball Receipt*,38,15,1,Real Madrid,Luka Modrić,Right Center Midfield,1,Real Madrid,Liverpool,110.6,69.0,,,,,,,,,,,,,,,
99ef9bb7-df51-486b-838f-9787d01c5a79,Carry,38,15,1,Real Madrid,Luka Modrić,Right Center Midfield,1,Real Madrid,Liverpool,110.6,69.0,,,,,,,,,,,116.7,67.0,0.0,,
418329af-7c8a-45e0-82c8-93c2fa97378b,Pass,38,16,1,Real Madrid,Luka Modrić,Right Center Midfield,1,Real Madrid,Liverpool,116.7,67.0,,Incomplete,,Low Pass,Right Foot,117.1,65.1,0.04647721,0.04647721,0.0,,,,,
18d7f0de-300b-445f-99c9-3b5008f70457,Block,38,16,1,Liverpool,Virgil van Dijk,Left Center Back,0,Real Madrid,Liverpool,3.0,15.0,,,,,,,,,,,,,,,
85ace5b9-5185-462d-9efd-224aed7fa83b,Pass,38,42,1,Real Madrid,Toni Kroos,Left Center Midfield,0,Real Madrid,Liverpool,120.0,80.0,Luka Modrić,,Corner,Ground Pass,Right Foot,105.7,76.1,0.0379259,0.03485072,-0.003075179999999997,,,,,
778594dd-fad1-495f-9de4-da8d791f2598,Ball Receipt*,38,43,1,Real Madrid,Luka Modrić,Right Center Midfield,0,Real Madrid,Liverpool,105.7,76.1,,,,,,,,,,,,,,,
228ad0b3-e834-4413-ac1d-bc05db54979f,Carry,38,43,1,Real Madrid,Luka Modrić,Right Center Midfield,0,Real Madrid,Liverpool,105.7,76.1,,,,,,,,,,,98.0,68.8,-0.005318000000000003,,
b4944857-edf9-4867-a821-3306379ab294,Pass,38,47,1,Real Madrid,Luka Modrić,Right Center Midfield,0,Real Madrid,Liverpool,98.0,68.8,Marcelo Vieira da Silva Júnior,,,Ground Pass,Right Foot,87.5,57.2,0.02953272,0.0241224,-0.00541032,,,,,
49dcaee5-28e1-4671-bbc1-6cdb1c59ce99,Ball Receipt*,38,48,1,Real Madrid,Marcelo Vieira da Silva Júnior,Left Back,0,Real Madrid,Liverpool,87.5,57.2,,,,,,,,,,,,,,,
fec2d153-5f82-485f-bb29-bed1f379e8ef,Pass,38,48,1,Real Madrid,Marcelo Vieira da Silva Júnior,Left Back,0,Real Madrid,Liverpool,87.0,56.7,José Ignacio Fernández Iglesias,,,Ground Pass,Left Foot,80.7,71.6,0.0241224,0.02122129,-0.002901109999999998,,,,,
08b1509c-8d46-4473-a79c-2f98d5474776,Ball Receipt*,38,49,1,Real Madrid,José Ignacio Fernández Iglesias,Right Back,0,Real Madrid,Liverpool,80.7,71.6,,,,,,,,,,,,,,,
7164c7ff-3115-46ea-afe5-db26f75afa76,Carry,38,49,1,Real Madrid,José Ignacio Fernández Iglesias,Right Back,0,Real Madrid,Liverpool,80.7,71.6,,,,,,,,,,,81.0,72.2,0.0,,
d896e7a0-0406-41a6-a291-49512101a017,Pass,38,50,1,Real Madrid,José Ignacio Fernández Iglesias,Right Back,0,Real Madrid,Liverpool,81.0,72.2,Luka Modrić,,,Ground Pass,Left Foot,90.7,75.3,0.02122129,0.02756312,0.00634183,,,,,
392132a9-7223-44ba-b406-c9ec366ac74d,Ball Receipt*,38,51,1,Real Madrid,Luka Modrić,Right Center Midfield,0,Real Madrid,Liverpool,90.7,75.3,,,,,,,,,,,,,,,
9f294131-4a87-4c6b-9cbe-185381190d88,Carry,38,51,1,Real Madrid,Luka Modrić,Right Center Midfield,0,Real Madrid,Liverpool,90.7,75.3,,,,,,,,,,,90.8,75.3,0.0,,
8d699c01-bfa2-4a3c-b8a6-4d9cc6627402,Pass,38,53,1,Real Madrid,Luka Modrić,Right Center Midfield,0,Real Madrid,Liverpool,90.8,75.3,Marcelo Vieira da Silva Júnior,,,Ground Pass,Right Foot,84.4,56.8,0.02756312,0.0241224,-0.003440720000000001,,,,,
04222591-3b36-4371-b04d-4bed92c9ef2e,Ball Receipt*,38,55,1,Real Madrid,Marcelo Vieira da Silva Júnior,Left Back,0,Real Madrid,Liverpool,84.4,56.8,,,,,,,,,,,,,,,
d1a28068-b68b-40eb-b651-88b06e190109,Carry,38,55,1,Real Madrid,Marcelo Vieira da Silva Júnior,Left Back,1,Real Madrid,Liverpool,84.4,56.8,,,,,,,,,,,83.9,54.4,0.0,,
f181ca45-be37-44b5-9757-819dfe7c2ba1,Pressure,38,55,1,Liverpool,James Philip Milner,Left Center Midfield,0,Real Madrid,Liverpool,28.4,21.3,,,,,,,,,,,,,,,
063df80e-787a-48b1-95fc-a6de9a5cb744,Pass,38,56,1,Real Madrid,Marcelo Vieira da Silva Júnior,Left Back,0,Real Madrid,Liverpool,83.9,54.4,Karim Benzema,Incomplete,,High Pass,Left Foot,110.6,26.9,0.0241224,0.06442595,0.04030354999999999,,,,,
346d5173-ba18-4368-9a90-790ead5737ad,Ball Receipt*,38,58,1,Real Madrid,Karim Benzema,Right Center Forward,0,Real Madrid,Liverpool,111.2,24.6,,,,,,,,,,,,,,,
a17b9819-9e10-4b22-8629-a39494ae88aa,Clearance,38,58,1,Liverpool,Trent Alexander-Arnold,Right Back,1,Real Madrid,Liverpool,9.5,53.2,,,,,,,,,,,,,,,
0a9bb8ec-937f-477d-8540-d29359a6b20c,Ball Recovery,38,59,1,Real Madrid,Karim Benzema,Right Center Forward,0,Real Madrid,Liverpool,110.2,23.2,,,,,,,,,,,,,,,
270ef389-5d60-46c4-92e2-daa1302f8663,Carry,38,59,1,Real Madrid,Karim Benzema,Right Center Forward,0,Real Madrid,Liverpool,110.2,23.2,,,,,,,,,,,110.7,23.7,0.0,,
e44eb183-a3d8-4ee1-9ba7-5efc27338490,Pass,39,0,1,Real Madrid,Karim Benzema,Right Center Forward,0,Real Madrid,Liverpool,110.7,23.7,Francisco Román Alarcón Suárez,,,Ground Pass,Right Foot,105.0,22.1,0.06442595,0.05491138,-0.009514569999999993,,,,,
25f80841-29c8-47c9-9cd1-958b18518668,Ball Receipt*,39,1,1,Real Madrid,Francisco Román Alarcón Suárez,Center Attacking Midfield,0,Real Madrid,Liverpool,105.0,22.1,,,,,,,,,,,,,,,
85b73618-24ec-4728-bec6-986f6560ea45,Carry,39,1,1,Real Madrid,Francisco Román Alarcón Suárez,Center Attacking Midfield,0,Real Madrid,Liverpool,105.0,22.1,,,,,,,,,,,99.2,21.8,-0.02635936,,
dff5f911-0f47-43a4-a191-556a0a5acf95,Pass,39,2,1,Real Madrid,Francisco Román Alarcón Suárez,Center Attacking Midfield,0,Real Madrid,Liverpool,99.2,21.8,Toni Kroos,,,Ground Pass,Right Foot,97.3,30.9,0.02855202,0.03511326,0.006561239999999999,,,,,
1329e856-794a-4de9-baee-99dbe33a2faf,Ball Receipt*,39,2,1,Real Madrid,Toni Kroos,Left Center Midfield,0,Real Madrid,Liverpool,97.3,30.9,,,,,,,,,,,,,,,
2ed1196d-71ea-42d9-a1ac-9a0e1a1d7ee0,Carry,39,2,1,Real Madrid,Toni Kroos,Left Center Midfield,0,Real Madrid,Liverpool,97.3,30.9,,,,,,,,,,,97.3,30.9,0.0,,
dabb45cb-1b5b-47e9-a89d-d02ff30c39ac,Pass,39,2,1,Real Madrid,Toni Kroos,Left Center Midfield,0,Real Madrid,Liverpool,97.3,30.9,Francisco Román Alarcón Suárez,,,Low Pass,Left Foot,95.2,22.7,0.03511326,0.02855202,-0.006561239999999999,,,,,
adacfc98-5402-4b21-bee1-723f6e8e84ce,Ball Receipt*,39,4,1,Real Madrid,Francisco Román Alarcón Suárez,Center Attacking Midfield,0,Real Madrid,Liverpool,95.2,22.7,,,,,,,,,,,,,,,
92d78534-7fcd-48f2-9a44-0e6cba6ccaa9,Carry,39,4,1,Real Madrid,Francisco Román Alarcón Suárez,Center Attacking Midfield,0,Real Madrid,Liverpool,95.2,22.7,,,,,,,,,,,92.3,18.9,0.0009806999999999975,,
28777901-37dc-4435-865c-4c8278d9dbb6,Pass,39,5,1,Real Madrid,Francisco Román Alarcón Suárez,Center Attacking Midfield,0,Real Madrid,Liverpool,92.3,18.9,Karim Benzema,,,Ground Pass,Right Foot,98.2,16.2,0.02953272,0.02953272,0.0,,,,,
02272fbe-8cf2-4186-a70d-2411e88d80f3,Ball Receipt*,39,5,1,Real Madrid,Karim Benzema,Right Center Forward,0,Real Madrid,Liverpool,98.2,16.2,,,,,,,,,,,,,,,
70758b5e-1565-4ae1-a4a8-06e4a901ac81,Carry,39,5,1,Real Madrid,Karim Benzema,Right Center Forward,0,Real Madrid,Liverpool,98.2,16.2,,,,,,,,,,,98.2,16.2,0.0,,
19ffbe9b-7c8f-4509-bc3c-18aa9cf53f89,Pass,39,6,1,Real Madrid,Karim Benzema,Right Center Forward,0,Real Madrid,Liverpool,98.2,16.2,Francisco Román Alarcón Suárez,,,Ground Pass,Right Foot,90.3,14.3,0.02953272,0.02953272,0.0,,,,,
35ed901a-959f-4965-9ec9-d8585cbae1df,Pressure,39,6,1,Liverpool,Roberto Firmino Barbosa de Oliveira,Center Forward,0,Real Madrid,Liverpool,28.4,61.2,,,,,,,,,,,,,,,
bbe5cb4d-f8d9-4823-a257-602082ce52b3,Ball Receipt*,39,7,1,Real Madrid,Francisco Román Alarcón Suárez,Center Attacking Midfield,1,Real Madrid,Liverpool,90.3,14.3,,,,,,,,,,,,,,,
2f7adcef-4d2d-471d-98e3-088cfd293921,Carry,39,7,1,Real Madrid,Francisco Román Alarcón Suárez,Center Attacking Midfield,1,Real Madrid,Liverpool,90.3,14.3,,,,,,,,,,,90.3,12.4,0.0,,
ec0a67d0-753c-4251-9cf2-b5719d23f6a5,Dribbled Past,39,8,1,Liverpool,Roberto Firmino Barbosa de Oliveira,Center Forward,0,Real Madrid,Liverpool,29.8,67.7,,,,,,,,,,,,,,,
a767aae7-1121-403b-8834-6cee731a85a4,Dribble,39,8,1,Real Madrid,Francisco Román Alarcón Suárez,Center Attacking Midfield,1,Real Madrid,Liverpool,90.3,12.4,,,,,,,,,,,,,,,
043e0d93-023f-4f7f-889c-989c09c78df1,Carry,39,8,1,Real Madrid,Francisco Román Alarcón Suárez,Center Attacking Midfield,1,Real Madrid,Liverpool,90.3,12.4,,,,,,,,,,,94.1,12.1,0.0,,
1d0e8ccf-585f-491b-bc61-6f9085ca5a7b,Pressure,39,8,1,Liverpool,Roberto Firmino Barbosa de Oliveira,Center Forward,0,Real Madrid,Liverpool,28.1,66.2,,,,,,,,,,,,,,,
7c462d78-4d2e-4c10-a1a8-420b480db343,Pass,39,9,1,Real Madrid,Francisco Román Alarcón Suárez,Center Attacking Midfield,1,Real Madrid,Liverpool,94.1,12.1,Karim Benzema,,,Ground Pass,Right Foot,95.5,20.0,0.02953272,0.02855202,-0.0009806999999999975,,,,,
2e41b346-32a5-46ef-9520-0369ed42149d,Ball Receipt*,39,9,1,Real Madrid,Karim Benzema,Right Center Forward,0,Real Madrid,Liverpool,95.5,20.0,,,,,,,,,,,,,,,
6551d841-3243-424f-9e4f-3b6e46d2512c,Miscontrol,39,9,1,Real Madrid,Karim Benzema,Right Center Forward,0,Real Madrid,Liverpool,95.5,20.0,,,,,,,,,,,,,,,
394c0ce2-98a7-4737-a368-c7b9c470823e,Ball Recovery,39,10,1,Liverpool,Jordan Brian Henderson,Center Defensive Midfield,0,Real Madrid,Liverpool,16.8,57.0,,,,,,,,,,,,,,,
3c35bddf-227c-457b-91b8-a4a7d0ec94fe,Carry,39,10,1,Liverpool,Jordan Brian Henderson,Center Defensive Midfield,0,Real Madrid,Liverpool,16.8,57.0,,,,,,,,,,,18.4,57.4,0.0,,
b4ccc61a-586b-4294-aec0-a1b4346d2c44,Pass,39,11,1,Liverpool,Jordan Brian Henderson,Center Defensive Midfield,0,Real Madrid,Liverpool,18.4,57.4,Roberto Firmino Barbosa de Oliveira,,,Ground Pass,Right Foot,27.6,73.2,0.00977745,0.00844854,-0.001328910000000001,,,,,
22bd8691-8e04-401a-8f23-9f8b0430f78a,Ball Receipt*,39,12,1,Liverpool,Roberto Firmino Barbosa de Oliveira,Center Forward,0,Real Madrid,Liverpool,27.6,73.2,,,,,,,,,,,,,,,
6941fb70-c13c-447f-9847-ff06afc822cc,Carry,39,12,1,Liverpool,Roberto Firmino Barbosa de Oliveira,Center Forward,1,Real Madrid,Liverpool,27.6,73.2,,,,,,,,,,,33.2,74.5,0.001328050000000001,,
6ec58722-51ed-4f12-9da7-ff26e1344261,Pressure,39,13,1,Real Madrid,Marcelo Vieira da Silva Júnior,Left Back,0,Real Madrid,Liverpool,86.6,11.0,,,,,,,,,,,,,,,
1620c5a1-c30f-4ee2-bfc6-6fd997b94cc3,Pass,39,13,1,Liverpool,Roberto Firmino Barbosa de Oliveira,Center Forward,1,Real Madrid,Liverpool,33.2,74.5,James Philip Milner,,,Ground Pass,Right Foot,54.2,76.5,0.00977659,0.01248344,0.00270685,,,,,
aa9aff40-2bcb-4907-9a23-dedb69cc7128,Ball Receipt*,39,16,1,Liverpool,James Philip Milner,Left Center Midfield,0,Real Madrid,Liverpool,54.2,76.5,,,,,,,,,,,,,,,
50d52a66-0d2c-425e-9de7-51bc682c1a86,Carry,39,16,1,Liverpool,James Philip Milner,Left Center Midfield,0,Real Madrid,Liverpool,54.2,76.5,,,,,,,,,,,53.4,76.9,0.0,,
ee0fb59f-f545-4052-a49c-cc4cec341d59,Pass,39,16,1,Liverpool,James Philip Milner,Left Center Midfield,0,Real Madrid,Liverpool,53.4,76.9,,Incomplete,,Ground Pass,Right Foot,54.2,73.7,0.01248344,0.01248344,0.0,,,,,
f3449e9e-f976-4cb2-840d-ec1324c470ec,Block,39,16,1,Real Madrid,Toni Kroos,Left Center Midfield,0,Real Madrid,Liverpool,65.9,6.4,,,,,,,,,,,,,,,
23100fd9-6e21-412d-b279-961487bebb04,Pass,39,38,1,Liverpool,Trent Alexander-Arnold,Right Back,0,Real Madrid,Liverpool,63.5,80.0,Sadio Mané,Unknown,Throw-in,High Pass,,76.9,75.1,0.01473596,0.0174506,0.002714640000000001,,,,,
9a072cec-43a4-4a19-b32f-5247a590f1bb,Ball Receipt*,39,39,1,Liverpool,Sadio Mané,Right Wing,0,Real Madrid,Liverpool,78.9,75.1,,,,,,,,,,,,,,,
2be8987b-6141-4288-9426-d831b3eefab3,Foul Committed,39,39,1,Liverpool,Sadio Mané,Right Wing,0,Real Madrid,Liverpool,77.8,74.5,,,,,,,,,,,,,,,
ff518942-8e3f-45de-b8e0-3dc173f7fcf5,Foul Won,39,39,1,Real Madrid,Sergio Ramos García,Left Center Back,1,Real Madrid,Liverpool,42.3,5.6,,,,,,,,,,,,,,,
eacf7ae8-823c-4f5c-9cd6-d623bdab85d7,Pass,39,49,1,Real Madrid,Marcelo Vieira da Silva Júnior,Left Back,0,Real Madrid,Liverpool,42.3,5.6,José Ignacio Fernández Iglesias,,Free Kick,High Pass,Left Foot,56.7,75.7,0.01126267,0.01248344,0.001220769999999999,,,,,
06941e9f-ed44-4da5-9f59-4bd737cdb273,Ball Receipt*,39,52,1,Real Madrid,José Ignacio Fernández Iglesias,Right Back,0,Real Madrid,Liverpool,56.7,75.7,,,,,,,,,,,,,,,
a0eb8005-1794-4034-b6d1-d7f983e70e5b,Pass,39,54,1,Real Madrid,José Ignacio Fernández Iglesias,Right Back,0,Real Madrid,Liverpool,55.6,74.5,Luka Modrić,,,Ground Pass,Right Foot,47.8,61.9,0.01248344,0.01214719,-0.0003362499999999997,,,,,
e7aafb4b-bde4-4fac-9b54-e66d84493fa8,Ball Receipt*,39,55,1,Real Madrid,Luka Modrić,Right Center Midfield,0,Real Madrid,Liverpool,47.8,61.9,,,,,,,,,,,,,,,
03feea62-e606-4e01-b07f-e6ee24965a5d,Carry,39,55,1,Real Madrid,Luka Modrić,Right Center Midfield,0,Real Madrid,Liverpool,47.8,61.9,,,,,,,,,,,44.7,61.3,0.0,,
ba663368-b0d6-45c0-b212-734d83d927a9,Pass,39,57,1,Real Madrid,Luka Modrić,Right Center Midfield,0,Real Madrid,Liverpool,44.7,61.3,Sergio Ramos García,,,Low Pass,Right Foot,41.7,26.2,0.01214719,0.01269174,0.0005445499999999995,,,,,
a901b38c-0d66-43aa-858f-2559ff790c8d,Ball Receipt*,39,58,1,Real Madrid,Sergio Ramos García,Left Center Back,0,Real Madrid,Liverpool,41.7,26.2,,,,,,,,,,,,,,,
0ad0b1bd-7708-4e1f-86d3-4d9222f3517d,Carry,39,58,1,Real Madrid,Sergio Ramos García,Left Center Back,0,Real Madrid,Liverpool,41.7,26.2,,,,,,,,,,,41.9,24.6,0.0,,
61e273eb-81d3-44dd-9e47-797bcbaa3530,Pass,39,59,1,Real Madrid,Sergio Ramos García,Left Center Back,0,Real Madrid,Liverpool,41.9,24.6,Francisco Román Alarcón Suárez,,,Ground Pass,Right Foot,62.5,5.5,0.01269174,0.01473596,0.002044219999999999,,,,,
8a97e0ca-28d3-4519-84eb-de8d1d63dec3,Ball Receipt*,40,1,1,Real Madrid,Francisco Román Alarcón Suárez,Center Attacking Midfield,0,Real Madrid,Liverpool,62.5,5.5,,,,,,,,,,,,,,,
ad446b2c-831e-4c28-8eba-5b65deea128e,Carry,40,1,1,Real Madrid,Francisco Román Alarcón Suárez,Center Attacking Midfield,0,Real Madrid,Liverpool,62.5,5.5,,,,,,,,,,,63.9,4.2,0.0,,
12a8bb91-57d8-4c11-a22e-ceb3743ec938,Pass,40,2,1,Real Madrid,Francisco Román Alarcón Suárez,Center Attacking Midfield,0,Real Madrid,Liverpool,63.9,4.2,Marcelo Vieira da Silva Júnior,,,Ground Pass,Right Foot,77.7,5.6,0.01473596,0.0174506,0.002714640000000001,,,,,
0c40b236-b886-40b6-b8a9-09135db89a15,Ball Receipt*,40,3,1,Real Madrid,Marcelo Vieira da Silva Júnior,Left Back,0,Real Madrid,Liverpool,77.7,5.6,,,,,,,,,,,,,,,
ca26ca30-85f2-4f73-a1fa-43bbbb51fbdf,Carry,40,3,1,Real Madrid,Marcelo Vieira da Silva Júnior,Left Back,0,Real Madrid,Liverpool,77.7,5.6,,,,,,,,,,,76.9,4.8,0.0,,
e537949b-f953-463f-813d-20d4c5f4bd1c,Pass,40,3,1,Real Madrid,Marcelo Vieira da Silva Júnior,Left Back,0,Real Madrid,Liverpool,76.9,4.8,Karim Benzema,Incomplete,,Low Pass,Left Foot,85.1,5.5,0.0174506,0.02122129,0.00377069,,,,,
53c787f6-e892-4275-beef-fc4a1aafee17,Ball Receipt*,40,4,1,Real Madrid,Karim Benzema,Right Center Forward,0,Real Madrid,Liverpool,91.3,5.2,,,,,,,,,,,,,,,
1dd12eae-f8c7-48d7-9e7a-ebce774ae36d,Ball Recovery,40,4,1,Liverpool,Trent Alexander-Arnold,Right Back,0,Real Madrid,Liverpool,35.0,74.6,,,,,,,,,,,,,,,
1ada1b07-95ef-45f8-8946-f13781bbfc73,Carry,40,4,1,Liverpool,Trent Alexander-Arnold,Right Back,0,Real Madrid,Liverpool,35.0,74.6,,,,,,,,,,,31.2,75.1,0.0,,
9c20e033-d9e1-43c8-8a5e-2103c5e1c2d9,Pass,40,5,1,Liverpool,Trent Alexander-Arnold,Right Back,0,Real Madrid,Liverpool,31.2,75.1,,Incomplete,,Low Pass,Right Foot,84.4,68.1,0.00977659,0.02401521,0.01423862,,,,,
041afc83-4c4c-4a59-8a65-60da72765267,Ball Recovery,40,9,1,Real Madrid,Sergio Ramos García,Left Center Back,0,Real Madrid,Liverpool,35.7,12.0,,,,,,,,,,,,,,,
040fd9d4-5389-485d-9a5c-8eb7a245235b,Carry,40,9,1,Real Madrid,Sergio Ramos García,Left Center Back,0,Real Madrid,Liverpool,35.7,12.0,,,,,,,,,,,42.7,25.5,0.002096839999999999,,
de78856b-d49e-45e2-b61e-14b8d1363786,Pass,40,13,1,Real Madrid,Sergio Ramos García,Left Center Back,0,Real Madrid,Liverpool,42.7,25.5,Raphaël Varane,,,Ground Pass,Left Foot,42.3,56.3,0.01269174,0.01269174,0.0,,,,,
6cf8f6ad-5ce7-42e6-94c6-067353afea74,Ball Receipt*,40,14,1,Real Madrid,Raphaël Varane,Right Center Back,0,Real Madrid,Liverpool,42.3,56.3,,,,,,,,,,,,,,,
df02dbe3-3d9b-4071-9647-1cd05437b0ac,Carry,40,14,1,Real Madrid,Raphaël Varane,Right Center Back,0,Real Madrid,Liverpool,42.3,56.3,,,,,,,,,,,53.7,56.3,0.00159954,,
1ed774d7-8960-4fe0-a787-d831cdd76243,Pass,40,18,1,Real Madrid,Raphaël Varane,Right Center Back,0,Real Madrid,Liverpool,53.7,56.3,Cristiano Ronaldo dos Santos Aveiro,Pass Offside,,High Pass,Right Foot,90.8,39.6,0.01429128,0.03511326,0.02082198,,,,,
cec070d1-a3de-4c30-8434-c9f181caebd9,Ball Receipt*,40,19,1,Real Madrid,Cristiano Ronaldo dos Santos Aveiro,Left Center Forward,0,Real Madrid,Liverpool,90.8,39.6,,,,,,,,,,,,,,,
b24bf007-6da2-42c7-9efd-5329ffba2f42,Pass,40,23,1,Liverpool,Loris Karius,Goalkeeper,0,Real Madrid,Liverpool,28.0,40.5,Jordan Brian Henderson,,Free Kick,Ground Pass,Right Foot,36.7,40.9,0.01016549,0.01132376,0.001158270000000001,,,,,
6b662046-7097-4193-bc36-c4a1a5879eee,Ball Receipt*,40,25,1,Liverpool,Jordan Brian Henderson,Center Defensive Midfield,0,Real Madrid,Liverpool,36.7,40.9,,,,,,,,,,,,,,,
d46ce16a-0dce-4343-ae1c-926558074825,Pass,40,26,1,Liverpool,Jordan Brian Henderson,Center Defensive Midfield,0,Real Madrid,Liverpool,36.7,40.9,Sadio Mané,,,High Pass,Right Foot,114.5,76.1,0.01132376,0.0379259,0.02660214,,,,,
3a208263-6db9-4afc-9c52-fdbe6401007e,Ball Receipt*,40,32,1,Liverpool,Sadio Mané,Right Wing,0,Real Madrid,Liverpool,114.5,76.1,,,,,,,,,,,,,,,
231a6776-4c3b-4b8c-b00c-81ab224781af,Carry,40,32,1,Liverpool,Sadio Mané,Right Wing,1,Real Madrid,Liverpool,114.5,76.1,,,,,,,,,,,115.7,75.9,0.0,,
9be62676-062a-4275-a93b-f780671630af,Pressure,40,33,1,Real Madrid,Sergio Ramos García,Left Center Back,0,Real Madrid,Liverpool,4.4,6.4,,,,,,,,,,,,,,,
cd2d5385-437c-42f2-9ad3-a91f909e33c1,Dribbled Past,40,34,1,Real Madrid,Sergio Ramos García,Left Center Back,0,Real Madrid,Liverpool,4.4,4.2,,,,,,,,,,,,,,,
cb9eb432-c613-4b2c-b334-c9d8f8bd93b0,Dribble,40,34,1,Liverpool,Sadio Mané,Right Wing,1,Real Madrid,Liverpool,115.7,75.9,,,,,,,,,,,,,,,
b161e8f1-5525-47a3-a975-f8e1a86cd172,Carry,40,34,1,Liverpool,Sadio Mané,Right Wing,1,Real Madrid,Liverpool,115.7,75.9,,,,,,,,,,,105.3,69.2,0.00274402,,
c51a1ffd-1751-4ac0-97a8-746962cb8846,Pass,40,37,1,Liverpool,Sadio Mané,Right Wing,0,Real Madrid,Liverpool,105.3,69.2,James Philip Milner,Incomplete,,High Pass,Left Foot,100.6,35.0,0.04066992,0.10805102,0.0673811,,,,,
f39f1466-5a5f-42be-9368-afb2655d9b17,Ball Receipt*,40,39,1,Liverpool,James Philip Milner,Left Center Midfield,0,Real Madrid,Liverpool,99.7,23.2,,,,,,,,,,,,,,,
7630be56-67af-471c-997a-a45fb30e968c,Interception,40,39,1,Real Madrid,Luka Modrić,Right Center Midfield,0,Real Madrid,Liverpool,19.5,45.1,,,,,,,,,,,,,,,
db22d72a-d2ca-44b9-a886-e32414ac8ddf,Carry,40,39,1,Real Madrid,Luka Modrić,Right Center Midfield,0,Real Madrid,Liverpool,19.5,45.1,,,,,,,,,,,41.9,51.6,0.00186452,,
f302f7cb-98c6-46cb-810f-42e1f900b1f2,Pass,40,42,1,Real Madrid,Luka Modrić,Right Center Midfield,0,Real Madrid,Liverpool,41.9,51.6,Francisco Román Alarcón Suárez,,,Ground Pass,Right Foot,52.3,22.2,0.01269174,0.01429128,0.00159954,,,,,
c4595464-a88e-4838-beee-a33ca1cf2524,Pressure,40,43,1,Liverpool,Trent Alexander-Arnold,Right Back,0,Real Madrid,Liverpool,72.9,58.3,,,,,,,,,,,,,,,
03aecac9-358e-4f60-9093-e0c5e53275ce,Ball Receipt*,40,43,1,Real Madrid,Francisco Román Alarcón Suárez,Center Attacking Midfield,1,Real Madrid,Liverpool,52.3,22.2,,,,,,,,,,,,,,,
2f1137ea-d29e-4a40-a72c-5e1b57ca0f0e,Pass,40,43,1,Real Madrid,Francisco Román Alarcón Suárez,Center Attacking Midfield,1,Real Madrid,Liverpool,52.5,23.1,Cristiano Ronaldo dos Santos Aveiro,,,Ground Pass,Right Foot,70.4,9.4,0.01429128,0.0174506,0.00315932,,,,,
20c9d861-b34f-463c-a8c9-181648ea5bd1,Ball Receipt*,40,44,1,Real Madrid,Cristiano Ronaldo dos Santos Aveiro,Left Center Forward,0,Real Madrid,Liverpool,70.4,9.4,,,,,,,,,,,,,,,
4e1cd3e7-ce4c-41c9-8158-2830c2431882,Carry,40,44,1,Real Madrid,Cristiano Ronaldo dos Santos Aveiro,Left Center Forward,0,Real Madrid,Liverpool,70.4,9.4,,,,,,,,,,,98.0,22.1,0.01110142,,
5de49a75-7ad3-416d-8f80-4926be2f8576,Pass,40,49,1,Real Madrid,Cristiano Ronaldo dos Santos Aveiro,Left Center Forward,0,Real Madrid,Liverpool,98.0,22.1,Francisco Román Alarcón Suárez,Incomplete,,Ground Pass,Right Foot,91.6,44.4,0.02855202,0.03511326,0.006561239999999999,,,,,
b341d01b-12c1-48bd-86c3-594b583f6f36,Ball Receipt*,40,51,1,Real Madrid,Francisco Román Alarcón Suárez,Center Attacking Midfield,0,Real Madrid,Liverpool,93.5,35.1,,,,,,,,,,,,,,,
4144537f-a245-402e-ad00-5d66350d30dc,Ball Recovery,40,51,1,Liverpool,James Philip Milner,Left Center Midfield,0,Real Madrid,Liverpool,28.5,35.7,,,,,,,,,,,,,,,
7ac17792-647a-4f51-99a2-5a4828e8636e,Carry,40,51,1,Liverpool,James Philip Milner,Left Center Midfield,0,Real Madrid,Liverpool,28.5,35.7,,,,,,,,,,,36.6,33.4,0.001158270000000001,,
f7d2a666-d635-4139-a470-d6d03bdc9417,Pass,40,54,1,Liverpool,James Philip Milner,Left Center Midfield,0,Real Madrid,Liverpool,36.6,33.4,Andrew Robertson,,,Ground Pass,Right Foot,42.7,11.9,0.01132376,0.01214719,0.00082343,,,,,
2fd9b97b-3c19-407e-9e91-2a16f6b2c05b,Ball Receipt*,40,55,1,Liverpool,Andrew Robertson,Left Back,0,Real Madrid,Liverpool,42.7,11.9,,,,,,,,,,,,,,,
31b3bfab-f858-468d-b806-b50e15f0b11b,Carry,40,55,1,Liverpool,Andrew Robertson,Left Back,1,Real Madrid,Liverpool,42.7,11.9,,,,,,,,,,,49.6,3.0,-0.0008845199999999998,,
e5ab6365-4a11-4607-9f39-a76c5d887539,Pressure,40,59,1,Real Madrid,Luka Modrić,Right Center Midfield,0,Real Madrid,Liverpool,62.7,69.3,,,,,,,,,,,,,,,
9f9efcc0-1c6e-4ef4-90c4-acc26dcb96e9,Pass,41,0,1,Liverpool,Andrew Robertson,Left Back,0,Real Madrid,Liverpool,49.6,3.0,Adam David Lallana,,,Low Pass,Left Foot,56.6,7.2,0.01126267,0.01248344,0.001220769999999999,,,,,
f445d6ad-878c-4acf-976d-f7b772a12d30,Ball Receipt*,41,0,1,Liverpool,Adam David Lallana,Left Wing,0,Real Madrid,Liverpool,56.6,7.2,,,,,,,,,,,,,,,
42abfceb-9b89-476d-9eb8-2b0e453f69c6,Carry,41,0,1,Liverpool,Adam David Lallana,Left Wing,0,Real Madrid,Liverpool,56.6,7.2,,,,,,,,,,,63.0,8.2,0.002252519999999999,,
1ac70259-2fc0-4772-b7e1-0bdbae57988a,Miscontrol,41,2,1,Liverpool,Adam David Lallana,Left Wing,0,Real Madrid,Liverpool,63.0,8.2,,,,,,,,,,,,,,,
bd8e95c8-26d1-40fa-a229-579294bcab55,Pass,41,3,1,Real Madrid,Carlos Henrique Casimiro,Center Defensive Midfield,0,Real Madrid,Liverpool,54.6,52.3,Luka Modrić,,Recovery,Ground Pass,Right Foot,48.8,66.0,0.01429128,0.01214719,-0.00214409,,,,,
ff50c6e1-3b1e-4e5a-97f9-b866389d4de0,Ball Receipt*,41,5,1,Real Madrid,Luka Modrić,Right Center Midfield,0,Real Madrid,Liverpool,48.8,66.0,,,,,,,,,,,,,,,
f94fecbf-42bd-4830-83ed-425be834791d,Carry,41,5,1,Real Madrid,Luka Modrić,Right Center Midfield,0,Real Madrid,Liverpool,48.8,66.0,,,,,,,,,,,56.1,70.1,0.0003362499999999997,,
6a8ac530-5cc4-4e73-877e-804d4c05c149,Pass,41,7,1,Real Madrid,Luka Modrić,Right Center Midfield,0,Real Madrid,Liverpool,56.1,70.1,José Ignacio Fernández Iglesias,,,Ground Pass,Right Foot,60.8,77.3,0.01248344,0.01473596,0.002252519999999999,,,,,
76dcf436-c70b-4e30-9408-c334abb2e064,Ball Receipt*,41,9,1,Real Madrid,José Ignacio Fernández Iglesias,Right Back,0,Real Madrid,Liverpool,60.8,77.3,,,,,,,,,,,,,,,
35cf14a6-e994-477b-a7e1-5091c2c17e9e,Carry,41,9,1,Real Madrid,José Ignacio Fernández Iglesias,Right Back,0,Real Madrid,Liverpool,60.8,77.3,,,,,,,,,,,60.8,77.3,0.0,,
a9773b96-95c9-484e-80d8-bfadc2589ae8,Pass,41,10,1,Real Madrid,José Ignacio Fernández Iglesias,Right Back,0,Real Madrid,Liverpool,60.8,77.3,Luka Modrić,,,Ground Pass,Right Foot,63.9,67.8,0.01473596,0.01611813,0.001382170000000002,,,,,
b658e1fe-65a3-4e03-861b-b467e23a44e3,Ball Receipt*,41,11,1,Real Madrid,Luka Modrić,Right Center Midfield,0,Real Madrid,Liverpool,63.9,67.8,,,,,,,,,,,,,,,
46dfdbdb-cb7d-4efb-b76b-56a072bd3115,Carry,41,11,1,Real Madrid,Luka Modrić,Right Center Midfield,0,Real Madrid,Liverpool,63.9,67.8,,,,,,,,,,,63.6,69.7,0.0,,
b91b54ec-b175-4d99-aad3-8f978d174c61,Pass,41,11,1,Real Madrid,Luka Modrić,Right Center Midfield,0,Real Madrid,Liverpool,63.6,69.7,José Ignacio Fernández Iglesias,,,Ground Pass,Left Foot,60.7,77.6,0.01611813,0.01473596,-0.001382170000000002,,,,,
1f19b242-6eae-49e8-b61a-e266b4b09673,Ball Receipt*,41,12,1,Real Madrid,José Ignacio Fernández Iglesias,Right Back,0,Real Madrid,Liverpool,60.7,77.6,,,,,,,,,,,,,,,
5c308e99-ffd5-4d3f-a3db-f46f39378f8d,Carry,41,12,1,Real Madrid,José Ignacio Fernández Iglesias,Right Back,0,Real Madrid,Liverpool,60.7,77.6,,,,,,,,,,,58.1,78.0,-0.002252519999999999,,
c57d411c-51ef-40dc-bd13-38253b48fe71,Pass,41,12,1,Real Madrid,José Ignacio Fernández Iglesias,Right Back,0,Real Madrid,Liverpool,58.1,78.0,Raphaël Varane,,,Ground Pass,Right Foot,42.9,68.8,0.01248344,0.01214719,-0.0003362499999999997,,,,,
d1a825d0-ffe6-4b45-9c6f-a1f181f0af58,Ball Receipt*,41,14,1,Real Madrid,Raphaël Varane,Right Center Back,0,Real Madrid,Liverpool,42.9,68.8,,,,,,,,,,,,,,,
787443dc-17f2-4b18-a48f-b46b2b1351c5,Carry,41,14,1,Real Madrid,Raphaël Varane,Right Center Back,0,Real Madrid,Liverpool,42.9,68.8,,,,,,,,,,,42.7,68.8,0.0,,
e66dfc81-19a0-458f-9ff8-00fdb8d9ea06,Pass,41,14,1,Real Madrid,Raphaël Varane,Right Center Back,0,Real Madrid,Liverpool,42.7,68.8,Sergio Ramos García,,,Ground Pass,Left Foot,41.2,38.9,0.01214719,0.01262646,0.0004792700000000004,,,,,
7746ebf0-a989-4ba9-8174-d23deded90c6,Ball Receipt*,41,16,1,Real Madrid,Sergio Ramos García,Left Center Back,0,Real Madrid,Liverpool,41.2,38.9,,,,,,,,,,,,,,,
fa5387c3-3675-4748-8351-8c96989b6418,Carry,41,16,1,Real Madrid,Sergio Ramos García,Left Center Back,0,Real Madrid,Liverpool,41.2,38.9,,,,,,,,,,,45.4,37.8,0.0,,
599ca8c2-5e59-4495-ae43-c69d272149ab,Pass,41,18,1,Real Madrid,Sergio Ramos García,Left Center Back,0,Real Madrid,Liverpool,45.4,37.8,Marcelo Vieira da Silva Júnior,,,High Pass,Right Foot,65.7,3.6,0.01262646,0.01473596,0.002109499999999999,,,,,
50ef6c40-55e7-4e67-a998-84ded5ef0d94,Ball Receipt*,41,20,1,Real Madrid,Marcelo Vieira da Silva Júnior,Left Back,0,Real Madrid,Liverpool,65.7,3.6,,,,,,,,,,,,,,,
4d6ca7c9-ab5f-49db-aeea-0efa10cb4146,Carry,41,20,1,Real Madrid,Marcelo Vieira da Silva Júnior,Left Back,0,Real Madrid,Liverpool,65.7,3.6,,,,,,,,,,,77.3,5.2,0.002714640000000001,,
1b6768e3-0bd2-4d66-b894-d87a1e9bcec7,Pass,41,22,1,Real Madrid,Marcelo Vieira da Silva Júnior,Left Back,0,Real Madrid,Liverpool,77.3,5.2,Karim Benzema,,,High Pass,Left Foot,98.7,28.3,0.0174506,0.02855202,0.01110142,,,,,
0258ed9f-c084-4320-8c55-b8663f916a20,Ball Receipt*,41,23,1,Real Madrid,Karim Benzema,Right Center Forward,0,Real Madrid,Liverpool,98.7,28.3,,,,,,,,,,,,,,,
da2f4139-018d-444d-bc2c-4ee7d6a3f5c8,Pass,41,23,1,Real Madrid,Karim Benzema,Right Center Forward,0,Real Madrid,Liverpool,99.0,28.3,Cristiano Ronaldo dos Santos Aveiro,,,Low Pass,Right Foot,94.1,26.5,0.02855202,0.02855202,0.0,,,,,
03234515-b696-44c3-8b24-e7acfc218f80,Pressure,41,24,1,Liverpool,Jordan Brian Henderson,Center Defensive Midfield,0,Real Madrid,Liverpool,29.7,51.5,,,,,,,,,,,,,,,
824cafa7-04da-40e7-88ff-b969f0861755,Ball Receipt*,41,25,1,Real Madrid,Cristiano Ronaldo dos Santos Aveiro,Left Center Forward,1,Real Madrid,Liverpool,94.1,26.5,,,,,,,,,,,,,,,
462b263d-5f7f-4670-a04b-73aaadaa764d,Carry,41,25,1,Real Madrid,Cristiano Ronaldo dos Santos Aveiro,Left Center Forward,1,Real Madrid,Liverpool,94.1,26.5,,,,,,,,,,,91.1,26.2,0.0,,
0f7081d0-e20e-4f1b-accb-a5e5936dbcd0,Pass,41,27,1,Real Madrid,Cristiano Ronaldo dos Santos Aveiro,Left Center Forward,0,Real Madrid,Liverpool,91.1,26.2,Carlos Henrique Casimiro,,,Ground Pass,Right Foot,78.7,40.2,0.02855202,0.0199707,-0.00858132,,,,,
79faad7e-76f2-4126-a724-3d2d3c7522e3,Pressure,41,28,1,Liverpool,Roberto Firmino Barbosa de Oliveira,Center Forward,0,Real Madrid,Liverpool,40.0,42.8,,,,,,,,,,,,,,,
a95c7579-0eee-48d0-84f4-097387c7aabf,Ball Receipt*,41,29,1,Real Madrid,Carlos Henrique Casimiro,Center Defensive Midfield,1,Real Madrid,Liverpool,78.7,40.2,,,,,,,,,,,,,,,
c2504d99-091e-4b96-b52a-7ede53342147,Carry,41,29,1,Real Madrid,Carlos Henrique Casimiro,Center Defensive Midfield,1,Real Madrid,Liverpool,78.7,40.2,,,,,,,,,,,77.9,40.7,0.0,,
7e446d16-6967-4c82-90a2-5c7e3e8ef382,Pass,41,29,1,Real Madrid,Carlos Henrique Casimiro,Center Defensive Midfield,1,Real Madrid,Liverpool,77.9,40.7,Luka Modrić,,,Ground Pass,Right Foot,75.0,53.1,0.0199707,0.01935132,-0.0006193799999999992,,,,,
ca705cdc-b159-4613-a52c-18b83b0a1edf,Ball Receipt*,41,30,1,Real Madrid,Luka Modrić,Right Center Midfield,0,Real Madrid,Liverpool,75.0,53.1,,,,,,,,,,,,,,,
f7365d81-a27e-4af6-ab13-2588f610b6ad,Pass,41,30,1,Real Madrid,Luka Modrić,Right Center Midfield,0,Real Madrid,Liverpool,75.0,53.1,Sergio Ramos García,,,Low Pass,Right Foot,64.7,27.6,0.01935132,0.01685596,-0.002495360000000002,,,,,
daf32048-997b-470a-85eb-8884f7533413,Ball Receipt*,41,32,1,Real Madrid,Sergio Ramos García,Left Center Back,0,Real Madrid,Liverpool,64.7,27.6,,,,,,,,,,,,,,,
43d9236a-09dc-4018-a1f0-b2e68855ceaf,Carry,41,32,1,Real Madrid,Sergio Ramos García,Left Center Back,0,Real Madrid,Liverpool,64.7,27.6,,,,,,,,,,,68.7,27.6,0.0,,
5f6d215f-80f1-4370-849c-f3cf844c270b,Pass,41,34,1,Real Madrid,Sergio Ramos García,Left Center Back,0,Real Madrid,Liverpool,68.7,27.6,Karim Benzema,,,Ground Pass,Right Foot,78.9,26.3,0.01685596,0.01935132,0.002495360000000002,,,,,
04a34540-131f-4102-b293-5fb376c6603b,Ball Receipt*,41,35,1,Real Madrid,Karim Benzema,Right Center Forward,0,Real Madrid,Liverpool,78.9,26.3,,,,,,,,,,,,,,,
7aec1cae-57ea-4cf4-ba42-6e63fde39742,Carry,41,35,1,Real Madrid,Karim Benzema,Right Center Forward,0,Real Madrid,Liverpool,78.9,26.3,,,,,,,,,,,77.7,26.9,0.0,,
c3c2fbd6-d0c0-4a93-b96f-a46fd82b0ea0,Pass,41,36,1,Real Madrid,Karim Benzema,Right Center Forward,0,Real Madrid,Liverpool,77.7,26.9,Luka Modrić,,,Low Pass,Right Foot,73.6,53.0,0.01935132,0.01935132,0.0,,,,,
4a4a15fd-6866-4e87-ba5e-83d63b1172e0,Ball Receipt*,41,37,1,Real Madrid,Luka Modrić,Right Center Midfield,0,Real Madrid,Liverpool,73.6,53.0,,,,,,,,,,,,,,,
171b4aef-df44-4234-b057-27b14cb8e76b,Carry,41,37,1,Real Madrid,Luka Modrić,Right Center Midfield,0,Real Madrid,Liverpool,73.6,53.0,,,,,,,,,,,77.7,61.5,-0.0006478500000000019,,
252b1a76-37d4-4507-a6cf-42de0569666e,Pass,41,39,1,Real Madrid,Luka Modrić,Right Center Midfield,0,Real Madrid,Liverpool,77.7,61.5,Francisco Román Alarcón Suárez,,,Ground Pass,Right Foot,83.4,73.3,0.01870347,0.02122129,0.00251782,,,,,
ee7f2b31-d351-4035-adc6-3b426779ecef,Ball Receipt*,41,40,1,Real Madrid,Francisco Román Alarcón Suárez,Center Attacking Midfield,0,Real Madrid,Liverpool,83.4,73.3,,,,,,,,,,,,,,,
54efad68-c6ab-44c4-87c0-a5c89e03893e,Carry,41,40,1,Real Madrid,Francisco Román Alarcón Suárez,Center Attacking Midfield,0,Real Madrid,Liverpool,83.4,73.3,,,,,,,,,,,86.6,73.5,0.0,,
f04ebffe-c992-4d88-9e00-fd3fb3ea5a9a,Pass,41,41,1,Real Madrid,Francisco Román Alarcón Suárez,Center Attacking Midfield,0,Real Madrid,Liverpool,86.6,73.5,Luka Modrić,,,Ground Pass,Right Foot,78.7,65.6,0.02122129,0.01870347,-0.00251782,,,,,
b8f38ef2-665f-4f76-8f0a-59e10d19198a,Ball Receipt*,41,43,1,Real Madrid,Luka Modrić,Right Center Midfield,0,Real Madrid,Liverpool,78.7,65.6,,,,,,,,,,,,,,,
f26e0d2d-3e49-4bb7-9be4-0e8d041544bb,Carry,41,43,1,Real Madrid,Luka Modrić,Right Center Midfield,0,Real Madrid,Liverpool,78.7,65.6,,,,,,,,,,,78.3,64.7,0.0,,
61160497-1c58-4d58-b343-3051708dbcb0,Pass,41,44,1,Real Madrid,Luka Modrić,Right Center Midfield,0,Real Madrid,Liverpool,78.3,64.7,Raphaël Varane,,,Ground Pass,Right Foot,67.6,48.9,0.01870347,0.01689528,-0.001808190000000001,,,,,
144623f7-571f-44c9-8f12-a7fbf23b6218,Ball Receipt*,41,45,1,Real Madrid,Raphaël Varane,Right Center Back,0,Real Madrid,Liverpool,67.6,48.9,,,,,,,,,,,,,,,
7175b692-e135-4cda-91f7-52a8071bfcda,Carry,41,45,1,Real Madrid,Raphaël Varane,Right Center Back,0,Real Madrid,Liverpool,67.6,48.9,,,,,,,,,,,66.9,42.6,0.0,,
0300273c-1284-425d-8960-f237aaa4c1db,Pass,41,48,1,Real Madrid,Raphaël Varane,Right Center Back,0,Real Madrid,Liverpool,66.9,42.6,Sergio Ramos García,,,Ground Pass,Right Foot,68.3,27.6,0.01689528,0.01685596,-3.931999999999894e-05,,,,,
878091d7-ad9e-4bc5-a75e-eff7049c6056,Ball Receipt*,41,49,1,Real Madrid,Sergio Ramos García,Left Center Back,0,Real Madrid,Liverpool,68.3,27.6,,,,,,,,,,,,,,,
fd7220b2-7a0c-404a-91d0-42d6a9d6dbba,Carry,41,49,1,Real Madrid,Sergio Ramos García,Left Center Back,0,Real Madrid,Liverpool,68.3,27.6,,,,,,,,,,,67.6,29.4,0.0,,
c990da3d-654d-45b3-a58b-a59f7b1c6ddb,Pass,41,50,1,Real Madrid,Sergio Ramos García,Left Center Back,0,Real Madrid,Liverpool,67.6,29.4,Raphaël Varane,,,Ground Pass,Right Foot,55.3,45.0,0.01685596,0.01484598,-0.00200998,,,,,
d43fc222-982a-42b4-a293-de2ac12e5907,Ball Receipt*,41,53,1,Real Madrid,Raphaël Varane,Right Center Back,0,Real Madrid,Liverpool,55.3,45.0,,,,,,,,,,,,,,,
951ec29b-cd10-43b2-b4f9-b26518d64351,Carry,41,53,1,Real Madrid,Raphaël Varane,Right Center Back,0,Real Madrid,Liverpool,55.3,45.0,,,,,,,,,,,65.9,70.1,-0.0001100200000000006,,
41de5700-24bb-438c-9778-d6d16ed54169,Pass,41,57,1,Real Madrid,Raphaël Varane,Right Center Back,0,Real Madrid,Liverpool,65.9,70.1,Carlos Henrique Casimiro,,,Ground Pass,Right Foot,63.5,46.7,0.01473596,0.01689528,0.002159319999999999,,,,,
87fe1f3a-e78a-4516-8d56-a0660c63eb44,Ball Receipt*,41,59,1,Real Madrid,Carlos Henrique Casimiro,Center Defensive Midfield,0,Real Madrid,Liverpool,63.5,46.7,,,,,,,,,,,,,,,
db2c1107-16c6-4a54-b9c8-43124654ca13,Carry,41,59,1,Real Madrid,Carlos Henrique Casimiro,Center Defensive Midfield,0,Real Madrid,Liverpool,63.5,46.7,,,,,,,,,,,64.7,45.4,0.0,,
afa5db36-b2a9-4626-981c-6dc4b95e1f9b,Pass,42,0,1,Real Madrid,Carlos Henrique Casimiro,Center Defensive Midfield,0,Real Madrid,Liverpool,64.7,45.4,Toni Kroos,,,Low Pass,Right Foot,63.9,9.4,0.01689528,0.01473596,-0.002159319999999999,,,,,
d48d0f70-8b8e-47bb-b3a2-d329c23d5177,Ball Receipt*,42,2,1,Real Madrid,Toni Kroos,Left Center Midfield,0,Real Madrid,Liverpool,63.9,9.4,,,,,,,,,,,,,,,
60e00b23-ae09-4cf9-a0e7-73b174daa7f7,Pass,42,2,1,Real Madrid,Toni Kroos,Left Center Midfield,0,Real Madrid,Liverpool,64.0,8.3,Sergio Ramos García,,,Ground Pass,Right Foot,64.5,25.1,0.01473596,0.01685596,0.00212,,,,,
acd4c0b5-4c36-4a0f-a117-fa411b2f47a8,Ball Receipt*,42,3,1,Real Madrid,Sergio Ramos García,Left Center Back,0,Real Madrid,Liverpool,64.5,25.1,,,,,,,,,,,,,,,
6957223e-8fea-475f-a4b1-2db029a92d55,Pass,42,3,1,Real Madrid,Sergio Ramos García,Left Center Back,0,Real Madrid,Liverpool,64.7,24.9,Toni Kroos,,,Ground Pass,Right Foot,69.0,22.5,0.01685596,0.01685596,0.0,,,,,
ea2646ab-5ca6-4d9c-9f3f-d8c6c9aff984,Ball Receipt*,42,4,1,Real Madrid,Toni Kroos,Left Center Midfield,0,Real Madrid,Liverpool,69.0,22.5,,,,,,,,,,,,,,,
686d5431-fdc3-4a54-a392-9f17533e4f98,Carry,42,4,1,Real Madrid,Toni Kroos,Left Center Midfield,0,Real Madrid,Liverpool,69.0,22.5,,,,,,,,,,,66.7,32.7,3.931999999999894e-05,,
7c3d615f-e878-478e-84e3-703eac383710,Pass,42,7,1,Real Madrid,Toni Kroos,Left Center Midfield,0,Real Madrid,Liverpool,66.7,32.7,Francisco Román Alarcón Suárez,,,High Pass,Right Foot,73.2,74.9,0.01689528,0.0174506,0.0005553200000000015,,,,,
bea97fce-6261-454c-8e7c-be7dfe1be322,Pressure,42,9,1,Liverpool,Adam David Lallana,Left Wing,0,Real Madrid,Liverpool,46.9,10.4,,,,,,,,,,,,,,,
d1822306-1782-4d45-adc3-ebb2c193bfd6,Ball Receipt*,42,9,1,Real Madrid,Francisco Román Alarcón Suárez,Center Attacking Midfield,1,Real Madrid,Liverpool,73.2,74.9,,,,,,,,,,,,,,,
e9c401b3-3bb2-4097-9d31-324f69a70a1c,Carry,42,9,1,Real Madrid,Francisco Román Alarcón Suárez,Center Attacking Midfield,1,Real Madrid,Liverpool,73.2,74.9,,,,,,,,,,,88.0,70.2,0.00377069,,
3dd6d142-d52a-44a1-ab9f-9bfc57b4f972,Pressure,42,12,1,Liverpool,James Philip Milner,Left Center Midfield,0,Real Madrid,Liverpool,42.0,10.7,,,,,,,,,,,,,,,
e05eb228-f5ed-4fd8-8dac-cf7852e1fca6,Pass,42,13,1,Real Madrid,Francisco Román Alarcón Suárez,Center Attacking Midfield,1,Real Madrid,Liverpool,88.0,70.2,José Ignacio Fernández Iglesias,,,Ground Pass,Right Foot,102.8,76.3,0.02122129,0.03485072,0.01362943,,,,,
4b44e5c9-e8e5-44ff-becb-04cf3bfafc7e,Ball Receipt*,42,15,1,Real Madrid,José Ignacio Fernández Iglesias,Right Back,0,Real Madrid,Liverpool,102.8,76.3,,,,,,,,,,,,,,,
0c8b302e-99e2-4f5f-ab48-399c88ebebfc,Carry,42,15,1,Real Madrid,José Ignacio Fernández Iglesias,Right Back,0,Real Madrid,Liverpool,102.8,76.3,,,,,,,,,,,102.8,76.3,0.0,,
04d5a257-a7e0-4369-87a8-52f20da3e42a,Pass,42,17,1,Real Madrid,José Ignacio Fernández Iglesias,Right Back,0,Real Madrid,Liverpool,102.8,76.3,Francisco Román Alarcón Suárez,,,Ground Pass,Right Foot,96.3,69.0,0.03485072,0.02953272,-0.005318000000000003,,,,,
ffce30cd-15cd-44f6-b680-accc7c506d87,Ball Receipt*,42,17,1,Real Madrid,Francisco Román Alarcón Suárez,Center Attacking Midfield,0,Real Madrid,Liverpool,96.3,69.0,,,,,,,,,,,,,,,
5ea4dcce-e026-4985-a63c-c5becc4c133a,Carry,42,17,1,Real Madrid,Francisco Román Alarcón Suárez,Center Attacking Midfield,0,Real Madrid,Liverpool,96.3,69.0,,,,,,,,,,,96.6,67.1,0.0,,
7c8c7f23-4362-478f-aa05-57f5772c7994,Pass,42,18,1,Real Madrid,Francisco Román Alarcón Suárez,Center Attacking Midfield,0,Real Madrid,Liverpool,96.6,67.1,Cristiano Ronaldo dos Santos Aveiro,,,High Pass,Right Foot,110.6,40.6,0.02953272,0.25745362,0.2279209,,,,,
71199860-c2ed-4c5c-bd82-733c1a05635d,Ball Receipt*,42,20,1,Real Madrid,Cristiano Ronaldo dos Santos Aveiro,Left Center Forward,0,Real Madrid,Liverpool,110.6,40.6,,,,,,,,,,,,,,,
a3b0344d-0377-497b-8eb0-77b97433c833,Duel,42,20,1,Liverpool,Dejan Lovren,Right Center Back,1,Real Madrid,Liverpool,7.4,40.2,,,,,,,,,,,,,,,
6cb4171b-90e6-4473-831e-df7a2da29f28,Shot,42,20,1,Real Madrid,Cristiano Ronaldo dos Santos Aveiro,Left Center Forward,1,Real Madrid,Liverpool,112.7,39.9,,,,,,,,,,,,,,0.1714123,Saved
77a791be-0878-44b9-9ad9-9092d27b2a11,Goal Keeper,42,20,1,Liverpool,Loris Karius,Goalkeeper,0,Real Madrid,Liverpool,1.6,40.0,,,,,,,,,,,,,,,
6bc1c5c3-86ff-4ecb-882c-5d0ecb24a654,Offside,42,21,1,Real Madrid,Karim Benzema,Right Center Forward,0,Real Madrid,Liverpool,114.8,41.4,,,,,,,,,,,,,,,
228389bc-7fdc-4d8a-9781-230ddf7f3dab,Pass,43,0,1,Liverpool,Loris Karius,Goalkeeper,0,Real Madrid,Liverpool,9.9,40.5,Roberto Firmino Barbosa de Oliveira,Pass Offside,Free Kick,High Pass,Right Foot,77.5,38.0,0.00941056,0.0199707,0.01056014,,,,,
3e7b9a36-1f03-41fe-8831-3b5593ae167c,Ball Receipt*,43,3,1,Liverpool,Roberto Firmino Barbosa de Oliveira,Center Forward,0,Real Madrid,Liverpool,77.5,38.0,,,,,,,,,,,,,,,
5e2f422a-b399-4db4-a57c-d909e41d4fd6,Pass,43,9,1,Real Madrid,Sergio Ramos García,Left Center Back,0,Real Madrid,Liverpool,42.6,41.6,Marcelo Vieira da Silva Júnior,,Free Kick,Ground Pass,Right Foot,56.7,4.3,0.01262646,0.01248344,-0.0001430200000000006,,,,,
d2082f7f-e7f9-4ad8-bcea-86b3156852f6,Ball Receipt*,43,10,1,Real Madrid,Marcelo Vieira da Silva Júnior,Left Back,0,Real Madrid,Liverpool,56.7,4.3,,,,,,,,,,,,,,,
05612e40-8436-4d7a-b858-115c52d6e1ac,Pass,43,11,1,Real Madrid,Marcelo Vieira da Silva Júnior,Left Back,0,Real Madrid,Liverpool,55.6,5.9,Sergio Ramos García,,,Ground Pass,Left Foot,35.3,15.2,0.01248344,0.0105949,-0.001888539999999999,,,,,
60e6213e-3d16-4f8b-b4f4-3e8f08076226,Ball Receipt*,43,13,1,Real Madrid,Sergio Ramos García,Left Center Back,0,Real Madrid,Liverpool,35.3,15.2,,,,,,,,,,,,,,,
fc926b10-8bcc-4fb6-8422-71fd0b7fbb5c,Pass,43,16,1,Real Madrid,Sergio Ramos García,Left Center Back,0,Real Madrid,Liverpool,37.2,20.4,Raphaël Varane,,,Ground Pass,Right Foot,43.6,53.6,0.01110462,0.01269174,0.001587119999999999,,,,,
69cdbffd-8864-4f86-ac7c-1209e51f147f,Ball Receipt*,43,18,1,Real Madrid,Raphaël Varane,Right Center Back,0,Real Madrid,Liverpool,43.6,53.6,,,,,,,,,,,,,,,
3dc97d4c-0d48-4e44-8ea2-a0f571caeb62,Carry,43,18,1,Real Madrid,Raphaël Varane,Right Center Back,1,Real Madrid,Liverpool,43.6,53.6,,,,,,,,,,,73.6,52.6,0.006659580000000002,,
d468efb7-c26a-43bd-afa6-46a9bcdbbc2f,Pressure,43,21,1,Liverpool,Roberto Firmino Barbosa de Oliveira,Center Forward,0,Real Madrid,Liverpool,56.6,34.4,,,,,,,,,,,,,,,
6476b71f-22e4-4eee-a333-bf1271359246,Pressure,43,21,1,Liverpool,Adam David Lallana,Left Wing,0,Real Madrid,Liverpool,53.0,27.9,,,,,,,,,,,,,,,
1d932a2a-3516-42d0-a0cd-c7d2ed7c5b9b,Dispossessed,43,24,1,Real Madrid,Raphaël Varane,Right Center Back,1,Real Madrid,Liverpool,73.6,52.6,,,,,,,,,,,,,,,
80d12a02-6f81-49f1-a251-e4d27e1839f7,Duel,43,24,1,Liverpool,Roberto Firmino Barbosa de Oliveira,Center Forward,1,Real Madrid,Liverpool,46.5,27.5,,,,,,,,,,,,,,,
214615ad-2fa0-42b2-b103-cc14bec7bff0,Carry,43,24,1,Liverpool,Roberto Firmino Barbosa de Oliveira,Center Forward,1,Real Madrid,Liverpool,46.5,27.5,,,,,,,,,,,49.0,24.1,0.0,,
e2664531-f7fc-450d-b371-ec014c2128b6,Pressure,43,26,1,Real Madrid,Luka Modrić,Right Center Midfield,0,Real Madrid,Liverpool,70.2,57.3,,,,,,,,,,,,,,,
38f634c9-39a3-4fb2-81d7-eb37eea8f464,Dispossessed,43,26,1,Liverpool,Roberto Firmino Barbosa de Oliveira,Center Forward,1,Real Madrid,Liverpool,49.0,24.1,,,,,,,,,,,,,,,
bd6384fe-efce-4b65-9f09-fce5f68eb778,Duel,43,26,1,Real Madrid,Luka Modrić,Right Center Midfield,1,Real Madrid,Liverpool,71.1,56.0,,,,,,,,,,,,,,,
0b3be920-f109-4d98-847e-7576371fd18f,Foul Committed,43,26,1,Liverpool,Roberto Firmino Barbosa de Oliveira,Center Forward,0,Real Madrid,Liverpool,50.3,25.0,,,,,,,,,,,,,,,
ea0772c2-ddaf-4515-b7d8-fb3e31a9ad14,Pass,43,34,1,Real Madrid,Luka Modrić,Right Center Midfield,0,Real Madrid,Liverpool,68.7,56.8,Toni Kroos,,Free Kick,Ground Pass,Right Foot,64.7,40.2,0.01685596,0.01689528,3.931999999999894e-05,,,,,
ded1b67d-a32c-42a1-8f84-0d56754c0574,Ball Receipt*,43,36,1,Real Madrid,Toni Kroos,Left Center Midfield,0,Real Madrid,Liverpool,64.7,40.2,,,,,,,,,,,,,,,
a7429474-722d-4d10-a7df-91e8b992a6a6,Pass,43,36,1,Real Madrid,Toni Kroos,Left Center Midfield,0,Real Madrid,Liverpool,64.7,42.1,Luka Modrić,,,Ground Pass,Right Foot,63.9,53.7,0.01689528,0.01685596,-3.931999999999894e-05,,,,,
355fc641-c4a8-4d51-8a27-a5080c4d7cac,Ball Receipt*,43,37,1,Real Madrid,Luka Modrić,Right Center Midfield,0,Real Madrid,Liverpool,63.9,53.7,,,,,,,,,,,,,,,
de750d88-09f3-4484-817d-34a3cb40a540,Carry,43,37,1,Real Madrid,Luka Modrić,Right Center Midfield,1,Real Madrid,Liverpool,63.9,53.7,,,,,,,,,,,68.1,40.6,3.931999999999894e-05,,
64545e30-75a7-47e4-a23c-6a5ffd627967,Pressure,43,38,1,Liverpool,Adam David Lallana,Left Wing,0,Real Madrid,Liverpool,55.6,24.1,,,,,,,,,,,,,,,
a8861f27-03d8-458d-8d56-5d1d2f4f3669,Pass,43,41,1,Real Madrid,Luka Modrić,Right Center Midfield,0,Real Madrid,Liverpool,68.1,40.6,Toni Kroos,,,Ground Pass,Left Foot,64.5,42.6,0.01689528,0.01689528,0.0,,,,,
52c3e9c9-12ce-4597-850d-5331d1d4d12b,Ball Receipt*,43,42,1,Real Madrid,Toni Kroos,Left Center Midfield,0,Real Madrid,Liverpool,64.5,42.6,,,,,,,,,,,,,,,
20c7c0a6-af82-475f-9ba9-72947485b874,Carry,43,42,1,Real Madrid,Toni Kroos,Left Center Midfield,0,Real Madrid,Liverpool,64.5,42.6,,,,,,,,,,,65.0,41.0,0.0,,
3876bdfc-b370-4184-8ac3-fb6d43b09a90,Pass,43,44,1,Real Madrid,Toni Kroos,Left Center Midfield,0,Real Madrid,Liverpool,65.0,41.0,Sergio Ramos García,,,Ground Pass,Right Foot,56.1,25.5,0.01689528,0.01429128,-0.002603999999999999,,,,,
06e7bd48-d9be-4104-a7e0-e6d920b8b5be,Ball Receipt*,43,45,1,Real Madrid,Sergio Ramos García,Left Center Back,0,Real Madrid,Liverpool,56.1,25.5,,,,,,,,,,,,,,,
74fabc91-8072-4ed7-8a32-574dd82c6bfe,Carry,43,45,1,Real Madrid,Sergio Ramos García,Left Center Back,0,Real Madrid,Liverpool,56.1,25.5,,,,,,,,,,,61.1,22.7,0.00256468,,
38c9ceb7-6443-4b45-b6cc-7b5774438f2b,Pass,43,48,1,Real Madrid,Sergio Ramos García,Left Center Back,0,Real Madrid,Liverpool,61.1,22.7,Marcelo Vieira da Silva Júnior,,,Ground Pass,Right Foot,70.5,4.8,0.01685596,0.0174506,0.0005946400000000004,,,,,
9bfa835a-3a6c-4296-8e77-50ab858512e7,Ball Receipt*,43,49,1,Real Madrid,Marcelo Vieira da Silva Júnior,Left Back,0,Real Madrid,Liverpool,70.5,4.8,,,,,,,,,,,,,,,
d586a313-56d7-47a9-907c-3848b5a12c69,Carry,43,49,1,Real Madrid,Marcelo Vieira da Silva Júnior,Left Back,0,Real Madrid,Liverpool,70.5,4.8,,,,,,,,,,,70.1,4.8,0.0,,
89e4301a-3758-45b3-b32e-68a634d6f317,Pass,43,50,1,Real Madrid,Marcelo Vieira da Silva Júnior,Left Back,0,Real Madrid,Liverpool,70.1,4.8,Karim Benzema,,,Low Pass,Left Foot,98.5,5.6,0.0174506,0.02756312,0.01011252,,,,,
778d419e-15c9-48a6-bde8-6ae61576359b,Ball Receipt*,43,52,1,Real Madrid,Karim Benzema,Right Center Forward,0,Real Madrid,Liverpool,98.5,5.6,,,,,,,,,,,,,,,
2599dd24-31a7-48ed-b58f-730fb253720f,Carry,43,52,1,Real Madrid,Karim Benzema,Right Center Forward,0,Real Madrid,Liverpool,98.5,5.6,,,,,,,,,,,108.8,5.6,0.007287600000000002,,
d7f58206-b42d-4ce4-b7b7-876e39039fc1,Pass,43,57,1,Real Madrid,Karim Benzema,Right Center Forward,0,Real Madrid,Liverpool,108.8,5.6,Marcelo Vieira da Silva Júnior,,,Ground Pass,Right Foot,103.8,7.0,0.03485072,0.03485072,0.0,,,,,
05d3e57e-d7e0-4d36-af98-d0d111add48f,Ball Receipt*,43,58,1,Real Madrid,Marcelo Vieira da Silva Júnior,Left Back,0,Real Madrid,Liverpool,103.8,7.0,,,,,,,,,,,,,,,
c8397d63-70aa-432b-a2b6-3e260b39cc80,Carry,43,58,1,Real Madrid,Marcelo Vieira da Silva Júnior,Left Back,1,Real Madrid,Liverpool,103.8,7.0,,,,,,,,,,,106.1,8.0,0.0,,
bb5942f4-5808-4cd0-89ed-be43895bad2c,Dribbled Past,43,59,1,Liverpool,Trent Alexander-Arnold,Right Back,0,Real Madrid,Liverpool,14.0,72.1,,,,,,,,,,,,,,,
76000c9b-3167-4d3b-a79e-48288df5afa6,Dribble,43,59,1,Real Madrid,Marcelo Vieira da Silva Júnior,Left Back,1,Real Madrid,Liverpool,106.1,8.0,,,,,,,,,,,,,,,
b4470efd-a99e-4255-86b7-c50261bd2f45,Pressure,43,59,1,Real Madrid,Marcelo Vieira da Silva Júnior,Left Back,0,Real Madrid,Liverpool,107.2,13.5,,,,,,,,,,,,,,,
67610a1e-bfe7-47ab-b6e2-8b98913cdaad,Ball Recovery,44,1,1,Liverpool,Dejan Lovren,Right Center Back,1,Real Madrid,Liverpool,5.3,57.1,,,,,,,,,,,,,,,
c78c9098-abf4-496a-bb2e-0d5c25d7697b,Carry,44,1,1,Liverpool,Dejan Lovren,Right Center Back,1,Real Madrid,Liverpool,5.3,57.1,,,,,,,,,,,3.6,57.9,0.0,,
3e8575cb-2b0e-46d1-bbba-12941126265a,Pass,44,2,1,Liverpool,Dejan Lovren,Right Center Back,0,Real Madrid,Liverpool,3.6,57.9,Trent Alexander-Arnold,,,Ground Pass,Right Foot,7.1,67.0,0.0088799,0.00750072,-0.00137918,,,,,
6bbacccc-5660-47ef-b75a-49664887029f,Ball Receipt*,44,3,1,Liverpool,Trent Alexander-Arnold,Right Back,0,Real Madrid,Liverpool,7.1,67.0,,,,,,,,,,,,,,,
d6847f08-7410-4004-9cb4-bfb1d4aca781,Carry,44,3,1,Liverpool,Trent Alexander-Arnold,Right Back,1,Real Madrid,Liverpool,7.1,67.0,,,,,,,,,,,8.1,69.6,0.0,,
21370595-d459-4e05-8fc9-6f1f9059720c,Pressure,44,3,1,Real Madrid,Karim Benzema,Right Center Forward,0,Real Madrid,Liverpool,109.8,13.4,,,,,,,,,,,,,,,
fd0353da-3f41-4ed9-9d56-14a3e0fcaa02,Pass,44,4,1,Liverpool,Trent Alexander-Arnold,Right Back,0,Real Madrid,Liverpool,8.1,69.6,Georginio Wijnaldum,,,Ground Pass,Right Foot,15.6,65.6,0.00750072,0.00878589,0.00128517,,,,,
ed524e50-4b1b-4573-8c32-c8f1399bf750,Pressure,44,5,1,Real Madrid,Toni Kroos,Left Center Midfield,0,Real Madrid,Liverpool,100.4,12.0,,,,,,,,,,,,,,,
91fe6f38-5ecc-4d78-93ea-95707ac63481,Ball Receipt*,44,5,1,Liverpool,Georginio Wijnaldum,Right Center Midfield,1,Real Madrid,Liverpool,15.6,65.6,,,,,,,,,,,,,,,
6ccc3e6e-1645-42d2-b485-fbf816fc6ff9,Carry,44,5,1,Liverpool,Georginio Wijnaldum,Right Center Midfield,1,Real Madrid,Liverpool,15.6,65.6,,,,,,,,,,,15.4,65.8,0.0,,
06ddffcf-0ed1-4867-b9d6-29e0a79ba52d,Pass,44,5,1,Liverpool,Georginio Wijnaldum,Right Center Midfield,1,Real Madrid,Liverpool,15.4,65.8,Sadio Mané,,,Low Pass,Right Foot,27.1,76.5,0.00878589,0.00844854,-0.0003373500000000001,,,,,
f68be9ea-e309-419f-9d40-c6d89aa3fb73,Ball Receipt*,44,6,1,Liverpool,Sadio Mané,Right Wing,0,Real Madrid,Liverpool,27.1,76.5,,,,,,,,,,,,,,,
d5b022a1-8348-4121-ac0a-af8f9674ce3d,Carry,44,6,1,Liverpool,Sadio Mané,Right Wing,1,Real Madrid,Liverpool,27.1,76.5,,,,,,,,,,,34.3,76.3,0.001328050000000001,,
22441e9d-46a9-4b5f-b600-a2b4e472e6f3,Pressure,44,7,1,Real Madrid,Carlos Henrique Casimiro,Center Defensive Midfield,0,Real Madrid,Liverpool,88.6,7.3,,,,,,,,,,,,,,,
e9860783-bb87-43c9-8b01-c320863d1fa6,Pass,44,7,1,Liverpool,Sadio Mané,Right Wing,1,Real Madrid,Liverpool,34.3,76.3,Georginio Wijnaldum,,,Ground Pass,Right Foot,34.9,68.6,0.00977659,0.0105949,0.0008183100000000009,,,,,
c3fc02de-ae8b-4be2-b40c-011a2b641ea7,Ball Receipt*,44,8,1,Liverpool,Georginio Wijnaldum,Right Center Midfield,0,Real Madrid,Liverpool,34.9,68.6,,,,,,,,,,,,,,,
fba17745-8cb4-4767-af0e-45ace8249362,Carry,44,8,1,Liverpool,Georginio Wijnaldum,Right Center Midfield,0,Real Madrid,Liverpool,34.9,68.6,,,,,,,,,,,36.9,72.1,-0.0008183100000000009,,
cb1daf72-51fd-4130-96c2-c7b55f1285c3,Pass,44,9,1,Liverpool,Georginio Wijnaldum,Right Center Midfield,0,Real Madrid,Liverpool,36.9,72.1,Sadio Mané,Incomplete,,High Pass,Right Foot,97.3,61.1,0.00977659,0.02953272,0.01975613,,,,,
6ac5fc43-fe74-4e3c-be60-d063487ef76b,Ball Receipt*,44,14,1,Liverpool,Sadio Mané,Right Wing,0,Real Madrid,Liverpool,51.0,73.7,,,,,,,,,,,,,,,
6e57771a-aa69-4c02-93eb-89ee8ef23789,Ball Recovery,44,14,1,Real Madrid,Keylor Navas Gamboa,Goalkeeper,0,Real Madrid,Liverpool,22.8,19.0,,,,,,,,,,,,,,,
587fe046-92e5-4dce-90ad-e07168221eba,Carry,44,14,1,Real Madrid,Keylor Navas Gamboa,Goalkeeper,0,Real Madrid,Liverpool,22.8,19.0,,,,,,,,,,,22.6,24.5,0.0005892200000000014,,
31b4dd26-449f-4139-8bfe-5da3857091b9,Pass,44,16,1,Real Madrid,Keylor Navas Gamboa,Goalkeeper,0,Real Madrid,Liverpool,22.6,24.5,Raphaël Varane,,,Ground Pass,Right Foot,35.7,45.2,0.01001304,0.01132376,0.00131072,,,,,
ddaed92e-08b3-409f-89ab-5d1be335fa89,Ball Receipt*,44,20,1,Real Madrid,Raphaël Varane,Right Center Back,0,Real Madrid,Liverpool,35.7,45.2,,,,,,,,,,,,,,,
ae36017e-612b-49f9-9a4b-57e997862fde,Pass,44,20,1,Real Madrid,Raphaël Varane,Right Center Back,0,Real Madrid,Liverpool,35.7,45.8,Sergio Ramos García,,,Ground Pass,Right Foot,43.3,28.3,0.01132376,0.01269174,0.00136798,,,,,
82637d7f-8fbc-4110-8a70-30d63360fc38,Ball Receipt*,44,21,1,Real Madrid,Sergio Ramos García,Left Center Back,0,Real Madrid,Liverpool,43.3,28.3,,,,,,,,,,,,,,,
c0604b7e-d745-4bef-886a-6b025c66699a,Carry,44,21,1,Real Madrid,Sergio Ramos García,Left Center Back,0,Real Madrid,Liverpool,43.3,28.3,,,,,,,,,,,47.4,26.5,0.0,,
e322f5b9-4ffa-475b-8053-be0cd2249ab9,Pass,44,23,1,Real Madrid,Sergio Ramos García,Left Center Back,0,Real Madrid,Liverpool,47.4,26.5,Toni Kroos,,,Ground Pass,Right Foot,50.6,17.2,0.01269174,0.0138454,0.001153660000000001,,,,,
edb8d55e-2c6c-43fc-bbb6-86a8f1f2c2c6,Ball Receipt*,44,24,1,Real Madrid,Toni Kroos,Left Center Midfield,0,Real Madrid,Liverpool,50.6,17.2,,,,,,,,,,,,,,,
225ebabf-9f58-4e73-9f90-000d1f5328c8,Carry,44,24,1,Real Madrid,Toni Kroos,Left Center Midfield,0,Real Madrid,Liverpool,50.6,17.2,,,,,,,,,,,50.1,15.8,0.0,,
47861051-f8a4-4e84-b2dc-e0a98b5591d3,Pass,44,24,1,Real Madrid,Toni Kroos,Left Center Midfield,0,Real Madrid,Liverpool,50.1,15.8,Marcelo Vieira da Silva Júnior,,,Ground Pass,Right Foot,62.9,5.6,0.0138454,0.01473596,0.0008905599999999986,,,,,
2956b6ec-ba3c-4a28-a721-a95c626c05cc,Ball Receipt*,44,25,1,Real Madrid,Marcelo Vieira da Silva Júnior,Left Back,0,Real Madrid,Liverpool,62.9,5.6,,,,,,,,,,,,,,,
2ed0ae08-eb68-420f-ae57-d17eb0f76784,Carry,44,25,1,Real Madrid,Marcelo Vieira da Silva Júnior,Left Back,0,Real Madrid,Liverpool,62.9,5.6,,,,,,,,,,,62.9,5.6,0.0,,
37d8ee5c-9e61-455c-b190-1794c80a48ea,Pass,44,26,1,Real Madrid,Marcelo Vieira da Silva Júnior,Left Back,0,Real Madrid,Liverpool,62.9,5.6,Francisco Román Alarcón Suárez,,,Ground Pass,Left Foot,70.5,3.8,0.01473596,0.0174506,0.002714640000000001,,,,,
b222eb1b-0dc4-4b49-b248-e3f0208a1428,Ball Receipt*,44,27,1,Real Madrid,Francisco Román Alarcón Suárez,Center Attacking Midfield,0,Real Madrid,Liverpool,70.5,3.8,,,,,,,,,,,,,,,
397840c5-cf9e-4f8f-95dd-45b892c3e4ce,Carry,44,27,1,Real Madrid,Francisco Román Alarcón Suárez,Center Attacking Midfield,0,Real Madrid,Liverpool,70.5,3.8,,,,,,,,,,,84.2,4.3,0.00377069,,
71dc0934-ec2f-43b6-ace9-f1f41b65adf6,Pass,44,29,1,Real Madrid,Francisco Román Alarcón Suárez,Center Attacking Midfield,0,Real Madrid,Liverpool,84.2,4.3,Karim Benzema,,,Ground Pass,Right Foot,91.6,4.3,0.02122129,0.02756312,0.00634183,,,,,
6a7aa940-41c8-4628-9397-2c46407b6423,Ball Receipt*,44,30,1,Real Madrid,Karim Benzema,Right Center Forward,0,Real Madrid,Liverpool,91.6,4.3,,,,,,,,,,,,,,,
6cd1d81b-a070-4097-af3a-92fd0c965d0a,Carry,44,30,1,Real Madrid,Karim Benzema,Right Center Forward,0,Real Madrid,Liverpool,91.6,4.3,,,,,,,,,,,91.3,6.2,0.0,,
396f38b7-1dbf-4a64-9d4a-8b818c580b9e,Pass,44,32,1,Real Madrid,Karim Benzema,Right Center Forward,0,Real Madrid,Liverpool,91.3,6.2,José Ignacio Fernández Iglesias,,,High Pass,Right Foot,110.7,53.4,0.02756312,0.06442595,0.03686283,,,,,
e5357d62-1535-40b6-a4cc-b0fe0f1250fa,Ball Receipt*,44,34,1,Real Madrid,José Ignacio Fernández Iglesias,Right Back,0,Real Madrid,Liverpool,110.7,53.4,,,,,,,,,,,,,,,
93c40040-ab9a-4549-8f0e-46c5c1c8e9cd,Shot,44,34,1,Real Madrid,José Ignacio Fernández Iglesias,Right Back,0,Real Madrid,Liverpool,110.3,54.4,,,,,,,,,,,,,,0.048763823,Off T
0f012698-f9dc-4425-a832-256aad316c08,Goal Keeper,44,35,1,Liverpool,Loris Karius,Goalkeeper,0,Real Madrid,Liverpool,1.2,35.6,,,,,,,,,,,,,,,
8db74aec-ef9c-45d3-82e5-fd1040e52dd1,Pass,44,58,1,Liverpool,Loris Karius,Goalkeeper,0,Real Madrid,Liverpool,6.0,36.0,Trent Alexander-Arnold,,Goal Kick,Ground Pass,Right Foot,21.5,59.0,0.00941056,0.01001304,0.0006024800000000007,,,,,
6f50eee6-b5bd-45c9-9879-f78e3dd14e07,Ball Receipt*,45,0,1,Liverpool,Trent Alexander-Arnold,Right Back,0,Real Madrid,Liverpool,21.5,59.0,,,,,,,,,,,,,,,
b8db1389-cb8d-4e16-8312-351b5c5eb7c2,Pass,45,2,1,Liverpool,Trent Alexander-Arnold,Right Back,0,Real Madrid,Liverpool,21.5,59.0,Loris Karius,,,Ground Pass,Right Foot,12.6,34.7,0.01001304,0.01082722,0.0008141799999999994,,,,,
f87b2987-88ed-422a-9015-ad95cd6424b6,Ball Receipt*,45,3,1,Liverpool,Loris Karius,Goalkeeper,0,Real Madrid,Liverpool,12.6,34.7,,,,,,,,,,,,,,,
6c9a72db-cf31-4f98-9263-83aa06ac6472,Carry,45,3,1,Liverpool,Loris Karius,Goalkeeper,0,Real Madrid,Liverpool,12.6,34.7,,,,,,,,,,,13.6,34.0,0.0,,
3684e38d-7260-491a-842b-be5c157c7d01,Pass,45,5,1,Liverpool,Loris Karius,Goalkeeper,0,Real Madrid,Liverpool,13.6,34.0,Adam David Lallana,Incomplete,,High Pass,Right Foot,64.8,26.0,0.01082722,0.01685596,0.006028739999999999,,,,,
d72083b7-492d-4fc0-8bf3-b5b34d6e89e4,Ball Receipt*,45,8,1,Liverpool,Adam David Lallana,Left Wing,0,Real Madrid,Liverpool,64.8,25.0,,,,,,,,,,,,,,,
3a8900e8-2713-4b26-b7dc-08405b1fd58d,Duel,45,8,1,Liverpool,Adam David Lallana,Left Wing,1,Real Madrid,Liverpool,64.8,26.0,,,,,,,,,,,,,,,
32321781-b5cc-4c31-9a31-d58bbcc3d9e8,Pass,45,8,1,Real Madrid,Carlos Henrique Casimiro,Center Defensive Midfield,1,Real Madrid,Liverpool,55.3,54.1,,Incomplete,Recovery,High Pass,,76.9,70.6,0.01429128,0.0174506,0.00315932,,,,,
7061cc39-3c36-4be9-b66f-d1df955f5130,Ball Recovery,45,10,1,Liverpool,Virgil van Dijk,Left Center Back,0,Real Madrid,Liverpool,43.2,9.5,,,,,,,,,,,,,,,
4cf681b1-4d40-4d12-bd51-2ac559d3c264,Carry,45,10,1,Liverpool,Virgil van Dijk,Left Center Back,0,Real Madrid,Liverpool,43.2,9.5,,,,,,,,,,,47.7,6.1,0.0,,
a9a92bc8-71c2-43db-bdd3-295a2cc651fa,Pass,45,11,1,Liverpool,Virgil van Dijk,Left Center Back,0,Real Madrid,Liverpool,47.7,6.1,Andrew Robertson,Out,,Ground Pass,Right Foot,58.0,0.1,0.01126267,0.01248344,0.001220769999999999,,,,,
b8e74738-e464-4265-9609-a8608fe8e128,Ball Receipt*,45,12,1,Liverpool,Andrew Robertson,Left Back,0,Real Madrid,Liverpool,57.0,1.3,,,,,,,,,,,,,,,
30dd4c77-ca64-45dc-aae2-353adc9a5c88,Pass,45,29,1,Real Madrid,José Ignacio Fernández Iglesias,Right Back,0,Real Madrid,Liverpool,55.7,80.0,Raphaël Varane,,Throw-in,Low Pass,,43.6,73.7,0.01248344,0.01126267,-0.001220769999999999,,,,,
3813da86-225b-4e81-8f3d-c3d48a35a15f,Ball Receipt*,45,31,1,Real Madrid,Raphaël Varane,Right Center Back,0,Real Madrid,Liverpool,43.6,73.7,,,,,,,,,,,,,,,
510095af-3c7f-483d-9e54-3ded75dde62c,Pass,45,31,1,Real Madrid,Raphaël Varane,Right Center Back,0,Real Madrid,Liverpool,42.2,72.1,Sergio Ramos García,,,Ground Pass,Right Foot,42.7,46.5,0.01126267,0.01262646,0.00136379,,,,,
d5cb130c-bd0f-42a0-af44-f1eb7ac8d622,Ball Receipt*,45,33,1,Real Madrid,Sergio Ramos García,Left Center Back,0,Real Madrid,Liverpool,42.7,46.5,,,,,,,,,,,,,,,
7defe8af-62fc-4317-9f1a-5d491d0a6085,Carry,45,33,1,Real Madrid,Sergio Ramos García,Left Center Back,0,Real Madrid,Liverpool,42.7,46.5,,,,,,,,,,,48.2,40.2,0.0,,
10d7ebbe-2568-4e31-9e77-5e4e00a5904c,Pass,45,35,1,Real Madrid,Sergio Ramos García,Left Center Back,0,Real Madrid,Liverpool,48.2,40.2,Francisco Román Alarcón Suárez,,,Ground Pass,Right Foot,54.7,38.3,0.01262646,0.01484598,0.002219519999999999,,,,,
2a85d5b7-0257-49c1-8163-a51e738417a7,Ball Receipt*,45,36,1,Real Madrid,Francisco Román Alarcón Suárez,Center Attacking Midfield,0,Real Madrid,Liverpool,54.7,38.3,,,,,,,,,,,,,,,
c6e4e4d7-11fb-46eb-91d4-d4e01d2be10d,Pass,45,36,1,Real Madrid,Francisco Román Alarcón Suárez,Center Attacking Midfield,0,Real Madrid,Liverpool,54.7,38.3,Sergio Ramos García,,,Ground Pass,Right Foot,44.0,36.9,0.01484598,0.01262646,-0.002219519999999999,,,,,
086c013b-34f7-4968-9664-3449be7ac174,Ball Receipt*,45,37,1,Real Madrid,Sergio Ramos García,Left Center Back,0,Real Madrid,Liverpool,44.0,36.9,,,,,,,,,,,,,,,
74a24ae2-f7f1-47eb-989c-6d10aaa55bfb,Carry,45,37,1,Real Madrid,Sergio Ramos García,Left Center Back,0,Real Madrid,Liverpool,44.0,36.9,,,,,,,,,,,44.0,36.9,0.0,,
581d4338-832d-47b9-9609-13904cf34944,Pass,45,38,1,Real Madrid,Sergio Ramos García,Left Center Back,0,Real Madrid,Liverpool,44.0,36.9,Toni Kroos,,,Ground Pass,Right Foot,48.0,15.2,0.01262646,0.01214719,-0.0004792700000000004,,,,,
4f26b814-885b-403f-afa7-7d686790f4c6,Ball Receipt*,45,39,1,Real Madrid,Toni Kroos,Left Center Midfield,0,Real Madrid,Liverpool,48.0,15.2,,,,,,,,,,,,,,,
34b5d94d-a1ad-43de-be36-8b3e2e509e82,Carry,45,39,1,Real Madrid,Toni Kroos,Left Center Midfield,0,Real Madrid,Liverpool,48.0,15.2,,,,,,,,,,,48.2,19.9,0.0,,
e8ac3d39-7408-4e61-9c97-aeac4b00b4d1,Pass,45,40,1,Real Madrid,Toni Kroos,Left Center Midfield,0,Real Madrid,Liverpool,48.2,19.9,José Ignacio Fernández Iglesias,,,High Pass,Right Foot,68.3,75.9,0.01214719,0.01473596,0.002588769999999999,,,,,
45418590-5a41-41af-b741-0279cabed79f,Ball Receipt*,45,43,1,Real Madrid,José Ignacio Fernández Iglesias,Right Back,0,Real Madrid,Liverpool,68.3,75.9,,,,,,,,,,,,,,,
8cbd3bee-56c9-4e07-8076-9d13a348451a,Carry,45,43,1,Real Madrid,José Ignacio Fernández Iglesias,Right Back,0,Real Madrid,Liverpool,68.3,75.9,,,,,,,,,,,70.8,75.3,0.002714640000000001,,
beea2d3c-4dd3-4fbb-a62e-81cf45d176eb,Pass,45,47,1,Real Madrid,José Ignacio Fernández Iglesias,Right Back,0,Real Madrid,Liverpool,70.8,75.3,Francisco Román Alarcón Suárez,,,Ground Pass,Right Foot,65.0,65.7,0.0174506,0.01611813,-0.001332469999999999,,,,,
a30ddc4e-9e2c-4efb-8955-f879ae43fd07,Ball Receipt*,45,48,1,Real Madrid,Francisco Román Alarcón Suárez,Center Attacking Midfield,0,Real Madrid,Liverpool,65.0,65.7,,,,,,,,,,,,,,,
2034d10f-30b1-4e69-b01d-b9196cf60d95,Carry,45,48,1,Real Madrid,Francisco Román Alarcón Suárez,Center Attacking Midfield,1,Real Madrid,Liverpool,65.0,65.7,,,,,,,,,,,68.1,65.7,0.0,,
c6c716e2-4742-4eb0-b779-bdcae3750d66,Pressure,45,48,1,Liverpool,James Philip Milner,Left Center Midfield,0,Real Madrid,Liverpool,47.9,14.8,,,,,,,,,,,,,,,
3163b283-48ed-4cc5-8ba3-6761f133c5b8,Dribbled Past,45,49,1,Liverpool,James Philip Milner,Left Center Midfield,0,Real Madrid,Liverpool,52.0,14.4,,,,,,,,,,,,,,,
3779dc65-6f2d-4341-be0d-5d59cf6b1977,Dribble,45,49,1,Real Madrid,Francisco Román Alarcón Suárez,Center Attacking Midfield,1,Real Madrid,Liverpool,68.1,65.7,,,,,,,,,,,,,,,
1f04d97c-4253-416a-9037-44fa5350883a,Carry,45,49,1,Real Madrid,Francisco Román Alarcón Suárez,Center Attacking Midfield,1,Real Madrid,Liverpool,68.1,65.7,,,,,,,,,,,70.8,72.6,0.001332469999999999,,
31f9c6e2-7ed9-463f-a1a8-76c731d11ee3,Pass,45,50,1,Real Madrid,Francisco Román Alarcón Suárez,Center Attacking Midfield,0,Real Madrid,Liverpool,70.8,72.6,Luka Modrić,,,Ground Pass,Right Foot,78.4,66.6,0.0174506,0.01870347,0.00125287,,,,,
39de8b82-a36f-4f30-b84f-80f90e224682,Ball Receipt*,45,51,1,Real Madrid,Luka Modrić,Right Center Midfield,0,Real Madrid,Liverpool,78.4,66.6,,,,,,,,,,,,,,,
51b0ac3a-f8ae-4db1-b90a-b9e8b245e798,Carry,45,51,1,Real Madrid,Luka Modrić,Right Center Midfield,1,Real Madrid,Liverpool,78.4,66.6,,,,,,,,,,,80.0,65.0,0.005311739999999999,,
2b0a3508-fb5c-4341-9f02-cc0129cb8917,Interception,45,51,1,Liverpool,Andrew Robertson,Left Back,0,Real Madrid,Liverpool,40.1,14.0,,,,,,,,,,,,,,,
0cf00b88-51e0-41e5-9eb1-268b14e02f87,Pass,45,51,1,Real Madrid,Luka Modrić,Right Center Midfield,0,Real Madrid,Liverpool,80.0,65.0,Francisco Román Alarcón Suárez,,,Ground Pass,Right Foot,76.7,75.7,0.02401521,0.0174506,-0.006564609999999999,,,,,
6bc78115-7f56-44a3-9895-0d2dbe21c7a1,Ball Receipt*,45,52,1,Real Madrid,Francisco Román Alarcón Suárez,Center Attacking Midfield,0,Real Madrid,Liverpool,76.7,75.7,,,,,,,,,,,,,,,
5033bf14-6367-4ec4-b3e3-9ee3ecb51a05,Carry,45,52,1,Real Madrid,Francisco Román Alarcón Suárez,Center Attacking Midfield,0,Real Madrid,Liverpool,76.7,75.7,,,,,,,,,,,77.3,73.3,0.0,,
336df8f7-70b6-4e69-9d1f-c22bd4a18cc3,Pass,45,54,1,Real Madrid,Francisco Román Alarcón Suárez,Center Attacking Midfield,0,Real Madrid,Liverpool,77.3,73.3,Toni Kroos,,,Ground Pass,Right Foot,68.1,47.2,0.0174506,0.01689528,-0.0005553200000000015,,,,,
835f5c87-fab2-408d-882f-948c01ad7b8b,Ball Receipt*,45,56,1,Real Madrid,Toni Kroos,Left Center Midfield,0,Real Madrid,Liverpool,68.1,47.2,,,,,,,,,,,,,,,
ab45680f-858c-4bb0-b074-cb908ddb4f13,Carry,45,56,1,Real Madrid,Toni Kroos,Left Center Midfield,0,Real Madrid,Liverpool,68.1,47.2,,,,,,,,,,,68.3,47.5,0.0,,
37be35af-f56c-4001-972d-e2187c98dcba,Pass,45,57,1,Real Madrid,Toni Kroos,Left Center Midfield,0,Real Madrid,Liverpool,68.3,47.5,Marcelo Vieira da Silva Júnior,,,High Pass,Right Foot,106.5,9.1,0.01689528,0.03485072,0.01795544,,,,,
9e29fb73-3c0b-4039-b02e-f60e1c73d323,Ball Receipt*,45,59,1,Real Madrid,Marcelo Vieira da Silva Júnior,Left Back,0,Real Madrid,Liverpool,106.5,9.1,,,,,,,,,,,,,,,
b01ede7e-07c9-4bb6-8472-2bfa45700759,Carry,45,59,1,Real Madrid,Marcelo Vieira da Silva Júnior,Left Back,1,Real Madrid,Liverpool,106.5,9.1,,,,,,,,,,,115.7,19.6,0.01162649,,
2974393a-4854-4584-8216-1b0817bf1374,Pressure,46,1,1,Liverpool,Trent Alexander-Arnold,Right Back,0,Real Madrid,Liverpool,10.9,63.4,,,,,,,,,,,,,,,
61433bab-d0ae-4428-833f-ad57be606353,Dispossessed,46,4,1,Real Madrid,Marcelo Vieira da Silva Júnior,Left Back,1,Real Madrid,Liverpool,115.7,19.6,,,,,,,,,,,,,,,
85ad6448-bfc6-4ab2-8398-82e133bcdeb9,Duel,46,4,1,Liverpool,Trent Alexander-Arnold,Right Back,1,Real Madrid,Liverpool,4.4,60.5,,,,,,,,,,,,,,,
3adc2c10-71ac-4b99-be8e-a80c8da69391,Pass,46,27,1,Real Madrid,Toni Kroos,Left Center Midfield,0,Real Madrid,Liverpool,120.0,0.1,,Incomplete,Corner,High Pass,Right Foot,116.2,33.3,0.0379259,0.25745362,0.21952772,,,,,
99a96f04-3597-4408-9d03-af7e891bfbc8,Clearance,46,28,1,Liverpool,Andrew Robertson,Left Back,1,Real Madrid,Liverpool,3.9,46.8,,,,,,,,,,,,,,,
b9cf2a70-7f71-4f47-b48f-e194fcd7bbd8,Pass,46,35,1,Real Madrid,Toni Kroos,Left Center Midfield,0,Real Madrid,Liverpool,98.6,0.1,Francisco Román Alarcón Suárez,,Throw-in,Low Pass,,92.7,6.6,0.02756312,0.02756312,0.0,,,,,
0c16c6d6-b314-46b6-ab1b-e90f3e76148d,Ball Receipt*,46,36,1,Real Madrid,Francisco Román Alarcón Suárez,Center Attacking Midfield,0,Real Madrid,Liverpool,92.7,6.6,,,,,,,,,,,,,,,
b7bdeb28-aaf2-4496-8a59-025d5a9c5546,Carry,46,36,1,Real Madrid,Francisco Román Alarcón Suárez,Center Attacking Midfield,1,Real Madrid,Liverpool,92.7,6.6,,,,,,,,,,,111.3,4.4,0.01036278,,
47f5be83-a444-42b7-843f-63d4f7f4e86f,Pressure,46,38,1,Liverpool,Roberto Firmino Barbosa de Oliveira,Center Forward,0,Real Madrid,Liverpool,30.0,74.1,,,,,,,,,,,,,,,
fdecd97c-09c2-4d46-b8fe-f5aef048175c,Pressure,46,39,1,Liverpool,Sadio Mané,Right Wing,0,Real Madrid,Liverpool,21.1,72.8,,,,,,,,,,,,,,,
2face04c-b5fe-436b-a6c1-86520430a302,Dispossessed,46,42,1,Real Madrid,Francisco Román Alarcón Suárez,Center Attacking Midfield,1,Real Madrid,Liverpool,111.3,4.4,,,,,,,,,,,,,,,
54e426e4-a9ed-4192-843f-301f41b34d0d,Duel,46,42,1,Liverpool,Sadio Mané,Right Wing,1,Real Madrid,Liverpool,8.8,75.7,,,,,,,,,,,,,,,
5afe7c12-b9c8-4030-b5b6-e9a14fb1822c,Carry,46,42,1,Liverpool,Sadio Mané,Right Wing,0,Real Madrid,Liverpool,8.8,75.7,,,,,,,,,,,14.4,74.6,0.00141313,,
b599d758-1f08-4540-b7d4-e3160d7025c3,Pass,46,45,1,Liverpool,Sadio Mané,Right Wing,0,Real Madrid,Liverpool,14.4,74.6,Roberto Firmino Barbosa de Oliveira,,,Ground Pass,Right Foot,21.5,75.5,0.00779616,0.00844854,0.0006523799999999993,,,,,
41e67efe-9b1f-4934-ac47-92e6d4b58a40,Ball Receipt*,46,45,1,Liverpool,Roberto Firmino Barbosa de Oliveira,Center Forward,0,Real Madrid,Liverpool,21.5,75.5,,,,,,,,,,,,,,,
cfa9c457-af1f-4476-88de-ed5214b9476e,Carry,46,45,1,Liverpool,Roberto Firmino Barbosa de Oliveira,Center Forward,1,Real Madrid,Liverpool,21.5,75.5,,,,,,,,,,,21.6,75.1,0.0,,
ad3296ed-6d17-4e94-bcdb-d30020c89213,Pressure,46,45,1,Real Madrid,Toni Kroos,Left Center Midfield,0,Real Madrid,Liverpool,93.5,4.8,,,,,,,,,,,,,,,
ebe7cc26-e00e-4727-b45f-fced34c92bae,Pass,46,47,1,Liverpool,Roberto Firmino Barbosa de Oliveira,Center Forward,0,Real Madrid,Liverpool,21.6,75.1,Jordan Brian Henderson,,,Ground Pass,Right Foot,21.1,69.6,0.00844854,0.00942382,0.0009752800000000002,,,,,
4a9da065-2ec5-4976-b4a0-14aaa531c023,Ball Receipt*,46,47,1,Liverpool,Jordan Brian Henderson,Center Defensive Midfield,0,Real Madrid,Liverpool,21.1,69.6,,,,,,,,,,,,,,,
4c146360-9e39-44ee-9a56-554401e9398d,Pass,46,47,1,Liverpool,Jordan Brian Henderson,Center Defensive Midfield,0,Real Madrid,Liverpool,21.4,69.0,Sadio Mané,Out,,High Pass,Right Foot,51.1,80.0,0.00942382,0.01248344,0.003059620000000001,,,,,
0a66a9db-8b82-4531-8432-a7b9f4a7d9cb,Ball Receipt*,46,50,1,Liverpool,Sadio Mané,Right Wing,0,Real Madrid,Liverpool,49.6,76.9,,,,,,,,,,,,,,,
ab922a36-1cac-4e78-9b89-0763e9e9e1e0,Pass,46,56,1,Real Madrid,Marcelo Vieira da Silva Júnior,Left Back,0,Real Madrid,Liverpool,78.3,0.1,Karim Benzema,,Throw-in,Low Pass,,85.6,6.9,0.0174506,0.02122129,0.00377069,,,,,
218d6d94-0f5c-46a5-8d02-4a232fcfd6a2,Ball Receipt*,46,56,1,Real Madrid,Karim Benzema,Right Center Forward,0,Real Madrid,Liverpool,85.6,6.9,,,,,,,,,,,,,,,
4db08362-c247-4908-b7db-2a0b21ee8455,Carry,46,56,1,Real Madrid,Karim Benzema,Right Center Forward,0,Real Madrid,Liverpool,85.6,6.9,,,,,,,,,,,82.8,6.9,0.0,,
f131e5bc-808c-4f4f-9afd-72ad41953cce,Pass,46,58,1,Real Madrid,Karim Benzema,Right Center Forward,0,Real Madrid,Liverpool,82.8,6.9,Raphaël Varane,,,Low Pass,Right Foot,53.9,35.2,0.02122129,0.01484598,-0.00637531,,,,,
8e84fc35-e744-41e8-b0db-b4c726001dae,Ball Receipt*,47,0,1,Real Madrid,Raphaël Varane,Right Center Back,0,Real Madrid,Liverpool,53.9,35.2,,,,,,,,,,,,,,,
65dda2c5-724f-4594-8d5a-b70f37dec423,Carry,47,0,1,Real Madrid,Raphaël Varane,Right Center Back,0,Real Madrid,Liverpool,53.9,35.2,,,,,,,,,,,54.7,41.4,0.0,,
7e6b00bb-d9fe-4530-8def-f877e7f73840,Pass,47,1,1,Real Madrid,Raphaël Varane,Right Center Back,0,Real Madrid,Liverpool,54.7,41.4,José Ignacio Fernández Iglesias,,,Ground Pass,Right Foot,71.2,72.9,0.01484598,0.0174506,0.00260462,,,,,
5bb153e8-6d69-4867-a34f-e300aef5beef,Ball Receipt*,47,3,1,Real Madrid,José Ignacio Fernández Iglesias,Right Back,0,Real Madrid,Liverpool,71.2,72.9,,,,,,,,,,,,,,,
12215186-33db-4688-9062-df9ce132d2d8,Pass,47,3,1,Real Madrid,José Ignacio Fernández Iglesias,Right Back,0,Real Madrid,Liverpool,71.2,72.9,Raphaël Varane,,,Low Pass,Right Foot,41.7,57.8,0.0174506,0.01269174,-0.00475886,,,,,
4cd45f78-1759-49a2-a633-7691c94c973a,Ball Receipt*,47,6,1,Real Madrid,Raphaël Varane,Right Center Back,0,Real Madrid,Liverpool,41.7,57.8,,,,,,,,,,,,,,,
f9903877-331a-4213-a470-657dbd95b666,Carry,47,6,1,Real Madrid,Raphaël Varane,Right Center Back,0,Real Madrid,Liverpool,41.7,57.8,,,,,,,,,,,42.2,56.7,0.0,,
c9f5fdf1-d16e-4a63-8920-8aa51b2bc0a7,Pass,47,6,1,Real Madrid,Raphaël Varane,Right Center Back,0,Real Madrid,Liverpool,42.2,56.7,Carlos Henrique Casimiro,,,Ground Pass,Left Foot,42.3,39.3,0.01269174,0.01262646,-6.527999999999916e-05,,,,,
450c56f9-3650-4756-b493-70ed3e8039d0,Ball Receipt*,47,8,1,Real Madrid,Carlos Henrique Casimiro,Center Defensive Midfield,0,Real Madrid,Liverpool,42.3,39.3,,,,,,,,,,,,,,,
57935aec-db7a-4834-9833-c0edd842b2c0,Carry,47,8,1,Real Madrid,Carlos Henrique Casimiro,Center Defensive Midfield,0,Real Madrid,Liverpool,42.3,39.3,,,,,,,,,,,42.2,25.9,6.527999999999916e-05,,
872742df-e551-4f4e-b58c-f1e8cf4588db,Pass,47,11,1,Real Madrid,Carlos Henrique Casimiro,Center Defensive Midfield,0,Real Madrid,Liverpool,42.2,25.9,Marcelo Vieira da Silva Júnior,,,High Pass,Right Foot,80.5,2.9,0.01269174,0.02122129,0.00852955,,,,,
d129bbad-7f3c-442f-b63e-123a254a1782,Ball Receipt*,47,13,1,Real Madrid,Marcelo Vieira da Silva Júnior,Left Back,0,Real Madrid,Liverpool,80.5,2.9,,,,,,,,,,,,,,,
dcffb366-a2bf-42f2-b921-d718cd878157,Pass,47,13,1,Real Madrid,Marcelo Vieira da Silva Júnior,Left Back,0,Real Madrid,Liverpool,80.5,2.9,Karim Benzema,,,Low Pass,Other,75.9,3.8,0.02122129,0.0174506,-0.00377069,,,,,
a092740d-d35d-4cf9-957e-77392ab9f406,Ball Receipt*,47,14,1,Real Madrid,Karim Benzema,Right Center Forward,0,Real Madrid,Liverpool,75.9,3.8,,,,,,,,,,,,,,,
c8217019-c4ba-44ee-895a-5f888a76eb39,Carry,47,14,1,Real Madrid,Karim Benzema,Right Center Forward,0,Real Madrid,Liverpool,75.9,3.8,,,,,,,,,,,75.9,3.8,0.0,,
8d948735-1ae5-4165-ab4b-c1f0bf874e9c,Pass,47,14,1,Real Madrid,Karim Benzema,Right Center Forward,0,Real Madrid,Liverpool,75.9,3.8,Francisco Román Alarcón Suárez,,,Ground Pass,Right Foot,78.7,10.3,0.0174506,0.01870347,0.00125287,,,,,
63a58bf2-6e82-43bc-b757-750b71074a0f,Ball Receipt*,47,15,1,Real Madrid,Francisco Román Alarcón Suárez,Center Attacking Midfield,0,Real Madrid,Liverpool,78.7,10.3,,,,,,,,,,,,,,,
c3f1b984-7f4c-4ebc-bc29-831ed0ebe0aa,Carry,47,15,1,Real Madrid,Francisco Román Alarcón Suárez,Center Attacking Midfield,0,Real Madrid,Liverpool,78.7,10.3,,,,,,,,,,,84.8,11.2,0.005311739999999999,,
0017af39-92f7-4d9d-8660-984fe7ac6a45,Pass,47,16,1,Real Madrid,Francisco Román Alarcón Suárez,Center Attacking Midfield,0,Real Madrid,Liverpool,84.8,11.2,Marcelo Vieira da Silva Júnior,,,Ground Pass,Right Foot,84.8,5.5,0.02401521,0.02122129,-0.002793919999999998,,,,,
6be5b4d7-766a-492c-82a8-94bde70ffdd9,Ball Receipt*,47,17,1,Real Madrid,Marcelo Vieira da Silva Júnior,Left Back,0,Real Madrid,Liverpool,84.8,5.5,,,,,,,,,,,,,,,
9e9b523d-738c-414d-9967-afa02efd169f,Carry,47,17,1,Real Madrid,Marcelo Vieira da Silva Júnior,Left Back,0,Real Madrid,Liverpool,84.8,5.5,,,,,,,,,,,91.1,5.6,0.00634183,,
05081717-d0f3-4cbc-9e3d-00a0f929c73d,Pass,47,18,1,Real Madrid,Marcelo Vieira da Silva Júnior,Left Back,0,Real Madrid,Liverpool,91.1,5.6,Karim Benzema,,,Ground Pass,Left Foot,84.6,14.5,0.02756312,0.02401521,-0.003547910000000001,,,,,
7d52730b-9426-4184-b03d-5c833091c06d,Ball Receipt*,47,19,1,Real Madrid,Karim Benzema,Right Center Forward,0,Real Madrid,Liverpool,84.6,14.5,,,,,,,,,,,,,,,
0472404d-7ba5-4b1c-a72f-25297500320b,Carry,47,19,1,Real Madrid,Karim Benzema,Right Center Forward,1,Real Madrid,Liverpool,84.6,14.5,,,,,,,,,,,93.6,27.5,0.004536810000000002,,
50221b69-a605-4603-992e-0660be8cfe27,Pressure,47,21,1,Liverpool,James Philip Milner,Left Center Midfield,0,Real Madrid,Liverpool,27.4,49.5,,,,,,,,,,,,,,,
6f994944-70fc-4a30-acca-315e3fede0bb,Shot,47,22,1,Real Madrid,Karim Benzema,Right Center Forward,1,Real Madrid,Liverpool,93.6,27.5,,,,,,,,,,,,,,0.021335443,Off T
3bf13081-58a0-4755-9d63-0c38d59fde99,Goal Keeper,47,23,1,Liverpool,Loris Karius,Goalkeeper,0,Real Madrid,Liverpool,2.9,41.0,,,,,,,,,,,,,,,
b0d0d1c5-af4b-42f6-aabc-721e24c3151d,Pass,47,52,1,Liverpool,Loris Karius,Goalkeeper,0,Real Madrid,Liverpool,6.0,44.0,Georginio Wijnaldum,,Goal Kick,High Pass,Right Foot,59.3,67.0,0.00941056,0.0138454,0.004434840000000001,,,,,
8aa7deef-39b0-452e-9e09-9c7d1aeb84b0,Ball Receipt*,47,55,1,Liverpool,Georginio Wijnaldum,Right Center Midfield,0,Real Madrid,Liverpool,59.3,67.0,,,,,,,,,,,,,,,
73ac0641-9dec-4be5-acf7-363bbecf3173,Duel,47,55,1,Real Madrid,Toni Kroos,Left Center Midfield,1,Real Madrid,Liverpool,60.8,13.5,,,,,,,,,,,,,,,
b726975d-94c6-4677-a679-6a47302fb226,Pass,47,55,1,Liverpool,Georginio Wijnaldum,Right Center Midfield,1,Real Madrid,Liverpool,59.3,66.6,,Unknown,,High Pass,,71.0,64.9,0.0138454,0.01870347,0.004858069999999999,,,,,
1fc8a920-cb21-4aa9-8946-b5ac17dea16b,Injury Stoppage,48,1,1,Liverpool,Roberto Firmino Barbosa de Oliveira,Center Forward,0,Real Madrid,Liverpool,,,,,,,,,,,,,,,,,
72dbbb25-2256-4275-9bf0-6b777fa6a830,Injury Stoppage,48,5,1,Real Madrid,Carlos Henrique Casimiro,Center Defensive Midfield,0,Real Madrid,Liverpool,,,,,,,,,,,,,,,,,
cfb22dca-62c8-4c66-bee7-46c52cfb25fa,Half End,48,31,1,Real Madrid,,,0,Real Madrid,Liverpool,,,,,,,,,,,,,,,,,
3344a029-5f88-48de-b70c-925c4363dcd3,Half End,48,31,1,Liverpool,,,0,Real Madrid,Liverpool,,,,,,,,,,,,,,,,,
c6dbfa9c-faf1-4f33-986e-357706c33dd0,Half Start,45,0,2,Liverpool,,,0,Real Madrid,Liverpool,,,,,,,,,,,,,,,,,
85d8a8b2-022f-493b-a161-cb6baec082a5,Half Start,45,0,2,Real Madrid,,,0,Real Madrid,Liverpool,,,,,,,,,,,,,,,,,
0f9369ef-9f6b-404c-b4a2-f3c641164cf5,Pass,45,0,2,Real Madrid,Francisco Román Alarcón Suárez,Center Attacking Midfield,0,Real Madrid,Liverpool,60.0,40.0,Carlos Henrique Casimiro,,Kick Off,Ground Pass,Left Foot,42.6,38.8,0.01689528,0.01262646,-0.004268819999999998,,,,,
bf074fc9-8c47-473c-860d-2f74b2a87bb8,Ball Receipt*,45,2,2,Real Madrid,Carlos Henrique Casimiro,Center Defensive Midfield,0,Real Madrid,Liverpool,42.6,38.8,,,,,,,,,,,,,,,
e3890a1c-c088-4cf9-aa83-347ce0a18acf,Pass,45,2,2,Real Madrid,Carlos Henrique Casimiro,Center Defensive Midfield,0,Real Madrid,Liverpool,42.6,38.8,Toni Kroos,,,Ground Pass,Right Foot,43.7,24.2,0.01262646,0.01269174,6.527999999999916e-05,,,,,
99dc7863-ab5e-4e93-9d16-f05aa832fb83,Ball Receipt*,45,3,2,Real Madrid,Toni Kroos,Left Center Midfield,0,Real Madrid,Liverpool,43.7,24.2,,,,,,,,,,,,,,,
77a99f6b-094f-430e-b36d-49d0b481eea0,Carry,45,3,2,Real Madrid,Toni Kroos,Left Center Midfield,0,Real Madrid,Liverpool,43.7,24.2,,,,,,,,,,,46.4,23.8,0.0,,
7a3c793e-daee-4170-bfa7-9f0fe84b11dd,Pass,45,4,2,Real Madrid,Toni Kroos,Left Center Midfield,0,Real Madrid,Liverpool,46.4,23.8,Cristiano Ronaldo dos Santos Aveiro,,,Ground Pass,Right Foot,56.9,20.6,0.01269174,0.01429128,0.00159954,,,,,
aef19020-518f-4b5b-8e0e-b3f425cdd9d5,Pressure,45,4,2,Liverpool,Sadio Mané,Right Wing,0,Real Madrid,Liverpool,62.3,62.1,,,,,,,,,,,,,,,
59decafb-8723-4ad1-aad6-702f7429ee83,Ball Receipt*,45,5,2,Real Madrid,Cristiano Ronaldo dos Santos Aveiro,Left Center Forward,1,Real Madrid,Liverpool,56.9,20.6,,,,,,,,,,,,,,,
10cc62a3-6adf-43fe-94c4-2c2680aa608b,Pass,45,5,2,Real Madrid,Cristiano Ronaldo dos Santos Aveiro,Left Center Forward,1,Real Madrid,Liverpool,56.0,21.3,Sergio Ramos García,,,Ground Pass,Right Foot,41.2,16.9,0.01429128,0.01214719,-0.00214409,,,,,
798b51cf-93df-47b8-935e-977d9689e839,Ball Receipt*,45,6,2,Real Madrid,Sergio Ramos García,Left Center Back,0,Real Madrid,Liverpool,41.2,16.9,,,,,,,,,,,,,,,
2f3e764e-9cf5-453e-ae52-11028067c0e7,Pass,45,6,2,Real Madrid,Sergio Ramos García,Left Center Back,0,Real Madrid,Liverpool,41.2,16.9,Marcelo Vieira da Silva Júnior,,,Ground Pass,Right Foot,55.7,1.6,0.01214719,0.01248344,0.0003362499999999997,,,,,
1cb8d27a-be20-4e6b-9a5b-73b85f7b7a8c,Ball Receipt*,45,8,2,Real Madrid,Marcelo Vieira da Silva Júnior,Left Back,0,Real Madrid,Liverpool,55.7,1.6,,,,,,,,,,,,,,,
fdfc60b4-818f-4df0-a0a2-5c90b69c86a8,Carry,45,8,2,Real Madrid,Marcelo Vieira da Silva Júnior,Left Back,0,Real Madrid,Liverpool,55.7,1.6,,,,,,,,,,,57.3,1.9,0.0,,
ce523f95-ef75-484c-960e-42e9e3120543,Pass,45,10,2,Real Madrid,Marcelo Vieira da Silva Júnior,Left Back,0,Real Madrid,Liverpool,57.3,1.9,,Out,,High Pass,Left Foot,120.0,13.6,0.01248344,0.04647721,0.03399377,,,,,
5d7688ad-da21-4504-a149-a161dc0a69fb,Pass,45,17,2,Liverpool,Loris Karius,Goalkeeper,0,Real Madrid,Liverpool,7.0,44.1,Andrew Robertson,,Goal Kick,Low Pass,Right Foot,21.5,8.4,0.00941056,0.00844854,-0.0009620200000000009,,,,,
98b8a173-33d2-46ad-8c6f-5a96610eb0c1,Ball Receipt*,45,20,2,Liverpool,Andrew Robertson,Left Back,0,Real Madrid,Liverpool,21.5,8.4,,,,,,,,,,,,,,,
eeb8917c-caab-4fa6-b72b-12b5ce333a36,Carry,45,20,2,Liverpool,Andrew Robertson,Left Back,0,Real Madrid,Liverpool,21.5,8.4,,,,,,,,,,,27.1,4.0,0.0,,
41a85b01-9a12-4773-ab8e-a6afe8a1193b,Pass,45,22,2,Liverpool,Andrew Robertson,Left Back,0,Real Madrid,Liverpool,27.1,4.0,Adam David Lallana,Incomplete,,High Pass,Left Foot,81.9,12.0,0.00844854,0.02401521,0.01556667,,,,,
346bb3ac-3f6a-4f40-ad8c-2fbdee572a2b,Ball Receipt*,45,25,2,Liverpool,Adam David Lallana,Left Wing,0,Real Madrid,Liverpool,80.1,12.0,,,,,,,,,,,,,,,
4017da51-3131-4e2f-845d-70f91d4d7af4,Pass,45,25,2,Real Madrid,Raphaël Varane,Right Center Back,0,Real Madrid,Liverpool,38.2,68.1,José Ignacio Fernández Iglesias,Out,Recovery,High Pass,Head,42.6,79.6,0.0105949,0.01126267,0.0006677699999999998,,,,,
0479f6e0-10e2-4af3-8537-07f6c4a84460,Pressure,45,27,2,Liverpool,James Philip Milner,Left Center Midfield,0,Real Madrid,Liverpool,76.1,4.9,,,,,,,,,,,,,,,
75af8c30-b15f-4cee-aaf3-03c14f082cb0,Ball Receipt*,45,28,2,Real Madrid,José Ignacio Fernández Iglesias,Right Back,0,Real Madrid,Liverpool,41.9,77.3,,,,,,,,,,,,,,,
8a6eb7d1-6153-4e59-a30f-e22dde9070f1,Pass,45,42,2,Liverpool,Andrew Robertson,Left Back,0,Real Madrid,Liverpool,84.0,0.1,Adam David Lallana,,Throw-in,Low Pass,,91.8,5.2,0.02122129,0.02756312,0.00634183,,,,,
020aaedb-9afe-4152-8774-4a308f8530b6,Ball Receipt*,45,43,2,Liverpool,Adam David Lallana,Left Wing,0,Real Madrid,Liverpool,91.8,5.2,,,,,,,,,,,,,,,
6804fa76-6af4-462d-bc9e-85f0d5116893,Carry,45,43,2,Liverpool,Adam David Lallana,Left Wing,0,Real Madrid,Liverpool,91.8,5.2,,,,,,,,,,,90.7,4.7,0.0,,
078752e7-a872-4621-a251-58aa4948ced2,Pass,45,44,2,Liverpool,Adam David Lallana,Left Wing,0,Real Madrid,Liverpool,90.7,4.7,Andrew Robertson,,,Ground Pass,Right Foot,83.3,4.0,0.02756312,0.02122129,-0.00634183,,,,,
a145c4d0-052c-4c55-aa58-667dc7237f1d,Ball Receipt*,45,45,2,Liverpool,Andrew Robertson,Left Back,0,Real Madrid,Liverpool,83.3,4.0,,,,,,,,,,,,,,,
179cef49-991c-49ac-91bb-621dede96a1e,Carry,45,45,2,Liverpool,Andrew Robertson,Left Back,0,Real Madrid,Liverpool,83.3,4.0,,,,,,,,,,,84.6,8.4,0.0,,
df298944-10af-4028-8ee0-c1dff64181c6,Pass,45,47,2,Liverpool,Andrew Robertson,Left Back,0,Real Madrid,Liverpool,84.6,8.4,Sadio Mané,,,Low Pass,Left Foot,101.5,22.2,0.02122129,0.05491138,0.03369009000000001,,,,,
861615ef-7206-466c-a2af-d9638d871f76,Pressure,45,48,2,Real Madrid,Sergio Ramos García,Left Center Back,0,Real Madrid,Liverpool,16.5,57.0,,,,,,,,,,,,,,,
c1fd69aa-9334-48b7-961e-88b98e7c8c6b,Ball Receipt*,45,50,2,Liverpool,Sadio Mané,Right Wing,1,Real Madrid,Liverpool,101.5,22.2,,,,,,,,,,,,,,,
2fdf5cbb-f593-41d0-bdb6-1976fa018940,Carry,45,50,2,Liverpool,Sadio Mané,Right Wing,1,Real Madrid,Liverpool,101.5,22.2,,,,,,,,,,,117.4,23.8,0.009514569999999993,,
5d0b5032-8ffe-41da-9689-53390b279401,Pass,45,50,2,Liverpool,Sadio Mané,Right Wing,0,Real Madrid,Liverpool,117.4,23.8,Adam David Lallana,Incomplete,,Ground Pass,Right Foot,110.9,17.8,0.06442595,0.04647721,-0.01794874,,,,,
2a8c24e2-293b-4e48-9747-d28a7a7f7bcf,Ball Receipt*,45,51,2,Liverpool,Adam David Lallana,Left Wing,0,Real Madrid,Liverpool,109.8,20.5,,,,,,,,,,,,,,,
294f49ae-e365-4736-aeff-e67ae0aefc6d,Ball Recovery,45,51,2,Real Madrid,Luka Modrić,Right Center Midfield,0,Real Madrid,Liverpool,9.2,62.3,,,,,,,,,,,,,,,
0b3ea82d-61fc-4801-ab97-3c138e931b95,Carry,45,51,2,Real Madrid,Luka Modrić,Right Center Midfield,1,Real Madrid,Liverpool,9.2,62.3,,,,,,,,,,,2.2,75.7,-0.00111769,,
da979392-8958-4bbf-982c-cf7e19da2c95,Pressure,45,51,2,Liverpool,Adam David Lallana,Left Wing,0,Real Madrid,Liverpool,110.0,20.5,,,,,,,,,,,,,,,
96d65492-859b-4ec0-9fb1-20577e2d49dc,Pass,45,54,2,Real Madrid,Luka Modrić,Right Center Midfield,0,Real Madrid,Liverpool,2.2,75.7,,Incomplete,,Ground Pass,Right Foot,4.1,76.1,0.00638303,0.00638303,0.0,,,,,
190f9c6e-55b5-4fc7-9f37-dde7ab90c728,Block,45,55,2,Liverpool,Adam David Lallana,Left Wing,0,Real Madrid,Liverpool,116.0,4.0,,,,,,,,,,,,,,,
5333e6e9-5fc4-446e-ba06-4a733e6d78ed,Pass,46,23,2,Real Madrid,Keylor Navas Gamboa,Goalkeeper,0,Real Madrid,Liverpool,6.0,44.0,Francisco Román Alarcón Suárez,Incomplete,Goal Kick,High Pass,Right Foot,71.6,60.5,0.00941056,0.01870347,0.00929291,,,,,
c25d5aef-02ed-4b3b-b917-686aafad6827,Ball Receipt*,46,26,2,Real Madrid,Francisco Román Alarcón Suárez,Center Attacking Midfield,0,Real Madrid,Liverpool,70.5,60.5,,,,,,,,,,,,,,,
1600e1aa-9925-42f9-8fc7-c562a27afbb5,Duel,46,26,2,Real Madrid,Francisco Román Alarcón Suárez,Center Attacking Midfield,1,Real Madrid,Liverpool,71.6,60.5,,,,,,,,,,,,,,,
5f8c3a46-aabe-4ded-aa41-3b60da86bcb2,Pass,46,26,2,Liverpool,Virgil van Dijk,Left Center Back,1,Real Madrid,Liverpool,48.5,19.6,Georginio Wijnaldum,,Recovery,High Pass,,56.1,35.1,0.01214719,0.01484598,0.00269879,,,,,
6550a3a8-b228-4381-adbf-6bad72bb3ef4,Ball Receipt*,46,27,2,Liverpool,Georginio Wijnaldum,Right Center Midfield,0,Real Madrid,Liverpool,56.1,35.1,,,,,,,,,,,,,,,
9a395382-5090-43c5-ad60-1fed7994ca87,Pass,46,27,2,Liverpool,Georginio Wijnaldum,Right Center Midfield,0,Real Madrid,Liverpool,56.1,35.1,,Incomplete,,High Pass,Right Foot,84.9,31.0,0.01484598,0.02385149,0.00900551,,,,,
fab8d63a-3cd5-471f-ac87-f37acce8d17e,Pass,46,30,2,Real Madrid,Sergio Ramos García,Left Center Back,0,Real Madrid,Liverpool,35.2,49.1,Luka Modrić,,Recovery,High Pass,Right Foot,60.5,62.0,0.01132376,0.01611813,0.004794370000000001,,,,,
53ae8348-e0ec-44f8-93af-5a39af67a6e0,Ball Receipt*,46,31,2,Real Madrid,Luka Modrić,Right Center Midfield,0,Real Madrid,Liverpool,60.5,62.0,,,,,,,,,,,,,,,
9ca66105-09ac-4f3f-8da1-82c1fe7cc2be,Pass,46,31,2,Real Madrid,Luka Modrić,Right Center Midfield,0,Real Madrid,Liverpool,60.5,62.0,Karim Benzema,,,Low Pass,Head,71.0,66.0,0.01611813,0.01870347,0.002585339999999998,,,,,
3f56c606-c8e4-4ea1-8841-22cce3a06163,Ball Receipt*,46,33,2,Real Madrid,Karim Benzema,Right Center Forward,0,Real Madrid,Liverpool,71.0,66.0,,,,,,,,,,,,,,,
b96d7a47-5f65-4b3d-9c2f-bb8c38d67dff,Carry,46,33,2,Real Madrid,Karim Benzema,Right Center Forward,1,Real Madrid,Liverpool,71.0,66.0,,,,,,,,,,,66.1,70.2,-0.00396751,,
3157683e-e76a-4b5b-bc39-bc607110b74f,Pressure,46,35,2,Liverpool,Jordan Brian Henderson,Center Defensive Midfield,0,Real Madrid,Liverpool,49.4,20.1,,,,,,,,,,,,,,,
f3990c7d-9b22-4eac-ad5f-1090f21a5e0a,Pass,46,37,2,Real Madrid,Karim Benzema,Right Center Forward,0,Real Madrid,Liverpool,66.1,70.2,Francisco Román Alarcón Suárez,,,Ground Pass,Right Foot,69.3,75.4,0.01473596,0.01473596,0.0,,,,,
d67c748e-d253-48fa-920b-863a7fd318a5,Ball Receipt*,46,38,2,Real Madrid,Francisco Román Alarcón Suárez,Center Attacking Midfield,0,Real Madrid,Liverpool,69.3,75.4,,,,,,,,,,,,,,,
2f6fc036-b3ab-406b-8884-5ff52c46622f,Pass,46,38,2,Real Madrid,Francisco Román Alarcón Suárez,Center Attacking Midfield,0,Real Madrid,Liverpool,69.3,75.4,José Ignacio Fernández Iglesias,,,Ground Pass,Right Foot,55.2,72.5,0.01473596,0.01248344,-0.002252519999999999,,,,,
9b34414c-4409-469b-9f7d-915e156612cd,Ball Receipt*,46,40,2,Real Madrid,José Ignacio Fernández Iglesias,Right Back,0,Real Madrid,Liverpool,55.2,72.5,,,,,,,,,,,,,,,
604735b1-e6a3-4894-9320-5034ac14248d,Carry,46,40,2,Real Madrid,José Ignacio Fernández Iglesias,Right Back,0,Real Madrid,Liverpool,55.2,72.5,,,,,,,,,,,54.6,69.9,0.001361960000000001,,
02ba1f76-1d65-4e49-967d-ef9c324105d6,Pass,46,41,2,Real Madrid,José Ignacio Fernández Iglesias,Right Back,0,Real Madrid,Liverpool,54.6,69.9,Sergio Ramos García,,,Ground Pass,Right Foot,40.8,39.4,0.0138454,0.01262646,-0.00121894,,,,,
444828ec-8296-4399-b469-fbd6c0dabc26,Ball Receipt*,46,43,2,Real Madrid,Sergio Ramos García,Left Center Back,0,Real Madrid,Liverpool,40.8,39.4,,,,,,,,,,,,,,,
868e1178-9a7f-4b2f-962b-13329cf109ff,Carry,46,43,2,Real Madrid,Sergio Ramos García,Left Center Back,0,Real Madrid,Liverpool,40.8,39.4,,,,,,,,,,,42.3,35.1,0.0,,
4b2afa6b-e733-4e9c-8b86-a61292be6e74,Pass,46,44,2,Real Madrid,Sergio Ramos García,Left Center Back,0,Real Madrid,Liverpool,42.3,35.1,Marcelo Vieira da Silva Júnior,,,High Pass,Right Foot,64.3,2.2,0.01262646,0.01473596,0.002109499999999999,,,,,
74382e16-22d9-4b7a-b49b-44ec2a2de130,Ball Receipt*,46,46,2,Real Madrid,Marcelo Vieira da Silva Júnior,Left Back,0,Real Madrid,Liverpool,64.3,2.2,,,,,,,,,,,,,,,
5578a403-9447-40e6-a6b4-cd2d6da49380,Carry,46,46,2,Real Madrid,Marcelo Vieira da Silva Júnior,Left Back,0,Real Madrid,Liverpool,64.3,2.2,,,,,,,,,,,70.5,3.7,0.002714640000000001,,
7544e826-6982-4481-b8a1-8e8cc8834bcd,Pass,46,48,2,Real Madrid,Marcelo Vieira da Silva Júnior,Left Back,0,Real Madrid,Liverpool,70.5,3.7,Cristiano Ronaldo dos Santos Aveiro,,,Ground Pass,Left Foot,81.8,11.3,0.0174506,0.02401521,0.006564609999999999,,,,,
02cba975-a94b-49b5-8126-c3acb8efed7f,Ball Receipt*,46,49,2,Real Madrid,Cristiano Ronaldo dos Santos Aveiro,Left Center Forward,0,Real Madrid,Liverpool,81.8,11.3,,,,,,,,,,,,,,,
6b966c00-2a1b-478c-ad1e-eb35a9280289,Carry,46,49,2,Real Madrid,Cristiano Ronaldo dos Santos Aveiro,Left Center Forward,0,Real Madrid,Liverpool,81.8,11.3,,,,,,,,,,,78.1,13.6,-0.005311739999999999,,
4d6483b8-521c-4d39-9239-96d6a72d56db,Pass,46,50,2,Real Madrid,Cristiano Ronaldo dos Santos Aveiro,Left Center Forward,0,Real Madrid,Liverpool,78.1,13.6,Toni Kroos,,,Ground Pass,Right Foot,63.1,15.7,0.01870347,0.01611813,-0.002585339999999998,,,,,
1b92f33e-fd74-44d1-8900-1e4b596e8f8e,Ball Receipt*,46,51,2,Real Madrid,Toni Kroos,Left Center Midfield,0,Real Madrid,Liverpool,63.1,15.7,,,,,,,,,,,,,,,
e25e9c3d-f21d-484e-b26d-847d9c03bfe3,Carry,46,51,2,Real Madrid,Toni Kroos,Left Center Midfield,0,Real Madrid,Liverpool,63.1,15.7,,,,,,,,,,,64.5,21.0,0.0007378299999999983,,
4ecc1f1a-fdf3-4e12-bd62-eea5fd97d0b7,Pass,46,54,2,Real Madrid,Toni Kroos,Left Center Midfield,0,Real Madrid,Liverpool,64.5,21.0,Raphaël Varane,,,Ground Pass,Right Foot,56.4,44.1,0.01685596,0.01484598,-0.00200998,,,,,
fa548c47-9988-4fe2-bd7f-1e910af24a90,Ball Receipt*,46,55,2,Real Madrid,Raphaël Varane,Right Center Back,0,Real Madrid,Liverpool,56.4,44.1,,,,,,,,,,,,,,,
4f708edb-79be-4b28-9af3-024e020cbfe5,Carry,46,55,2,Real Madrid,Raphaël Varane,Right Center Back,0,Real Madrid,Liverpool,56.4,44.1,,,,,,,,,,,61.0,51.2,0.00200998,,
3ebee9d1-5504-411d-8f56-b62a4a5b9a80,Pass,46,56,2,Real Madrid,Raphaël Varane,Right Center Back,0,Real Madrid,Liverpool,61.0,51.2,Francisco Román Alarcón Suárez,,,Ground Pass,Right Foot,77.8,73.8,0.01685596,0.0174506,0.0005946400000000004,,,,,
9e06d949-e58c-4409-8cfc-ab08a4d441ce,Ball Receipt*,46,58,2,Real Madrid,Francisco Román Alarcón Suárez,Center Attacking Midfield,0,Real Madrid,Liverpool,77.8,73.8,,,,,,,,,,,,,,,
f3adefad-a4a1-4754-929b-0a07673b7af4,Carry,46,58,2,Real Madrid,Francisco Román Alarcón Suárez,Center Attacking Midfield,0,Real Madrid,Liverpool,77.8,73.8,,,,,,,,,,,77.8,74.0,0.0,,
cf18d5de-431d-43f8-9898-7b619e94ca2e,Pass,46,59,2,Real Madrid,Francisco Román Alarcón Suárez,Center Attacking Midfield,0,Real Madrid,Liverpool,77.8,74.0,Karim Benzema,,,Ground Pass,Right Foot,100.6,75.7,0.0174506,0.03485072,0.01740012,,,,,
318c94f6-57f0-4b0c-8618-bd586e77a3ab,Ball Receipt*,47,2,2,Real Madrid,Karim Benzema,Right Center Forward,0,Real Madrid,Liverpool,100.6,75.7,,,,,,,,,,,,,,,
e9873b93-d3da-44dc-b190-8089d493b68d,Carry,47,2,2,Real Madrid,Karim Benzema,Right Center Forward,0,Real Madrid,Liverpool,100.6,75.7,,,,,,,,,,,110.8,75.4,0.003075179999999997,,
9c86a270-0577-4dd0-b471-986b356c0e17,Pass,47,5,2,Real Madrid,Karim Benzema,Right Center Forward,0,Real Madrid,Liverpool,110.8,75.4,Cristiano Ronaldo dos Santos Aveiro,Incomplete,,High Pass,Right Foot,111.7,44.3,0.0379259,0.25745362,0.21952772,,,,,
f447ebf8-10bb-4ecf-89eb-5dcab159fb33,Ball Receipt*,47,6,2,Real Madrid,Cristiano Ronaldo dos Santos Aveiro,Left Center Forward,0,Real Madrid,Liverpool,110.8,35.6,,,,,,,,,,,,,,,
b83bc073-ff89-4bf6-8db3-3f002058977d,Clearance,47,6,2,Liverpool,Dejan Lovren,Right Center Back,1,Real Madrid,Liverpool,8.4,35.8,,,,,,,,,,,,,,,
a7d3a160-b0b3-4e40-9359-28bf5e240366,Ball Recovery,47,7,2,Real Madrid,Francisco Román Alarcón Suárez,Center Attacking Midfield,0,Real Madrid,Liverpool,117.0,53.5,,,,,,,,,,,,,,,
b7906258-e911-482a-87dc-0c67d2707b37,Ball Recovery,47,8,2,Liverpool,Loris Karius,Goalkeeper,0,Real Madrid,Liverpool,3.7,36.3,,,,,,,,,,,,,,,
587b7094-43c5-480d-a8f6-f289e2e646a3,Pass,47,9,2,Liverpool,Loris Karius,Goalkeeper,0,Real Madrid,Liverpool,13.9,36.9,Georginio Wijnaldum,,,Low Pass,Keeper Arm,23.3,43.6,0.01082722,0.01016549,-0.000661730000000001,,,,,
6ebbaef7-685a-431a-aa0e-b38a0270869c,Ball Receipt*,47,11,2,Liverpool,Georginio Wijnaldum,Right Center Midfield,0,Real Madrid,Liverpool,23.3,43.6,,,,,,,,,,,,,,,
2d6bd3da-1374-4b1d-81a8-5dfaf28f6826,Pass,47,11,2,Liverpool,Georginio Wijnaldum,Right Center Midfield,0,Real Madrid,Liverpool,23.3,43.6,Trent Alexander-Arnold,,,Ground Pass,Right Foot,21.0,55.4,0.01016549,0.01001304,-0.0001524499999999984,,,,,
c19a722f-34c8-4bb2-b38a-64edcb831c42,Ball Receipt*,47,12,2,Liverpool,Trent Alexander-Arnold,Right Back,0,Real Madrid,Liverpool,21.0,55.4,,,,,,,,,,,,,,,
f5126387-6b2c-4536-8888-245a2c055d22,Carry,47,12,2,Liverpool,Trent Alexander-Arnold,Right Back,0,Real Madrid,Liverpool,21.0,55.4,,,,,,,,,,,28.0,60.3,-0.0005892200000000014,,
b54a75ca-9b0b-4b16-b632-62422a8e5451,Pass,47,13,2,Liverpool,Trent Alexander-Arnold,Right Back,0,Real Madrid,Liverpool,28.0,60.3,Sadio Mané,Incomplete,,Low Pass,Right Foot,47.6,52.7,0.00942382,0.01269174,0.003267920000000001,,,,,
3b080baa-bcd7-4b60-8e7c-90db11950764,Ball Receipt*,47,15,2,Liverpool,Sadio Mané,Right Wing,0,Real Madrid,Liverpool,50.8,51.9,,,,,,,,,,,,,,,
e6b78720-a0b0-45b5-8479-0a6a48e60392,Pass,47,15,2,Real Madrid,Sergio Ramos García,Left Center Back,0,Real Madrid,Liverpool,72.5,27.4,Cristiano Ronaldo dos Santos Aveiro,,Recovery,Ground Pass,Right Foot,92.1,19.2,0.01935132,0.02953272,0.0101814,,,,,
98833ba6-55ee-49eb-b568-b696961c1a9e,Ball Receipt*,47,16,2,Real Madrid,Cristiano Ronaldo dos Santos Aveiro,Left Center Forward,0,Real Madrid,Liverpool,92.1,19.2,,,,,,,,,,,,,,,
9b1af264-8acb-4a4a-8f1f-560c21696bec,Carry,47,16,2,Real Madrid,Cristiano Ronaldo dos Santos Aveiro,Left Center Forward,0,Real Madrid,Liverpool,92.1,19.2,,,,,,,,,,,92.1,19.2,0.0,,
9bc5390e-c8b7-47b7-9946-699305c3d88d,Pass,47,17,2,Real Madrid,Cristiano Ronaldo dos Santos Aveiro,Left Center Forward,0,Real Madrid,Liverpool,92.1,19.2,Marcelo Vieira da Silva Júnior,,,Ground Pass,Right Foot,91.5,24.7,0.02953272,0.02855202,-0.0009806999999999975,,,,,
7d830ee1-e241-48f1-9628-d0aec29a7bb2,Ball Receipt*,47,18,2,Real Madrid,Marcelo Vieira da Silva Júnior,Left Back,0,Real Madrid,Liverpool,91.5,24.7,,,,,,,,,,,,,,,
38216624-e6c0-46d4-b4ae-80a45a709451,Carry,47,18,2,Real Madrid,Marcelo Vieira da Silva Júnior,Left Back,0,Real Madrid,Liverpool,91.5,24.7,,,,,,,,,,,93.0,25.6,0.0,,
220d6d54-c0c2-47c4-88f0-a0fd1af81ed1,Pass,47,18,2,Real Madrid,Marcelo Vieira da Silva Júnior,Left Back,0,Real Madrid,Liverpool,93.0,25.6,Sergio Ramos García,Incomplete,,Ground Pass,Left Foot,99.7,37.6,0.02855202,0.03511326,0.006561239999999999,,,,,
52f0b401-4491-4835-8cfe-a3f3b0ce282e,Ball Receipt*,47,19,2,Real Madrid,Sergio Ramos García,Left Center Back,0,Real Madrid,Liverpool,100.6,40.6,,,,,,,,,,,,,,,
5268f96a-9651-4a9e-a7ac-8a254ddea225,Interception,47,19,2,Liverpool,Adam David Lallana,Left Wing,0,Real Madrid,Liverpool,20.4,42.5,,,,,,,,,,,,,,,
45858c85-f226-489d-90ce-c7c89e7ff874,Ball Recovery,47,21,2,Real Madrid,Francisco Román Alarcón Suárez,Center Attacking Midfield,0,Real Madrid,Liverpool,105.3,35.3,,,,,,,,,,,,,,,
142e18c8-316a-4f9f-a0f8-3c41549ad1c3,Shot,47,21,2,Real Madrid,Francisco Román Alarcón Suárez,Center Attacking Midfield,0,Real Madrid,Liverpool,105.9,35.6,,,,,,,,,,,,,,0.12395585,Post
73c02480-1420-45a3-9609-ecd3608fe951,Goal Keeper,47,22,2,Liverpool,Loris Karius,Goalkeeper,0,Real Madrid,Liverpool,9.2,43.7,,,,,,,,,,,,,,,
94b84353-0dbf-40fa-9f89-51c4bfb0a193,Clearance,47,22,2,Liverpool,Andrew Robertson,Left Back,1,Real Madrid,Liverpool,7.5,35.1,,,,,,,,,,,,,,,
f501830a-e205-4753-a2f3-ba53d0bb502b,Pass,47,48,2,Real Madrid,Toni Kroos,Left Center Midfield,0,Real Madrid,Liverpool,120.0,80.0,Sergio Ramos García,Incomplete,Corner,High Pass,Right Foot,109.7,43.2,0.0379259,0.10805102,0.07012512,,,,,
20d50f48-5f58-4b9d-97a5-69bc0bad074b,Ball Receipt*,47,50,2,Real Madrid,Sergio Ramos García,Left Center Back,0,Real Madrid,Liverpool,109.7,43.2,,,,,,,,,,,,,,,
9eed492a-e6c2-4950-af83-b0c0778d732e,Duel,47,50,2,Real Madrid,Sergio Ramos García,Left Center Back,1,Real Madrid,Liverpool,109.7,43.2,,,,,,,,,,,,,,,
b1030ddf-b269-4db7-8893-4c02fd8574f6,Clearance,47,50,2,Liverpool,Roberto Firmino Barbosa de Oliveira,Center Forward,1,Real Madrid,Liverpool,10.4,36.9,,,,,,,,,,,,,,,
f2530869-c2a3-49af-96cc-e2e04bd19760,Ball Recovery,47,52,2,Real Madrid,Marcelo Vieira da Silva Júnior,Left Back,0,Real Madrid,Liverpool,89.2,33.0,,,,,,,,,,,,,,,
f11085c7-27bc-456d-bfa7-11b08bacb73f,Carry,47,52,2,Real Madrid,Marcelo Vieira da Silva Júnior,Left Back,0,Real Madrid,Liverpool,89.2,33.0,,,,,,,,,,,91.2,31.4,0.01126177,,
fb70eace-3d0c-4ab5-8463-bab1ac47291a,Pass,47,53,2,Real Madrid,Marcelo Vieira da Silva Júnior,Left Back,0,Real Madrid,Liverpool,91.2,31.4,Francisco Román Alarcón Suárez,,,Ground Pass,Left Foot,103.9,13.6,0.03511326,0.04066992,0.005556659999999998,,,,,
4cd56fe2-3e4f-4672-b266-4fa7698bbc7b,Ball Receipt*,47,54,2,Real Madrid,Francisco Román Alarcón Suárez,Center Attacking Midfield,0,Real Madrid,Liverpool,103.9,13.6,,,,,,,,,,,,,,,
1219ce89-ec92-47cb-af12-05e03e94b037,Carry,47,54,2,Real Madrid,Francisco Román Alarcón Suárez,Center Attacking Midfield,0,Real Madrid,Liverpool,103.9,13.6,,,,,,,,,,,107.6,15.7,0.0,,
bb0258d5-3eae-47f9-9d02-2e90974d838c,Pass,47,56,2,Real Madrid,Francisco Román Alarcón Suárez,Center Attacking Midfield,0,Real Madrid,Liverpool,107.6,15.7,Karim Benzema,,,Ground Pass,Right Foot,116.8,25.4,0.04066992,0.06442595,0.02375603,,,,,
e80461dd-5cc6-4f5c-812c-c776c370602b,Ball Receipt*,47,57,2,Real Madrid,Karim Benzema,Right Center Forward,0,Real Madrid,Liverpool,116.8,25.4,,,,,,,,,,,,,,,
27bc067e-9a27-4316-8d82-fff0f57984d0,Pass,47,57,2,Real Madrid,Karim Benzema,Right Center Forward,0,Real Madrid,Liverpool,116.8,25.4,Raphaël Varane,Incomplete,,Ground Pass,Left Foot,117.0,31.8,0.06442595,0.25745362,0.19302767,,,,,
5405cde0-af18-4d14-884f-bbfbc4697595,Ball Receipt*,47,58,2,Real Madrid,Raphaël Varane,Right Center Back,0,Real Madrid,Liverpool,113.8,35.8,,,,,,,,,,,,,,,
6e155fe7-261a-4a05-8b99-fb51f0e7e60f,Block,47,58,2,Liverpool,Dejan Lovren,Right Center Back,0,Real Madrid,Liverpool,3.1,48.3,,,,,,,,,,,,,,,
57d65f07-321e-463a-8faf-173bd843ed97,Clearance,47,59,2,Liverpool,Georginio Wijnaldum,Right Center Midfield,1,Real Madrid,Liverpool,9.3,51.2,,,,,,,,,,,,,,,
60b6c9a1-8281-4584-86db-215c765b2bb3,Pass,48,23,2,Real Madrid,Marcelo Vieira da Silva Júnior,Left Back,0,Real Madrid,Liverpool,71.9,0.1,Carlos Henrique Casimiro,,Throw-in,Low Pass,,52.9,8.1,0.0174506,0.01248344,-0.00496716,,,,,
ec283aa7-e09c-400e-b5c5-8a521a2ca011,Ball Receipt*,48,25,2,Real Madrid,Carlos Henrique Casimiro,Center Defensive Midfield,0,Real Madrid,Liverpool,52.9,8.1,,,,,,,,,,,,,,,
b5abf596-3c9d-4541-a50e-c51c7ae11d96,Pass,48,31,2,Real Madrid,Carlos Henrique Casimiro,Center Defensive Midfield,0,Real Madrid,Liverpool,50.2,13.6,Raphaël Varane,,,Ground Pass,Right Foot,46.4,28.6,0.0138454,0.01269174,-0.001153660000000001,,,,,
396fc755-cbfa-4361-84b4-25b8e3360116,Ball Receipt*,48,32,2,Real Madrid,Raphaël Varane,Right Center Back,0,Real Madrid,Liverpool,46.4,28.6,,,,,,,,,,,,,,,
e85f499e-314d-46c5-b54a-221fdb3ed3d2,Carry,48,32,2,Real Madrid,Raphaël Varane,Right Center Back,0,Real Madrid,Liverpool,46.4,28.6,,,,,,,,,,,42.8,24.7,0.0,,
f291479e-a743-4c0f-af2d-88ef707b2551,Pass,48,34,2,Real Madrid,Raphaël Varane,Right Center Back,0,Real Madrid,Liverpool,42.8,24.7,Keylor Navas Gamboa,,,Ground Pass,Right Foot,12.4,33.3,0.01269174,0.01082722,-0.00186452,,,,,
a2098181-90d5-4f47-8fbb-16d66689d04e,Ball Receipt*,48,36,2,Real Madrid,Keylor Navas Gamboa,Goalkeeper,0,Real Madrid,Liverpool,12.4,33.3,,,,,,,,,,,,,,,
19d20f1b-fed2-4ae4-80e3-b0d32272a871,Carry,48,36,2,Real Madrid,Keylor Navas Gamboa,Goalkeeper,0,Real Madrid,Liverpool,12.4,33.3,,,,,,,,,,,14.4,35.3,0.0,,
0efaead2-365c-469f-9e77-87fe68a9e243,Pass,48,44,2,Real Madrid,Keylor Navas Gamboa,Goalkeeper,0,Real Madrid,Liverpool,14.4,35.3,Sergio Ramos García,,,Ground Pass,Right Foot,15.0,9.8,0.01082722,0.00779616,-0.00303106,,,,,
fa2606e3-7ece-4d03-a93e-fee5535ca7ce,Ball Receipt*,48,46,2,Real Madrid,Sergio Ramos García,Left Center Back,0,Real Madrid,Liverpool,15.0,9.8,,,,,,,,,,,,,,,
8fcf08ea-6a57-4584-ac64-097fb8bcee4f,Carry,48,46,2,Real Madrid,Sergio Ramos García,Left Center Back,0,Real Madrid,Liverpool,15.0,9.8,,,,,,,,,,,13.8,13.0,0.0009897299999999994,,
48ba5691-cfbc-445d-8679-2ef7e19b545a,Pass,48,49,2,Real Madrid,Sergio Ramos García,Left Center Back,0,Real Madrid,Liverpool,13.8,13.0,José Ignacio Fernández Iglesias,,,High Pass,Right Foot,28.3,75.4,0.00878589,0.00844854,-0.0003373500000000001,,,,,
1620c369-ff7b-40a9-a7ba-c5c3188fe1fa,Pressure,48,53,2,Liverpool,James Philip Milner,Left Center Midfield,0,Real Madrid,Liverpool,88.4,10.8,,,,,,,,,,,,,,,
1dcd387c-838c-4a4d-9c56-b61d68f5831f,Ball Receipt*,48,54,2,Real Madrid,José Ignacio Fernández Iglesias,Right Back,0,Real Madrid,Liverpool,28.3,75.4,,,,,,,,,,,,,,,
d478a3cf-b849-4bb6-94b6-9099a8a7f65f,Pass,48,54,2,Real Madrid,José Ignacio Fernández Iglesias,Right Back,0,Real Madrid,Liverpool,28.8,76.1,,Out,,Low Pass,Right Foot,36.4,79.6,0.00844854,0.00977659,0.001328050000000001,,,,,
78a944c8-769e-4fea-9d32-259753535928,Pass,49,0,2,Liverpool,Andrew Robertson,Left Back,0,Real Madrid,Liverpool,77.3,0.1,Jordan Brian Henderson,,Throw-in,Low Pass,,77.3,8.8,0.0174506,0.0174506,0.0,,,,,
5e1a1dbc-d3fe-41ae-861e-06a7ecf092b3,Ball Receipt*,49,1,2,Liverpool,Jordan Brian Henderson,Center Defensive Midfield,0,Real Madrid,Liverpool,77.3,8.8,,,,,,,,,,,,,,,
98c3cedb-b2ad-45ca-98b1-91a6017dc1e7,Pass,49,1,2,Liverpool,Jordan Brian Henderson,Center Defensive Midfield,0,Real Madrid,Liverpool,77.3,8.8,Andrew Robertson,,,Ground Pass,Right Foot,79.3,3.7,0.0174506,0.0174506,0.0,,,,,
3cf79937-e2c7-4003-9eb6-eba2400ef606,Ball Receipt*,49,2,2,Liverpool,Andrew Robertson,Left Back,0,Real Madrid,Liverpool,79.3,3.7,,,,,,,,,,,,,,,
0909165c-160a-450c-b5d2-62826b0dbe5c,Carry,49,2,2,Liverpool,Andrew Robertson,Left Back,1,Real Madrid,Liverpool,79.3,3.7,,,,,,,,,,,82.2,7.2,0.00377069,,
19b1767e-941f-4345-acc8-0925cccd33d0,Pressure,49,3,2,Real Madrid,Luka Modrić,Right Center Midfield,0,Real Madrid,Liverpool,35.5,75.4,,,,,,,,,,,,,,,
a0195de3-946e-4b45-b217-2e7999b654ca,Dispossessed,49,3,2,Liverpool,Andrew Robertson,Left Back,1,Real Madrid,Liverpool,82.2,7.2,,,,,,,,,,,,,,,
710713df-3914-4d69-92ff-e6152fbae4d1,Duel,49,3,2,Real Madrid,Luka Modrić,Right Center Midfield,1,Real Madrid,Liverpool,37.9,72.9,,,,,,,,,,,,,,,
9af40413-27b9-4d6d-adb7-a5e28249a2d5,Pressure,49,5,2,Liverpool,Virgil van Dijk,Left Center Back,0,Real Madrid,Liverpool,77.8,12.8,,,,,,,,,,,,,,,
42400c40-7f23-4563-8d04-7386b1e05b1b,Ball Recovery,49,5,2,Real Madrid,Toni Kroos,Left Center Midfield,1,Real Madrid,Liverpool,41.9,60.2,,,,,,,,,,,,,,,
654c058b-d908-418d-9eab-e3e0bef296b7,Carry,49,5,2,Real Madrid,Toni Kroos,Left Center Midfield,1,Real Madrid,Liverpool,41.9,60.2,,,,,,,,,,,41.9,60.2,0.0,,
a6baafa8-2a0d-4f8c-96c0-ba97369613bc,Pass,49,6,2,Real Madrid,Toni Kroos,Left Center Midfield,1,Real Madrid,Liverpool,41.9,60.2,Cristiano Ronaldo dos Santos Aveiro,,,Ground Pass,Right Foot,54.3,56.1,0.01214719,0.01429128,0.00214409,,,,,
78d00436-000c-479a-a56a-3af9881bb853,Ball Receipt*,49,6,2,Real Madrid,Cristiano Ronaldo dos Santos Aveiro,Left Center Forward,0,Real Madrid,Liverpool,54.3,56.1,,,,,,,,,,,,,,,
9fe0fd1b-d801-4bc8-9788-6c01cbf56eb2,Pass,49,6,2,Real Madrid,Cristiano Ronaldo dos Santos Aveiro,Left Center Forward,0,Real Madrid,Liverpool,54.3,56.1,,Incomplete,,Ground Pass,Right Foot,49.3,67.3,0.01429128,0.01214719,-0.00214409,,,,,
f0bc6e17-ae02-42f7-95e7-e45f4336a491,Pass,49,8,2,Liverpool,Adam David Lallana,Left Wing,0,Real Madrid,Liverpool,70.8,12.8,Jordan Brian Henderson,,Recovery,Ground Pass,Right Foot,56.1,14.1,0.01870347,0.0138454,-0.004858069999999999,,,,,
65f19179-a11c-4e9b-b846-514342ee13b8,Ball Receipt*,49,9,2,Liverpool,Jordan Brian Henderson,Center Defensive Midfield,0,Real Madrid,Liverpool,56.1,14.1,,,,,,,,,,,,,,,
44ff34ed-9c21-43ec-8e8e-53fc90c4f98c,Carry,49,9,2,Liverpool,Jordan Brian Henderson,Center Defensive Midfield,0,Real Madrid,Liverpool,56.1,14.1,,,,,,,,,,,54.7,19.9,0.0,,
d3950994-bed3-400d-a0f4-311a5a8e6f5e,Pass,49,10,2,Liverpool,Jordan Brian Henderson,Center Defensive Midfield,0,Real Madrid,Liverpool,54.7,19.9,Georginio Wijnaldum,,,Ground Pass,Right Foot,57.6,35.4,0.0138454,0.01484598,0.001000579999999999,,,,,
eb791626-a858-411d-9a1f-27b52d13513c,Ball Receipt*,49,11,2,Liverpool,Georginio Wijnaldum,Right Center Midfield,0,Real Madrid,Liverpool,57.6,35.4,,,,,,,,,,,,,,,
572a3a2b-72e6-4c69-b892-9d16d6835132,Carry,49,11,2,Liverpool,Georginio Wijnaldum,Right Center Midfield,0,Real Madrid,Liverpool,57.6,35.4,,,,,,,,,,,57.3,39.5,0.0,,
8cc1a169-b225-4d71-88c3-1085d445fb2c,Pass,49,12,2,Liverpool,Georginio Wijnaldum,Right Center Midfield,0,Real Madrid,Liverpool,57.3,39.5,Trent Alexander-Arnold,,,Ground Pass,Right Foot,63.7,78.5,0.01484598,0.01473596,-0.0001100200000000006,,,,,
f5a4e49d-8332-4949-a711-3b611ce39fbc,Ball Receipt*,49,14,2,Liverpool,Trent Alexander-Arnold,Right Back,0,Real Madrid,Liverpool,63.7,78.5,,,,,,,,,,,,,,,
1f938c6d-704e-43a2-8c07-a04420a75d26,Carry,49,14,2,Liverpool,Trent Alexander-Arnold,Right Back,0,Real Madrid,Liverpool,63.7,78.5,,,,,,,,,,,63.7,78.5,0.0,,
d82ea403-05cc-4f36-9bea-707d5c3609f7,Pass,49,16,2,Liverpool,Trent Alexander-Arnold,Right Back,0,Real Madrid,Liverpool,63.7,78.5,Sadio Mané,Incomplete,,High Pass,Right Foot,85.4,64.8,0.01473596,0.02401521,0.00927925,,,,,
c9c17dbe-c598-402c-bed7-a532079ca979,Ball Receipt*,49,18,2,Liverpool,Sadio Mané,Right Wing,0,Real Madrid,Liverpool,89.8,61.8,,,,,,,,,,,,,,,
faabc9af-bbfe-45c0-8910-20a01e244f64,Pass,49,18,2,Real Madrid,Sergio Ramos García,Left Center Back,0,Real Madrid,Liverpool,34.7,15.3,Marcelo Vieira da Silva Júnior,,Recovery,Low Pass,Head,44.6,0.5,0.0105949,0.01126267,0.0006677699999999998,,,,,
5f91062b-3d70-4f4e-a05d-0a7c8acc9575,Pressure,49,19,2,Liverpool,Roberto Firmino Barbosa de Oliveira,Center Forward,0,Real Madrid,Liverpool,76.9,74.7,,,,,,,,,,,,,,,
fa41b5f6-a0f4-4871-a63a-3b5937969309,Ball Receipt*,49,19,2,Real Madrid,Marcelo Vieira da Silva Júnior,Left Back,1,Real Madrid,Liverpool,44.6,0.5,,,,,,,,,,,,,,,
72d97f4c-d177-4bcd-943f-516c0f5778e0,Carry,49,19,2,Real Madrid,Marcelo Vieira da Silva Júnior,Left Back,1,Real Madrid,Liverpool,44.6,0.5,,,,,,,,,,,42.6,1.6,0.0,,
87b231fa-0284-455c-bec2-f46125adf8c9,Foul Committed,49,20,2,Liverpool,Roberto Firmino Barbosa de Oliveira,Center Forward,0,Real Madrid,Liverpool,77.5,78.5,,,,,,,,,,,,,,,
6fed9915-5647-4cc4-8f0c-aaeb3cb2660b,Foul Won,49,20,2,Real Madrid,Marcelo Vieira da Silva Júnior,Left Back,1,Real Madrid,Liverpool,42.6,1.6,,,,,,,,,,,,,,,
94b58aa3-ab55-4059-8b1d-915e3fd48b67,Pass,49,41,2,Real Madrid,Sergio Ramos García,Left Center Back,0,Real Madrid,Liverpool,33.8,11.3,Keylor Navas Gamboa,,Free Kick,Ground Pass,Left Foot,8.6,35.6,0.0105949,0.00941056,-0.001184340000000001,,,,,
5845b2c3-357a-478d-a7e8-1def000f10cb,Ball Receipt*,49,46,2,Real Madrid,Keylor Navas Gamboa,Goalkeeper,0,Real Madrid,Liverpool,8.6,35.6,,,,,,,,,,,,,,,
48542f9a-ac8b-48bb-8008-9dd9fc4a0137,Pass,49,53,2,Real Madrid,Keylor Navas Gamboa,Goalkeeper,0,Real Madrid,Liverpool,17.9,43.8,Karim Benzema,Incomplete,,High Pass,Right Foot,76.3,72.0,0.01082722,0.0174506,0.00662338,,,,,
d7957b6b-553a-4279-83c4-bad7aa501701,Ball Receipt*,49,57,2,Real Madrid,Karim Benzema,Right Center Forward,0,Real Madrid,Liverpool,75.7,73.8,,,,,,,,,,,,,,,
10ac3aff-176b-4631-a01a-0ef8952c4643,Clearance,49,57,2,Liverpool,Virgil van Dijk,Left Center Back,1,Real Madrid,Liverpool,43.8,8.1,,,,,,,,,,,,,,,
8fcd6c90-319d-4da0-8c51-b87cf2ec88fc,Duel,49,59,2,Liverpool,Adam David Lallana,Left Wing,1,Real Madrid,Liverpool,62.8,12.0,,,,,,,,,,,,,,,
6aa90ef2-41ca-4470-8fde-51ba68b9224c,Pass,49,59,2,Real Madrid,José Ignacio Fernández Iglesias,Right Back,1,Real Madrid,Liverpool,57.3,68.1,,Incomplete,Recovery,High Pass,,76.0,70.8,0.0138454,0.0174506,0.003605199999999999,,,,,
e0aeb050-6399-4ee9-b4a7-9371540befd2,Pass,50,1,2,Liverpool,Virgil van Dijk,Left Center Back,0,Real Madrid,Liverpool,44.1,9.3,,Incomplete,Recovery,High Pass,Head,48.7,24.5,0.01126267,0.01269174,0.001429069999999999,,,,,
346a0998-fe71-4a28-a24e-c3171548ff4b,Pressure,50,2,2,Liverpool,Georginio Wijnaldum,Right Center Midfield,0,Real Madrid,Liverpool,49.9,28.7,,,,,,,,,,,,,,,
e5b6f4d0-582d-4201-a751-ea5a2dc96869,Pass,50,3,2,Real Madrid,Cristiano Ronaldo dos Santos Aveiro,Left Center Forward,0,Real Madrid,Liverpool,71.4,55.6,Francisco Román Alarcón Suárez,,Interception,Low Pass,Right Foot,64.9,56.7,0.01935132,0.01685596,-0.002495360000000002,,,,,
0fdb9b89-9c13-4628-b8f4-8e8075b0009d,Ball Receipt*,50,4,2,Real Madrid,Francisco Román Alarcón Suárez,Center Attacking Midfield,0,Real Madrid,Liverpool,64.9,56.7,,,,,,,,,,,,,,,
22af5908-1e5e-4c6a-abd6-2b08634d5e55,Carry,50,4,2,Real Madrid,Francisco Román Alarcón Suárez,Center Attacking Midfield,0,Real Madrid,Liverpool,64.9,56.7,,,,,,,,,,,64.9,56.7,0.0,,
e06f7d41-2abd-4a46-b621-1e51aa43da8c,Pass,50,4,2,Real Madrid,Francisco Román Alarcón Suárez,Center Attacking Midfield,0,Real Madrid,Liverpool,64.9,56.7,Toni Kroos,,,Ground Pass,Right Foot,67.2,37.4,0.01685596,0.01689528,3.931999999999894e-05,,,,,
46302084-9d6a-442e-a47a-24fde231e2ea,Ball Receipt*,50,6,2,Real Madrid,Toni Kroos,Left Center Midfield,0,Real Madrid,Liverpool,67.2,37.4,,,,,,,,,,,,,,,
bec82b77-f13c-4408-9db2-a50a297ce238,Carry,50,6,2,Real Madrid,Toni Kroos,Left Center Midfield,0,Real Madrid,Liverpool,67.2,37.4,,,,,,,,,,,68.1,43.2,0.0,,
bf34e442-80a0-4e3f-ba2b-12d60e4daba9,Pass,50,7,2,Real Madrid,Toni Kroos,Left Center Midfield,0,Real Madrid,Liverpool,68.1,43.2,Karim Benzema,Incomplete,,High Pass,Right Foot,105.3,46.2,0.01689528,0.10805102,0.09115574,,,,,
9d14b10d-9a37-4f69-97e2-09143a34891b,Ball Receipt*,50,10,2,Real Madrid,Karim Benzema,Right Center Forward,0,Real Madrid,Liverpool,99.7,48.0,,,,,,,,,,,,,,,
e3b4e262-f931-46d7-9524-397081f96ab3,Ball Recovery,50,10,2,Liverpool,Loris Karius,Goalkeeper,0,Real Madrid,Liverpool,14.8,33.9,,,,,,,,,,,,,,,
c65d85be-ddf5-4551-b20e-26ef42e1ce7d,Carry,50,10,2,Liverpool,Loris Karius,Goalkeeper,0,Real Madrid,Liverpool,14.8,33.9,,,,,,,,,,,14.6,35.1,0.0,,
ec4b9535-f627-49b0-a0c5-cc82b51c582e,Pass,50,11,2,Liverpool,Loris Karius,Goalkeeper,0,Real Madrid,Liverpool,14.6,35.1,,Incomplete,,Low Pass,Keeper Arm,16.0,36.3,0.01082722,0.01082722,0.0,,,,,
75b34cee-7459-4424-b391-a9f06f94b743,Interception,50,11,2,Real Madrid,Karim Benzema,Right Center Forward,0,Real Madrid,Liverpool,104.1,43.8,,,,,,,,,,,,,,,
7654fe57-734f-45d8-bc83-ab940cd37c45,Shot,50,11,2,Real Madrid,Karim Benzema,Right Center Forward,0,Real Madrid,Liverpool,103.7,46.4,,,,,,,,,,,,,,0.62239987,Goal
8475080c-4215-4a7e-9ea0-41b25b733871,Error,50,11,2,Liverpool,Loris Karius,Goalkeeper,0,Real Madrid,Liverpool,14.6,35.1,,,,,,,,,,,,,,,
441ca0f6-bf1d-4dda-acbd-750e7b12dfe6,Goal Keeper,50,13,2,Liverpool,Loris Karius,Goalkeeper,0,Real Madrid,Liverpool,15.0,32.3,,,,,,,,,,,,,,,
97582613-9e1e-4ed8-aa3c-27818f963a92,Pass,51,36,2,Liverpool,Roberto Firmino Barbosa de Oliveira,Center Forward,0,Real Madrid,Liverpool,61.0,40.1,Dejan Lovren,,Kick Off,Ground Pass,Right Foot,33.0,60.3,0.01689528,0.0105949,-0.006300379999999998,,,,,
8f08dbaa-1804-4010-bc1d-73dcda3120ca,Ball Receipt*,51,39,2,Liverpool,Dejan Lovren,Right Center Back,0,Real Madrid,Liverpool,33.0,60.3,,,,,,,,,,,,,,,
9fb22e4b-a73d-41b4-a79b-a2913c3f1f7f,Pass,51,43,2,Liverpool,Dejan Lovren,Right Center Back,0,Real Madrid,Liverpool,33.0,62.1,Sadio Mané,Unknown,,High Pass,Right Foot,78.7,66.5,0.0105949,0.01870347,0.008108569999999999,,,,,
c83dae24-e1ed-4cb9-9636-417113649c1b,Ball Receipt*,51,45,2,Liverpool,Sadio Mané,Right Wing,0,Real Madrid,Liverpool,78.7,66.5,,,,,,,,,,,,,,,
4ac8476d-2419-4c17-b343-5de5f0720c86,Foul Committed,51,45,2,Liverpool,Sadio Mané,Right Wing,0,Real Madrid,Liverpool,78.7,66.5,,,,,,,,,,,,,,,
999e7ea0-9d43-421a-9103-b5f475870af1,Foul Won,51,45,2,Real Madrid,Sergio Ramos García,Left Center Back,1,Real Madrid,Liverpool,41.4,13.6,,,,,,,,,,,,,,,
0929384e-a983-4f94-9402-00139d7b075e,Injury Stoppage,51,56,2,Real Madrid,Sergio Ramos García,Left Center Back,0,Real Madrid,Liverpool,,,,,,,,,,,,,,,,,
1317f4b8-c368-4acc-83bf-b48b5767d7d0,Pass,52,34,2,Real Madrid,Toni Kroos,Left Center Midfield,0,Real Madrid,Liverpool,44.6,18.9,Marcelo Vieira da Silva Júnior,,Free Kick,Ground Pass,Right Foot,49.9,1.6,0.01214719,0.01126267,-0.0008845199999999998,,,,,
41b6af5e-1848-4d59-ada2-b0108be86fb2,Pressure,52,34,2,Liverpool,Sadio Mané,Right Wing,0,Real Madrid,Liverpool,70.2,73.8,,,,,,,,,,,,,,,
854e9421-9a56-4bee-9a1f-6e5c652d97f4,Ball Receipt*,52,35,2,Real Madrid,Marcelo Vieira da Silva Júnior,Left Back,1,Real Madrid,Liverpool,49.9,1.6,,,,,,,,,,,,,,,
814587c4-b079-4cb4-a1d0-6b2b43f04f6f,Carry,52,35,2,Real Madrid,Marcelo Vieira da Silva Júnior,Left Back,1,Real Madrid,Liverpool,49.9,1.6,,,,,,,,,,,56.6,1.3,0.001220769999999999,,
44ae10cf-1ef8-4a33-8248-3db124729349,Pass,52,37,2,Real Madrid,Marcelo Vieira da Silva Júnior,Left Back,0,Real Madrid,Liverpool,56.6,1.3,Karim Benzema,Pass Offside,,High Pass,Left Foot,86.6,24.2,0.01248344,0.0241224,0.01163896,,,,,
0efd24a3-ecde-4147-ab7a-aef1f689bf00,Ball Receipt*,52,39,2,Real Madrid,Karim Benzema,Right Center Forward,0,Real Madrid,Liverpool,86.6,24.2,,,,,,,,,,,,,,,
3f84e089-f20b-4edc-9ae3-a04d8a61b47b,Pass,53,1,2,Liverpool,Loris Karius,Goalkeeper,0,Real Madrid,Liverpool,26.8,55.1,Sadio Mané,,Free Kick,High Pass,Right Foot,84.6,62.1,0.01001304,0.02401521,0.01400217,,,,,
5f82bedc-a238-48e9-84ba-3a5a23e7ed01,Pressure,53,4,2,Real Madrid,Sergio Ramos García,Left Center Back,0,Real Madrid,Liverpool,34.3,18.0,,,,,,,,,,,,,,,
57f7b13f-f9c5-4c61-afbb-bcfa8ebdf2d3,Ball Receipt*,53,4,2,Liverpool,Sadio Mané,Right Wing,1,Real Madrid,Liverpool,84.6,62.1,,,,,,,,,,,,,,,
4a57b2a6-7cb0-4d30-b4f5-cf6ded849949,Carry,53,4,2,Liverpool,Sadio Mané,Right Wing,1,Real Madrid,Liverpool,84.6,62.1,,,,,,,,,,,85.8,72.7,-0.002793919999999998,,
92dc47e4-2988-439d-9e05-768abafe0c4b,Miscontrol,53,8,2,Liverpool,Sadio Mané,Right Wing,1,Real Madrid,Liverpool,85.8,72.7,,,,,,,,,,,,,,,
86a18867-ac05-46dd-a496-b713b2179759,Ball Recovery,53,9,2,Real Madrid,Marcelo Vieira da Silva Júnior,Left Back,0,Real Madrid,Liverpool,28.5,5.1,,,,,,,,,,,,,,,
af143223-967e-4dc8-9c7b-61af0357ead8,Carry,53,9,2,Real Madrid,Marcelo Vieira da Silva Júnior,Left Back,0,Real Madrid,Liverpool,28.5,5.1,,,,,,,,,,,29.7,2.2,0.0,,
a4dbc790-f277-4017-9e98-4e606ecaea6d,Pass,53,10,2,Real Madrid,Marcelo Vieira da Silva Júnior,Left Back,0,Real Madrid,Liverpool,29.7,2.2,Cristiano Ronaldo dos Santos Aveiro,,,Ground Pass,Left Foot,48.8,7.4,0.00844854,0.01126267,0.002814130000000001,,,,,
a85e9387-a247-447a-8a17-0b292032e5a3,Pressure,53,11,2,Liverpool,Jordan Brian Henderson,Center Defensive Midfield,0,Real Madrid,Liverpool,71.3,68.8,,,,,,,,,,,,,,,
15945ffe-6446-499e-9827-abb9758a3301,Ball Receipt*,53,11,2,Real Madrid,Cristiano Ronaldo dos Santos Aveiro,Left Center Forward,1,Real Madrid,Liverpool,48.8,7.4,,,,,,,,,,,,,,,
ddd1a550-8bcd-48ce-ad54-b08979988d4d,Pass,53,11,2,Real Madrid,Cristiano Ronaldo dos Santos Aveiro,Left Center Forward,1,Real Madrid,Liverpool,48.1,7.4,Karim Benzema,,,Ground Pass,Left Foot,49.7,16.0,0.01126267,0.01214719,0.0008845199999999998,,,,,
0296a79e-128a-4454-a5ef-01f41fb97e09,Ball Receipt*,53,12,2,Real Madrid,Karim Benzema,Right Center Forward,0,Real Madrid,Liverpool,49.7,16.0,,,,,,,,,,,,,,,
ba20c262-0323-4a06-851a-e3e1200898ba,Carry,53,12,2,Real Madrid,Karim Benzema,Right Center Forward,0,Real Madrid,Liverpool,49.7,16.0,,,,,,,,,,,49.7,15.1,0.0,,
193726ea-18c0-46f0-aaed-5bfa26cce341,Pass,53,13,2,Real Madrid,Karim Benzema,Right Center Forward,0,Real Madrid,Liverpool,49.7,15.1,Cristiano Ronaldo dos Santos Aveiro,Out,,Ground Pass,Right Foot,64.5,0.1,0.01214719,0.01473596,0.002588769999999999,,,,,
fbea5544-fcde-4086-a38f-2ac750120f5e,Ball Receipt*,53,14,2,Real Madrid,Cristiano Ronaldo dos Santos Aveiro,Left Center Forward,0,Real Madrid,Liverpool,62.8,1.6,,,,,,,,,,,,,,,
375ffce9-6538-4a46-93bb-3526b1c76ac5,Pass,53,18,2,Liverpool,Trent Alexander-Arnold,Right Back,0,Real Madrid,Liverpool,41.5,80.0,Dejan Lovren,,Throw-in,Low Pass,,29.1,61.2,0.01126267,0.00942382,-0.001838850000000001,,,,,
293b86f9-9b33-4b96-82b4-8b5316d8f100,Ball Receipt*,53,21,2,Liverpool,Dejan Lovren,Right Center Back,0,Real Madrid,Liverpool,29.1,61.2,,,,,,,,,,,,,,,
f2674b76-90e2-4029-85dc-3039d52cca80,Pass,53,22,2,Liverpool,Dejan Lovren,Right Center Back,0,Real Madrid,Liverpool,29.1,60.9,Virgil van Dijk,,,Ground Pass,Right Foot,29.4,31.4,0.00942382,0.01016549,0.0007416699999999998,,,,,
deb79173-3b50-4b44-bdb9-8b5ad89fef33,Ball Receipt*,53,24,2,Liverpool,Virgil van Dijk,Left Center Back,0,Real Madrid,Liverpool,29.4,31.4,,,,,,,,,,,,,,,
09c5536a-a998-438e-aec4-04afcaaf95e5,Pass,53,30,2,Liverpool,Virgil van Dijk,Left Center Back,0,Real Madrid,Liverpool,28.2,37.4,Dejan Lovren,,,Ground Pass,Right Foot,28.2,69.4,0.01016549,0.00942382,-0.0007416699999999998,,,,,
85843147-2ee4-4755-b629-ac003c7e0c7c,Ball Receipt*,53,31,2,Liverpool,Dejan Lovren,Right Center Back,0,Real Madrid,Liverpool,28.2,69.4,,,,,,,,,,,,,,,
cf442c9d-8bbe-4a3f-8e3b-89e5789a3c85,Carry,53,31,2,Liverpool,Dejan Lovren,Right Center Back,0,Real Madrid,Liverpool,28.2,69.4,,,,,,,,,,,28.0,72.4,-0.0009752800000000002,,
12da02bd-85a5-4bab-9e43-71c14829b698,Pass,53,33,2,Liverpool,Dejan Lovren,Right Center Back,0,Real Madrid,Liverpool,28.0,72.4,Sadio Mané,Incomplete,,High Pass,Right Foot,70.4,60.0,0.00844854,0.01870347,0.01025493,,,,,
e85a2d2c-453f-48ef-acbc-31c274f3f093,Ball Receipt*,53,35,2,Liverpool,Sadio Mané,Right Wing,0,Real Madrid,Liverpool,71.7,60.9,,,,,,,,,,,,,,,
85728496-c2ec-4dcf-a801-4b770b446063,Pass,53,35,2,Real Madrid,Sergio Ramos García,Left Center Back,0,Real Madrid,Liverpool,49.7,20.1,,Incomplete,Recovery,Low Pass,Head,61.9,20.3,0.01269174,0.01685596,0.00416422,,,,,
74c88277-a809-49ee-9ed4-e7da20ee6b91,Ball Recovery,53,36,2,Liverpool,Georginio Wijnaldum,Right Center Midfield,0,Real Madrid,Liverpool,58.2,59.8,,,,,,,,,,,,,,,
f1c9c299-c8ac-4fa3-83e0-34416a2d5343,Carry,53,36,2,Liverpool,Georginio Wijnaldum,Right Center Midfield,0,Real Madrid,Liverpool,58.2,59.8,,,,,,,,,,,63.5,48.9,0.002603999999999999,,
5be18cc0-a491-49ab-ad56-58c0bb68ba96,Pass,53,38,2,Liverpool,Georginio Wijnaldum,Right Center Midfield,0,Real Madrid,Liverpool,63.5,48.9,Andrew Robertson,,,High Pass,Right Foot,72.0,14.1,0.01689528,0.01870347,0.001808190000000001,,,,,
3f9c267b-99ba-4ad3-a1ae-df89ccc9a4dc,Ball Receipt*,53,41,2,Liverpool,Andrew Robertson,Left Back,0,Real Madrid,Liverpool,72.0,14.1,,,,,,,,,,,,,,,
ff0d1045-0bd3-4aa3-8891-415925820a79,Carry,53,41,2,Liverpool,Andrew Robertson,Left Back,1,Real Madrid,Liverpool,72.0,14.1,,,,,,,,,,,93.7,15.2,0.01082925,,
22839ba2-a86d-44c9-9d1c-38b510590e1f,Pressure,53,42,2,Real Madrid,Luka Modrić,Right Center Midfield,0,Real Madrid,Liverpool,35.0,63.4,,,,,,,,,,,,,,,
79161b3d-0b5c-4812-9a4a-96cfb8c3a8d1,Pass,53,43,2,Liverpool,Andrew Robertson,Left Back,1,Real Madrid,Liverpool,93.7,15.2,Sadio Mané,Incomplete,,Low Pass,Left Foot,106.6,32.1,0.02953272,0.10805102,0.0785183,,,,,
6e934551-b9d3-4b6f-a25c-aa6f6b48152f,Ball Receipt*,53,44,2,Liverpool,Sadio Mané,Right Wing,0,Real Madrid,Liverpool,108.0,38.6,,,,,,,,,,,,,,,
1be3c58e-996e-4044-9ae8-8441a2884428,Clearance,53,44,2,Real Madrid,Carlos Henrique Casimiro,Center Defensive Midfield,1,Real Madrid,Liverpool,13.5,48.0,,,,,,,,,,,,,,,
1f2242c8-a225-4239-8263-621e34a95236,Pressure,53,47,2,Real Madrid,Carlos Henrique Casimiro,Center Defensive Midfield,0,Real Madrid,Liverpool,13.3,45.0,,,,,,,,,,,,,,,
0fca129a-81b4-4bfb-83f9-56aa936342ba,Ball Recovery,53,48,2,Liverpool,Sadio Mané,Right Wing,1,Real Madrid,Liverpool,106.8,34.6,,,,,,,,,,,,,,,
b9977b72-2e86-444e-881a-51ddb0bfaae0,Carry,53,48,2,Liverpool,Sadio Mané,Right Wing,1,Real Madrid,Liverpool,106.8,34.6,,,,,,,,,,,93.4,28.9,-0.079499,,
9499ac0e-86c6-404b-b54f-ed1f0f6f472a,Pressure,53,50,2,Real Madrid,Carlos Henrique Casimiro,Center Defensive Midfield,0,Real Madrid,Liverpool,19.7,46.2,,,,,,,,,,,,,,,
1be15ed5-4e9e-40ba-bb76-a707c6e0524f,Pass,53,52,2,Liverpool,Sadio Mané,Right Wing,1,Real Madrid,Liverpool,93.4,28.9,James Philip Milner,,,Ground Pass,Left Foot,105.1,10.2,0.02855202,0.04066992,0.0121179,,,,,
566ce462-9812-4ce9-8549-23d2c613561d,Ball Receipt*,53,53,2,Liverpool,James Philip Milner,Left Center Midfield,0,Real Madrid,Liverpool,105.1,10.2,,,,,,,,,,,,,,,
a494c12f-ac65-4811-8583-f03cf3bf2414,Carry,53,53,2,Liverpool,James Philip Milner,Left Center Midfield,0,Real Madrid,Liverpool,105.1,10.2,,,,,,,,,,,105.1,10.2,0.0,,
3d92284a-9a4f-492a-a2e4-9f632e021121,Pass,53,53,2,Liverpool,James Philip Milner,Left Center Midfield,0,Real Madrid,Liverpool,105.1,10.2,Georginio Wijnaldum,Incomplete,,High Pass,Right Foot,111.2,36.5,0.04066992,0.25745362,0.2167837,,,,,
59a85c9e-9bcb-4cb2-81ac-83cc46a994e7,Ball Receipt*,53,54,2,Liverpool,Georginio Wijnaldum,Right Center Midfield,0,Real Madrid,Liverpool,110.9,41.6,,,,,,,,,,,,,,,
74c7a5bf-27f3-4c49-bb01-9937c59495fe,Clearance,53,54,2,Real Madrid,Raphaël Varane,Right Center Back,1,Real Madrid,Liverpool,8.9,43.6,,,,,,,,,,,,,,,
820a7a87-d74e-4171-a717-1881bd7a7343,Pass,54,26,2,Liverpool,James Philip Milner,Left Center Midfield,0,Real Madrid,Liverpool,120.0,80.0,Dejan Lovren,,Corner,High Pass,Right Foot,109.8,35.4,0.0379259,0.10805102,0.07012512,,,,,
3e664aa7-6bb8-4f26-8da6-cdf307a56bfb,Ball Receipt*,54,29,2,Liverpool,Dejan Lovren,Right Center Back,0,Real Madrid,Liverpool,109.8,35.4,,,,,,,,,,,,,,,
386e9747-d86b-4a45-8c35-69c5fdef441d,Duel,54,29,2,Real Madrid,Sergio Ramos García,Left Center Back,1,Real Madrid,Liverpool,10.1,42.5,,,,,,,,,,,,,,,
30a872eb-fe88-4c46-858b-a4f487cb69e4,Shot,54,29,2,Liverpool,Dejan Lovren,Right Center Back,1,Real Madrid,Liverpool,110.0,37.6,,,,,,,,,,,,,,0.04927483,Blocked
cc3d02f0-5819-4e37-b145-12b8d3d81a25,Block,54,29,2,Liverpool,Sadio Mané,Right Wing,0,Real Madrid,Liverpool,116.5,41.8,,,,,,,,,,,,,,,
33d34334-f416-4bf2-a624-9e94bf6b822c,Goal Keeper,54,29,2,Real Madrid,Keylor Navas Gamboa,Goalkeeper,0,Real Madrid,Liverpool,0.8,40.0,,,,,,,,,,,,,,,
53b73ee0-8c9c-4b64-83c5-69fc453376a1,Shot,54,29,2,Liverpool,Sadio Mané,Right Wing,0,Real Madrid,Liverpool,117.0,41.1,,,,,,,,,,,,,,0.58832175,Goal
cf0672e8-7216-4535-bed2-3e325a435a3a,Goal Keeper,54,30,2,Real Madrid,Keylor Navas Gamboa,Goalkeeper,0,Real Madrid,Liverpool,0.9,39.3,,,,,,,,,,,,,,,
39850d5a-2672-4529-90ed-0e7145248401,Pass,55,34,2,Real Madrid,Cristiano Ronaldo dos Santos Aveiro,Left Center Forward,0,Real Madrid,Liverpool,60.0,40.0,Carlos Henrique Casimiro,,Kick Off,Ground Pass,Right Foot,46.7,39.7,0.01689528,0.01262646,-0.004268819999999998,,,,,
8133078f-2bd4-4567-90f5-401f83da18ee,Ball Receipt*,55,37,2,Real Madrid,Carlos Henrique Casimiro,Center Defensive Midfield,0,Real Madrid,Liverpool,46.7,39.7,,,,,,,,,,,,,,,
0f3f64ea-d8e2-41b1-8492-b56fa1284e81,Pass,55,37,2,Real Madrid,Carlos Henrique Casimiro,Center Defensive Midfield,0,Real Madrid,Liverpool,46.7,39.7,José Ignacio Fernández Iglesias,,,Ground Pass,Right Foot,53.2,74.3,0.01262646,0.01248344,-0.0001430200000000006,,,,,
0f49240f-1b5b-428c-abf4-04a9bc817ecc,Ball Receipt*,55,40,2,Real Madrid,José Ignacio Fernández Iglesias,Right Back,0,Real Madrid,Liverpool,53.2,74.3,,,,,,,,,,,,,,,
6238286d-a363-4ed3-abab-f322e0571e2d,Foul Committed,55,42,2,Liverpool,Andrew Robertson,Left Back,0,Real Madrid,Liverpool,70.8,8.4,,,,,,,,,,,,,,,
2393d854-4fe6-44af-9dc3-738c0202cd8c,Foul Won,55,42,2,Real Madrid,José Ignacio Fernández Iglesias,Right Back,1,Real Madrid,Liverpool,49.3,71.7,,,,,,,,,,,,,,,
d09c6106-de96-4088-8e25-793aeb59a91d,Pass,55,43,2,Real Madrid,José Ignacio Fernández Iglesias,Right Back,0,Real Madrid,Liverpool,49.0,71.7,Luka Modrić,,,Ground Pass,Right Foot,49.7,62.8,0.01126267,0.01214719,0.0008845199999999998,,,,,
7ee98cd7-c37a-4654-bd92-82d6187444cb,Ball Receipt*,55,45,2,Real Madrid,Luka Modrić,Right Center Midfield,0,Real Madrid,Liverpool,49.7,62.8,,,,,,,,,,,,,,,
bfe5d7d1-2d28-4efd-b34a-6a6193006047,Pass,55,46,2,Real Madrid,Luka Modrić,Right Center Midfield,0,Real Madrid,Liverpool,49.3,61.4,Toni Kroos,,,Ground Pass,Right Foot,56.6,31.8,0.01214719,0.01484598,0.00269879,,,,,
83da9089-d9ff-4761-8fff-ee5c7c5b16dd,Ball Receipt*,55,48,2,Real Madrid,Toni Kroos,Left Center Midfield,0,Real Madrid,Liverpool,56.6,31.8,,,,,,,,,,,,,,,
5cccd083-170f-44de-9c8b-23c280c29074,Carry,55,48,2,Real Madrid,Toni Kroos,Left Center Midfield,0,Real Madrid,Liverpool,56.6,31.8,,,,,,,,,,,65.2,22.7,0.00200998,,
6e98f666-cb41-4066-b54c-b89d89176e90,Pass,55,49,2,Real Madrid,Toni Kroos,Left Center Midfield,0,Real Madrid,Liverpool,65.2,22.7,Marcelo Vieira da Silva Júnior,,,Ground Pass,Right Foot,82.5,13.0,0.01685596,0.02401521,0.007159249999999999,,,,,
cfade790-6d6d-4ef2-bfaf-39969bb2b460,Ball Receipt*,55,50,2,Real Madrid,Marcelo Vieira da Silva Júnior,Left Back,0,Real Madrid,Liverpool,82.5,13.0,,,,,,,,,,,,,,,
f6602b15-cd8c-4416-af35-6e92f9ab3e9b,Carry,55,50,2,Real Madrid,Marcelo Vieira da Silva Júnior,Left Back,0,Real Madrid,Liverpool,82.5,13.0,,,,,,,,,,,89.4,17.8,0.0,,
368e8f19-5631-4969-982b-cb967616207b,Pass,55,52,2,Real Madrid,Marcelo Vieira da Silva Júnior,Left Back,0,Real Madrid,Liverpool,89.4,17.8,Toni Kroos,,,Ground Pass,Left Foot,88.9,27.1,0.02401521,0.0241224,0.0001071900000000001,,,,,
70c56398-2b4a-47ec-8ff2-3ab05702d7b1,Ball Receipt*,55,53,2,Real Madrid,Toni Kroos,Left Center Midfield,0,Real Madrid,Liverpool,88.9,27.1,,,,,,,,,,,,,,,
a8fbb99c-7275-455a-8e86-32c337a404bc,Carry,55,53,2,Real Madrid,Toni Kroos,Left Center Midfield,0,Real Madrid,Liverpool,88.9,27.1,,,,,,,,,,,91.2,27.7,0.004429620000000002,,
e5d7dc2a-d36e-4ee9-b658-563d96fd4c82,Pass,55,54,2,Real Madrid,Toni Kroos,Left Center Midfield,0,Real Madrid,Liverpool,91.2,27.7,Francisco Román Alarcón Suárez,Incomplete,,Ground Pass,Right Foot,99.1,28.2,0.02855202,0.02855202,0.0,,,,,
83a88092-f502-4b8b-b05d-9e4018d73756,Ball Receipt*,55,54,2,Real Madrid,Francisco Román Alarcón Suárez,Center Attacking Midfield,0,Real Madrid,Liverpool,105.0,29.8,,,,,,,,,,,,,,,
df785b9c-5815-40ac-b364-faef418cb517,Ball Recovery,55,54,2,Liverpool,Jordan Brian Henderson,Center Defensive Midfield,0,Real Madrid,Liverpool,21.0,51.9,,,,,,,,,,,,,,,
5bb47418-dffb-4d1e-b26e-02fddcd3b63c,Carry,55,54,2,Liverpool,Jordan Brian Henderson,Center Defensive Midfield,0,Real Madrid,Liverpool,21.0,51.9,,,,,,,,,,,15.3,53.8,-0.0002355900000000008,,
3052323b-fbd2-42fd-a9ab-5a6d45b7dcac,Pass,55,55,2,Liverpool,Jordan Brian Henderson,Center Defensive Midfield,0,Real Madrid,Liverpool,15.3,53.8,,Out,,High Pass,Right Foot,35.8,80.0,0.00977745,0.00977659,-8.600000000000968e-07,,,,,
41635f44-a634-4f7a-a394-bc58cae007fd,Pass,56,4,2,Real Madrid,Cristiano Ronaldo dos Santos Aveiro,Left Center Forward,0,Real Madrid,Liverpool,89.8,0.1,Sergio Ramos García,,Throw-in,Low Pass,,71.4,6.5,0.02122129,0.0174506,-0.00377069,,,,,
f8ec78ed-53fe-4723-824a-ba151b47af66,Ball Receipt*,56,5,2,Real Madrid,Sergio Ramos García,Left Center Back,0,Real Madrid,Liverpool,71.4,6.5,,,,,,,,,,,,,,,
67800293-ce89-467b-927c-90213af23003,Carry,56,5,2,Real Madrid,Sergio Ramos García,Left Center Back,0,Real Madrid,Liverpool,71.4,6.5,,,,,,,,,,,70.7,10.9,0.00125287,,
5993f1d3-920e-4f6c-bc7e-44aadccc5b97,Pass,56,7,2,Real Madrid,Sergio Ramos García,Left Center Back,0,Real Madrid,Liverpool,70.7,10.9,Luka Modrić,,,Low Pass,Right Foot,71.0,30.0,0.01870347,0.0199707,0.001267230000000001,,,,,
2e4fb8b0-d4d6-43fb-85e4-263dd6e8e302,Ball Receipt*,56,8,2,Real Madrid,Luka Modrić,Right Center Midfield,0,Real Madrid,Liverpool,71.0,30.0,,,,,,,,,,,,,,,
d5e9714b-c0f2-4c2d-9d6c-96131bcf6584,Carry,56,8,2,Real Madrid,Luka Modrić,Right Center Midfield,0,Real Madrid,Liverpool,71.0,30.0,,,,,,,,,,,71.4,40.3,0.0,,
ff5573af-476c-49ed-bc2d-e86a6b7be470,Pass,56,11,2,Real Madrid,Luka Modrić,Right Center Midfield,0,Real Madrid,Liverpool,71.4,40.3,José Ignacio Fernández Iglesias,,,Ground Pass,Right Foot,77.8,71.1,0.0199707,0.0174506,-0.002520100000000001,,,,,
65088a86-8bdb-447c-bce4-f5938dcb2802,Ball Receipt*,56,13,2,Real Madrid,José Ignacio Fernández Iglesias,Right Back,0,Real Madrid,Liverpool,77.8,71.1,,,,,,,,,,,,,,,
1f870d27-a1d7-42fc-a086-9decd587e547,Carry,56,13,2,Real Madrid,José Ignacio Fernández Iglesias,Right Back,0,Real Madrid,Liverpool,77.8,71.1,,,,,,,,,,,77.4,73.1,0.0,,
b5c6e3de-365f-45f3-b097-0f4fa28d767f,Pass,56,16,2,Real Madrid,José Ignacio Fernández Iglesias,Right Back,0,Real Madrid,Liverpool,77.4,73.1,Raphaël Varane,,,Ground Pass,Right Foot,44.6,65.5,0.0174506,0.01214719,-0.00530341,,,,,
77dc8b46-9869-4736-9b7d-5ec2007bbc20,Ball Receipt*,56,18,2,Real Madrid,Raphaël Varane,Right Center Back,0,Real Madrid,Liverpool,44.6,65.5,,,,,,,,,,,,,,,
0f784eb1-56e5-4c22-af18-9f83724f7359,Carry,56,18,2,Real Madrid,Raphaël Varane,Right Center Back,0,Real Madrid,Liverpool,44.6,65.5,,,,,,,,,,,40.0,63.4,0.0,,
7b40c545-bca0-46bc-a940-e61c5fcf474a,Pass,56,19,2,Real Madrid,Raphaël Varane,Right Center Back,0,Real Madrid,Liverpool,40.0,63.4,Sergio Ramos García,,,Ground Pass,Left Foot,42.8,25.6,0.01214719,0.01269174,0.0005445499999999995,,,,,
ee07b0b6-b09e-48a9-9208-e25462645d4b,Ball Receipt*,56,21,2,Real Madrid,Sergio Ramos García,Left Center Back,0,Real Madrid,Liverpool,42.8,25.6,,,,,,,,,,,,,,,
7d4be61b-7b51-42da-a5fc-532368951538,Carry,56,21,2,Real Madrid,Sergio Ramos García,Left Center Back,0,Real Madrid,Liverpool,42.8,25.6,,,,,,,,,,,49.7,25.6,0.0,,
abce7f93-17d0-45b6-bf4f-8c20969d3c48,Pass,56,24,2,Real Madrid,Sergio Ramos García,Left Center Back,0,Real Madrid,Liverpool,49.7,25.6,Toni Kroos,,,Ground Pass,Right Foot,56.9,32.7,0.01269174,0.01484598,0.00215424,,,,,
bed99bd6-3327-4b44-b5c5-55916f92f4d7,Ball Receipt*,56,24,2,Real Madrid,Toni Kroos,Left Center Midfield,0,Real Madrid,Liverpool,56.9,32.7,,,,,,,,,,,,,,,
239a305a-cf9d-43d4-add7-00d32faf6bd7,Carry,56,24,2,Real Madrid,Toni Kroos,Left Center Midfield,0,Real Madrid,Liverpool,56.9,32.7,,,,,,,,,,,56.4,33.5,0.0,,
97818318-567d-4c44-9ce3-057d74a891ca,Pass,56,26,2,Real Madrid,Toni Kroos,Left Center Midfield,0,Real Madrid,Liverpool,56.4,33.5,Marcelo Vieira da Silva Júnior,,,Ground Pass,Right Foot,71.0,3.1,0.01484598,0.0174506,0.00260462,,,,,
15575778-d2ab-4302-a5a5-fdfb57b2bddd,Ball Receipt*,56,28,2,Real Madrid,Marcelo Vieira da Silva Júnior,Left Back,0,Real Madrid,Liverpool,71.0,3.1,,,,,,,,,,,,,,,
6106a615-70ac-4d33-b0b9-10d8ecbafe03,Carry,56,28,2,Real Madrid,Marcelo Vieira da Silva Júnior,Left Back,0,Real Madrid,Liverpool,71.0,3.1,,,,,,,,,,,81.0,6.3,0.00377069,,
227f538c-e352-477a-8c41-b303849e8501,Pass,56,30,2,Real Madrid,Marcelo Vieira da Silva Júnior,Left Back,0,Real Madrid,Liverpool,81.0,6.3,Cristiano Ronaldo dos Santos Aveiro,,,Ground Pass,Left Foot,96.3,18.9,0.02122129,0.02953272,0.008311429999999998,,,,,
e51c44c1-57ea-4c26-84f6-b28914b5bd9e,Ball Receipt*,56,30,2,Real Madrid,Cristiano Ronaldo dos Santos Aveiro,Left Center Forward,0,Real Madrid,Liverpool,96.3,18.9,,,,,,,,,,,,,,,
d858cfbf-61b8-471d-b58c-1bc35467a44a,Carry,56,30,2,Real Madrid,Cristiano Ronaldo dos Santos Aveiro,Left Center Forward,1,Real Madrid,Liverpool,96.3,18.9,,,,,,,,,,,116.8,18.9,0.01694449,,
de8bea43-8ce2-472c-ac79-39ca36707235,Pressure,56,32,2,Liverpool,Dejan Lovren,Right Center Back,0,Real Madrid,Liverpool,14.8,60.3,,,,,,,,,,,,,,,
216b4458-3c4b-43bf-b23b-eea0ac2af3e2,Dispossessed,56,34,2,Real Madrid,Cristiano Ronaldo dos Santos Aveiro,Left Center Forward,1,Real Madrid,Liverpool,116.8,18.9,,,,,,,,,,,,,,,
f692b986-1479-416d-8360-5344c17133f7,Duel,56,34,2,Liverpool,Dejan Lovren,Right Center Back,1,Real Madrid,Liverpool,3.3,61.2,,,,,,,,,,,,,,,
103278b8-e3af-4619-a055-528f9108e151,Pass,56,49,2,Real Madrid,Marcelo Vieira da Silva Júnior,Left Back,0,Real Madrid,Liverpool,110.3,0.1,Karim Benzema,,Throw-in,Low Pass,,110.3,4.9,0.0379259,0.0379259,0.0,,,,,
00c77b8e-8204-4076-ab72-37521386d812,Ball Receipt*,56,50,2,Real Madrid,Karim Benzema,Right Center Forward,0,Real Madrid,Liverpool,110.3,4.9,,,,,,,,,,,,,,,
7b958221-490c-43bc-871f-a110ab712c6d,Pass,56,50,2,Real Madrid,Karim Benzema,Right Center Forward,0,Real Madrid,Liverpool,110.3,4.9,Marcelo Vieira da Silva Júnior,,,Ground Pass,Right Foot,110.3,2.5,0.0379259,0.0379259,0.0,,,,,
8bee0752-a0aa-41e4-89af-f4a9f9e071e2,Ball Receipt*,56,51,2,Real Madrid,Marcelo Vieira da Silva Júnior,Left Back,0,Real Madrid,Liverpool,110.3,2.5,,,,,,,,,,,,,,,
a469140a-4c9b-4007-8865-fc5f275ef189,Pass,56,53,2,Real Madrid,Marcelo Vieira da Silva Júnior,Left Back,0,Real Madrid,Liverpool,112.0,8.3,Cristiano Ronaldo dos Santos Aveiro,Incomplete,,High Pass,Left Foot,114.1,36.2,0.0379259,0.25745362,0.21952772,,,,,
e7b0477f-93e3-42c5-96f2-230259039c7a,Ball Receipt*,56,54,2,Real Madrid,Cristiano Ronaldo dos Santos Aveiro,Left Center Forward,0,Real Madrid,Liverpool,113.8,37.6,,,,,,,,,,,,,,,
5d6a2361-f658-4f59-82c8-349d933bcb0f,Clearance,56,54,2,Liverpool,Virgil van Dijk,Left Center Back,1,Real Madrid,Liverpool,6.0,43.9,,,,,,,,,,,,,,,
5ce56e2a-f644-43e7-bf0f-d50caa36449b,Ball Recovery,56,59,2,Real Madrid,Francisco Román Alarcón Suárez,Center Attacking Midfield,0,Real Madrid,Liverpool,93.0,71.3,,,,,,,,,,,,,,,
0de9b146-7b99-482a-900d-9a6898a9db2b,Carry,56,59,2,Real Madrid,Francisco Román Alarcón Suárez,Center Attacking Midfield,0,Real Madrid,Liverpool,93.0,71.3,,,,,,,,,,,90.1,69.6,0.001969599999999998,,
22a8eed6-eac2-4258-b6f5-8c51b1db1fda,Pass,57,2,2,Real Madrid,Francisco Román Alarcón Suárez,Center Attacking Midfield,0,Real Madrid,Liverpool,90.1,69.6,José Ignacio Fernández Iglesias,,,Ground Pass,Right Foot,98.6,72.9,0.02953272,0.02756312,-0.001969599999999998,,,,,
e6f68f4e-91ad-4dfc-896a-377e2af66a56,Ball Receipt*,57,3,2,Real Madrid,José Ignacio Fernández Iglesias,Right Back,0,Real Madrid,Liverpool,98.6,72.9,,,,,,,,,,,,,,,
77666a48-8e0c-4d76-9c42-ab273ac62e4a,Pass,57,3,2,Real Madrid,José Ignacio Fernández Iglesias,Right Back,0,Real Madrid,Liverpool,98.6,72.9,Francisco Román Alarcón Suárez,,,Ground Pass,Right Foot,87.1,70.5,0.02756312,0.02122129,-0.00634183,,,,,
ac19cfff-0dcf-4baa-9fa8-22fb39a75ff1,Ball Receipt*,57,5,2,Real Madrid,Francisco Román Alarcón Suárez,Center Attacking Midfield,0,Real Madrid,Liverpool,87.1,70.5,,,,,,,,,,,,,,,
c353d498-86fe-4c02-964b-47cc89d90fc4,Carry,57,5,2,Real Madrid,Francisco Román Alarcón Suárez,Center Attacking Midfield,0,Real Madrid,Liverpool,87.1,70.5,,,,,,,,,,,87.1,70.5,0.0,,
3d52a604-0b53-4024-9b2f-f2e08089211c,Pass,57,5,2,Real Madrid,Francisco Román Alarcón Suárez,Center Attacking Midfield,0,Real Madrid,Liverpool,87.1,70.5,José Ignacio Fernández Iglesias,,,Ground Pass,Left Foot,98.3,75.7,0.02122129,0.02756312,0.00634183,,,,,
b1855225-2012-4ba4-9f1a-7edeaf8bb1d9,Ball Receipt*,57,6,2,Real Madrid,José Ignacio Fernández Iglesias,Right Back,0,Real Madrid,Liverpool,98.3,75.7,,,,,,,,,,,,,,,
49adbdcb-1449-4b70-9981-be03847378af,Carry,57,6,2,Real Madrid,José Ignacio Fernández Iglesias,Right Back,0,Real Madrid,Liverpool,98.3,75.7,,,,,,,,,,,89.8,74.5,-0.00634183,,
90be574f-25dc-4b9b-9630-15c17165f800,Pass,57,9,2,Real Madrid,José Ignacio Fernández Iglesias,Right Back,0,Real Madrid,Liverpool,89.8,74.5,Raphaël Varane,,,Ground Pass,Right Foot,63.7,67.8,0.02122129,0.01611813,-0.005103159999999999,,,,,
6e9b289f-c48a-49c5-ae86-bb9a8f33c997,Ball Receipt*,57,11,2,Real Madrid,Raphaël Varane,Right Center Back,0,Real Madrid,Liverpool,63.7,67.8,,,,,,,,,,,,,,,
951d7a7e-d919-4963-8751-e3689db4df5e,Carry,57,11,2,Real Madrid,Raphaël Varane,Right Center Back,0,Real Madrid,Liverpool,63.7,67.8,,,,,,,,,,,63.4,55.8,0.0007378299999999983,,
5e3342c1-e36c-4dc6-9d9e-1b8f396771fc,Pass,57,13,2,Real Madrid,Raphaël Varane,Right Center Back,0,Real Madrid,Liverpool,63.4,55.8,Sergio Ramos García,,,Ground Pass,Right Foot,52.3,30.7,0.01685596,0.01484598,-0.00200998,,,,,
cab16d19-8096-4f70-ad6f-513757a1b771,Ball Receipt*,57,15,2,Real Madrid,Sergio Ramos García,Left Center Back,0,Real Madrid,Liverpool,52.3,30.7,,,,,,,,,,,,,,,
d1192e96-d431-423c-bcea-e7ac1f36a42a,Carry,57,15,2,Real Madrid,Sergio Ramos García,Left Center Back,0,Real Madrid,Liverpool,52.3,30.7,,,,,,,,,,,53.7,30.7,0.0,,
b51588d8-2a63-4c2b-b94c-b5cf768ae205,Pass,57,16,2,Real Madrid,Sergio Ramos García,Left Center Back,0,Real Madrid,Liverpool,53.7,30.7,Marcelo Vieira da Silva Júnior,,,Low Pass,Right Foot,72.1,1.0,0.01484598,0.0174506,0.00260462,,,,,
bb0ec032-f6bd-4ded-bba3-eab01e32e1f3,Ball Receipt*,57,18,2,Real Madrid,Marcelo Vieira da Silva Júnior,Left Back,0,Real Madrid,Liverpool,72.1,1.0,,,,,,,,,,,,,,,
77666840-a44a-4690-8ebf-0863fd036f2b,Carry,57,18,2,Real Madrid,Marcelo Vieira da Silva Júnior,Left Back,0,Real Madrid,Liverpool,72.1,1.0,,,,,,,,,,,77.2,1.6,0.0,,
1768fbb2-0924-49ee-adc5-da2ad5e3308c,Pass,57,20,2,Real Madrid,Marcelo Vieira da Silva Júnior,Left Back,0,Real Madrid,Liverpool,77.2,1.6,Karim Benzema,,,Ground Pass,Right Foot,85.0,1.3,0.0174506,0.02122129,0.00377069,,,,,
d4cbf65e-75b5-4bed-a486-7d5ad8e49f81,Ball Receipt*,57,21,2,Real Madrid,Karim Benzema,Right Center Forward,0,Real Madrid,Liverpool,85.0,1.3,,,,,,,,,,,,,,,
9b1f6a10-0110-40c2-8911-905426b5aecf,Carry,57,21,2,Real Madrid,Karim Benzema,Right Center Forward,0,Real Madrid,Liverpool,85.0,1.3,,,,,,,,,,,89.4,2.5,0.0,,
65076c53-24b5-43dd-b626-24ddb78174e2,Pass,57,23,2,Real Madrid,Karim Benzema,Right Center Forward,0,Real Madrid,Liverpool,89.4,2.5,Marcelo Vieira da Silva Júnior,,,Ground Pass,Right Foot,90.3,10.4,0.02122129,0.02953272,0.008311429999999998,,,,,
a2debc5e-3309-4995-b567-3518bd06479c,Ball Receipt*,57,23,2,Real Madrid,Marcelo Vieira da Silva Júnior,Left Back,0,Real Madrid,Liverpool,90.3,10.4,,,,,,,,,,,,,,,
9d7c5964-84a3-411a-a3d2-715f9c92a1e8,Pass,57,23,2,Real Madrid,Marcelo Vieira da Silva Júnior,Left Back,0,Real Madrid,Liverpool,90.3,10.4,Karim Benzema,,,Ground Pass,Left Foot,82.7,8.6,0.02953272,0.02122129,-0.008311429999999998,,,,,
288ab1cc-8760-4398-90a8-a2a90a789cb2,Pressure,57,24,2,Liverpool,Sadio Mané,Right Wing,0,Real Madrid,Liverpool,42.3,69.9,,,,,,,,,,,,,,,
387607c4-0e70-413b-8ac0-ec65be8c1b04,Ball Receipt*,57,25,2,Real Madrid,Karim Benzema,Right Center Forward,1,Real Madrid,Liverpool,82.7,8.6,,,,,,,,,,,,,,,
7e2ecaf1-a06a-462c-9a67-4d6bfdb8758c,Pass,57,25,2,Real Madrid,Karim Benzema,Right Center Forward,1,Real Madrid,Liverpool,82.2,8.3,Toni Kroos,,,Ground Pass,Right Foot,70.5,10.2,0.02122129,0.01870347,-0.00251782,,,,,
cca20ce0-e703-42ca-8ef2-f72fe05e9b67,Ball Receipt*,57,26,2,Real Madrid,Toni Kroos,Left Center Midfield,0,Real Madrid,Liverpool,70.5,10.2,,,,,,,,,,,,,,,
9aafd042-5c94-4594-9f59-350635eb77c2,Carry,57,26,2,Real Madrid,Toni Kroos,Left Center Midfield,1,Real Madrid,Liverpool,70.5,10.2,,,,,,,,,,,71.9,10.9,0.0,,
96ce4b25-818b-4aa5-8edf-5b1c6a0b42e4,Pressure,57,26,2,Liverpool,Sadio Mané,Right Wing,0,Real Madrid,Liverpool,44.7,69.7,,,,,,,,,,,,,,,
7144208c-d3c9-4970-ad03-4ddb29023e6a,Dispossessed,57,27,2,Real Madrid,Toni Kroos,Left Center Midfield,1,Real Madrid,Liverpool,71.9,10.9,,,,,,,,,,,,,,,
5c4f1467-4431-4c65-8f8f-5af537bdd6fb,Duel,57,27,2,Liverpool,Sadio Mané,Right Wing,1,Real Madrid,Liverpool,48.2,69.2,,,,,,,,,,,,,,,
e3aae207-76d3-4cc2-8829-89dd270ce5e1,Ball Recovery,57,28,2,Real Madrid,Sergio Ramos García,Left Center Back,0,Real Madrid,Liverpool,65.7,9.8,,,,,,,,,,,,,,,
8eee9c6d-7fcb-408b-950d-1f54593f9604,Carry,57,28,2,Real Madrid,Sergio Ramos García,Left Center Back,0,Real Madrid,Liverpool,65.7,9.8,,,,,,,,,,,71.6,3.3,0.002714640000000001,,
ae42652d-bfa6-4f06-b9c3-7615c9ce42c0,Pass,57,29,2,Real Madrid,Sergio Ramos García,Left Center Back,0,Real Madrid,Liverpool,71.6,3.3,Marcelo Vieira da Silva Júnior,Incomplete,,Low Pass,Right Foot,75.4,4.5,0.0174506,0.0174506,0.0,,,,,
53e3de8e-716b-4576-b55a-c446704b2c01,Ball Receipt*,57,30,2,Real Madrid,Marcelo Vieira da Silva Júnior,Left Back,0,Real Madrid,Liverpool,85.0,7.2,,,,,,,,,,,,,,,
3abfb591-5e93-4a49-8140-e300270829de,Block,57,30,2,Liverpool,Georginio Wijnaldum,Right Center Midfield,0,Real Madrid,Liverpool,44.7,75.6,,,,,,,,,,,,,,,
27e08229-ecf8-484e-a2be-7669c07f1039,Pass,57,58,2,Real Madrid,Marcelo Vieira da Silva Júnior,Left Back,0,Real Madrid,Liverpool,79.7,0.1,Sergio Ramos García,,Throw-in,Low Pass,,49.7,3.7,0.0174506,0.01126267,-0.006187929999999999,,,,,
d82639c9-1b13-400b-9e70-655ff262830a,Pressure,58,0,2,Liverpool,Sadio Mané,Right Wing,0,Real Madrid,Liverpool,57.3,75.6,,,,,,,,,,,,,,,
2f0eb96a-40a8-4dcc-bc7d-a8d97b3836aa,Ball Receipt*,58,1,2,Real Madrid,Sergio Ramos García,Left Center Back,1,Real Madrid,Liverpool,49.7,3.7,,,,,,,,,,,,,,,
2c679784-96af-40de-9018-df7b2f571c5a,Pass,58,1,2,Real Madrid,Sergio Ramos García,Left Center Back,1,Real Madrid,Liverpool,49.3,3.3,Carlos Henrique Casimiro,,,Ground Pass,Right Foot,42.8,18.0,0.01126267,0.01214719,0.0008845199999999998,,,,,
234bbf9a-ad73-41a4-8ce1-215336f609fb,Ball Receipt*,58,2,2,Real Madrid,Carlos Henrique Casimiro,Center Defensive Midfield,0,Real Madrid,Liverpool,42.8,18.0,,,,,,,,,,,,,,,
6bf6654b-ecf8-46f8-9012-2646835a97ea,Carry,58,2,2,Real Madrid,Carlos Henrique Casimiro,Center Defensive Midfield,1,Real Madrid,Liverpool,42.8,18.0,,,,,,,,,,,42.3,21.8,0.0005445499999999995,,
9b191066-0284-474f-83a4-83eefbd1df79,Pressure,58,2,2,Liverpool,Roberto Firmino Barbosa de Oliveira,Center Forward,0,Real Madrid,Liverpool,72.0,62.1,,,,,,,,,,,,,,,
08bf5f40-7b0b-4065-9c6e-4b477acdc7b2,Pass,58,3,2,Real Madrid,Carlos Henrique Casimiro,Center Defensive Midfield,1,Real Madrid,Liverpool,42.3,21.8,José Ignacio Fernández Iglesias,,,High Pass,Right Foot,48.1,68.7,0.01269174,0.01214719,-0.0005445499999999995,,,,,
0960de2e-f349-400f-9da0-0645d1a6ffce,Ball Receipt*,58,6,2,Real Madrid,José Ignacio Fernández Iglesias,Right Back,0,Real Madrid,Liverpool,48.1,68.7,,,,,,,,,,,,,,,
61fcd730-641f-46c8-a470-cfc40dc049a1,Carry,58,6,2,Real Madrid,José Ignacio Fernández Iglesias,Right Back,1,Real Madrid,Liverpool,48.1,68.7,,,,,,,,,,,43.7,66.9,0.0,,
eaae64d5-4668-4704-95d1-31601fd6149e,Pressure,58,6,2,Liverpool,James Philip Milner,Left Center Midfield,0,Real Madrid,Liverpool,69.0,14.6,,,,,,,,,,,,,,,
3d8fe9c6-7b20-4b8b-82a9-29dee076b18a,Pressure,58,6,2,Liverpool,Adam David Lallana,Left Wing,0,Real Madrid,Liverpool,74.6,16.0,,,,,,,,,,,,,,,
724df4db-b218-469c-8f74-e77e03bafcf5,Dribbled Past,58,7,2,Liverpool,James Philip Milner,Left Center Midfield,0,Real Madrid,Liverpool,76.4,13.2,,,,,,,,,,,,,,,
a9fe3471-a46f-4c13-a17c-d4320416ebed,Dribble,58,7,2,Real Madrid,José Ignacio Fernández Iglesias,Right Back,1,Real Madrid,Liverpool,43.7,66.9,,,,,,,,,,,,,,,
156bc364-7cbe-4687-8cda-de1e9f4985d7,Carry,58,7,2,Real Madrid,José Ignacio Fernández Iglesias,Right Back,1,Real Madrid,Liverpool,43.7,66.9,,,,,,,,,,,42.6,66.7,0.0,,
21ccfcb9-673b-487a-b7ce-9f2224d8427c,Pass,58,8,2,Real Madrid,José Ignacio Fernández Iglesias,Right Back,0,Real Madrid,Liverpool,42.6,66.7,Raphaël Varane,,,Ground Pass,Left Foot,43.5,57.9,0.01214719,0.01269174,0.0005445499999999995,,,,,
d99de253-0c32-4939-98c0-8e869d0107f9,Ball Receipt*,58,8,2,Real Madrid,Raphaël Varane,Right Center Back,0,Real Madrid,Liverpool,43.5,57.9,,,,,,,,,,,,,,,
2d9a02bc-215a-4ab0-9d9b-30aa23792223,Pass,58,8,2,Real Madrid,Raphaël Varane,Right Center Back,0,Real Madrid,Liverpool,43.5,57.9,Francisco Román Alarcón Suárez,,,Ground Pass,Right Foot,51.1,72.2,0.01269174,0.01248344,-0.0002082999999999998,,,,,
380f6dbe-1602-49ba-b1eb-3becc938c81d,Pressure,58,9,2,Liverpool,Andrew Robertson,Left Back,0,Real Madrid,Liverpool,63.5,7.9,,,,,,,,,,,,,,,
5b9c3379-3e5c-43b0-8817-9bcdd2ac525b,Ball Receipt*,58,9,2,Real Madrid,Francisco Román Alarcón Suárez,Center Attacking Midfield,1,Real Madrid,Liverpool,51.1,72.2,,,,,,,,,,,,,,,
84b7afe6-5388-4e10-b4b7-92379c44709a,Carry,58,9,2,Real Madrid,Francisco Román Alarcón Suárez,Center Attacking Midfield,1,Real Madrid,Liverpool,51.1,72.2,,,,,,,,,,,49.0,71.3,-0.001220769999999999,,
93987f4e-5aa9-4ad5-98c2-65c993ea244a,Pass,58,10,2,Real Madrid,Francisco Román Alarcón Suárez,Center Attacking Midfield,1,Real Madrid,Liverpool,49.0,71.3,José Ignacio Fernández Iglesias,,,Ground Pass,Right Foot,35.5,65.8,0.01126267,0.0105949,-0.0006677699999999998,,,,,
90cddb26-7b3d-4e1d-aea9-af3d525dcd8f,Ball Receipt*,58,12,2,Real Madrid,José Ignacio Fernández Iglesias,Right Back,0,Real Madrid,Liverpool,35.5,65.8,,,,,,,,,,,,,,,
4a555319-3e86-4235-884c-737d511819e9,Pass,58,12,2,Real Madrid,José Ignacio Fernández Iglesias,Right Back,0,Real Madrid,Liverpool,35.5,65.8,Keylor Navas Gamboa,,,Ground Pass,Right Foot,13.0,42.9,0.0105949,0.01082722,0.0002323199999999994,,,,,
0a900998-85b7-46d4-97c7-4d209469fe4e,Ball Receipt*,58,14,2,Real Madrid,Keylor Navas Gamboa,Goalkeeper,0,Real Madrid,Liverpool,13.0,42.9,,,,,,,,,,,,,,,
3b7a0390-ceb2-4c00-b408-1c4fab7e9aa1,Carry,58,14,2,Real Madrid,Keylor Navas Gamboa,Goalkeeper,1,Real Madrid,Liverpool,13.0,42.9,,,,,,,,,,,15.0,46.4,0.0,,
7aa8197d-ea8f-435c-8004-71cda7818837,Pressure,58,17,2,Liverpool,Roberto Firmino Barbosa de Oliveira,Center Forward,0,Real Madrid,Liverpool,98.3,36.0,,,,,,,,,,,,,,,
0821f590-9a2f-47fa-84f0-e8f76b12b249,Pass,58,18,2,Real Madrid,Keylor Navas Gamboa,Goalkeeper,1,Real Madrid,Liverpool,15.0,46.4,Luka Modrić,,,High Pass,Right Foot,70.7,74.9,0.01082722,0.0174506,0.00662338,,,,,
ac14b913-93b9-4442-bbd7-ee7c96f18449,Pressure,58,21,2,Liverpool,Andrew Robertson,Left Back,0,Real Madrid,Liverpool,49.1,6.1,,,,,,,,,,,,,,,
0277d711-b0e5-4ff3-acdd-d0ac5dd520ac,Ball Receipt*,58,22,2,Real Madrid,Luka Modrić,Right Center Midfield,1,Real Madrid,Liverpool,70.7,74.9,,,,,,,,,,,,,,,
50088460-f3c4-4bdf-bc13-f0accadd37eb,Carry,58,22,2,Real Madrid,Luka Modrić,Right Center Midfield,1,Real Madrid,Liverpool,70.7,74.9,,,,,,,,,,,70.7,74.3,0.0,,
cf18d790-7c76-4f6b-8d39-e35a13d4f0d3,Pressure,58,22,2,Liverpool,James Philip Milner,Left Center Midfield,0,Real Madrid,Liverpool,52.6,10.8,,,,,,,,,,,,,,,
6040f1d0-f48e-442d-8990-35cf3ae9ddde,Pass,58,23,2,Real Madrid,Luka Modrić,Right Center Midfield,1,Real Madrid,Liverpool,70.7,74.3,Francisco Román Alarcón Suárez,,,Low Pass,Right Foot,63.7,72.5,0.0174506,0.01473596,-0.002714640000000001,,,,,
dc376e17-958c-4fce-9b3c-daba6d886a5f,Ball Receipt*,58,23,2,Real Madrid,Francisco Román Alarcón Suárez,Center Attacking Midfield,0,Real Madrid,Liverpool,63.7,72.5,,,,,,,,,,,,,,,
34a31747-d624-4fa5-b7a4-1dd0a8ead776,Carry,58,23,2,Real Madrid,Francisco Román Alarcón Suárez,Center Attacking Midfield,1,Real Madrid,Liverpool,63.7,72.5,,,,,,,,,,,69.3,70.2,0.0,,
4d7b444e-14a3-4aed-a7b6-28e9bde69f7a,Pressure,58,24,2,Liverpool,Adam David Lallana,Left Wing,0,Real Madrid,Liverpool,57.6,9.0,,,,,,,,,,,,,,,
e4748628-d650-4845-bf53-490cf7025ae0,Dispossessed,58,25,2,Real Madrid,Francisco Román Alarcón Suárez,Center Attacking Midfield,1,Real Madrid,Liverpool,69.3,70.2,,,,,,,,,,,,,,,
9f288563-6d26-4859-ab9c-2bfba2a5fed0,Duel,58,25,2,Liverpool,Adam David Lallana,Left Wing,1,Real Madrid,Liverpool,50.8,9.9,,,,,,,,,,,,,,,
b3867030-da0f-4ada-bcb6-59bc7f979c0e,Pressure,58,25,2,Liverpool,James Philip Milner,Left Center Midfield,0,Real Madrid,Liverpool,49.4,7.9,,,,,,,,,,,,,,,
a894a9f9-b8c9-495b-8975-53a08bd455a9,Pass,58,25,2,Real Madrid,Luka Modrić,Right Center Midfield,1,Real Madrid,Liverpool,69.5,71.7,José Ignacio Fernández Iglesias,,Recovery,Ground Pass,Right Foot,56.4,73.4,0.01473596,0.01248344,-0.002252519999999999,,,,,
78dd0d3a-8638-44ff-b7ab-c6d820771da3,Ball Receipt*,58,26,2,Real Madrid,José Ignacio Fernández Iglesias,Right Back,0,Real Madrid,Liverpool,56.4,73.4,,,,,,,,,,,,,,,
5286ad71-d119-4bde-be81-d4d22d291772,Carry,58,26,2,Real Madrid,José Ignacio Fernández Iglesias,Right Back,0,Real Madrid,Liverpool,56.4,73.4,,,,,,,,,,,56.4,73.4,0.0,,
caf2d4d2-0327-4349-8bef-2b1c79b77cfb,Pass,58,28,2,Real Madrid,José Ignacio Fernández Iglesias,Right Back,0,Real Madrid,Liverpool,56.4,73.4,Carlos Henrique Casimiro,,,Ground Pass,Right Foot,56.4,60.5,0.01248344,0.0138454,0.001361960000000001,,,,,
fde3c846-64c7-4d50-9a99-08d04b6b10bc,Ball Receipt*,58,29,2,Real Madrid,Carlos Henrique Casimiro,Center Defensive Midfield,0,Real Madrid,Liverpool,56.4,60.5,,,,,,,,,,,,,,,
327751ba-c1d8-49f3-852e-e6a23cc6ed6f,Carry,58,29,2,Real Madrid,Carlos Henrique Casimiro,Center Defensive Midfield,1,Real Madrid,Liverpool,56.4,60.5,,,,,,,,,,,56.6,62.8,0.0,,
6bf755e4-008b-4f52-996e-16ca36cccd85,Pressure,58,29,2,Liverpool,Roberto Firmino Barbosa de Oliveira,Center Forward,0,Real Madrid,Liverpool,64.9,19.6,,,,,,,,,,,,,,,
0186c52d-5cf5-4cac-9d83-19d5aba00ecd,Dispossessed,58,29,2,Real Madrid,Carlos Henrique Casimiro,Center Defensive Midfield,1,Real Madrid,Liverpool,56.6,62.8,,,,,,,,,,,,,,,
b27654f6-6e0b-4ebf-85a6-d558cd26b06e,Duel,58,29,2,Liverpool,Roberto Firmino Barbosa de Oliveira,Center Forward,1,Real Madrid,Liverpool,63.5,17.3,,,,,,,,,,,,,,,
b50995b0-4394-4e15-832e-c4ca71c10bed,Pass,58,31,2,Liverpool,Virgil van Dijk,Left Center Back,0,Real Madrid,Liverpool,49.4,21.9,,Incomplete,Recovery,Low Pass,Right Foot,64.6,7.9,0.01269174,0.01473596,0.002044219999999999,,,,,
8a01d90e-40b3-455b-8fc0-c9c07c9fa2f5,Ball Recovery,58,32,2,Real Madrid,José Ignacio Fernández Iglesias,Right Back,0,Real Madrid,Liverpool,55.5,72.2,,,,,,,,,,,,,,,
f135335a-68b3-4f04-ae27-70e71bbe41e5,Carry,58,32,2,Real Madrid,José Ignacio Fernández Iglesias,Right Back,0,Real Madrid,Liverpool,55.5,72.2,,,,,,,,,,,54.8,72.5,0.0,,
3eeef658-12c7-4d94-94b4-00ab37805ee6,Pass,58,33,2,Real Madrid,José Ignacio Fernández Iglesias,Right Back,0,Real Madrid,Liverpool,54.8,72.5,Raphaël Varane,,,Ground Pass,Right Foot,40.5,64.3,0.01248344,0.01214719,-0.0003362499999999997,,,,,
7b75a2af-b14a-4cb7-9e85-9edbfe6c4dd6,Ball Receipt*,58,35,2,Real Madrid,Raphaël Varane,Right Center Back,0,Real Madrid,Liverpool,40.5,64.3,,,,,,,,,,,,,,,
2e3a2721-6bf0-43cc-af19-e6694a4a3fbb,Carry,58,35,2,Real Madrid,Raphaël Varane,Right Center Back,0,Real Madrid,Liverpool,40.5,64.3,,,,,,,,,,,39.1,57.9,-0.00104257,,
ccd4f37e-827c-4d3e-b30f-f8e75fc148f8,Pass,58,36,2,Real Madrid,Raphaël Varane,Right Center Back,0,Real Madrid,Liverpool,39.1,57.9,Toni Kroos,,,Ground Pass,Left Foot,47.2,44.7,0.01110462,0.01262646,0.00152184,,,,,
bb9a07ba-7d31-4ab5-86c4-37f69aab886e,Ball Receipt*,58,37,2,Real Madrid,Toni Kroos,Left Center Midfield,0,Real Madrid,Liverpool,47.2,44.7,,,,,,,,,,,,,,,
7b3c9fb2-af71-463d-b785-7b0f4095713f,Carry,58,37,2,Real Madrid,Toni Kroos,Left Center Midfield,0,Real Madrid,Liverpool,47.2,44.7,,,,,,,,,,,47.2,40.3,0.0,,
8c14ac9d-f63b-4f11-a377-27dfeee1a568,Pass,58,39,2,Real Madrid,Toni Kroos,Left Center Midfield,0,Real Madrid,Liverpool,47.2,40.3,Marcelo Vieira da Silva Júnior,,,High Pass,Right Foot,63.4,3.7,0.01262646,0.01473596,0.002109499999999999,,,,,
f0470a17-53ac-40cd-92fc-0d258865888f,Ball Receipt*,58,41,2,Real Madrid,Marcelo Vieira da Silva Júnior,Left Back,0,Real Madrid,Liverpool,63.4,3.7,,,,,,,,,,,,,,,
d8301c47-61ba-490d-b668-941d8b322da7,Carry,58,41,2,Real Madrid,Marcelo Vieira da Silva Júnior,Left Back,0,Real Madrid,Liverpool,63.4,3.7,,,,,,,,,,,66.3,3.7,0.0,,
4fec86a3-02a5-47c5-96e5-74cb96f9427b,Pass,58,42,2,Real Madrid,Marcelo Vieira da Silva Júnior,Left Back,0,Real Madrid,Liverpool,66.3,3.7,Francisco Román Alarcón Suárez,,,Ground Pass,Left Foot,76.5,9.8,0.01473596,0.0174506,0.002714640000000001,,,,,
67521d42-b0c7-48b0-ae29-4ab9ba72c871,Ball Receipt*,58,43,2,Real Madrid,Francisco Román Alarcón Suárez,Center Attacking Midfield,0,Real Madrid,Liverpool,76.5,9.8,,,,,,,,,,,,,,,
0bd518ef-b1eb-428b-bb47-08acdc2cadef,Carry,58,43,2,Real Madrid,Francisco Román Alarcón Suárez,Center Attacking Midfield,0,Real Madrid,Liverpool,76.5,9.8,,,,,,,,,,,76.5,8.1,0.0,,
e46c450e-58b9-49b1-bcc0-7ed9f9507c59,Pass,58,44,2,Real Madrid,Francisco Román Alarcón Suárez,Center Attacking Midfield,0,Real Madrid,Liverpool,76.5,8.1,Karim Benzema,,,Ground Pass,Right Foot,78.1,1.0,0.0174506,0.0174506,0.0,,,,,
59395a32-e5e7-4904-be34-32f6be6c7010,Ball Receipt*,58,45,2,Real Madrid,Karim Benzema,Right Center Forward,0,Real Madrid,Liverpool,78.1,1.0,,,,,,,,,,,,,,,
5afb0472-1e82-4a66-8eab-84a10c01f047,Carry,58,45,2,Real Madrid,Karim Benzema,Right Center Forward,1,Real Madrid,Liverpool,78.1,1.0,,,,,,,,,,,76.5,1.3,0.0,,
f2ee2173-ddd5-4e70-998d-8803759d58fa,Pressure,58,45,2,Liverpool,Sadio Mané,Right Wing,0,Real Madrid,Liverpool,41.1,76.1,,,,,,,,,,,,,,,
88e572c2-6934-4a3a-93fc-ef2152d3ae0e,Pass,58,45,2,Real Madrid,Karim Benzema,Right Center Forward,1,Real Madrid,Liverpool,76.5,1.3,Francisco Román Alarcón Suárez,,,Ground Pass,Right Foot,84.3,1.9,0.0174506,0.02122129,0.00377069,,,,,
33bf84d5-8aef-4a9c-a3c3-5006497b2d37,Ball Receipt*,58,47,2,Real Madrid,Francisco Román Alarcón Suárez,Center Attacking Midfield,1,Real Madrid,Liverpool,84.3,1.9,,,,,,,,,,,,,,,
5ee9284a-e900-41cf-ab31-e1f5e69444cb,Carry,58,47,2,Real Madrid,Francisco Román Alarcón Suárez,Center Attacking Midfield,1,Real Madrid,Liverpool,84.3,1.9,,,,,,,,,,,91.9,1.6,0.00634183,,
236e9e5b-0f27-4f9a-be15-bad896d10955,Miscontrol,58,48,2,Real Madrid,Francisco Román Alarcón Suárez,Center Attacking Midfield,0,Real Madrid,Liverpool,91.9,1.6,,,,,,,,,,,,,,,
9dbf3583-e990-4f1e-9d52-c54a4faf48c3,Pressure,58,50,2,Real Madrid,Karim Benzema,Right Center Forward,0,Real Madrid,Liverpool,90.1,5.1,,,,,,,,,,,,,,,
24d4e3f1-c67b-4e54-9ef3-24ad1fc45404,Ball Recovery,58,50,2,Liverpool,Sadio Mané,Right Wing,1,Real Madrid,Liverpool,28.9,78.8,,,,,,,,,,,,,,,
e2582de4-b474-470e-827f-4327e3b57699,Carry,58,50,2,Liverpool,Sadio Mané,Right Wing,1,Real Madrid,Liverpool,28.9,78.8,,,,,,,,,,,28.9,78.8,0.0,,
bb3768df-cfbb-45d0-a73c-57c50373cc1d,Dribble,58,50,2,Liverpool,Sadio Mané,Right Wing,1,Real Madrid,Liverpool,28.9,78.8,,,,,,,,,,,,,,,
0d42673e-782a-4db7-9d76-d5db2e93db73,Duel,58,50,2,Real Madrid,Karim Benzema,Right Center Forward,1,Real Madrid,Liverpool,91.2,1.3,,,,,,,,,,,,,,,
0d022621-c445-4abf-923a-4346a7d271ad,Ball Recovery,58,52,2,Liverpool,Georginio Wijnaldum,Right Center Midfield,0,Real Madrid,Liverpool,37.1,76.4,,,,,,,,,,,,,,,
f2221e85-347b-4335-8c42-223fa31ee9fe,Carry,58,52,2,Liverpool,Georginio Wijnaldum,Right Center Midfield,1,Real Madrid,Liverpool,37.1,76.4,,,,,,,,,,,44.4,74.7,0.001486080000000001,,
c9f38391-ed74-445e-9ed2-542f36c408bb,Dribbled Past,58,53,2,Real Madrid,Toni Kroos,Left Center Midfield,0,Real Madrid,Liverpool,75.7,5.4,,,,,,,,,,,,,,,
bcf5b13b-21ca-4171-a0e1-9c707a18d272,Dribble,58,53,2,Liverpool,Georginio Wijnaldum,Right Center Midfield,1,Real Madrid,Liverpool,44.4,74.7,,,,,,,,,,,,,,,
2eee15bc-d27f-45a0-ae1d-0d7fd82db0fc,Carry,58,53,2,Liverpool,Georginio Wijnaldum,Right Center Midfield,1,Real Madrid,Liverpool,44.4,74.7,,,,,,,,,,,51.7,65.6,0.00258273,,
e729f3e4-1238-4aff-b337-025da8a3eeea,Pressure,58,53,2,Real Madrid,Marcelo Vieira da Silva Júnior,Left Back,0,Real Madrid,Liverpool,76.0,9.0,,,,,,,,,,,,,,,
05207fda-943f-4767-afba-6bc625419cea,Pressure,58,54,2,Real Madrid,Sergio Ramos García,Left Center Back,0,Real Madrid,Liverpool,67.5,15.3,,,,,,,,,,,,,,,
16f3b495-e985-43e3-ba72-261773272175,Pass,58,54,2,Liverpool,Georginio Wijnaldum,Right Center Midfield,0,Real Madrid,Liverpool,51.7,65.6,Roberto Firmino Barbosa de Oliveira,Incomplete,,Ground Pass,Right Foot,51.2,60.3,0.0138454,0.0138454,0.0,,,,,
b22e8a71-2d7b-40c5-9c0e-87ccbc94c694,Ball Receipt*,58,55,2,Liverpool,Roberto Firmino Barbosa de Oliveira,Center Forward,0,Real Madrid,Liverpool,50.6,56.8,,,,,,,,,,,,,,,
f90af637-ef7f-4925-819a-3da5cedae372,Interception,58,55,2,Real Madrid,Carlos Henrique Casimiro,Center Defensive Midfield,0,Real Madrid,Liverpool,68.9,19.8,,,,,,,,,,,,,,,
86eadbbd-e887-4115-85fa-5c44d3e07c50,Pass,58,57,2,Real Madrid,Cristiano Ronaldo dos Santos Aveiro,Left Center Forward,0,Real Madrid,Liverpool,76.5,30.3,Luka Modrić,,Recovery,Ground Pass,Right Foot,67.5,40.3,0.0199707,0.01689528,-0.003075420000000002,,,,,
08ffd51d-8a77-4e22-bfba-745a407f4939,Ball Receipt*,58,57,2,Real Madrid,Luka Modrić,Right Center Midfield,0,Real Madrid,Liverpool,67.5,40.3,,,,,,,,,,,,,,,
cc2a6fe5-f7bb-44cc-8169-2dbf19fef865,Carry,58,57,2,Real Madrid,Luka Modrić,Right Center Midfield,1,Real Madrid,Liverpool,67.5,40.3,,,,,,,,,,,71.9,50.3,0.002456040000000003,,
e8bfdb86-25ad-4657-9176-5c5fe8f81149,Pressure,58,58,2,Liverpool,James Philip Milner,Left Center Midfield,0,Real Madrid,Liverpool,49.4,33.9,,,,,,,,,,,,,,,
3a229d56-53e6-4f8f-bd56-f487423502f2,Dribbled Past,58,59,2,Liverpool,James Philip Milner,Left Center Midfield,0,Real Madrid,Liverpool,48.2,29.8,,,,,,,,,,,,,,,
aa6372a2-7d6e-45fb-b701-5f7da0341d9d,Dribble,58,59,2,Real Madrid,Luka Modrić,Right Center Midfield,1,Real Madrid,Liverpool,71.9,50.3,,,,,,,,,,,,,,,
2e7cfc41-ab92-4d39-830b-9f42a59a4dda,Carry,58,59,2,Real Madrid,Luka Modrić,Right Center Midfield,1,Real Madrid,Liverpool,71.9,50.3,,,,,,,,,,,83.4,56.3,0.004771079999999997,,
c6bf841b-4419-4a90-9bd6-ea8e37fa3608,Pressure,59,0,2,Liverpool,Andrew Robertson,Left Back,0,Real Madrid,Liverpool,35.8,24.5,,,,,,,,,,,,,,,
93de4570-f4d6-4759-a5d5-ce299d433a8c,Dribble,59,1,2,Real Madrid,Luka Modrić,Right Center Midfield,1,Real Madrid,Liverpool,83.4,56.3,,,,,,,,,,,,,,,
1891430d-4c2b-4cd4-99e2-231c83bcae9c,Duel,59,1,2,Liverpool,Andrew Robertson,Left Back,1,Real Madrid,Liverpool,36.7,23.8,,,,,,,,,,,,,,,
2ed94d18-e6f8-4f1f-bada-0f56dc20430a,Pass,59,8,2,Real Madrid,José Ignacio Fernández Iglesias,Right Back,0,Real Madrid,Liverpool,79.0,80.0,Karim Benzema,,Throw-in,Low Pass,,85.0,74.9,0.0174506,0.02122129,0.00377069,,,,,
6bbfa3f2-d886-4489-a619-4274bdf392a3,Ball Receipt*,59,9,2,Real Madrid,Karim Benzema,Right Center Forward,0,Real Madrid,Liverpool,85.0,74.9,,,,,,,,,,,,,,,
81d32b2f-f301-4032-b9fd-578b25bd05b1,Carry,59,9,2,Real Madrid,Karim Benzema,Right Center Forward,0,Real Madrid,Liverpool,85.0,74.9,,,,,,,,,,,84.5,74.9,0.0,,
3898ffd9-62ee-4aa8-8a00-a5b8636e2011,Pass,59,9,2,Real Madrid,Karim Benzema,Right Center Forward,0,Real Madrid,Liverpool,84.5,74.9,Raphaël Varane,,,Low Pass,Right Foot,56.6,68.1,0.02122129,0.0138454,-0.00737589,,,,,
bc1a59a2-80ce-49a1-a1a3-73938e8b88fe,Ball Receipt*,59,11,2,Real Madrid,Raphaël Varane,Right Center Back,0,Real Madrid,Liverpool,56.6,68.1,,,,,,,,,,,,,,,
a55fb625-ca6c-4100-add4-6e3434d0325f,Carry,59,11,2,Real Madrid,Raphaël Varane,Right Center Back,0,Real Madrid,Liverpool,56.6,68.1,,,,,,,,,,,56.6,64.3,0.0,,
01dc8dd7-55ce-43db-a0c8-e4611b826016,Pass,59,13,2,Real Madrid,Raphaël Varane,Right Center Back,0,Real Madrid,Liverpool,56.6,64.3,Sergio Ramos García,,,Ground Pass,Right Foot,56.4,38.8,0.0138454,0.01484598,0.001000579999999999,,,,,
06a48271-3b99-48d9-94d2-dc888f0bfa6f,Ball Receipt*,59,14,2,Real Madrid,Sergio Ramos García,Left Center Back,0,Real Madrid,Liverpool,56.4,38.8,,,,,,,,,,,,,,,
2156be15-4f92-414f-8253-b7050357e8ac,Carry,59,14,2,Real Madrid,Sergio Ramos García,Left Center Back,0,Real Madrid,Liverpool,56.4,38.8,,,,,,,,,,,63.1,37.6,0.002049299999999999,,
86c13a2d-404e-4f08-8c2c-abd71b6f6f09,Pass,59,17,2,Real Madrid,Sergio Ramos García,Left Center Back,0,Real Madrid,Liverpool,63.1,37.6,Toni Kroos,,,Ground Pass,Right Foot,64.3,28.2,0.01689528,0.01685596,-3.931999999999894e-05,,,,,
f5c161be-c7ec-408f-b908-3e1254e35447,Ball Receipt*,59,18,2,Real Madrid,Toni Kroos,Left Center Midfield,0,Real Madrid,Liverpool,64.3,28.2,,,,,,,,,,,,,,,
00339f5a-c256-42fc-a9bd-d39bc5d70945,Carry,59,18,2,Real Madrid,Toni Kroos,Left Center Midfield,0,Real Madrid,Liverpool,64.3,28.2,,,,,,,,,,,61.7,32.7,3.931999999999894e-05,,
972e7a0d-dc40-46a6-9aa3-ddf4438e17bb,Pass,59,20,2,Real Madrid,Toni Kroos,Left Center Midfield,0,Real Madrid,Liverpool,61.7,32.7,José Ignacio Fernández Iglesias,,,Ground Pass,Right Foot,64.9,70.8,0.01689528,0.01473596,-0.002159319999999999,,,,,
9ced6f82-17b3-40e4-a8ee-32660715fb09,Ball Receipt*,59,22,2,Real Madrid,José Ignacio Fernández Iglesias,Right Back,0,Real Madrid,Liverpool,64.9,70.8,,,,,,,,,,,,,,,
619bcf4c-0638-4454-b3dc-98b0f5c7d86a,Carry,59,22,2,Real Madrid,José Ignacio Fernández Iglesias,Right Back,0,Real Madrid,Liverpool,64.9,70.8,,,,,,,,,,,64.9,72.2,0.0,,
f571ec27-9a57-4a0f-9ec1-73c671ebb18c,Pass,59,22,2,Real Madrid,José Ignacio Fernández Iglesias,Right Back,0,Real Madrid,Liverpool,64.9,72.2,Karim Benzema,,,Ground Pass,Right Foot,77.8,75.2,0.01473596,0.0174506,0.002714640000000001,,,,,
2081295d-f997-46d5-a405-29d843abe36e,Ball Receipt*,59,23,2,Real Madrid,Karim Benzema,Right Center Forward,0,Real Madrid,Liverpool,77.8,75.2,,,,,,,,,,,,,,,
bceb2976-d380-4fe8-98c9-aba98e704cff,Carry,59,23,2,Real Madrid,Karim Benzema,Right Center Forward,0,Real Madrid,Liverpool,77.8,75.2,,,,,,,,,,,73.9,60.9,0.00125287,,
c1459eda-468e-4aa6-8e13-279a8cdb9286,Pass,59,26,2,Real Madrid,Karim Benzema,Right Center Forward,0,Real Madrid,Liverpool,73.9,60.9,Carlos Henrique Casimiro,,,Ground Pass,Right Foot,78.3,56.1,0.01870347,0.01935132,0.0006478500000000019,,,,,
e57279f8-cf37-4144-8a54-80d42fd6fee7,Ball Receipt*,59,26,2,Real Madrid,Carlos Henrique Casimiro,Center Defensive Midfield,0,Real Madrid,Liverpool,78.3,56.1,,,,,,,,,,,,,,,
6003c150-33f3-4bfa-9ead-55bae0cc37a0,Pass,59,26,2,Real Madrid,Carlos Henrique Casimiro,Center Defensive Midfield,0,Real Madrid,Liverpool,78.3,56.1,Karim Benzema,,,Ground Pass,Right Foot,75.4,55.2,0.01935132,0.01935132,0.0,,,,,
5f742e72-701c-4ce0-b1e0-5b4be149adac,Ball Receipt*,59,27,2,Real Madrid,Karim Benzema,Right Center Forward,0,Real Madrid,Liverpool,75.4,55.2,,,,,,,,,,,,,,,
442674dc-32d5-4968-a2c8-fa5c80e2e32c,Carry,59,27,2,Real Madrid,Karim Benzema,Right Center Forward,1,Real Madrid,Liverpool,75.4,55.2,,,,,,,,,,,71.9,53.8,0.0,,
b80f05ea-d307-4629-b31c-10aa4d25ba1e,Pressure,59,28,2,Liverpool,Roberto Firmino Barbosa de Oliveira,Center Forward,0,Real Madrid,Liverpool,49.1,25.4,,,,,,,,,,,,,,,
84354082-9571-4d94-ac69-32849ab38803,Pass,59,28,2,Real Madrid,Karim Benzema,Right Center Forward,1,Real Madrid,Liverpool,71.9,53.8,José Ignacio Fernández Iglesias,,,Ground Pass,Right Foot,71.0,67.8,0.01935132,0.01870347,-0.0006478500000000019,,,,,
58a1a87d-b3aa-406b-999d-d08dd0539013,Ball Receipt*,59,30,2,Real Madrid,José Ignacio Fernández Iglesias,Right Back,0,Real Madrid,Liverpool,71.0,67.8,,,,,,,,,,,,,,,
c67ce872-cf92-41f5-ac88-2b8cdbd47dda,Carry,59,30,2,Real Madrid,José Ignacio Fernández Iglesias,Right Back,0,Real Madrid,Liverpool,71.0,67.8,,,,,,,,,,,71.0,67.8,0.0,,
6c1005a3-bdfe-4ae5-9b50-10fd3c53080e,Pass,59,30,2,Real Madrid,José Ignacio Fernández Iglesias,Right Back,0,Real Madrid,Liverpool,71.0,67.8,Luka Modrić,,,Ground Pass,Left Foot,77.8,73.1,0.01870347,0.0174506,-0.00125287,,,,,
9656dced-d396-4947-b131-8022109c79dc,Ball Receipt*,59,31,2,Real Madrid,Luka Modrić,Right Center Midfield,0,Real Madrid,Liverpool,77.8,73.1,,,,,,,,,,,,,,,
63d5a0d4-43ec-4815-aa41-0c38a6c70e98,Carry,59,31,2,Real Madrid,Luka Modrić,Right Center Midfield,0,Real Madrid,Liverpool,77.8,73.1,,,,,,,,,,,77.8,73.1,0.0,,
10c46432-4c39-428e-b85f-ec9839b2d85c,Pass,59,33,2,Real Madrid,Luka Modrić,Right Center Midfield,0,Real Madrid,Liverpool,77.8,73.1,José Ignacio Fernández Iglesias,,,Ground Pass,Right Foot,66.1,71.3,0.0174506,0.01473596,-0.002714640000000001,,,,,
5adc1fe7-9d0a-4cb8-9553-f87c458d8397,Ball Receipt*,59,34,2,Real Madrid,José Ignacio Fernández Iglesias,Right Back,0,Real Madrid,Liverpool,66.1,71.3,,,,,,,,,,,,,,,
6feb62fb-6873-4834-b549-b6c58bee215b,Carry,59,34,2,Real Madrid,José Ignacio Fernández Iglesias,Right Back,0,Real Madrid,Liverpool,66.1,71.3,,,,,,,,,,,65.7,70.5,0.0,,
0d0bb243-6a4f-450a-8cf5-ba47f8237500,Pass,59,34,2,Real Madrid,José Ignacio Fernández Iglesias,Right Back,0,Real Madrid,Liverpool,65.7,70.5,Toni Kroos,,,Ground Pass,Right Foot,60.1,47.1,0.01473596,0.01689528,0.002159319999999999,,,,,
bb0464cb-b45e-46ff-b5bd-348134f3bf65,Ball Receipt*,59,36,2,Real Madrid,Toni Kroos,Left Center Midfield,0,Real Madrid,Liverpool,60.1,47.1,,,,,,,,,,,,,,,
34054399-e32f-48d9-91a0-9382e41bb8ac,Carry,59,36,2,Real Madrid,Toni Kroos,Left Center Midfield,0,Real Madrid,Liverpool,60.1,47.1,,,,,,,,,,,62.8,43.8,0.0,,
9eccfaaf-18ef-4232-895b-86b167309810,Pass,59,38,2,Real Madrid,Toni Kroos,Left Center Midfield,0,Real Madrid,Liverpool,62.8,43.8,Francisco Román Alarcón Suárez,,,High Pass,Right Foot,85.9,1.9,0.01689528,0.02122129,0.004326010000000002,,,,,
7372a41a-6c1f-494a-a607-ea5941667fdb,Ball Receipt*,59,40,2,Real Madrid,Francisco Román Alarcón Suárez,Center Attacking Midfield,0,Real Madrid,Liverpool,85.9,1.9,,,,,,,,,,,,,,,
328b4373-b7ad-4a8c-8718-8961460d1ec0,Carry,59,40,2,Real Madrid,Francisco Román Alarcón Suárez,Center Attacking Midfield,0,Real Madrid,Liverpool,85.9,1.9,,,,,,,,,,,87.5,2.5,0.0,,
36a165ba-a0fb-4b7a-8c73-6b4a479ddfbc,Pass,59,41,2,Real Madrid,Francisco Román Alarcón Suárez,Center Attacking Midfield,0,Real Madrid,Liverpool,87.5,2.5,Cristiano Ronaldo dos Santos Aveiro,,,Ground Pass,Right Foot,105.0,7.2,0.02122129,0.03485072,0.01362943,,,,,
a1cfad72-522b-4257-b75c-97620f1a83f9,Ball Receipt*,59,43,2,Real Madrid,Cristiano Ronaldo dos Santos Aveiro,Left Center Forward,0,Real Madrid,Liverpool,105.0,7.2,,,,,,,,,,,,,,,
6ff53b47-cde5-42f6-9c41-b98546e7d7c6,Carry,59,43,2,Real Madrid,Cristiano Ronaldo dos Santos Aveiro,Left Center Forward,0,Real Madrid,Liverpool,105.0,7.2,,,,,,,,,,,105.0,4.0,0.0,,
397f2ffd-49d4-40ba-907c-e2d7fb8caddf,Pass,59,44,2,Real Madrid,Cristiano Ronaldo dos Santos Aveiro,Left Center Forward,0,Real Madrid,Liverpool,105.0,4.0,Francisco Román Alarcón Suárez,,,Low Pass,Right Foot,91.9,4.5,0.03485072,0.02756312,-0.007287600000000002,,,,,
95f64bd4-ab91-4cfe-8061-d2f94b9c498f,Ball Receipt*,59,45,2,Real Madrid,Francisco Román Alarcón Suárez,Center Attacking Midfield,0,Real Madrid,Liverpool,91.9,4.5,,,,,,,,,,,,,,,
9b35b065-a232-4e60-8a54-cdbfb6e65bc8,Carry,59,45,2,Real Madrid,Francisco Román Alarcón Suárez,Center Attacking Midfield,0,Real Madrid,Liverpool,91.9,4.5,,,,,,,,,,,91.5,25.6,0.0009889000000000009,,
b513ada3-6831-4c39-9c8a-5c4fa8f6a6c9,Pass,59,48,2,Real Madrid,Francisco Román Alarcón Suárez,Center Attacking Midfield,0,Real Madrid,Liverpool,91.5,25.6,Carlos Henrique Casimiro,,,Ground Pass,Right Foot,85.4,38.8,0.02855202,0.02385149,-0.004700530000000001,,,,,
408a8a44-b945-4a2f-af7f-2cc9d372cf00,Ball Receipt*,59,49,2,Real Madrid,Carlos Henrique Casimiro,Center Defensive Midfield,0,Real Madrid,Liverpool,85.4,38.8,,,,,,,,,,,,,,,
61a8a008-b836-44e0-be52-1cbe2df40fb7,Carry,59,49,2,Real Madrid,Carlos Henrique Casimiro,Center Defensive Midfield,0,Real Madrid,Liverpool,85.4,38.8,,,,,,,,,,,84.5,40.0,0.0,,
e4b64bfd-8484-4dc9-9c99-a1cf34bf65aa,Pass,59,50,2,Real Madrid,Carlos Henrique Casimiro,Center Defensive Midfield,0,Real Madrid,Liverpool,84.5,40.0,Luka Modrić,,,Low Pass,Right Foot,84.8,59.6,0.02385149,0.0241224,0.0002709099999999992,,,,,
2891abab-f87c-405c-a7f6-68070ed00a46,Ball Receipt*,59,51,2,Real Madrid,Luka Modrić,Right Center Midfield,0,Real Madrid,Liverpool,84.8,59.6,,,,,,,,,,,,,,,
a0329067-bd5a-4e0d-835c-ab87bd50c634,Carry,59,51,2,Real Madrid,Luka Modrić,Right Center Midfield,0,Real Madrid,Liverpool,84.8,59.6,,,,,,,,,,,98.8,57.6,0.004429620000000002,,
f4fa31a5-d7e3-4519-8e37-7c4da9675dea,Pass,59,56,2,Real Madrid,Luka Modrić,Right Center Midfield,0,Real Madrid,Liverpool,98.8,57.6,José Ignacio Fernández Iglesias,,,Ground Pass,Right Foot,109.9,70.5,0.02855202,0.03485072,0.006298700000000001,,,,,
93fedc43-b34f-42c0-b2f7-bbefcfeb1c18,Ball Receipt*,59,58,2,Real Madrid,José Ignacio Fernández Iglesias,Right Back,0,Real Madrid,Liverpool,109.9,70.5,,,,,,,,,,,,,,,
abc9c43d-4517-43b8-bf7e-5115cfbcf411,Pass,59,58,2,Real Madrid,José Ignacio Fernández Iglesias,Right Back,0,Real Madrid,Liverpool,109.9,70.5,Francisco Román Alarcón Suárez,,,Low Pass,Right Foot,109.7,44.1,0.03485072,0.10805102,0.0732003,,,,,
a58718af-755d-4b36-b534-c69d1a118843,Ball Receipt*,59,59,2,Real Madrid,Francisco Román Alarcón Suárez,Center Attacking Midfield,0,Real Madrid,Liverpool,109.7,44.1,,,,,,,,,,,,,,,
68764a4a-1515-415b-ad59-34ee17d9c897,Carry,59,59,2,Real Madrid,Francisco Román Alarcón Suárez,Center Attacking Midfield,0,Real Madrid,Liverpool,109.7,44.1,,,,,,,,,,,111.3,44.6,0.1494026,,
804f8c8e-d714-4e6a-9cd1-599665efb8c8,Shot,59,59,2,Real Madrid,Francisco Román Alarcón Suárez,Center Attacking Midfield,0,Real Madrid,Liverpool,111.3,44.6,,,,,,,,,,,,,,0.105558105,Saved
6d90ec05-9f26-49a2-bccb-3c607aeadaf3,Goal Keeper,60,0,2,Liverpool,Loris Karius,Goalkeeper,0,Real Madrid,Liverpool,1.5,37.1,,,,,,,,,,,,,,,
d0b41cdd-00ae-4d1d-aec6-400f6441a6b9,Pass,60,22,2,Real Madrid,Toni Kroos,Left Center Midfield,0,Real Madrid,Liverpool,120.0,80.0,,Incomplete,Corner,High Pass,Right Foot,108.8,42.3,0.0379259,0.10805102,0.07012512,,,,,
38334da5-4ebb-4d25-920e-787fed0d6825,Clearance,60,24,2,Liverpool,Roberto Firmino Barbosa de Oliveira,Center Forward,1,Real Madrid,Liverpool,11.3,37.8,,,,,,,,,,,,,,,
83c26b89-5b04-44d4-bec5-7d81ed2d31a6,Pass,60,26,2,Real Madrid,José Ignacio Fernández Iglesias,Right Back,0,Real Madrid,Liverpool,85.9,57.3,Toni Kroos,Pass Offside,Recovery,Ground Pass,Left Foot,100.0,72.0,0.0241224,0.03485072,0.01072832,,,,,
7475ae79-0686-434d-bdfb-c2343ada15ed,Ball Receipt*,60,28,2,Real Madrid,Toni Kroos,Left Center Midfield,0,Real Madrid,Liverpool,100.0,72.0,,,,,,,,,,,,,,,
a27a2cd5-a093-46c6-8bd0-2655fb413c1e,Substitution,60,56,2,Real Madrid,Francisco Román Alarcón Suárez,Center Attacking Midfield,0,Real Madrid,Liverpool,,,,,,,,,,,,,,,,,
c659bbc3-5700-4fcb-85ad-b0e13e42023f,Tactical Shift,61,1,2,Real Madrid,,,0,Real Madrid,Liverpool,,,,,,,,,,,,,,,,,
a14ca811-1b9d-4072-9b56-f504eb95c5ba,Pass,61,10,2,Liverpool,Loris Karius,Goalkeeper,0,Real Madrid,Liverpool,21.5,10.5,Dejan Lovren,,Free Kick,Ground Pass,Left Foot,24.2,30.5,0.00942382,0.01016549,0.0007416699999999998,,,,,
c6dbc0fb-0ed0-480d-abdd-229cc4d16b9d,Ball Receipt*,61,11,2,Liverpool,Dejan Lovren,Right Center Back,0,Real Madrid,Liverpool,24.2,30.5,,,,,,,,,,,,,,,
dae8794a-692e-4fb1-8c04-0a63ae6e8abf,Carry,61,11,2,Liverpool,Dejan Lovren,Right Center Back,0,Real Madrid,Liverpool,24.2,30.5,,,,,,,,,,,28.2,14.1,-0.0007416699999999998,,
4f6823be-45d3-4eae-9735-a8789192eab6,Pass,61,15,2,Liverpool,Dejan Lovren,Right Center Back,0,Real Madrid,Liverpool,28.2,14.1,,Incomplete,,High Pass,Left Foot,91.6,7.9,0.00942382,0.02756312,0.0181393,,,,,
e328b9f3-46f8-43f2-bfab-6169fc0947fb,Ball Recovery,61,19,2,Real Madrid,Raphaël Varane,Right Center Back,0,Real Madrid,Liverpool,28.5,72.2,,,,,,,,,,,,,,,
c3792154-47a9-47db-a628-3fadef315fb3,Carry,61,19,2,Real Madrid,Raphaël Varane,Right Center Back,1,Real Madrid,Liverpool,28.5,72.2,,,,,,,,,,,28.3,72.0,0.0,,
d990018c-5c28-4801-9090-d03fa61b5dd5,Pressure,61,19,2,Liverpool,Roberto Firmino Barbosa de Oliveira,Center Forward,0,Real Madrid,Liverpool,85.1,7.9,,,,,,,,,,,,,,,
95f812b3-3220-4cb3-816b-1a39dff341fd,Pass,61,20,2,Real Madrid,Raphaël Varane,Right Center Back,1,Real Madrid,Liverpool,28.3,72.0,José Ignacio Fernández Iglesias,,,Ground Pass,Left Foot,35.2,74.3,0.00844854,0.00977659,0.001328050000000001,,,,,
75c3360a-9cdf-4cd2-8997-dc80286df556,Ball Receipt*,61,20,2,Real Madrid,José Ignacio Fernández Iglesias,Right Back,0,Real Madrid,Liverpool,35.2,74.3,,,,,,,,,,,,,,,
3e785b79-4c0f-4bc1-9840-56f1348202d9,Carry,61,20,2,Real Madrid,José Ignacio Fernández Iglesias,Right Back,1,Real Madrid,Liverpool,35.2,74.3,,,,,,,,,,,35.5,75.2,0.0,,
e3609996-899a-493e-a3c1-ff304d12df8a,Pressure,61,20,2,Liverpool,Adam David Lallana,Left Wing,0,Real Madrid,Liverpool,83.7,8.8,,,,,,,,,,,,,,,
4dc31811-a7c3-47f4-984e-b53d686845b4,Dispossessed,61,21,2,Real Madrid,José Ignacio Fernández Iglesias,Right Back,1,Real Madrid,Liverpool,35.5,75.2,,,,,,,,,,,,,,,
8b71f332-3476-4562-a871-11e57f4bcdc5,Duel,61,21,2,Liverpool,Adam David Lallana,Left Wing,1,Real Madrid,Liverpool,84.6,4.9,,,,,,,,,,,,,,,
bfeb4d79-2787-4be8-8ae1-2b307a56f6d2,Pass,61,34,2,Real Madrid,José Ignacio Fernández Iglesias,Right Back,0,Real Madrid,Liverpool,41.7,80.0,Gareth Frank Bale,,Throw-in,High Pass,,56.4,74.3,0.01126267,0.01248344,0.001220769999999999,,,,,
090cc7a7-9828-46dd-b086-912f202a4caf,Ball Receipt*,61,36,2,Real Madrid,Gareth Frank Bale,Right Wing,0,Real Madrid,Liverpool,56.4,74.3,,,,,,,,,,,,,,,
8f32936c-6a5f-45ea-bf69-2a81aede09ce,Pass,61,36,2,Real Madrid,Gareth Frank Bale,Right Wing,0,Real Madrid,Liverpool,56.4,74.3,,Incomplete,,Low Pass,Head,63.4,73.8,0.01248344,0.01473596,0.002252519999999999,,,,,
d7639341-3191-484a-b9a1-3e28edd47f5e,Pass,61,36,2,Liverpool,Andrew Robertson,Left Back,0,Real Madrid,Liverpool,56.7,6.3,Roberto Firmino Barbosa de Oliveira,,Recovery,High Pass,Left Foot,77.3,12.5,0.01248344,0.01870347,0.00622003,,,,,
99bf210a-2680-4285-9eeb-64d130ebdc62,Ball Receipt*,61,40,2,Liverpool,Roberto Firmino Barbosa de Oliveira,Center Forward,0,Real Madrid,Liverpool,77.3,12.5,,,,,,,,,,,,,,,
f3696d5e-82ef-4300-a851-7e43fe438289,Duel,61,40,2,Real Madrid,Carlos Henrique Casimiro,Center Defensive Midfield,1,Real Madrid,Liverpool,42.8,67.6,,,,,,,,,,,,,,,
9ed94a3d-23df-4147-b597-fe96965e3173,Pass,61,40,2,Liverpool,Roberto Firmino Barbosa de Oliveira,Center Forward,1,Real Madrid,Liverpool,77.3,12.5,,Incomplete,,High Pass,,84.9,16.9,0.01870347,0.02401521,0.005311739999999999,,,,,
67a7eb40-e143-4908-b4f8-e4192b65a7ed,Pressure,61,41,2,Liverpool,Adam David Lallana,Left Wing,0,Real Madrid,Liverpool,81.7,16.0,,,,,,,,,,,,,,,
aac7d2d9-ffea-4b41-8fa8-34ce406b1f33,Clearance,61,41,2,Real Madrid,Raphaël Varane,Right Center Back,1,Real Madrid,Liverpool,35.2,63.2,,,,,,,,,,,,,,,
79a5719e-d634-40f2-b17a-9ed37128ca71,Ball Recovery,61,43,2,Liverpool,Georginio Wijnaldum,Right Center Midfield,0,Real Madrid,Liverpool,69.3,21.7,,,,,,,,,,,,,,,
a2b8ae69-0de3-49d9-bb4d-8d729836696a,Carry,61,43,2,Liverpool,Georginio Wijnaldum,Right Center Midfield,0,Real Madrid,Liverpool,69.3,21.7,,,,,,,,,,,69.7,24.9,0.0,,
43a800ae-152f-485e-a13b-c0ee5b0dca70,Pass,61,44,2,Liverpool,Georginio Wijnaldum,Right Center Midfield,0,Real Madrid,Liverpool,69.7,24.9,,Incomplete,,Low Pass,Right Foot,71.1,26.8,0.01685596,0.01935132,0.002495360000000002,,,,,
a0e4b60e-4b59-4539-b552-8b6259b8b9ca,Block,61,45,2,Real Madrid,Toni Kroos,Left Center Midfield,0,Real Madrid,Liverpool,49.0,53.3,,,,,,,,,,,,,,,
10cc3aae-3f92-4362-8add-e97c25700bce,Pressure,61,46,2,Real Madrid,Toni Kroos,Left Center Midfield,0,Real Madrid,Liverpool,54.6,49.6,,,,,,,,,,,,,,,
b35bcf5f-1b12-4c4d-a60c-2db946ccc3a3,Ball Recovery,61,46,2,Liverpool,Georginio Wijnaldum,Right Center Midfield,1,Real Madrid,Liverpool,62.6,34.8,,,,,,,,,,,,,,,
3ba6e1df-6dce-4670-87d3-e2b56ae2ff1f,Carry,61,46,2,Liverpool,Georginio Wijnaldum,Right Center Midfield,1,Real Madrid,Liverpool,62.6,34.8,,,,,,,,,,,54.7,38.6,-0.002049299999999999,,
86300794-2f98-45be-9c4e-8c0362743e07,Pass,61,48,2,Liverpool,Georginio Wijnaldum,Right Center Midfield,0,Real Madrid,Liverpool,54.7,38.6,Dejan Lovren,,,Ground Pass,Right Foot,42.7,42.2,0.01484598,0.01262646,-0.002219519999999999,,,,,
b104dce6-1027-486c-8289-81fc8c4fa2bb,Ball Receipt*,61,48,2,Liverpool,Dejan Lovren,Right Center Back,0,Real Madrid,Liverpool,42.7,42.2,,,,,,,,,,,,,,,
7f400d7f-e259-4d73-9db7-9c276becc9fd,Carry,61,48,2,Liverpool,Dejan Lovren,Right Center Back,0,Real Madrid,Liverpool,42.7,42.2,,,,,,,,,,,42.0,43.6,0.0,,
865e3eec-fecc-41f0-97b6-a7101a482e04,Pass,61,49,2,Liverpool,Dejan Lovren,Right Center Back,0,Real Madrid,Liverpool,42.0,43.6,Loris Karius,,,Ground Pass,Left Foot,14.2,39.2,0.01262646,0.01082722,-0.001799240000000001,,,,,
5f460e3d-7a68-46b6-9332-78a0047a05bf,Ball Receipt*,61,52,2,Liverpool,Loris Karius,Goalkeeper,0,Real Madrid,Liverpool,14.2,39.2,,,,,,,,,,,,,,,
980993f1-8b4d-43db-8ab8-549344db8f8f,Carry,61,52,2,Liverpool,Loris Karius,Goalkeeper,0,Real Madrid,Liverpool,14.2,39.2,,,,,,,,,,,17.4,51.0,-0.00104977,,
5f327656-6669-49d9-8955-182dc22cf6c7,Pass,61,57,2,Liverpool,Loris Karius,Goalkeeper,0,Real Madrid,Liverpool,17.4,51.0,Roberto Firmino Barbosa de Oliveira,Incomplete,,High Pass,Right Foot,84.2,49.4,0.00977745,0.02385149,0.01407404,,,,,
5f5f812f-5711-4da9-b872-7a4060a0d1bd,Ball Receipt*,62,0,2,Liverpool,Roberto Firmino Barbosa de Oliveira,Center Forward,0,Real Madrid,Liverpool,84.2,49.4,,,,,,,,,,,,,,,
624ec729-f7db-4120-b811-1d876fa03df8,Duel,62,0,2,Liverpool,Roberto Firmino Barbosa de Oliveira,Center Forward,1,Real Madrid,Liverpool,84.2,49.4,,,,,,,,,,,,,,,
35109fd1-f5cc-4584-836d-d9a37417fd0c,Pass,62,0,2,Real Madrid,Raphaël Varane,Right Center Back,1,Real Madrid,Liverpool,35.9,30.7,Luka Modrić,,Recovery,Low Pass,,48.4,30.7,0.01132376,0.01262646,0.0013027,,,,,
a430f3f8-902b-4e86-b797-3ea9fc017c01,Ball Receipt*,62,2,2,Real Madrid,Luka Modrić,Right Center Midfield,0,Real Madrid,Liverpool,48.4,30.7,,,,,,,,,,,,,,,
dae61fdc-4c03-4a08-a5e5-ce900e3557f5,Pass,62,2,2,Real Madrid,Luka Modrić,Right Center Midfield,0,Real Madrid,Liverpool,48.4,30.7,Marcelo Vieira da Silva Júnior,,,Low Pass,Right Foot,44.4,11.6,0.01262646,0.01214719,-0.0004792700000000004,,,,,
e19ea5c7-c1bb-4c36-8400-a0d9a10e8531,Ball Receipt*,62,3,2,Real Madrid,Marcelo Vieira da Silva Júnior,Left Back,0,Real Madrid,Liverpool,44.4,11.6,,,,,,,,,,,,,,,
15e4634b-095b-4d0e-b729-ff559fa5b68f,Carry,62,3,2,Real Madrid,Marcelo Vieira da Silva Júnior,Left Back,0,Real Madrid,Liverpool,44.4,11.6,,,,,,,,,,,62.8,12.1,0.003970940000000001,,
e4f44564-26c5-4148-8a2f-a2e02e1cf89a,Pass,62,7,2,Real Madrid,Marcelo Vieira da Silva Júnior,Left Back,0,Real Madrid,Liverpool,62.8,12.1,Cristiano Ronaldo dos Santos Aveiro,,,Ground Pass,Right Foot,68.4,1.9,0.01611813,0.01473596,-0.001382170000000002,,,,,
3621c34b-5e77-436f-93e7-bb53be8467b6,Ball Receipt*,62,8,2,Real Madrid,Cristiano Ronaldo dos Santos Aveiro,Left Wing,0,Real Madrid,Liverpool,68.4,1.9,,,,,,,,,,,,,,,
6363ffe1-a947-4fc9-8119-95176128875a,Carry,62,8,2,Real Madrid,Cristiano Ronaldo dos Santos Aveiro,Left Wing,0,Real Madrid,Liverpool,68.4,1.9,,,,,,,,,,,89.8,2.8,0.006485330000000001,,
fe720bef-e057-4fad-8b37-409f20f2927d,Pass,62,11,2,Real Madrid,Cristiano Ronaldo dos Santos Aveiro,Left Wing,0,Real Madrid,Liverpool,89.8,2.8,Marcelo Vieira da Silva Júnior,,,Ground Pass,Left Foot,91.9,10.2,0.02122129,0.02953272,0.008311429999999998,,,,,
126447bb-0860-49f2-98dc-fe28661a54d9,Ball Receipt*,62,12,2,Real Madrid,Marcelo Vieira da Silva Júnior,Left Back,0,Real Madrid,Liverpool,91.9,10.2,,,,,,,,,,,,,,,
da776db6-f2aa-4cb2-b2d5-b5c863269db2,Pass,62,12,2,Real Madrid,Marcelo Vieira da Silva Júnior,Left Back,0,Real Madrid,Liverpool,91.9,10.2,Cristiano Ronaldo dos Santos Aveiro,Incomplete,,Low Pass,Left Foot,92.4,9.3,0.02953272,0.02756312,-0.001969599999999998,,,,,
4d486f52-e8f7-439a-8768-db0d97358ad6,Ball Receipt*,62,12,2,Real Madrid,Cristiano Ronaldo dos Santos Aveiro,Left Wing,0,Real Madrid,Liverpool,96.8,2.2,,,,,,,,,,,,,,,
98cc277d-c0e7-4e59-8b4b-746c1fcc30ec,Block,62,12,2,Liverpool,Dejan Lovren,Right Center Back,0,Real Madrid,Liverpool,27.7,70.8,,,,,,,,,,,,,,,
f6de0aad-36f3-4d99-a126-301df578f148,Pass,62,14,2,Liverpool,Georginio Wijnaldum,Right Center Midfield,0,Real Madrid,Liverpool,28.6,78.8,Roberto Firmino Barbosa de Oliveira,Incomplete,Recovery,High Pass,Right Foot,59.1,62.7,0.00844854,0.0138454,0.005396860000000002,,,,,
cc2e8981-e3bb-4740-a4f9-4dae62194fc5,Ball Receipt*,62,16,2,Liverpool,Roberto Firmino Barbosa de Oliveira,Center Forward,0,Real Madrid,Liverpool,57.3,62.3,,,,,,,,,,,,,,,
a3ed16a4-b794-4aad-b8a5-21cfbd503726,Pass,62,16,2,Real Madrid,Sergio Ramos García,Left Center Back,0,Real Madrid,Liverpool,61.0,17.4,Luka Modrić,,Recovery,Low Pass,Head,63.1,23.3,0.01611813,0.01685596,0.0007378299999999983,,,,,
c2d4bd4f-5e21-4925-8ca2-b096c52c35fe,Ball Receipt*,62,17,2,Real Madrid,Luka Modrić,Right Center Midfield,0,Real Madrid,Liverpool,63.1,23.3,,,,,,,,,,,,,,,
76dab7c8-44b2-4d12-a1e5-f6c0f15cd5cf,Carry,62,17,2,Real Madrid,Luka Modrić,Right Center Midfield,0,Real Madrid,Liverpool,63.1,23.3,,,,,,,,,,,63.4,26.3,0.0,,
77fa8e88-9a05-44a8-98f5-76019c4e67d7,Pass,62,18,2,Real Madrid,Luka Modrić,Right Center Midfield,0,Real Madrid,Liverpool,63.4,26.3,José Ignacio Fernández Iglesias,,,Ground Pass,Right Foot,63.7,56.1,0.01685596,0.01685596,0.0,,,,,
3951f311-46ba-437d-8e26-dbe9517cd206,Ball Receipt*,62,20,2,Real Madrid,José Ignacio Fernández Iglesias,Right Back,0,Real Madrid,Liverpool,63.7,56.1,,,,,,,,,,,,,,,
858ac439-55b7-40e9-af3e-9e10ac04d816,Carry,62,20,2,Real Madrid,José Ignacio Fernández Iglesias,Right Back,0,Real Madrid,Liverpool,63.7,56.1,,,,,,,,,,,64.0,58.8,0.0,,
0d2ebd26-326a-4ed7-a877-4c325316c7e3,Pass,62,21,2,Real Madrid,José Ignacio Fernández Iglesias,Right Back,0,Real Madrid,Liverpool,64.0,58.8,Gareth Frank Bale,,,Ground Pass,Right Foot,70.7,72.2,0.01685596,0.0174506,0.0005946400000000004,,,,,
a894b17e-0e68-4a4f-a502-bf8b0ee0103f,Ball Receipt*,62,23,2,Real Madrid,Gareth Frank Bale,Right Wing,0,Real Madrid,Liverpool,70.7,72.2,,,,,,,,,,,,,,,
df44b0a2-02fb-485d-bed3-2d2a5115a1ca,Carry,62,23,2,Real Madrid,Gareth Frank Bale,Right Wing,0,Real Madrid,Liverpool,70.7,72.2,,,,,,,,,,,65.7,67.8,-0.001332469999999999,,
2913b997-bfd9-403a-a1f7-3f244feb1b22,Pass,62,24,2,Real Madrid,Gareth Frank Bale,Right Wing,0,Real Madrid,Liverpool,65.7,67.8,Luka Modrić,,,Ground Pass,Left Foot,63.1,53.5,0.01611813,0.01685596,0.0007378299999999983,,,,,
af32c0f2-9c49-453e-b820-76d8034aecf0,Pressure,62,24,2,Liverpool,James Philip Milner,Left Center Midfield,0,Real Madrid,Liverpool,49.6,24.0,,,,,,,,,,,,,,,
583fe920-24d9-4065-88ba-48183442afe3,Ball Receipt*,62,25,2,Real Madrid,Luka Modrić,Right Center Midfield,1,Real Madrid,Liverpool,63.1,53.5,,,,,,,,,,,,,,,
b1089ceb-5195-40c6-9192-5815ef6dae67,Carry,62,25,2,Real Madrid,Luka Modrić,Right Center Midfield,1,Real Madrid,Liverpool,63.1,53.5,,,,,,,,,,,63.1,54.7,0.0,,
4fe16808-9f4d-4739-a899-40fce67af637,Pass,62,25,2,Real Madrid,Luka Modrić,Right Center Midfield,1,Real Madrid,Liverpool,63.1,54.7,Gareth Frank Bale,,,Ground Pass,Right Foot,64.0,63.4,0.01685596,0.01611813,-0.0007378299999999983,,,,,
2d923939-8cdf-487b-afe4-c887d2099940,Ball Receipt*,62,26,2,Real Madrid,Gareth Frank Bale,Right Wing,0,Real Madrid,Liverpool,64.0,63.4,,,,,,,,,,,,,,,
f69e38e0-8ae7-4d58-97ec-3c3e884d3a0b,Carry,62,26,2,Real Madrid,Gareth Frank Bale,Right Wing,0,Real Madrid,Liverpool,64.0,63.4,,,,,,,,,,,64.0,63.4,0.0,,
352124bb-32b0-4444-91f9-a5ab33f4be7d,Pass,62,26,2,Real Madrid,Gareth Frank Bale,Right Wing,0,Real Madrid,Liverpool,64.0,63.4,Luka Modrić,,,Ground Pass,Left Foot,70.2,56.1,0.01611813,0.01935132,0.00323319,,,,,
0faece41-36e6-4822-9dd7-1a7568c3e5c1,Ball Receipt*,62,27,2,Real Madrid,Luka Modrić,Right Center Midfield,0,Real Madrid,Liverpool,70.2,56.1,,,,,,,,,,,,,,,
24714e94-a256-4156-bf1c-2bd42d27189d,Carry,62,27,2,Real Madrid,Luka Modrić,Right Center Midfield,0,Real Madrid,Liverpool,70.2,56.1,,,,,,,,,,,70.2,56.1,0.0,,
586b7007-ab6e-49e4-81e0-323021061427,Pass,62,28,2,Real Madrid,Luka Modrić,Right Center Midfield,0,Real Madrid,Liverpool,70.2,56.1,Gareth Frank Bale,,,Ground Pass,Right Foot,63.1,58.8,0.01935132,0.01685596,-0.002495360000000002,,,,,
f7946f7c-7a43-40eb-ab37-c0de94db8f8e,Ball Receipt*,62,28,2,Real Madrid,Gareth Frank Bale,Right Wing,0,Real Madrid,Liverpool,63.1,58.8,,,,,,,,,,,,,,,
596e6418-84b1-4be7-84da-9153f7816f56,Carry,62,28,2,Real Madrid,Gareth Frank Bale,Right Wing,0,Real Madrid,Liverpool,63.1,58.8,,,,,,,,,,,63.1,58.8,0.0,,
1ba41323-3eb7-4ef2-92a0-dca8828a1170,Pass,62,29,2,Real Madrid,Gareth Frank Bale,Right Wing,0,Real Madrid,Liverpool,63.1,58.8,Sergio Ramos García,,,Ground Pass,Left Foot,51.4,27.7,0.01685596,0.01429128,-0.00256468,,,,,
baccdfb0-557f-4406-ac07-72c1d0634478,Ball Receipt*,62,31,2,Real Madrid,Sergio Ramos García,Left Center Back,0,Real Madrid,Liverpool,51.4,27.7,,,,,,,,,,,,,,,
7900d7a6-e165-4857-bec8-a2891a3b7588,Carry,62,31,2,Real Madrid,Sergio Ramos García,Left Center Back,0,Real Madrid,Liverpool,51.4,27.7,,,,,,,,,,,51.1,30.3,0.0005547,,
86e623ea-0a2e-47f5-ab22-17e67b321ff1,Pass,62,31,2,Real Madrid,Sergio Ramos García,Left Center Back,0,Real Madrid,Liverpool,51.1,30.3,Raphaël Varane,,,Ground Pass,Right Foot,47.6,55.8,0.01484598,0.01269174,-0.00215424,,,,,
80dcec55-ee7f-4c08-8cba-8fd52c125b62,Ball Receipt*,62,33,2,Real Madrid,Raphaël Varane,Right Center Back,0,Real Madrid,Liverpool,47.6,55.8,,,,,,,,,,,,,,,
76a40243-a851-4002-9c9d-17f077a2432c,Carry,62,33,2,Real Madrid,Raphaël Varane,Right Center Back,0,Real Madrid,Liverpool,47.6,55.8,,,,,,,,,,,49.3,57.9,0.0,,
8e6e694b-ecd5-4752-a863-c291fd9d59fd,Pass,62,34,2,Real Madrid,Raphaël Varane,Right Center Back,0,Real Madrid,Liverpool,49.3,57.9,Luka Modrić,,,Ground Pass,Left Foot,63.4,74.0,0.01269174,0.01473596,0.002044219999999999,,,,,
a9d190e6-7232-43cd-8393-e6942b70d819,Ball Receipt*,62,36,2,Real Madrid,Luka Modrić,Right Center Midfield,0,Real Madrid,Liverpool,63.4,74.0,,,,,,,,,,,,,,,
232a7cb7-69f2-4be7-93a8-ced8906803b2,Carry,62,36,2,Real Madrid,Luka Modrić,Right Center Midfield,1,Real Madrid,Liverpool,63.4,74.0,,,,,,,,,,,70.7,72.5,0.002714640000000001,,
da938eb7-10f1-4a92-8b99-5084079b7dad,Pressure,62,36,2,Liverpool,Adam David Lallana,Left Wing,0,Real Madrid,Liverpool,56.1,7.9,,,,,,,,,,,,,,,
f72dd4ee-dec1-4f7c-9e4c-df1d6133500e,Pass,62,41,2,Real Madrid,Luka Modrić,Right Center Midfield,0,Real Madrid,Liverpool,70.7,72.5,Carlos Henrique Casimiro,,,Ground Pass,Right Foot,71.9,56.7,0.0174506,0.01935132,0.001900720000000002,,,,,
ec72335b-bb9d-4164-8977-10341959ec99,Pressure,62,42,2,Liverpool,Jordan Brian Henderson,Center Defensive Midfield,0,Real Madrid,Liverpool,42.9,25.2,,,,,,,,,,,,,,,
c475bbcc-038d-41fa-8f83-05d9d8632bab,Ball Receipt*,62,42,2,Real Madrid,Carlos Henrique Casimiro,Center Defensive Midfield,1,Real Madrid,Liverpool,71.9,56.7,,,,,,,,,,,,,,,
5028247f-efe2-42ad-9a16-168a27d3d5aa,Carry,62,42,2,Real Madrid,Carlos Henrique Casimiro,Center Defensive Midfield,1,Real Madrid,Liverpool,71.9,56.7,,,,,,,,,,,73.0,57.9,0.0,,
b0d92dc1-7f12-4c32-a11d-be00abdcbe5a,Dispossessed,62,43,2,Real Madrid,Carlos Henrique Casimiro,Center Defensive Midfield,1,Real Madrid,Liverpool,73.0,57.9,,,,,,,,,,,,,,,
cab5f6e2-37ab-438a-9471-3bbf818134da,Duel,62,43,2,Liverpool,Jordan Brian Henderson,Center Defensive Midfield,1,Real Madrid,Liverpool,47.1,22.2,,,,,,,,,,,,,,,
ebc1d4a7-e2e8-4c61-9066-960cf46d62db,Ball Recovery,62,45,2,Real Madrid,Toni Kroos,Left Center Midfield,0,Real Madrid,Liverpool,63.1,44.7,,,,,,,,,,,,,,,
d6446f4e-e5b7-496c-bcd3-9038a8f41cbd,Carry,62,45,2,Real Madrid,Toni Kroos,Left Center Midfield,0,Real Madrid,Liverpool,63.1,44.7,,,,,,,,,,,64.9,44.1,0.0,,
6d40238b-08ea-45fd-95d8-3af1ae0c1790,Pass,62,45,2,Real Madrid,Toni Kroos,Left Center Midfield,0,Real Madrid,Liverpool,64.9,44.1,Cristiano Ronaldo dos Santos Aveiro,,,High Pass,Right Foot,85.7,8.6,0.01689528,0.02122129,0.004326010000000002,,,,,
2b009e53-ccf8-46c3-9cf6-780db5b6bedf,Ball Receipt*,62,48,2,Real Madrid,Cristiano Ronaldo dos Santos Aveiro,Left Wing,0,Real Madrid,Liverpool,85.7,8.6,,,,,,,,,,,,,,,
4e5ddca7-81b0-4488-a92f-b6e5ac6018ef,Carry,62,48,2,Real Madrid,Cristiano Ronaldo dos Santos Aveiro,Left Wing,1,Real Madrid,Liverpool,85.7,8.6,,,,,,,,,,,87.1,42.3,0.002630199999999999,,
4e209056-0753-4aed-8425-3195d02aab9d,Pressure,62,52,2,Liverpool,Jordan Brian Henderson,Center Defensive Midfield,0,Real Madrid,Liverpool,23.6,49.2,,,,,,,,,,,,,,,
bc10ffcf-b7e1-4ccf-9ae4-cdf5bcab87a0,Pass,62,53,2,Real Madrid,Cristiano Ronaldo dos Santos Aveiro,Left Wing,0,Real Madrid,Liverpool,87.1,42.3,Carlos Henrique Casimiro,,,Ground Pass,Right Foot,83.0,43.2,0.02385149,0.02385149,0.0,,,,,
918f7918-d0f4-4201-8b76-d461f89eb30a,Ball Receipt*,62,54,2,Real Madrid,Carlos Henrique Casimiro,Center Defensive Midfield,0,Real Madrid,Liverpool,83.0,43.2,,,,,,,,,,,,,,,
aa7d94a9-3dff-4179-9fab-f5ca9fe0d09d,Carry,62,54,2,Real Madrid,Carlos Henrique Casimiro,Center Defensive Midfield,0,Real Madrid,Liverpool,83.0,43.2,,,,,,,,,,,84.5,41.1,0.0,,
5e439dad-0fe0-4999-ac3b-290ef0c73ef2,Pass,62,55,2,Real Madrid,Carlos Henrique Casimiro,Center Defensive Midfield,0,Real Madrid,Liverpool,84.5,41.1,Marcelo Vieira da Silva Júnior,,,High Pass,Right Foot,100.0,9.5,0.02385149,0.03485072,0.01099923,,,,,
388cdcce-aafb-4d48-b03c-407eb3561050,Ball Receipt*,62,57,2,Real Madrid,Marcelo Vieira da Silva Júnior,Left Back,0,Real Madrid,Liverpool,100.0,9.5,,,,,,,,,,,,,,,
3dba92d8-daa9-483b-a2a5-06bf0ad84278,Carry,62,57,2,Real Madrid,Marcelo Vieira da Silva Júnior,Left Back,1,Real Madrid,Liverpool,100.0,9.5,,,,,,,,,,,99.1,14.8,-0.005318000000000003,,
b1b79259-1076-469b-865a-fe3c5562917b,Pressure,62,59,2,Liverpool,Sadio Mané,Right Wing,0,Real Madrid,Liverpool,17.1,62.1,,,,,,,,,,,,,,,
ff375f8e-d488-4442-b7a6-73c7283fc371,Pass,63,0,2,Real Madrid,Marcelo Vieira da Silva Júnior,Left Back,1,Real Madrid,Liverpool,99.1,14.8,Gareth Frank Bale,,,High Pass,Right Foot,105.0,37.9,0.02953272,0.10805102,0.0785183,,,,,
a3bdc73d-e6d6-4f52-b66d-de83938838e5,Ball Receipt*,63,1,2,Real Madrid,Gareth Frank Bale,Right Wing,0,Real Madrid,Liverpool,105.0,37.9,,,,,,,,,,,,,,,
36687201-f131-4418-9dd0-f632bc9c4257,Shot,63,1,2,Real Madrid,Gareth Frank Bale,Right Wing,0,Real Madrid,Liverpool,104.7,38.1,,,,,,,,,,,,,,0.04580498,Goal
a10a02f2-5bc6-4420-a97d-ff6bd24d2817,Goal Keeper,63,2,2,Liverpool,Loris Karius,Goalkeeper,0,Real Madrid,Liverpool,2.4,41.2,,,,,,,,,,,,,,,
01f723f9-f6e6-432a-94f5-3bf1f70acee1,Pass,64,21,2,Liverpool,Roberto Firmino Barbosa de Oliveira,Center Forward,0,Real Madrid,Liverpool,61.0,40.1,Jordan Brian Henderson,,Kick Off,Ground Pass,Right Foot,50.8,41.0,0.01689528,0.01484598,-0.002049299999999999,,,,,
93a24eeb-2d75-4d0c-b291-84bc9ae054ea,Ball Receipt*,64,23,2,Liverpool,Jordan Brian Henderson,Center Defensive Midfield,0,Real Madrid,Liverpool,50.8,41.0,,,,,,,,,,,,,,,
639e1d4a-0c5c-4bab-b573-f1bcc2d665c1,Pass,64,23,2,Liverpool,Jordan Brian Henderson,Center Defensive Midfield,0,Real Madrid,Liverpool,50.8,41.0,Sadio Mané,,,Ground Pass,Right Foot,82.6,77.6,0.01484598,0.02122129,0.00637531,,,,,
ad426555-dee2-4412-a9f6-f6ff1603599f,Ball Receipt*,64,25,2,Liverpool,Sadio Mané,Right Wing,0,Real Madrid,Liverpool,82.6,77.6,,,,,,,,,,,,,,,
e95d5e2c-0a1b-4c2a-b292-fb365b1425b2,Pass,64,27,2,Liverpool,Sadio Mané,Right Wing,0,Real Madrid,Liverpool,84.2,74.7,James Philip Milner,,,Ground Pass,Right Foot,87.7,57.9,0.02122129,0.0241224,0.002901109999999998,,,,,
078e8512-fa72-49dd-8198-e1ac7cd7e11c,Ball Receipt*,64,27,2,Liverpool,James Philip Milner,Left Center Midfield,0,Real Madrid,Liverpool,87.7,57.9,,,,,,,,,,,,,,,
a7c73f66-d3d1-48bd-9e9a-29690f1bb24e,Carry,64,27,2,Liverpool,James Philip Milner,Left Center Midfield,0,Real Madrid,Liverpool,87.7,57.9,,,,,,,,,,,88.4,57.9,0.0,,
5f053d9c-c8f6-4dc9-a7c5-062d1a99aeeb,Pass,64,28,2,Liverpool,James Philip Milner,Left Center Midfield,0,Real Madrid,Liverpool,88.4,57.9,Sadio Mané,Incomplete,,Ground Pass,Right Foot,100.1,66.2,0.0241224,0.04066992,0.01654752,,,,,
37af66bc-2bfb-43a5-b40d-e63a0e422be7,Ball Receipt*,64,29,2,Liverpool,Sadio Mané,Right Wing,0,Real Madrid,Liverpool,96.6,58.8,,,,,,,,,,,,,,,
eca26270-5f99-4f39-94cc-c4209a6fbc57,Ball Recovery,64,29,2,Real Madrid,Marcelo Vieira da Silva Júnior,Left Back,0,Real Madrid,Liverpool,20.0,13.9,,,,,,,,,,,,,,,
a6f6b3f0-caf4-4122-85dd-0bed43817de5,Carry,64,29,2,Real Madrid,Marcelo Vieira da Silva Júnior,Left Back,0,Real Madrid,Liverpool,20.0,13.9,,,,,,,,,,,20.0,13.9,0.0,,
edab5cd0-424b-4e32-81ee-88d11e20eb54,Pass,64,31,2,Real Madrid,Marcelo Vieira da Silva Júnior,Left Back,0,Real Madrid,Liverpool,20.0,13.9,Cristiano Ronaldo dos Santos Aveiro,,,High Pass,Left Foot,49.9,4.0,0.00942382,0.01126267,0.001838850000000001,,,,,
2ced0e01-2328-40d6-9c28-51b025cf7d5c,Ball Receipt*,64,32,2,Real Madrid,Cristiano Ronaldo dos Santos Aveiro,Left Wing,0,Real Madrid,Liverpool,49.9,4.0,,,,,,,,,,,,,,,
8cfa7ab5-3d03-4df2-b52f-784f9759596e,Pass,64,32,2,Real Madrid,Cristiano Ronaldo dos Santos Aveiro,Left Wing,0,Real Madrid,Liverpool,49.9,4.0,Karim Benzema,,,Low Pass,Other,44.9,10.2,0.01126267,0.01214719,0.0008845199999999998,,,,,
d642463b-c897-4475-8d0d-d6f46cc0e84a,Pressure,64,33,2,Liverpool,James Philip Milner,Left Center Midfield,0,Real Madrid,Liverpool,76.1,65.9,,,,,,,,,,,,,,,
13dc93ea-edf6-4f53-98b9-3117554e20aa,Ball Receipt*,64,34,2,Real Madrid,Karim Benzema,Center Forward,1,Real Madrid,Liverpool,44.9,10.2,,,,,,,,,,,,,,,
35f7f1da-f6f9-4c54-948d-2372de59c33e,Carry,64,34,2,Real Madrid,Karim Benzema,Center Forward,1,Real Madrid,Liverpool,44.9,10.2,,,,,,,,,,,47.2,11.6,0.0,,
e4ddcec5-d3eb-4f50-9619-85155672b3a8,Foul Committed,64,34,2,Liverpool,James Philip Milner,Left Center Midfield,0,Real Madrid,Liverpool,72.9,68.5,,,,,,,,,,,,,,,
23bcc5db-a40a-4459-a58a-f111f025ee87,Foul Won,64,34,2,Real Madrid,Karim Benzema,Center Forward,1,Real Madrid,Liverpool,47.2,11.6,,,,,,,,,,,,,,,
c4df9417-b66f-4731-b1b7-384c3763b3ce,Pass,64,56,2,Real Madrid,Toni Kroos,Left Center Midfield,0,Real Madrid,Liverpool,47.2,11.6,Marcelo Vieira da Silva Júnior,,Free Kick,Ground Pass,Left Foot,65.7,2.8,0.01214719,0.01473596,0.002588769999999999,,,,,
115c64b0-21b6-40ff-979f-6c74dffc82e2,Ball Receipt*,64,59,2,Real Madrid,Marcelo Vieira da Silva Júnior,Left Back,0,Real Madrid,Liverpool,65.7,2.8,,,,,,,,,,,,,,,
3622f0d5-c686-4c6c-a3c6-7587d8c12d0e,Pass,65,0,2,Real Madrid,Marcelo Vieira da Silva Júnior,Left Back,0,Real Madrid,Liverpool,70.2,3.1,Cristiano Ronaldo dos Santos Aveiro,,,Ground Pass,Left Foot,76.3,1.9,0.0174506,0.0174506,0.0,,,,,
36017fb1-c320-46d6-b135-888a8193ce51,Ball Receipt*,65,0,2,Real Madrid,Cristiano Ronaldo dos Santos Aveiro,Left Wing,0,Real Madrid,Liverpool,76.3,1.9,,,,,,,,,,,,,,,
f0d94945-7861-47a5-a374-55e512677531,Pass,65,0,2,Real Madrid,Cristiano Ronaldo dos Santos Aveiro,Left Wing,0,Real Madrid,Liverpool,76.3,1.9,Toni Kroos,,,Ground Pass,Right Foot,50.8,2.8,0.0174506,0.01248344,-0.00496716,,,,,
35f3fe5d-34c9-4f95-8255-c8ae0afe130d,Ball Receipt*,65,2,2,Real Madrid,Toni Kroos,Left Center Midfield,0,Real Madrid,Liverpool,50.8,2.8,,,,,,,,,,,,,,,
22567bba-4e53-4667-91df-65615f67f1ee,Carry,65,2,2,Real Madrid,Toni Kroos,Left Center Midfield,0,Real Madrid,Liverpool,50.8,2.8,,,,,,,,,,,47.6,2.2,-0.001220769999999999,,
cc40dd68-bb17-4da2-928e-80c525a64e1e,Pass,65,3,2,Real Madrid,Toni Kroos,Left Center Midfield,0,Real Madrid,Liverpool,47.6,2.2,Sergio Ramos García,,,Ground Pass,Right Foot,40.3,21.0,0.01126267,0.01269174,0.001429069999999999,,,,,
6a74cbc8-0055-423a-92e7-d0c877678694,Ball Receipt*,65,5,2,Real Madrid,Sergio Ramos García,Left Center Back,0,Real Madrid,Liverpool,40.3,21.0,,,,,,,,,,,,,,,
2b6f1f73-bb65-4c02-8572-7d0d451e7189,Carry,65,5,2,Real Madrid,Sergio Ramos García,Left Center Back,1,Real Madrid,Liverpool,40.3,21.0,,,,,,,,,,,36.1,22.2,-0.001587119999999999,,
eab35b3f-5d73-445b-b851-3297576d6b3d,Pressure,65,5,2,Liverpool,Roberto Firmino Barbosa de Oliveira,Center Forward,0,Real Madrid,Liverpool,75.2,55.6,,,,,,,,,,,,,,,
6e1073a3-d162-4a49-9cab-61c57c7ab9b0,Pass,65,6,2,Real Madrid,Sergio Ramos García,Left Center Back,1,Real Madrid,Liverpool,36.1,22.2,Luka Modrić,,,Ground Pass,Right Foot,48.4,30.9,0.01110462,0.01262646,0.00152184,,,,,
477de396-13a6-447d-bb38-dc483cc6a1d9,Ball Receipt*,65,7,2,Real Madrid,Luka Modrić,Right Center Midfield,0,Real Madrid,Liverpool,48.4,30.9,,,,,,,,,,,,,,,
c145885c-9569-4082-a438-67e681cf7359,Pass,65,7,2,Real Madrid,Luka Modrić,Right Center Midfield,0,Real Madrid,Liverpool,48.4,30.9,Carlos Henrique Casimiro,,,Ground Pass,Left Foot,49.3,25.4,0.01262646,0.01269174,6.527999999999916e-05,,,,,
c4129b8a-4ab2-4bb3-866b-a24acb299e4d,Ball Receipt*,65,8,2,Real Madrid,Carlos Henrique Casimiro,Center Defensive Midfield,0,Real Madrid,Liverpool,49.3,25.4,,,,,,,,,,,,,,,
1928bd9a-6d46-4666-b0cd-9571671502d7,Pass,65,8,2,Real Madrid,Carlos Henrique Casimiro,Center Defensive Midfield,0,Real Madrid,Liverpool,49.3,25.4,José Ignacio Fernández Iglesias,,,High Pass,Right Foot,56.4,72.0,0.01269174,0.01248344,-0.0002082999999999998,,,,,
e6d4a343-a099-48c7-96cb-cdd2a8e8c674,Ball Receipt*,65,10,2,Real Madrid,José Ignacio Fernández Iglesias,Right Back,0,Real Madrid,Liverpool,56.4,72.0,,,,,,,,,,,,,,,
32e7fa03-7a2d-4065-97fa-3919f507d0d7,Carry,65,10,2,Real Madrid,José Ignacio Fernández Iglesias,Right Back,0,Real Madrid,Liverpool,56.4,72.0,,,,,,,,,,,75.7,59.1,0.006867880000000002,,
7b4534e6-47be-4d83-88dc-ec8474a6cf7b,Pass,65,13,2,Real Madrid,José Ignacio Fernández Iglesias,Right Back,0,Real Madrid,Liverpool,75.7,59.1,Gareth Frank Bale,,,Ground Pass,Right Foot,97.7,68.1,0.01935132,0.02953272,0.0101814,,,,,
46d41202-00ba-42f7-baa1-5d67248cf25f,Pressure,65,14,2,Liverpool,Andrew Robertson,Left Back,0,Real Madrid,Liverpool,34.7,14.8,,,,,,,,,,,,,,,
18df077f-54e7-4e17-9402-89eefb231505,Ball Receipt*,65,15,2,Real Madrid,Gareth Frank Bale,Right Wing,0,Real Madrid,Liverpool,97.7,68.1,,,,,,,,,,,,,,,
24ed635f-8cd2-47d9-aa4f-03b4e82dc5b1,Carry,65,15,2,Real Madrid,Gareth Frank Bale,Right Wing,0,Real Madrid,Liverpool,97.7,68.1,,,,,,,,,,,97.2,66.4,0.0,,
2940b751-ecef-45a7-b61f-285e643bcd7a,Dribble,65,15,2,Real Madrid,Gareth Frank Bale,Right Wing,1,Real Madrid,Liverpool,97.2,66.4,,,,,,,,,,,,,,,
bc467431-c462-46b0-b2ac-eab4345cd042,Duel,65,15,2,Liverpool,Andrew Robertson,Left Back,1,Real Madrid,Liverpool,22.9,13.7,,,,,,,,,,,,,,,
f7c51e67-12fa-410e-b26f-832ec8af3346,Ball Recovery,65,17,2,Liverpool,Loris Karius,Goalkeeper,0,Real Madrid,Liverpool,6.6,36.0,,,,,,,,,,,,,,,
cfa09a84-baa6-4df8-a2d6-38c495fec9ca,Carry,65,17,2,Liverpool,Loris Karius,Goalkeeper,0,Real Madrid,Liverpool,6.6,36.0,,,,,,,,,,,19.5,56.3,0.0003668899999999999,,
8719596c-68b6-498a-83df-4866e24f975b,Pass,65,30,2,Liverpool,Loris Karius,Goalkeeper,0,Real Madrid,Liverpool,19.5,56.3,Sadio Mané,Incomplete,,High Pass,Right Foot,72.0,57.4,0.00977745,0.01935132,0.009573870000000002,,,,,
e54e6956-046f-410c-9f72-36bc99547d7a,Ball Receipt*,65,33,2,Liverpool,Sadio Mané,Right Wing,0,Real Madrid,Liverpool,70.4,57.0,,,,,,,,,,,,,,,
c39edf91-7095-4049-9bf1-7c11ac29d1ec,Pass,65,33,2,Real Madrid,Sergio Ramos García,Left Center Back,0,Real Madrid,Liverpool,48.1,22.7,Cristiano Ronaldo dos Santos Aveiro,,Recovery,Low Pass,Head,64.5,14.2,0.01269174,0.01611813,0.003426390000000001,,,,,
079ee1d7-d565-4bb9-bf19-30ceadb6e075,Ball Receipt*,65,35,2,Real Madrid,Cristiano Ronaldo dos Santos Aveiro,Left Wing,0,Real Madrid,Liverpool,64.5,14.2,,,,,,,,,,,,,,,
9ea086d5-e445-4dfb-95bd-adc00aabaa2c,Pass,65,35,2,Real Madrid,Cristiano Ronaldo dos Santos Aveiro,Left Wing,0,Real Madrid,Liverpool,64.3,14.2,Marcelo Vieira da Silva Júnior,,,Low Pass,Right Foot,56.4,7.4,0.01611813,0.01248344,-0.003634690000000001,,,,,
ae0c1b22-9292-47ea-b836-209b360489fa,Ball Receipt*,65,36,2,Real Madrid,Marcelo Vieira da Silva Júnior,Left Back,0,Real Madrid,Liverpool,56.4,7.4,,,,,,,,,,,,,,,
17c80b58-ad09-439d-8308-3f51f4517d26,Carry,65,36,2,Real Madrid,Marcelo Vieira da Silva Júnior,Left Back,0,Real Madrid,Liverpool,56.4,7.4,,,,,,,,,,,56.4,7.4,0.0,,
a9fb8371-0ea9-44df-a2d1-2015c07e1afd,Pass,65,37,2,Real Madrid,Marcelo Vieira da Silva Júnior,Left Back,0,Real Madrid,Liverpool,56.4,7.4,Toni Kroos,,,Ground Pass,Left Foot,56.4,18.3,0.01248344,0.0138454,0.001361960000000001,,,,,
25c41247-f0d3-4c0d-9885-351e2d15da33,Ball Receipt*,65,38,2,Real Madrid,Toni Kroos,Left Center Midfield,0,Real Madrid,Liverpool,56.4,18.3,,,,,,,,,,,,,,,
ca811f46-d975-419f-9fe7-aef08fcbccd8,Carry,65,38,2,Real Madrid,Toni Kroos,Left Center Midfield,0,Real Madrid,Liverpool,56.4,18.3,,,,,,,,,,,56.4,18.3,0.0,,
1aa617f9-9cf7-4563-b4a7-dddff8d18791,Pass,65,38,2,Real Madrid,Toni Kroos,Left Center Midfield,0,Real Madrid,Liverpool,56.4,18.3,Marcelo Vieira da Silva Júnior,,,Ground Pass,Right Foot,56.9,8.1,0.0138454,0.01248344,-0.001361960000000001,,,,,
8ff34d4d-478d-4727-bc85-f45b19394820,Ball Receipt*,65,39,2,Real Madrid,Marcelo Vieira da Silva Júnior,Left Back,0,Real Madrid,Liverpool,56.9,8.1,,,,,,,,,,,,,,,
909e59eb-88a1-44a6-8347-5aa60e9d008b,Pass,65,39,2,Real Madrid,Marcelo Vieira da Silva Júnior,Left Back,0,Real Madrid,Liverpool,56.9,8.1,Sergio Ramos García,,,Ground Pass,Left Foot,44.0,13.9,0.01248344,0.01214719,-0.0003362499999999997,,,,,
3887b147-8e8f-41b1-a991-56d37d9f7302,Ball Receipt*,65,40,2,Real Madrid,Sergio Ramos García,Left Center Back,0,Real Madrid,Liverpool,44.0,13.9,,,,,,,,,,,,,,,
d152edfc-755f-4e48-a431-d44a04691019,Carry,65,40,2,Real Madrid,Sergio Ramos García,Left Center Back,0,Real Madrid,Liverpool,44.0,13.9,,,,,,,,,,,42.8,20.3,0.0005445499999999995,,
f7c5c392-5558-4256-9291-c2a167578ed3,Pass,65,41,2,Real Madrid,Sergio Ramos García,Left Center Back,0,Real Madrid,Liverpool,42.8,20.3,José Ignacio Fernández Iglesias,,,High Pass,Right Foot,53.2,64.6,0.01269174,0.0138454,0.001153660000000001,,,,,
0ea6bb84-ef9b-4eca-8a22-3fcc4759a14c,Ball Receipt*,65,44,2,Real Madrid,José Ignacio Fernández Iglesias,Right Back,0,Real Madrid,Liverpool,53.2,64.6,,,,,,,,,,,,,,,
d025e5f6-8f57-4cc9-a153-a0181f48a034,Pass,65,44,2,Real Madrid,José Ignacio Fernández Iglesias,Right Back,0,Real Madrid,Liverpool,53.2,64.6,Luka Modrić,,,Low Pass,Right Foot,40.0,60.5,0.0138454,0.01214719,-0.00169821,,,,,
9e2d49bf-7f78-478d-8111-1b5c822ae75e,Ball Receipt*,65,45,2,Real Madrid,Luka Modrić,Right Center Midfield,0,Real Madrid,Liverpool,40.0,60.5,,,,,,,,,,,,,,,
36d55149-0eb6-409c-8f68-58096f65da3f,Carry,65,45,2,Real Madrid,Luka Modrić,Right Center Midfield,0,Real Madrid,Liverpool,40.0,60.5,,,,,,,,,,,41.4,68.1,0.0,,
daeff301-c9c2-4c42-abe8-ab885866ae80,Pass,65,47,2,Real Madrid,Luka Modrić,Right Center Midfield,0,Real Madrid,Liverpool,41.4,68.1,Carlos Henrique Casimiro,,,Ground Pass,Right Foot,50.2,51.7,0.01214719,0.01429128,0.00214409,,,,,
659f0180-3450-4094-8a06-20737cab69ac,Ball Receipt*,65,48,2,Real Madrid,Carlos Henrique Casimiro,Center Defensive Midfield,0,Real Madrid,Liverpool,50.2,51.7,,,,,,,,,,,,,,,
46e72dd2-acb7-4d02-bee0-7644cfb41491,Pass,65,48,2,Real Madrid,Carlos Henrique Casimiro,Center Defensive Midfield,0,Real Madrid,Liverpool,50.2,51.7,José Ignacio Fernández Iglesias,,,Ground Pass,Right Foot,49.7,75.2,0.01429128,0.01126267,-0.003028609999999999,,,,,
3d9c08e1-6308-40d7-ae59-5732167c2419,Ball Receipt*,65,50,2,Real Madrid,José Ignacio Fernández Iglesias,Right Back,0,Real Madrid,Liverpool,49.7,75.2,,,,,,,,,,,,,,,
4ebb9988-8b0f-49a5-b53f-267c977e27a7,Pass,65,50,2,Real Madrid,José Ignacio Fernández Iglesias,Right Back,0,Real Madrid,Liverpool,49.7,75.2,Luka Modrić,,,Ground Pass,Right Foot,36.4,75.4,0.01126267,0.00977659,-0.001486080000000001,,,,,
c1b74b07-4bc6-47bd-986a-2b65d0008361,Ball Receipt*,65,52,2,Real Madrid,Luka Modrić,Right Center Midfield,0,Real Madrid,Liverpool,36.4,75.4,,,,,,,,,,,,,,,
aed0834a-bd52-45a1-acc3-f31b34342b02,Pass,65,52,2,Real Madrid,Luka Modrić,Right Center Midfield,0,Real Madrid,Liverpool,36.4,75.4,Carlos Henrique Casimiro,,,Low Pass,Right Foot,47.0,62.0,0.00977659,0.01214719,0.0023706,,,,,
44be9443-88fc-465f-aa77-7ea664dc7cda,Ball Receipt*,65,53,2,Real Madrid,Carlos Henrique Casimiro,Center Defensive Midfield,0,Real Madrid,Liverpool,47.0,62.0,,,,,,,,,,,,,,,
d8632b5d-5af4-420e-906e-c28b62eb5f39,Carry,65,53,2,Real Madrid,Carlos Henrique Casimiro,Center Defensive Midfield,0,Real Madrid,Liverpool,47.0,62.0,,,,,,,,,,,47.0,62.0,0.0,,
571ddc3c-b914-45a0-addb-1c5eeea89116,Pass,65,53,2,Real Madrid,Carlos Henrique Casimiro,Center Defensive Midfield,0,Real Madrid,Liverpool,47.0,62.0,Gareth Frank Bale,,,Ground Pass,Right Foot,56.0,66.0,0.01214719,0.0138454,0.00169821,,,,,
06b41d8c-062f-45aa-909a-733396ac6fb0,Ball Receipt*,65,54,2,Real Madrid,Gareth Frank Bale,Right Wing,0,Real Madrid,Liverpool,56.0,66.0,,,,,,,,,,,,,,,
8436c6d7-b5db-4c08-b4bd-f23f42223691,Carry,65,54,2,Real Madrid,Gareth Frank Bale,Right Wing,0,Real Madrid,Liverpool,56.0,66.0,,,,,,,,,,,56.0,68.7,0.0,,
a1d7be1f-1360-471c-99c3-a27482ab6c89,Pass,65,57,2,Real Madrid,Gareth Frank Bale,Right Wing,0,Real Madrid,Liverpool,56.0,68.7,Carlos Henrique Casimiro,,,Ground Pass,Left Foot,54.3,58.4,0.0138454,0.01429128,0.0004458799999999992,,,,,
ea9f2f9f-ac5d-409b-bb9d-f2dddcf0422a,Ball Receipt*,65,58,2,Real Madrid,Carlos Henrique Casimiro,Center Defensive Midfield,0,Real Madrid,Liverpool,54.3,58.4,,,,,,,,,,,,,,,
bf923dfb-db50-472f-a872-ab33699b8c22,Carry,65,58,2,Real Madrid,Carlos Henrique Casimiro,Center Defensive Midfield,1,Real Madrid,Liverpool,54.3,58.4,,,,,,,,,,,50.2,57.9,0.0,,
80d641ec-e93c-4a53-a212-279b708b5e6c,Pressure,65,58,2,Liverpool,Sadio Mané,Right Wing,0,Real Madrid,Liverpool,70.8,27.2,,,,,,,,,,,,,,,
11b0a015-b9b9-4c94-a4d9-a713f41714b6,Pass,65,58,2,Real Madrid,Carlos Henrique Casimiro,Center Defensive Midfield,1,Real Madrid,Liverpool,50.2,57.9,Raphaël Varane,,,Low Pass,Right Foot,35.0,54.9,0.01429128,0.01110462,-0.003186659999999999,,,,,
24637e7c-ff6f-48eb-bcbf-35faf25a2ffe,Ball Receipt*,65,59,2,Real Madrid,Raphaël Varane,Right Center Back,0,Real Madrid,Liverpool,35.0,54.9,,,,,,,,,,,,,,,
1cb0faae-36d8-4eff-9db8-b42efd7f9ba7,Carry,65,59,2,Real Madrid,Raphaël Varane,Right Center Back,0,Real Madrid,Liverpool,35.0,54.9,,,,,,,,,,,34.3,53.3,0.0,,
0f290bac-3aaf-4836-9393-bdb680355362,Pass,66,0,2,Real Madrid,Raphaël Varane,Right Center Back,0,Real Madrid,Liverpool,34.3,53.3,Sergio Ramos García,,,Ground Pass,Right Foot,37.9,28.0,0.01110462,0.01110462,0.0,,,,,
c912bffe-bd49-41ca-92c1-b1af03ab5b30,Ball Receipt*,66,1,2,Real Madrid,Sergio Ramos García,Left Center Back,0,Real Madrid,Liverpool,37.9,28.0,,,,,,,,,,,,,,,
9b642716-5b4b-4e73-9010-8b4142f65cf0,Carry,66,1,2,Real Madrid,Sergio Ramos García,Left Center Back,0,Real Madrid,Liverpool,37.9,28.0,,,,,,,,,,,39.1,27.4,0.0,,
13f374a2-bfb0-43f2-8a43-46dcd09fecce,Pass,66,2,2,Real Madrid,Sergio Ramos García,Left Center Back,0,Real Madrid,Liverpool,39.1,27.4,Toni Kroos,,,Ground Pass,Left Foot,47.0,16.6,0.01110462,0.01214719,0.00104257,,,,,
fa837907-2333-4c06-9c1b-08325edaf521,Ball Receipt*,66,3,2,Real Madrid,Toni Kroos,Left Center Midfield,0,Real Madrid,Liverpool,47.0,16.6,,,,,,,,,,,,,,,
549b47a9-205d-4058-a582-6a5f822c704f,Carry,66,3,2,Real Madrid,Toni Kroos,Left Center Midfield,0,Real Madrid,Liverpool,47.0,16.6,,,,,,,,,,,49.3,16.2,0.0,,
d5e7ac58-2ece-4356-9c41-93f9dc704135,Pass,66,4,2,Real Madrid,Toni Kroos,Left Center Midfield,0,Real Madrid,Liverpool,49.3,16.2,Karim Benzema,,,Ground Pass,Right Foot,63.1,19.2,0.01214719,0.01611813,0.003970940000000001,,,,,
bb98eee4-2125-468d-9beb-f5f1028ebeaf,Ball Receipt*,66,5,2,Real Madrid,Karim Benzema,Center Forward,0,Real Madrid,Liverpool,63.1,19.2,,,,,,,,,,,,,,,
776f04ee-e8cd-4d51-ad35-5e40afa16e4b,Carry,66,5,2,Real Madrid,Karim Benzema,Center Forward,0,Real Madrid,Liverpool,63.1,19.2,,,,,,,,,,,63.1,19.2,0.0,,
ee2d4c5a-12d8-4c03-82ca-09d4c90931e4,Pass,66,6,2,Real Madrid,Karim Benzema,Center Forward,0,Real Madrid,Liverpool,63.1,19.2,Toni Kroos,,,Ground Pass,Right Foot,62.2,8.6,0.01611813,0.01473596,-0.001382170000000002,,,,,
1402efbb-aa12-4253-bc7a-4081bf8ffe53,Ball Receipt*,66,8,2,Real Madrid,Toni Kroos,Left Center Midfield,0,Real Madrid,Liverpool,62.2,8.6,,,,,,,,,,,,,,,
75883aac-601c-40b6-af82-0ea38ac4f0b7,Carry,66,8,2,Real Madrid,Toni Kroos,Left Center Midfield,0,Real Madrid,Liverpool,62.2,8.6,,,,,,,,,,,63.1,8.6,0.0,,
4fe4a0d9-215c-4d0a-b173-7dcb782f9893,Pass,66,9,2,Real Madrid,Toni Kroos,Left Center Midfield,0,Real Madrid,Liverpool,63.1,8.6,Marcelo Vieira da Silva Júnior,,,Ground Pass,Right Foot,70.7,2.2,0.01473596,0.0174506,0.002714640000000001,,,,,
04aa0b49-200b-4996-8db0-c8ad53a35b88,Ball Receipt*,66,9,2,Real Madrid,Marcelo Vieira da Silva Júnior,Left Back,0,Real Madrid,Liverpool,70.7,2.2,,,,,,,,,,,,,,,
51da9cac-9bfc-4d39-9067-91f9dfce1067,Carry,66,9,2,Real Madrid,Marcelo Vieira da Silva Júnior,Left Back,0,Real Madrid,Liverpool,70.7,2.2,,,,,,,,,,,70.7,2.2,0.0,,
5a2816e1-4f0c-4dc9-ad11-2817a09a5d4a,Pass,66,10,2,Real Madrid,Marcelo Vieira da Silva Júnior,Left Back,0,Real Madrid,Liverpool,70.7,2.2,Cristiano Ronaldo dos Santos Aveiro,,,Ground Pass,Left Foot,78.1,1.6,0.0174506,0.0174506,0.0,,,,,
0ded4d7f-4a7c-4271-91f1-753932790cb7,Ball Receipt*,66,11,2,Real Madrid,Cristiano Ronaldo dos Santos Aveiro,Left Wing,0,Real Madrid,Liverpool,78.1,1.6,,,,,,,,,,,,,,,
9a5583a9-b8a6-4965-8c11-7be5c203730b,Carry,66,11,2,Real Madrid,Cristiano Ronaldo dos Santos Aveiro,Left Wing,0,Real Madrid,Liverpool,78.1,1.6,,,,,,,,,,,84.5,3.1,0.00377069,,
e07d6544-0019-4762-bdfd-e00e5007ae49,Pass,66,12,2,Real Madrid,Cristiano Ronaldo dos Santos Aveiro,Left Wing,0,Real Madrid,Liverpool,84.5,3.1,Marcelo Vieira da Silva Júnior,,,Ground Pass,Right Foot,91.5,11.3,0.02122129,0.02953272,0.008311429999999998,,,,,
475e6bca-5a63-4f54-a210-80945663e5f9,Ball Receipt*,66,13,2,Real Madrid,Marcelo Vieira da Silva Júnior,Left Back,0,Real Madrid,Liverpool,91.5,11.3,,,,,,,,,,,,,,,
c5f7c458-2421-4746-91d4-2e2001ae5614,Carry,66,13,2,Real Madrid,Marcelo Vieira da Silva Júnior,Left Back,0,Real Madrid,Liverpool,91.5,11.3,,,,,,,,,,,98.6,15.1,0.0,,
0afc01b7-7ca4-41c3-8bba-12d335b3c9e6,Pass,66,16,2,Real Madrid,Marcelo Vieira da Silva Júnior,Left Back,0,Real Madrid,Liverpool,98.6,15.1,Cristiano Ronaldo dos Santos Aveiro,,,Ground Pass,Left Foot,103.9,3.7,0.02953272,0.03485072,0.005318000000000003,,,,,
4042dc50-7df8-4a39-a8e1-8d9e43fdc568,Ball Receipt*,66,17,2,Real Madrid,Cristiano Ronaldo dos Santos Aveiro,Left Wing,0,Real Madrid,Liverpool,103.9,3.7,,,,,,,,,,,,,,,
270bc755-ff29-405f-aad9-e0c21c0e7e55,Carry,66,17,2,Real Madrid,Cristiano Ronaldo dos Santos Aveiro,Left Wing,0,Real Madrid,Liverpool,103.9,3.7,,,,,,,,,,,105.0,4.9,0.0,,
ffc73165-ed0c-4cc5-b080-b681fceb688a,Pass,66,20,2,Real Madrid,Cristiano Ronaldo dos Santos Aveiro,Left Wing,0,Real Madrid,Liverpool,105.0,4.9,Marcelo Vieira da Silva Júnior,,,Ground Pass,Left Foot,97.7,5.1,0.03485072,0.02756312,-0.007287600000000002,,,,,
52b5b198-8291-4122-bc26-525360d8a162,Ball Receipt*,66,21,2,Real Madrid,Marcelo Vieira da Silva Júnior,Left Back,0,Real Madrid,Liverpool,97.7,5.1,,,,,,,,,,,,,,,
8b21db79-15ca-4361-aefa-c8709a28953d,Carry,66,21,2,Real Madrid,Marcelo Vieira da Silva Júnior,Left Back,0,Real Madrid,Liverpool,97.7,5.1,,,,,,,,,,,93.0,10.9,0.001969599999999998,,
1f7faaf8-8b47-4db6-88ba-800ea205e4bb,Pass,66,23,2,Real Madrid,Marcelo Vieira da Silva Júnior,Left Back,0,Real Madrid,Liverpool,93.0,10.9,José Ignacio Fernández Iglesias,,,High Pass,Right Foot,93.9,66.0,0.02953272,0.02953272,0.0,,,,,
163bd688-5f7b-41d0-a08f-a6527bb96326,Ball Receipt*,66,25,2,Real Madrid,José Ignacio Fernández Iglesias,Right Back,0,Real Madrid,Liverpool,93.9,66.0,,,,,,,,,,,,,,,
56996b7c-62ad-455f-835a-2813acf1dcbf,Carry,66,25,2,Real Madrid,José Ignacio Fernández Iglesias,Right Back,0,Real Madrid,Liverpool,93.9,66.0,,,,,,,,,,,98.6,67.3,0.0,,
369f8f5a-6b12-4f28-a8f5-b449cee0dc98,Pass,66,27,2,Real Madrid,José Ignacio Fernández Iglesias,Right Back,0,Real Madrid,Liverpool,98.6,67.3,Luka Modrić,,,Ground Pass,Right Foot,84.8,68.1,0.02953272,0.02401521,-0.00551751,,,,,
12eaecb1-2782-42df-a4ff-a9ed078e65cb,Ball Receipt*,66,28,2,Real Madrid,Luka Modrić,Right Center Midfield,0,Real Madrid,Liverpool,84.8,68.1,,,,,,,,,,,,,,,
fe843dd6-a65c-4d5f-8c13-394295157bf8,Carry,66,28,2,Real Madrid,Luka Modrić,Right Center Midfield,0,Real Madrid,Liverpool,84.8,68.1,,,,,,,,,,,81.8,69.0,0.0,,
6e06decf-e604-4783-9981-572e1e2d0636,Pass,66,30,2,Real Madrid,Luka Modrić,Right Center Midfield,0,Real Madrid,Liverpool,81.8,69.0,Karim Benzema,,,Ground Pass,Left Foot,84.3,62.0,0.02401521,0.02401521,0.0,,,,,
41e275ac-4d6d-49bd-bd35-a214f3e1eb7d,Ball Receipt*,66,31,2,Real Madrid,Karim Benzema,Center Forward,0,Real Madrid,Liverpool,84.3,62.0,,,,,,,,,,,,,,,
4a81e293-6805-4949-8d2a-bc6f200579ad,Pass,66,31,2,Real Madrid,Karim Benzema,Center Forward,0,Real Madrid,Liverpool,84.3,62.0,Luka Modrić,,,Ground Pass,Right Foot,76.3,63.2,0.02401521,0.01870347,-0.005311739999999999,,,,,
8c321c4f-f650-4af0-a722-e9c8a8d482d9,Ball Receipt*,66,32,2,Real Madrid,Luka Modrić,Right Center Midfield,0,Real Madrid,Liverpool,76.3,63.2,,,,,,,,,,,,,,,
a4e921b0-510e-463c-a86f-0ca1023feba8,Carry,66,32,2,Real Madrid,Luka Modrić,Right Center Midfield,0,Real Madrid,Liverpool,76.3,63.2,,,,,,,,,,,72.1,60.2,0.0,,
c33e0c74-e99b-41ae-bba4-22110cb09117,Pass,66,33,2,Real Madrid,Luka Modrić,Right Center Midfield,0,Real Madrid,Liverpool,72.1,60.2,Raphaël Varane,,,Ground Pass,Right Foot,63.1,52.0,0.01870347,0.01685596,-0.00184751,,,,,
a768f67e-f4f6-448a-81f9-43060d82112b,Ball Receipt*,66,35,2,Real Madrid,Raphaël Varane,Right Center Back,0,Real Madrid,Liverpool,63.1,52.0,,,,,,,,,,,,,,,
38b0a9ac-837a-4080-8bd2-4fd9a24d778a,Carry,66,35,2,Real Madrid,Raphaël Varane,Right Center Back,0,Real Madrid,Liverpool,63.1,52.0,,,,,,,,,,,63.4,50.8,0.0,,
59b8473b-6eca-4d59-bd0c-8d634dd67877,Pass,66,36,2,Real Madrid,Raphaël Varane,Right Center Back,0,Real Madrid,Liverpool,63.4,50.8,Sergio Ramos García,,,Ground Pass,Right Foot,55.2,33.3,0.01685596,0.01484598,-0.00200998,,,,,
517b82c1-eff1-41dc-90dc-3c3b2a4ee326,Ball Receipt*,66,37,2,Real Madrid,Sergio Ramos García,Left Center Back,0,Real Madrid,Liverpool,55.2,33.3,,,,,,,,,,,,,,,
adc3a191-3f07-4786-927b-de7e9022e073,Carry,66,37,2,Real Madrid,Sergio Ramos García,Left Center Back,0,Real Madrid,Liverpool,55.2,33.3,,,,,,,,,,,56.0,33.0,0.0,,
14559c79-31c8-40c5-95f6-40fc2ed20676,Pass,66,38,2,Real Madrid,Sergio Ramos García,Left Center Back,0,Real Madrid,Liverpool,56.0,33.0,Marcelo Vieira da Silva Júnior,,,Low Pass,Right Foot,84.5,1.6,0.01484598,0.02122129,0.00637531,,,,,
131461f0-b7d0-40a3-bfaa-78474691882e,Ball Receipt*,66,40,2,Real Madrid,Marcelo Vieira da Silva Júnior,Left Back,0,Real Madrid,Liverpool,84.5,1.6,,,,,,,,,,,,,,,
6b0e2396-92f7-41c7-bb4a-5d69a5b440b3,Carry,66,40,2,Real Madrid,Marcelo Vieira da Silva Júnior,Left Back,0,Real Madrid,Liverpool,84.5,1.6,,,,,,,,,,,85.0,4.9,0.0,,
9ac1154f-34a6-4796-af7d-f17d835ecc90,Pass,66,43,2,Real Madrid,Marcelo Vieira da Silva Júnior,Left Back,0,Real Madrid,Liverpool,85.0,4.9,Toni Kroos,,,Ground Pass,Left Foot,82.5,14.5,0.02122129,0.02401521,0.002793919999999998,,,,,
43c2bf93-65b8-406e-beff-92577c7441d3,Ball Receipt*,66,44,2,Real Madrid,Toni Kroos,Left Center Midfield,0,Real Madrid,Liverpool,82.5,14.5,,,,,,,,,,,,,,,
28187caa-ace7-4207-82b7-1eeaed3484dd,Carry,66,44,2,Real Madrid,Toni Kroos,Left Center Midfield,0,Real Madrid,Liverpool,82.5,14.5,,,,,,,,,,,84.5,15.1,0.0,,
54e99da8-f140-4957-8e4d-6705be3aa7df,Pass,66,44,2,Real Madrid,Toni Kroos,Left Center Midfield,0,Real Madrid,Liverpool,84.5,15.1,Marcelo Vieira da Silva Júnior,,,Ground Pass,Right Foot,90.3,4.5,0.02401521,0.02756312,0.003547910000000001,,,,,
7cf00287-1a17-4050-8e7e-9afbb3aff14c,Ball Receipt*,66,46,2,Real Madrid,Marcelo Vieira da Silva Júnior,Left Back,0,Real Madrid,Liverpool,90.3,4.5,,,,,,,,,,,,,,,
69d8ebfe-c208-4364-82df-e6fc593c919f,Carry,66,46,2,Real Madrid,Marcelo Vieira da Silva Júnior,Left Back,0,Real Madrid,Liverpool,90.3,4.5,,,,,,,,,,,93.5,5.4,0.0,,
1df7e2a3-7485-4d26-a790-5ec9ce4c7db0,Pass,66,47,2,Real Madrid,Marcelo Vieira da Silva Júnior,Left Back,0,Real Madrid,Liverpool,93.5,5.4,Karim Benzema,Out,,High Pass,Left Foot,120.0,56.3,0.02756312,0.06442595,0.03686283,,,,,
1aca6680-25b7-47e1-b1b2-e9ba6f0f6793,Ball Receipt*,66,50,2,Real Madrid,Karim Benzema,Center Forward,0,Real Madrid,Liverpool,110.8,64.3,,,,,,,,,,,,,,,
8943d56f-a54a-4ca6-9f8c-a1ef442c030c,Pass,67,31,2,Liverpool,Loris Karius,Goalkeeper,0,Real Madrid,Liverpool,7.0,36.1,Virgil van Dijk,,Goal Kick,Ground Pass,Right Foot,38.3,14.1,0.00941056,0.0105949,0.001184340000000001,,,,,
d174c743-0ff6-40dc-b71d-8a8693140ac2,Ball Receipt*,67,35,2,Liverpool,Virgil van Dijk,Left Center Back,0,Real Madrid,Liverpool,38.3,14.1,,,,,,,,,,,,,,,
c5e4206d-fa4f-4531-bc89-539948fc40c6,Pass,67,38,2,Liverpool,Virgil van Dijk,Left Center Back,0,Real Madrid,Liverpool,53.8,22.2,Jordan Brian Henderson,,,Ground Pass,Right Foot,62.8,32.8,0.01429128,0.01689528,0.002603999999999999,,,,,
1d41fe34-3f2e-45c2-abb6-4def53521e3a,Ball Receipt*,67,39,2,Liverpool,Jordan Brian Henderson,Center Defensive Midfield,0,Real Madrid,Liverpool,62.8,32.8,,,,,,,,,,,,,,,
294da75b-a7f4-43bc-bd0a-de9542ce6e2a,Carry,67,39,2,Liverpool,Jordan Brian Henderson,Center Defensive Midfield,0,Real Madrid,Liverpool,62.8,32.8,,,,,,,,,,,62.8,32.8,0.0,,
c579f097-7970-46ae-8f1f-fae2eca532a3,Pass,67,39,2,Liverpool,Jordan Brian Henderson,Center Defensive Midfield,0,Real Madrid,Liverpool,62.8,32.8,Virgil van Dijk,,,Ground Pass,Right Foot,52.6,23.4,0.01689528,0.01429128,-0.002603999999999999,,,,,
a80b170d-6705-4144-9bee-59ee1d210a0f,Ball Receipt*,67,40,2,Liverpool,Virgil van Dijk,Left Center Back,0,Real Madrid,Liverpool,52.6,23.4,,,,,,,,,,,,,,,
0c042f33-da7c-44e1-9ad3-117b75278fdb,Pass,67,40,2,Liverpool,Virgil van Dijk,Left Center Back,0,Real Madrid,Liverpool,52.6,23.4,Dejan Lovren,,,Ground Pass,Left Foot,42.7,50.1,0.01429128,0.01269174,-0.00159954,,,,,
24224eab-c04f-4b35-86dd-6d817731c699,Ball Receipt*,67,41,2,Liverpool,Dejan Lovren,Right Center Back,0,Real Madrid,Liverpool,42.7,50.1,,,,,,,,,,,,,,,
3ffa873d-53b9-411f-8991-978c2090cf9b,Carry,67,41,2,Liverpool,Dejan Lovren,Right Center Back,0,Real Madrid,Liverpool,42.7,50.1,,,,,,,,,,,48.2,68.8,-0.0005445499999999995,,
d09958fd-1aef-4944-88ff-b7839570c59a,Pass,67,46,2,Liverpool,Dejan Lovren,Right Center Back,0,Real Madrid,Liverpool,48.2,68.8,Sadio Mané,Incomplete,,High Pass,Right Foot,94.8,75.2,0.01214719,0.02756312,0.01541593,,,,,
f7bd71b7-0969-48a9-967c-856b0da05011,Ball Receipt*,67,48,2,Liverpool,Sadio Mané,Right Wing,0,Real Madrid,Liverpool,95.5,71.5,,,,,,,,,,,,,,,
ef672582-57f4-4b7b-b36d-de9431a040ca,Clearance,67,48,2,Real Madrid,Sergio Ramos García,Left Center Back,1,Real Madrid,Liverpool,25.3,4.9,,,,,,,,,,,,,,,
1291d574-ec5e-4c96-a16f-59632ba84567,Pass,67,55,2,Liverpool,Georginio Wijnaldum,Right Center Midfield,0,Real Madrid,Liverpool,86.0,80.0,Trent Alexander-Arnold,,Throw-in,Low Pass,,75.7,77.3,0.02122129,0.0174506,-0.00377069,,,,,
9e40a6a5-4ae4-4bcd-aaf6-98dc784f3b7c,Ball Receipt*,67,56,2,Liverpool,Trent Alexander-Arnold,Right Back,0,Real Madrid,Liverpool,75.7,77.3,,,,,,,,,,,,,,,
7b2c4f2a-f483-4063-93a3-64ea1dc0ae51,Pass,67,58,2,Liverpool,Trent Alexander-Arnold,Right Back,0,Real Madrid,Liverpool,76.4,76.8,Adam David Lallana,Pass Offside,,High Pass,Right Foot,102.7,57.9,0.0174506,0.05491138,0.03746078,,,,,
52a7c287-7cfd-4d9d-b272-4a4ee348a5e6,Ball Receipt*,68,0,2,Liverpool,Adam David Lallana,Left Wing,0,Real Madrid,Liverpool,102.7,57.9,,,,,,,,,,,,,,,
3abf2d9d-1552-4c97-b82b-2eb7adb55dfa,Pass,68,24,2,Real Madrid,Keylor Navas Gamboa,Goalkeeper,0,Real Madrid,Liverpool,17.4,22.2,Gareth Frank Bale,Incomplete,Free Kick,High Pass,Right Foot,71.4,66.0,0.00977745,0.01870347,0.00892602,,,,,
460bd34b-5636-4ef6-afe9-7f2b164401b9,Ball Receipt*,68,28,2,Real Madrid,Gareth Frank Bale,Right Wing,0,Real Madrid,Liverpool,72.1,66.9,,,,,,,,,,,,,,,
fab41425-83bc-4b39-a438-19774d55296b,Pass,68,28,2,Liverpool,Andrew Robertson,Left Back,0,Real Madrid,Liverpool,48.7,14.1,Virgil van Dijk,,Recovery,High Pass,Head,35.3,20.5,0.01214719,0.01110462,-0.00104257,,,,,
1ebed891-798b-43f4-b7d9-9ba49d600ae7,Ball Receipt*,68,29,2,Liverpool,Virgil van Dijk,Left Center Back,0,Real Madrid,Liverpool,35.3,20.5,,,,,,,,,,,,,,,
39784830-4b07-45af-ab3a-6ba20955f475,Carry,68,29,2,Liverpool,Virgil van Dijk,Left Center Back,0,Real Madrid,Liverpool,35.3,20.5,,,,,,,,,,,36.5,16.9,-0.00050972,,
50268216-615e-4a13-83a4-58da01df5fda,Pass,68,31,2,Liverpool,Virgil van Dijk,Left Center Back,0,Real Madrid,Liverpool,36.5,16.9,Andrew Robertson,,,Ground Pass,Right Foot,54.7,3.7,0.0105949,0.01248344,0.001888539999999999,,,,,
e8440e08-4cc9-4d67-b193-4448206e9492,Ball Receipt*,68,32,2,Liverpool,Andrew Robertson,Left Back,0,Real Madrid,Liverpool,54.7,3.7,,,,,,,,,,,,,,,
44f53194-fc7a-47d9-86f4-9c7cab36fe9a,Carry,68,32,2,Liverpool,Andrew Robertson,Left Back,0,Real Madrid,Liverpool,54.7,3.7,,,,,,,,,,,57.9,4.0,0.0,,
39ec94ca-879e-4e6f-aaf0-64aa7b0d259f,Pass,68,33,2,Liverpool,Andrew Robertson,Left Back,0,Real Madrid,Liverpool,57.9,4.0,Sadio Mané,Incomplete,,High Pass,Left Foot,103.3,38.3,0.01248344,0.10805102,0.09556758,,,,,
41ab18b5-e471-4f63-b905-da82797809c4,Ball Receipt*,68,36,2,Liverpool,Sadio Mané,Right Wing,0,Real Madrid,Liverpool,103.8,40.4,,,,,,,,,,,,,,,
dbdfe953-6a55-4041-8c59-e11f592db53d,Clearance,68,36,2,Real Madrid,Sergio Ramos García,Left Center Back,1,Real Madrid,Liverpool,16.8,41.8,,,,,,,,,,,,,,,
78072d0d-be48-4315-a710-3a0d9eef5fb4,Pass,69,5,2,Liverpool,James Philip Milner,Left Center Midfield,0,Real Madrid,Liverpool,120.0,0.1,,Incomplete,Corner,High Pass,Right Foot,117.1,43.9,0.0379259,0.25745362,0.21952772,,,,,
73c836a9-594c-494c-a80e-ad7639592890,Goal Keeper,69,7,2,Real Madrid,Keylor Navas Gamboa,Goalkeeper,0,Real Madrid,Liverpool,3.0,36.2,,,,,,,,,,,,,,,
fbf16292-8545-424b-81f7-46c4050a9125,Pass,69,30,2,Liverpool,Trent Alexander-Arnold,Right Back,0,Real Madrid,Liverpool,98.0,80.0,Sadio Mané,,Throw-in,Low Pass,,96.6,65.6,0.02756312,0.02953272,0.001969599999999998,,,,,
3c67fb45-3e08-486a-8cc1-5626d81b45bc,Ball Receipt*,69,31,2,Liverpool,Sadio Mané,Right Wing,0,Real Madrid,Liverpool,96.6,65.6,,,,,,,,,,,,,,,
63bb6b3c-f780-4f88-9980-c57903ed2d55,Carry,69,31,2,Liverpool,Sadio Mané,Right Wing,1,Real Madrid,Liverpool,96.6,65.6,,,,,,,,,,,93.7,69.7,0.0,,
0e195b68-451f-470f-8e5a-c6fb1ea5cfbf,Pressure,69,32,2,Real Madrid,Carlos Henrique Casimiro,Center Defensive Midfield,0,Real Madrid,Liverpool,22.1,13.0,,,,,,,,,,,,,,,
26ff3f7b-5a9c-42a9-92fd-81962f1baba2,Pass,69,35,2,Liverpool,Sadio Mané,Right Wing,0,Real Madrid,Liverpool,93.7,69.7,Georginio Wijnaldum,,,Ground Pass,Right Foot,105.9,63.9,0.02953272,0.04066992,0.0111372,,,,,
24cbb3e5-edd7-4764-83d2-9f0d70a1b879,Ball Receipt*,69,36,2,Liverpool,Georginio Wijnaldum,Right Center Midfield,0,Real Madrid,Liverpool,105.9,63.9,,,,,,,,,,,,,,,
4f85a358-689a-4c28-a665-918fa0c28d95,Carry,69,36,2,Liverpool,Georginio Wijnaldum,Right Center Midfield,1,Real Madrid,Liverpool,105.9,63.9,,,,,,,,,,,104.2,58.6,0.01424146,,
3f86fef9-1cba-40b6-b5a1-9f8990ef4870,Pressure,69,36,2,Real Madrid,Luka Modrić,Right Center Midfield,0,Real Madrid,Liverpool,16.5,18.0,,,,,,,,,,,,,,,
bdf21c81-efe1-4b7d-8245-3fddaaa29528,Pass,69,38,2,Liverpool,Georginio Wijnaldum,Right Center Midfield,0,Real Madrid,Liverpool,104.2,58.6,Sadio Mané,,,Ground Pass,Right Foot,98.0,54.2,0.05491138,0.02855202,-0.02635936,,,,,
4ee942b3-e4a5-4327-9ad7-568001968483,Pressure,69,39,2,Real Madrid,Carlos Henrique Casimiro,Center Defensive Midfield,0,Real Madrid,Liverpool,20.6,24.2,,,,,,,,,,,,,,,
a38fbdc0-f229-4936-a9d5-0303fd4a5ded,Ball Receipt*,69,39,2,Liverpool,Sadio Mané,Right Wing,1,Real Madrid,Liverpool,98.0,54.2,,,,,,,,,,,,,,,
2b4166c8-8f91-49e4-af1d-aad9058dd81e,Carry,69,39,2,Liverpool,Sadio Mané,Right Wing,1,Real Madrid,Liverpool,98.0,54.2,,,,,,,,,,,98.8,47.5,0.006561239999999999,,
650a2dc2-e5bb-4fac-9259-afbc03bdc322,Shot,69,40,2,Liverpool,Sadio Mané,Right Wing,0,Real Madrid,Liverpool,98.8,47.5,,,,,,,,,,,,,,0.04298672,Post
b0ce2922-fa32-40b7-b2bd-2851ae56a976,Goal Keeper,69,41,2,Real Madrid,Keylor Navas Gamboa,Goalkeeper,0,Real Madrid,Liverpool,1.1,38.1,,,,,,,,,,,,,,,
19d930e6-a15c-4837-9e4d-a2d8e6e4bb1a,Pressure,69,42,2,Liverpool,Andrew Robertson,Left Back,0,Real Madrid,Liverpool,107.1,21.3,,,,,,,,,,,,,,,
d28ea23b-fc06-4878-9e2b-a203a60b1008,Ball Recovery,69,44,2,Real Madrid,Gareth Frank Bale,Right Wing,1,Real Madrid,Liverpool,3.4,64.9,,,,,,,,,,,,,,,
89a2ea23-eda3-48d7-8cee-709a195653ec,Pass,70,11,2,Liverpool,James Philip Milner,Left Center Midfield,0,Real Madrid,Liverpool,120.0,0.1,,Incomplete,Corner,High Pass,Right Foot,117.7,42.5,0.0379259,0.25745362,0.21952772,,,,,
b50497c2-c43c-4585-8943-50ac0f545af0,Goal Keeper,70,13,2,Real Madrid,Keylor Navas Gamboa,Goalkeeper,0,Real Madrid,Liverpool,2.4,37.6,,,,,,,,,,,,,,,
5bdbb0f1-7cca-48bf-bf4f-abbaed872621,Carry,70,13,2,Real Madrid,Keylor Navas Gamboa,Goalkeeper,0,Real Madrid,Liverpool,2.4,37.6,,,,,,,,,,,15.9,36.2,0.00141666,,
4f29ca48-c7bf-4a6b-889a-9626c1cad292,Pass,70,17,2,Real Madrid,Keylor Navas Gamboa,Goalkeeper,0,Real Madrid,Liverpool,15.9,36.2,Luka Modrić,Out,,Low Pass,Keeper Arm,40.5,79.8,0.01082722,0.01126267,0.0004354500000000004,,,,,
bd9c8a5d-b249-455f-9556-3d7b35f55410,Ball Receipt*,70,21,2,Real Madrid,Luka Modrić,Right Center Midfield,0,Real Madrid,Liverpool,40.3,77.3,,,,,,,,,,,,,,,
16515a2d-470f-4850-bfb8-d76c8dffd14d,Pass,70,34,2,Liverpool,Andrew Robertson,Left Back,0,Real Madrid,Liverpool,75.7,0.1,Virgil van Dijk,,Throw-in,Low Pass,,45.0,12.5,0.0174506,0.01214719,-0.00530341,,,,,
86b58a50-4b47-4616-8408-4bc825244491,Ball Receipt*,70,36,2,Liverpool,Virgil van Dijk,Left Center Back,0,Real Madrid,Liverpool,45.0,12.5,,,,,,,,,,,,,,,
df1067c7-6037-4784-bfdd-f88fbaa7de81,Pass,70,36,2,Liverpool,Virgil van Dijk,Left Center Back,0,Real Madrid,Liverpool,45.0,12.5,Andrew Robertson,,,Ground Pass,Right Foot,49.4,5.6,0.01214719,0.01126267,-0.0008845199999999998,,,,,
5e4c61ca-a803-4a5e-a7dd-0c00c9ee69f0,Ball Receipt*,70,37,2,Liverpool,Andrew Robertson,Left Back,0,Real Madrid,Liverpool,49.4,5.6,,,,,,,,,,,,,,,
8b19cef4-1ac7-4975-aa40-99c473711201,Pass,70,38,2,Liverpool,Andrew Robertson,Left Back,0,Real Madrid,Liverpool,50.3,5.6,Adam David Lallana,,,Ground Pass,Left Foot,63.5,21.0,0.01248344,0.01685596,0.00437252,,,,,
843f20be-24a9-42ea-8f52-c24b66d0ae45,Ball Receipt*,70,39,2,Liverpool,Adam David Lallana,Left Wing,0,Real Madrid,Liverpool,63.5,21.0,,,,,,,,,,,,,,,
a393ce6d-407d-4ab7-8eff-dbf2063a4e08,Carry,70,39,2,Liverpool,Adam David Lallana,Left Wing,0,Real Madrid,Liverpool,63.5,21.0,,,,,,,,,,,61.1,32.5,3.931999999999894e-05,,
45c53ce9-0784-452c-a1d2-092cb52dd4f4,Pass,70,41,2,Liverpool,Adam David Lallana,Left Wing,0,Real Madrid,Liverpool,61.1,32.5,Georginio Wijnaldum,,,Ground Pass,Left Foot,64.1,46.2,0.01689528,0.01689528,0.0,,,,,
d6c88349-0239-4b34-a531-372d8a9376bd,Ball Receipt*,70,42,2,Liverpool,Georginio Wijnaldum,Right Center Midfield,0,Real Madrid,Liverpool,64.1,46.2,,,,,,,,,,,,,,,
1946305c-7873-4bfc-aee3-ab92f25ca0f6,Carry,70,42,2,Liverpool,Georginio Wijnaldum,Right Center Midfield,0,Real Madrid,Liverpool,64.1,46.2,,,,,,,,,,,77.5,55.1,0.002456040000000003,,
5c60a4b8-1030-4e3a-8296-d62b0d2bb701,Pass,70,45,2,Liverpool,Georginio Wijnaldum,Right Center Midfield,0,Real Madrid,Liverpool,77.5,55.1,Trent Alexander-Arnold,,,Ground Pass,Left Foot,90.9,74.7,0.01935132,0.02756312,0.008211799999999998,,,,,
9e941ddd-8b50-420d-acf6-6429f732373d,Ball Receipt*,70,47,2,Liverpool,Trent Alexander-Arnold,Right Back,0,Real Madrid,Liverpool,90.9,74.7,,,,,,,,,,,,,,,
22102734-b002-41bc-9b2a-31c024cccb9e,Carry,70,47,2,Liverpool,Trent Alexander-Arnold,Right Back,0,Real Madrid,Liverpool,90.9,74.7,,,,,,,,,,,93.7,73.2,0.0,,
d3ba4370-de3c-4dbf-80cc-e63f6123a830,Pass,70,49,2,Liverpool,Trent Alexander-Arnold,Right Back,0,Real Madrid,Liverpool,93.7,73.2,Georginio Wijnaldum,,,Ground Pass,Right Foot,93.7,58.6,0.02756312,0.02855202,0.0009889000000000009,,,,,
1c50645f-d105-41e7-a362-25cfe065e212,Pressure,70,49,2,Real Madrid,Toni Kroos,Left Center Midfield,0,Real Madrid,Liverpool,27.1,23.6,,,,,,,,,,,,,,,
82bd802f-99f3-46b7-93da-0a909ecd1397,Ball Receipt*,70,49,2,Liverpool,Georginio Wijnaldum,Right Center Midfield,1,Real Madrid,Liverpool,93.7,58.6,,,,,,,,,,,,,,,
24ab512c-4ee8-444d-a29f-dea96e992332,Carry,70,49,2,Liverpool,Georginio Wijnaldum,Right Center Midfield,1,Real Madrid,Liverpool,93.7,58.6,,,,,,,,,,,79.6,74.3,-0.01110142,,
d6de7633-4ec0-4d97-873c-afa0d2f5e65d,Pressure,70,51,2,Real Madrid,Carlos Henrique Casimiro,Center Defensive Midfield,0,Real Madrid,Liverpool,23.5,20.6,,,,,,,,,,,,,,,
fc11de4c-449c-458e-99fa-2431f8428c4d,Pressure,70,53,2,Real Madrid,Karim Benzema,Center Forward,0,Real Madrid,Liverpool,40.8,11.8,,,,,,,,,,,,,,,
f3608bb2-0e97-40ab-9a7b-2eef8cad6ade,Pass,70,53,2,Liverpool,Georginio Wijnaldum,Right Center Midfield,0,Real Madrid,Liverpool,79.6,74.3,Dejan Lovren,,,Low Pass,Left Foot,42.7,58.8,0.0174506,0.01269174,-0.00475886,,,,,
2c5e05c8-e115-4086-b121-5a43c23f3955,Ball Receipt*,70,56,2,Liverpool,Dejan Lovren,Right Center Back,0,Real Madrid,Liverpool,42.7,58.8,,,,,,,,,,,,,,,
8ecf95b4-ab1a-420c-99c0-e6c379305100,Carry,70,56,2,Liverpool,Dejan Lovren,Right Center Back,0,Real Madrid,Liverpool,42.7,58.8,,,,,,,,,,,42.7,57.0,0.0,,
adf50d48-082c-4e1a-b608-e03877923a36,Pass,70,59,2,Liverpool,Dejan Lovren,Right Center Back,0,Real Madrid,Liverpool,42.7,57.0,Jordan Brian Henderson,,,Ground Pass,Right Foot,54.9,47.8,0.01269174,0.01484598,0.00215424,,,,,
31430568-7dfe-4cc8-b51d-00dcd71124a3,Ball Receipt*,71,1,2,Liverpool,Jordan Brian Henderson,Center Defensive Midfield,0,Real Madrid,Liverpool,54.9,47.8,,,,,,,,,,,,,,,
cd0ffa88-0643-439a-b4a3-e856558762f8,Carry,71,1,2,Liverpool,Jordan Brian Henderson,Center Defensive Midfield,0,Real Madrid,Liverpool,54.9,47.8,,,,,,,,,,,49.6,50.1,-0.00215424,,
255e334f-eb26-45a9-9819-3a8f62e42ec7,Pass,71,1,2,Liverpool,Jordan Brian Henderson,Center Defensive Midfield,0,Real Madrid,Liverpool,49.6,50.1,Dejan Lovren,,,Ground Pass,Right Foot,41.1,55.9,0.01269174,0.01269174,0.0,,,,,
554c626c-56fd-438e-9818-e55dfe66f5fd,Ball Receipt*,71,2,2,Liverpool,Dejan Lovren,Right Center Back,0,Real Madrid,Liverpool,41.1,55.9,,,,,,,,,,,,,,,
41b39792-cec7-42e2-8f7e-507516452314,Carry,71,2,2,Liverpool,Dejan Lovren,Right Center Back,0,Real Madrid,Liverpool,41.1,55.9,,,,,,,,,,,38.3,54.5,-0.001587119999999999,,
80213b2a-0332-4c59-9c86-cd6ef069287f,Pass,71,3,2,Liverpool,Dejan Lovren,Right Center Back,0,Real Madrid,Liverpool,38.3,54.5,Loris Karius,,,Ground Pass,Right Foot,12.7,41.8,0.01110462,0.01082722,-0.0002774000000000006,,,,,
28017835-4f80-4efe-9ecf-5db5aff152c7,Ball Receipt*,71,5,2,Liverpool,Loris Karius,Goalkeeper,0,Real Madrid,Liverpool,12.7,41.8,,,,,,,,,,,,,,,
d88c54e2-28d5-4962-9e67-5e2f178573d2,Carry,71,5,2,Liverpool,Loris Karius,Goalkeeper,0,Real Madrid,Liverpool,12.7,41.8,,,,,,,,,,,15.3,45.4,0.0,,
fb353285-833b-48ec-acc9-d171b761a54c,Pass,71,9,2,Liverpool,Loris Karius,Goalkeeper,0,Real Madrid,Liverpool,15.3,45.4,Georginio Wijnaldum,,,Low Pass,Right Foot,42.0,75.9,0.01082722,0.01126267,0.0004354500000000004,,,,,
df3c312c-50f7-4a16-bcf0-5a2b87c52a50,Ball Receipt*,71,11,2,Liverpool,Georginio Wijnaldum,Right Center Midfield,0,Real Madrid,Liverpool,42.0,75.9,,,,,,,,,,,,,,,
fdbd68a8-1ffe-4ffc-b017-fc839dc9f4e6,Carry,71,11,2,Liverpool,Georginio Wijnaldum,Right Center Midfield,0,Real Madrid,Liverpool,42.0,75.9,,,,,,,,,,,42.7,74.7,0.0,,
430ae883-458b-4996-a6e5-3059c9f5a114,Pass,71,13,2,Liverpool,Georginio Wijnaldum,Right Center Midfield,0,Real Madrid,Liverpool,42.7,74.7,Dejan Lovren,,,Ground Pass,Right Foot,37.4,67.4,0.01126267,0.0105949,-0.0006677699999999998,,,,,
bd2e6c48-a3eb-4425-963f-794efb4c23e0,Ball Receipt*,71,14,2,Liverpool,Dejan Lovren,Right Center Back,0,Real Madrid,Liverpool,37.4,67.4,,,,,,,,,,,,,,,
5c90efc1-7b4d-40d8-8710-f0e52820021e,Carry,71,14,2,Liverpool,Dejan Lovren,Right Center Back,0,Real Madrid,Liverpool,37.4,67.4,,,,,,,,,,,42.3,67.1,0.00155229,,
74f2b6bb-3c9a-463b-b867-54f416627090,Pass,71,16,2,Liverpool,Dejan Lovren,Right Center Back,0,Real Madrid,Liverpool,42.3,67.1,Roberto Firmino Barbosa de Oliveira,Incomplete,,High Pass,Right Foot,97.1,55.4,0.01214719,0.02855202,0.01640483,,,,,
736649c9-083f-4242-b6ac-ed4273e9e4de,Ball Receipt*,71,19,2,Liverpool,Roberto Firmino Barbosa de Oliveira,Center Forward,0,Real Madrid,Liverpool,98.9,52.7,,,,,,,,,,,,,,,
79da6ae4-ef89-47dd-906c-10f4b7c402bb,Pass,71,19,2,Real Madrid,Raphaël Varane,Right Center Back,0,Real Madrid,Liverpool,23.0,24.7,Sergio Ramos García,,Recovery,Low Pass,Head,22.1,10.4,0.01001304,0.00942382,-0.0005892200000000014,,,,,
0245d0aa-717c-4697-afdb-a24b5291b079,Pressure,71,20,2,Liverpool,Andrew Robertson,Left Back,0,Real Madrid,Liverpool,92.7,63.9,,,,,,,,,,,,,,,
14bb0410-5198-4a32-abf4-96d97c36cad3,Ball Receipt*,71,21,2,Real Madrid,Sergio Ramos García,Left Center Back,1,Real Madrid,Liverpool,22.1,10.4,,,,,,,,,,,,,,,
e6ef0b23-4b41-4961-8729-eb5221d9c707,Pass,71,21,2,Real Madrid,Sergio Ramos García,Left Center Back,1,Real Madrid,Liverpool,22.1,9.3,,Incomplete,,Low Pass,Left Foot,49.3,12.5,0.00844854,0.01214719,0.003698650000000001,,,,,
be4da080-4140-48dc-81b8-955fe15bbc5b,Ball Recovery,71,22,2,Liverpool,Georginio Wijnaldum,Right Center Midfield,0,Real Madrid,Liverpool,70.8,67.6,,,,,,,,,,,,,,,
0867ab44-3798-461a-994e-2e0b4a4aa425,Carry,71,22,2,Liverpool,Georginio Wijnaldum,Right Center Midfield,0,Real Madrid,Liverpool,70.8,67.6,,,,,,,,,,,83.7,59.1,0.005418929999999999,,
274c8cfb-59e0-4a43-9d02-be2c9ec85ad2,Pass,71,25,2,Liverpool,Georginio Wijnaldum,Right Center Midfield,0,Real Madrid,Liverpool,83.7,59.1,Roberto Firmino Barbosa de Oliveira,Incomplete,,Ground Pass,Right Foot,86.0,58.8,0.0241224,0.0241224,0.0,,,,,
aa8baa88-3494-4259-a869-a163c19f3d58,Ball Receipt*,71,25,2,Liverpool,Roberto Firmino Barbosa de Oliveira,Center Forward,0,Real Madrid,Liverpool,98.9,58.8,,,,,,,,,,,,,,,
18bd76df-ce4a-4c7d-9f26-a9628ffe8738,Block,71,25,2,Real Madrid,Carlos Henrique Casimiro,Center Defensive Midfield,0,Real Madrid,Liverpool,34.1,21.3,,,,,,,,,,,,,,,
c992cd7c-2afc-4dca-8f2b-359fc6109e99,Pass,71,27,2,Real Madrid,Raphaël Varane,Right Center Back,0,Real Madrid,Liverpool,21.4,25.6,Toni Kroos,,Recovery,Low Pass,Right Foot,35.5,12.1,0.01001304,0.0105949,0.00058186,,,,,
c276f5b9-dff8-47a3-bad7-96bb2cdb0f35,Ball Receipt*,71,28,2,Real Madrid,Toni Kroos,Left Center Midfield,0,Real Madrid,Liverpool,35.5,12.1,,,,,,,,,,,,,,,
8409f696-4410-41e7-b1bd-89ccd6191f34,Carry,71,28,2,Real Madrid,Toni Kroos,Left Center Midfield,0,Real Madrid,Liverpool,35.5,12.1,,,,,,,,,,,35.5,16.6,0.0,,
5a8a67bd-12f9-488c-a4da-f2beee656692,Pass,71,30,2,Real Madrid,Toni Kroos,Left Center Midfield,0,Real Madrid,Liverpool,35.5,16.6,José Ignacio Fernández Iglesias,,,Ground Pass,Right Foot,28.5,47.1,0.0105949,0.01016549,-0.0004294100000000016,,,,,
649a771b-1709-40d4-a50c-8bab75c07f73,Ball Receipt*,71,31,2,Real Madrid,José Ignacio Fernández Iglesias,Right Back,0,Real Madrid,Liverpool,28.5,47.1,,,,,,,,,,,,,,,
a281208b-642f-4d20-b1e9-03928550a8c7,Carry,71,31,2,Real Madrid,José Ignacio Fernández Iglesias,Right Back,0,Real Madrid,Liverpool,28.5,47.1,,,,,,,,,,,29.7,50.3,-0.0001524499999999984,,
ad666ca4-686d-432d-a759-aff84e9c1b34,Pass,71,32,2,Real Madrid,José Ignacio Fernández Iglesias,Right Back,0,Real Madrid,Liverpool,29.7,50.3,Luka Modrić,,,Ground Pass,Right Foot,42.8,57.6,0.01001304,0.01269174,0.002678699999999999,,,,,
168ccc5a-cb38-4657-83ca-b5ba1fc326e6,Ball Receipt*,71,33,2,Real Madrid,Luka Modrić,Right Center Midfield,0,Real Madrid,Liverpool,42.8,57.6,,,,,,,,,,,,,,,
b0c20825-eb7a-4e1b-95fd-a0f0baccd39b,Carry,71,33,2,Real Madrid,Luka Modrić,Right Center Midfield,0,Real Madrid,Liverpool,42.8,57.6,,,,,,,,,,,48.1,62.8,-0.0005445499999999995,,
e605c579-fe2a-4637-a888-a6a386a60372,Pass,71,35,2,Real Madrid,Luka Modrić,Right Center Midfield,0,Real Madrid,Liverpool,48.1,62.8,Cristiano Ronaldo dos Santos Aveiro,,,Low Pass,Right Foot,91.9,71.1,0.01214719,0.02756312,0.01541593,,,,,
3ade71e6-db8e-4efd-904b-cd8b1aebd288,Ball Receipt*,71,38,2,Real Madrid,Cristiano Ronaldo dos Santos Aveiro,Left Wing,0,Real Madrid,Liverpool,91.9,71.1,,,,,,,,,,,,,,,
88b0179f-73df-43ef-b31d-aacd8b73af86,Carry,71,38,2,Real Madrid,Cristiano Ronaldo dos Santos Aveiro,Left Wing,1,Real Madrid,Liverpool,91.9,71.1,,,,,,,,,,,111.2,57.3,0.03686283,,
3cb735af-5bd5-49e2-9991-1a7f1086ade5,Pressure,71,40,2,Liverpool,Virgil van Dijk,Left Center Back,0,Real Madrid,Liverpool,15.1,21.9,,,,,,,,,,,,,,,
7d188ccb-46a9-45d3-be8e-80fcb83a2c3a,Miscontrol,71,41,2,Real Madrid,Cristiano Ronaldo dos Santos Aveiro,Left Wing,1,Real Madrid,Liverpool,111.2,57.3,,,,,,,,,,,,,,,
579be187-e16a-4e9e-bfae-8502e1b3d637,Pass,71,53,2,Liverpool,Loris Karius,Goalkeeper,0,Real Madrid,Liverpool,7.0,44.1,Dejan Lovren,,Goal Kick,Ground Pass,Right Foot,23.6,59.8,0.00941056,0.01001304,0.0006024800000000007,,,,,
df59d9a2-3d65-4c87-93a9-c15b7ae7ed8e,Ball Receipt*,71,56,2,Liverpool,Dejan Lovren,Right Center Back,0,Real Madrid,Liverpool,23.6,59.8,,,,,,,,,,,,,,,
e79c89ee-9144-4221-8bc3-18a3e4e3e5bc,Pass,71,56,2,Liverpool,Dejan Lovren,Right Center Back,0,Real Madrid,Liverpool,35.1,53.8,Trent Alexander-Arnold,,,Low Pass,Right Foot,47.6,76.8,0.01110462,0.01126267,0.0001580499999999999,,,,,
a3d88215-f525-4a7d-9cf2-2159f36fbc42,Ball Receipt*,71,59,2,Liverpool,Trent Alexander-Arnold,Right Back,0,Real Madrid,Liverpool,47.6,76.8,,,,,,,,,,,,,,,
63dbd1bf-bf27-4239-b334-2928603d10bd,Pass,72,0,2,Liverpool,Trent Alexander-Arnold,Right Back,0,Real Madrid,Liverpool,46.7,76.1,Jordan Brian Henderson,,,Ground Pass,Right Foot,43.6,56.5,0.01126267,0.01269174,0.001429069999999999,,,,,
be5d0ef3-05c4-491f-a7d5-d49f2b7cab75,Ball Receipt*,72,2,2,Liverpool,Jordan Brian Henderson,Center Defensive Midfield,0,Real Madrid,Liverpool,43.6,56.5,,,,,,,,,,,,,,,
f437b34b-48ae-49a5-b789-03518f64ceb2,Carry,72,2,2,Liverpool,Jordan Brian Henderson,Center Defensive Midfield,0,Real Madrid,Liverpool,43.6,56.5,,,,,,,,,,,48.7,63.0,-0.0005445499999999995,,
700df68b-f222-4f94-8866-15d70b75a919,Pass,72,4,2,Liverpool,Jordan Brian Henderson,Center Defensive Midfield,0,Real Madrid,Liverpool,48.7,63.0,Trent Alexander-Arnold,,,Ground Pass,Left Foot,52.0,74.7,0.01214719,0.01248344,0.0003362499999999997,,,,,
6efa6da6-c70a-4268-b0d6-c66f1b6611f3,Ball Receipt*,72,5,2,Liverpool,Trent Alexander-Arnold,Right Back,0,Real Madrid,Liverpool,52.0,74.7,,,,,,,,,,,,,,,
4d5878ce-9b3d-4455-8fda-204076b9850f,Carry,72,5,2,Liverpool,Trent Alexander-Arnold,Right Back,0,Real Madrid,Liverpool,52.0,74.7,,,,,,,,,,,52.4,74.7,0.0,,
f9ca712e-e088-4d0a-a6b9-006f339beccb,Pass,72,6,2,Liverpool,Trent Alexander-Arnold,Right Back,0,Real Madrid,Liverpool,52.4,74.7,Jordan Brian Henderson,,,Ground Pass,Right Foot,51.2,66.2,0.01248344,0.0138454,0.001361960000000001,,,,,
01e4c75b-d0d0-4a57-b688-17f5642d5abc,Ball Receipt*,72,7,2,Liverpool,Jordan Brian Henderson,Center Defensive Midfield,0,Real Madrid,Liverpool,51.2,66.2,,,,,,,,,,,,,,,
7d9d6d3e-0f1a-403b-ab64-80a5b97127fb,Carry,72,7,2,Liverpool,Jordan Brian Henderson,Center Defensive Midfield,0,Real Madrid,Liverpool,51.2,66.2,,,,,,,,,,,49.6,60.3,-0.00169821,,
a9ecf03e-0f81-4abd-bbb0-342eaa619dea,Pass,72,9,2,Liverpool,Jordan Brian Henderson,Center Defensive Midfield,0,Real Madrid,Liverpool,49.6,60.3,Dejan Lovren,,,Ground Pass,Right Foot,42.9,53.0,0.01214719,0.01269174,0.0005445499999999995,,,,,
cf1b7291-5cc5-4c41-a4b8-75cb187e2af7,Ball Receipt*,72,10,2,Liverpool,Dejan Lovren,Right Center Back,0,Real Madrid,Liverpool,42.9,53.0,,,,,,,,,,,,,,,
4546fb5f-985f-4ced-8e36-46a719583692,Carry,72,10,2,Liverpool,Dejan Lovren,Right Center Back,0,Real Madrid,Liverpool,42.9,53.0,,,,,,,,,,,42.9,53.0,0.0,,
0c227ec9-6ac0-4dce-91dc-0eef3561797b,Pass,72,12,2,Liverpool,Dejan Lovren,Right Center Back,0,Real Madrid,Liverpool,42.9,53.0,Virgil van Dijk,,,Ground Pass,Right Foot,39.1,28.9,0.01269174,0.01110462,-0.001587119999999999,,,,,
b829cf92-b233-4d33-925b-a2eac6628647,Ball Receipt*,72,13,2,Liverpool,Virgil van Dijk,Left Center Back,0,Real Madrid,Liverpool,39.1,28.9,,,,,,,,,,,,,,,
dc1010ca-c512-487a-8cf2-7d6ab7c6abc2,Carry,72,13,2,Liverpool,Virgil van Dijk,Left Center Back,0,Real Madrid,Liverpool,39.1,28.9,,,,,,,,,,,43.6,26.6,0.001587119999999999,,
64b142a2-367c-42d6-a9f4-953cb642187d,Pass,72,16,2,Liverpool,Virgil van Dijk,Left Center Back,0,Real Madrid,Liverpool,43.6,26.6,James Philip Milner,,,Ground Pass,Right Foot,49.9,5.6,0.01269174,0.01126267,-0.001429069999999999,,,,,
d83b482e-4df7-4b86-8a7f-83cbd5598278,Ball Receipt*,72,17,2,Liverpool,James Philip Milner,Left Center Midfield,0,Real Madrid,Liverpool,49.9,5.6,,,,,,,,,,,,,,,
ce971dbb-81d3-46b5-a3f4-d09e39da986f,Carry,72,17,2,Liverpool,James Philip Milner,Left Center Midfield,0,Real Madrid,Liverpool,49.9,5.6,,,,,,,,,,,49.9,5.6,0.0,,
92f7e150-93d6-40f1-bd36-c7f1a67b6805,Pass,72,18,2,Liverpool,James Philip Milner,Left Center Midfield,0,Real Madrid,Liverpool,49.9,5.6,Loris Karius,,,Low Pass,Right Foot,24.2,32.5,0.01126267,0.01016549,-0.001097180000000001,,,,,
1e6b223c-6505-4ab9-ae1b-d92cd0116088,Ball Receipt*,72,21,2,Liverpool,Loris Karius,Goalkeeper,0,Real Madrid,Liverpool,24.2,32.5,,,,,,,,,,,,,,,
bd044dee-3a45-4398-a29c-7260b449d8c0,Carry,72,21,2,Liverpool,Loris Karius,Goalkeeper,0,Real Madrid,Liverpool,24.2,32.5,,,,,,,,,,,26.2,37.4,0.0,,
003982da-75f9-47ce-95e6-8b2dee64f866,Pass,72,24,2,Liverpool,Loris Karius,Goalkeeper,0,Real Madrid,Liverpool,26.2,37.4,Jordan Brian Henderson,,,Ground Pass,Right Foot,43.2,42.2,0.01016549,0.01262646,0.002460970000000002,,,,,
5e410665-335f-4334-ae37-d1392541be98,Ball Receipt*,72,25,2,Liverpool,Jordan Brian Henderson,Center Defensive Midfield,0,Real Madrid,Liverpool,43.2,42.2,,,,,,,,,,,,,,,
48970763-12be-4b01-8332-36be36807c09,Carry,72,25,2,Liverpool,Jordan Brian Henderson,Center Defensive Midfield,0,Real Madrid,Liverpool,43.2,42.2,,,,,,,,,,,40.9,36.0,0.0,,
ccbd8db5-4857-42d8-8fd7-342c3f2663a3,Pass,72,27,2,Liverpool,Jordan Brian Henderson,Center Defensive Midfield,0,Real Madrid,Liverpool,40.9,36.0,Loris Karius,,,Ground Pass,Right Foot,14.8,37.4,0.01262646,0.01082722,-0.001799240000000001,,,,,
08de0e80-0116-409f-a4e5-64710a38c178,Ball Receipt*,72,30,2,Liverpool,Loris Karius,Goalkeeper,0,Real Madrid,Liverpool,14.8,37.4,,,,,,,,,,,,,,,
c34780b0-e7df-4cba-b809-1d34f9a5a027,Carry,72,30,2,Liverpool,Loris Karius,Goalkeeper,0,Real Madrid,Liverpool,14.8,37.4,,,,,,,,,,,24.5,49.8,-0.000661730000000001,,
04a04642-3948-44ba-8dbf-e15d028d76ba,Pass,72,35,2,Liverpool,Loris Karius,Goalkeeper,0,Real Madrid,Liverpool,24.5,49.8,Roberto Firmino Barbosa de Oliveira,,,High Pass,Right Foot,76.4,60.3,0.01016549,0.01870347,0.00853798,,,,,
d3a430cf-0f0a-4cef-b30b-97be2ce175dd,Ball Receipt*,72,38,2,Liverpool,Roberto Firmino Barbosa de Oliveira,Center Forward,0,Real Madrid,Liverpool,76.4,60.3,,,,,,,,,,,,,,,
6e44df72-3a72-498a-8833-1d9b5a37a1f1,Duel,72,38,2,Real Madrid,Sergio Ramos García,Left Center Back,1,Real Madrid,Liverpool,43.7,19.8,,,,,,,,,,,,,,,
563f4443-8711-46cb-9b51-afd288406aff,Pass,72,38,2,Liverpool,Roberto Firmino Barbosa de Oliveira,Center Forward,1,Real Madrid,Liverpool,76.4,60.3,Georginio Wijnaldum,,,Low Pass,,70.2,67.4,0.01870347,0.01870347,0.0,,,,,
2268523c-c50f-4437-a85f-74122b54ddb6,Ball Receipt*,72,40,2,Liverpool,Georginio Wijnaldum,Right Center Midfield,0,Real Madrid,Liverpool,70.2,67.4,,,,,,,,,,,,,,,
514baf2b-f2ee-4a4e-8e97-1b914f9f6d40,Carry,72,40,2,Liverpool,Georginio Wijnaldum,Right Center Midfield,0,Real Madrid,Liverpool,70.2,67.4,,,,,,,,,,,90.9,58.8,0.009848550000000001,,
a8c7d0c6-1343-4f23-aec9-828a88089009,Pass,72,42,2,Liverpool,Georginio Wijnaldum,Right Center Midfield,0,Real Madrid,Liverpool,90.9,58.8,Roberto Firmino Barbosa de Oliveira,,,Ground Pass,Right Foot,100.6,65.6,0.02855202,0.04066992,0.0121179,,,,,
ce4841f0-babd-42b0-8e20-9d81773e52b6,Ball Receipt*,72,43,2,Liverpool,Roberto Firmino Barbosa de Oliveira,Center Forward,0,Real Madrid,Liverpool,100.6,65.6,,,,,,,,,,,,,,,
85d08fc3-93af-4027-8567-bc0a46318da6,Carry,72,43,2,Liverpool,Roberto Firmino Barbosa de Oliveira,Center Forward,0,Real Madrid,Liverpool,100.6,65.6,,,,,,,,,,,107.1,61.2,0.0,,
cc1f2eb2-a13b-4b7b-8d72-85c99dd60cf3,Pass,72,44,2,Liverpool,Roberto Firmino Barbosa de Oliveira,Center Forward,0,Real Madrid,Liverpool,107.1,61.2,,Incomplete,,Low Pass,Right Foot,108.9,59.1,0.04066992,0.05491138,0.01424146,,,,,
6e8ae693-ed4d-4c9d-a350-c978d7eb0edf,Block,72,45,2,Real Madrid,Carlos Henrique Casimiro,Center Defensive Midfield,0,Real Madrid,Liverpool,11.2,21.0,,,,,,,,,,,,,,,
9a51c25c-b26c-489a-887c-0e538b709f87,Ball Recovery,72,46,2,Liverpool,Roberto Firmino Barbosa de Oliveira,Center Forward,0,Real Madrid,Liverpool,110.7,60.0,,,,,,,,,,,,,,,
312f9c86-6a3c-42b1-bdeb-f92cb1b16a48,Shot,72,46,2,Liverpool,Roberto Firmino Barbosa de Oliveira,Center Forward,0,Real Madrid,Liverpool,110.0,59.4,,,,,,,,,,,,,,0.009025229,Saved
280f7d3a-9bbe-464a-ad04-0b0c5931d36f,Goal Keeper,72,47,2,Real Madrid,Keylor Navas Gamboa,Goalkeeper,0,Real Madrid,Liverpool,1.9,35.8,,,,,,,,,,,,,,,
4507cc44-2fcd-4b02-8baf-33cac8b3abb4,Pass,72,55,2,Real Madrid,Keylor Navas Gamboa,Goalkeeper,0,Real Madrid,Liverpool,8.9,39.7,Carlos Henrique Casimiro,,,High Pass,Right Foot,78.6,24.7,0.00941056,0.01935132,0.009940760000000002,,,,,
f3d46740-4191-446b-a26f-65194197a580,Ball Receipt*,73,0,2,Real Madrid,Carlos Henrique Casimiro,Center Defensive Midfield,0,Real Madrid,Liverpool,78.6,24.7,,,,,,,,,,,,,,,
8795fe5d-4970-49c1-ab62-af5d491ff13f,Pass,73,7,2,Real Madrid,Carlos Henrique Casimiro,Center Defensive Midfield,0,Real Madrid,Liverpool,90.3,23.3,Cristiano Ronaldo dos Santos Aveiro,,,Ground Pass,Right Foot,101.8,42.3,0.02855202,0.10805102,0.079499,,,,,
d96e6dc6-d552-4dcb-a5a1-15b75d4e3ad7,Pressure,73,9,2,Liverpool,Andrew Robertson,Left Back,0,Real Madrid,Liverpool,20.4,34.2,,,,,,,,,,,,,,,
5b4298f1-d80f-4044-b432-2122cd855142,Ball Receipt*,73,9,2,Real Madrid,Cristiano Ronaldo dos Santos Aveiro,Left Wing,1,Real Madrid,Liverpool,101.8,42.3,,,,,,,,,,,,,,,
a7c31750-6ddd-47de-ad85-83870895ba16,Carry,73,9,2,Real Madrid,Cristiano Ronaldo dos Santos Aveiro,Left Wing,1,Real Madrid,Liverpool,101.8,42.3,,,,,,,,,,,107.2,38.6,0.0,,
222c90b6-8293-409a-ac6d-e2c3c2e69948,Shot,73,10,2,Real Madrid,Cristiano Ronaldo dos Santos Aveiro,Left Wing,0,Real Madrid,Liverpool,107.2,38.6,,,,,,,,,,,,,,0.28314868,Blocked
3294a649-4d5e-4c3a-8feb-7bd4c767900e,Block,73,10,2,Liverpool,Andrew Robertson,Left Back,0,Real Madrid,Liverpool,11.9,41.3,,,,,,,,,,,,,,,
69bd8757-cbf9-4588-8ffd-cf393e61c74c,Goal Keeper,73,10,2,Liverpool,Loris Karius,Goalkeeper,0,Real Madrid,Liverpool,7.5,41.2,,,,,,,,,,,,,,,
f2bada23-1a40-4246-b793-892f79d5a5d0,Pass,73,57,2,Real Madrid,Toni Kroos,Left Center Midfield,0,Real Madrid,Liverpool,120.0,0.1,Marcelo Vieira da Silva Júnior,,Corner,Ground Pass,Right Foot,105.0,4.9,0.0379259,0.03485072,-0.003075179999999997,,,,,
25ef0ecf-8d3b-4677-be36-786b594cef6d,Ball Receipt*,73,58,2,Real Madrid,Marcelo Vieira da Silva Júnior,Left Back,0,Real Madrid,Liverpool,105.0,4.9,,,,,,,,,,,,,,,
b5760e12-b5eb-4776-b876-6d5ac66dfca8,Carry,73,58,2,Real Madrid,Marcelo Vieira da Silva Júnior,Left Back,0,Real Madrid,Liverpool,105.0,4.9,,,,,,,,,,,105.0,7.4,0.0,,
fdc50c8f-14ab-40a1-8f9a-becc9fe15bab,Pass,73,59,2,Real Madrid,Marcelo Vieira da Silva Júnior,Left Back,0,Real Madrid,Liverpool,105.0,7.4,Luka Modrić,,,Ground Pass,Left Foot,91.5,20.3,0.03485072,0.02855202,-0.006298700000000001,,,,,
e651b905-a4a1-43da-b89f-e9cffdffa62a,Ball Receipt*,74,0,2,Real Madrid,Luka Modrić,Right Center Midfield,0,Real Madrid,Liverpool,91.5,20.3,,,,,,,,,,,,,,,
7014e3d6-3c28-4c56-bb52-fa9f7775b6e6,Carry,74,0,2,Real Madrid,Luka Modrić,Right Center Midfield,0,Real Madrid,Liverpool,91.5,20.3,,,,,,,,,,,91.9,22.7,0.0,,
39e0d4ed-1266-404a-97e8-7eaab75cf9c0,Pass,74,3,2,Real Madrid,Luka Modrić,Right Center Midfield,0,Real Madrid,Liverpool,91.9,22.7,Marcelo Vieira da Silva Júnior,,,Ground Pass,Right Foot,117.7,11.6,0.02855202,0.04647721,0.01792519,,,,,
35b38eea-a8bd-4fa7-b15c-5f1756f8ddc9,Ball Receipt*,74,5,2,Real Madrid,Marcelo Vieira da Silva Júnior,Left Back,0,Real Madrid,Liverpool,117.7,11.6,,,,,,,,,,,,,,,
be196894-79e2-483f-8d4f-58b2e90f4829,Pass,74,5,2,Real Madrid,Marcelo Vieira da Silva Júnior,Left Back,0,Real Madrid,Liverpool,117.7,11.6,Sergio Ramos García,,,High Pass,Left Foot,107.4,49.6,0.04647721,0.10805102,0.06157381,,,,,
698bc690-7418-409d-86e3-9d22e7b8bbdf,Ball Receipt*,74,7,2,Real Madrid,Sergio Ramos García,Left Center Back,0,Real Madrid,Liverpool,107.4,49.6,,,,,,,,,,,,,,,
0e201ffd-af3a-40b9-8b67-338e9e89b281,Pass,74,9,2,Real Madrid,Sergio Ramos García,Left Center Back,0,Real Madrid,Liverpool,98.8,47.6,José Ignacio Fernández Iglesias,,,Low Pass,Head,85.4,68.7,0.03511326,0.02401521,-0.01109805,,,,,
054eb1cd-064f-472f-8d5a-5b4cdf32a270,Pressure,74,10,2,Liverpool,Trent Alexander-Arnold,Right Back,0,Real Madrid,Liverpool,28.2,16.4,,,,,,,,,,,,,,,
fc49be3f-2dcc-4b55-8f10-5c9581d1d21f,Ball Receipt*,74,11,2,Real Madrid,José Ignacio Fernández Iglesias,Right Back,1,Real Madrid,Liverpool,85.4,68.7,,,,,,,,,,,,,,,
e6813fdb-c21a-463d-834b-025c8fd327ba,Carry,74,11,2,Real Madrid,José Ignacio Fernández Iglesias,Right Back,1,Real Madrid,Liverpool,85.4,68.7,,,,,,,,,,,84.8,68.7,0.0,,
17cac377-3af7-4576-8abe-8b5b9d18b1ac,Foul Committed,74,11,2,Liverpool,Trent Alexander-Arnold,Right Back,0,Real Madrid,Liverpool,35.3,11.4,,,,,,,,,,,,,,,
d4fcab9b-8a45-4d49-9fd9-aac76194cfa6,Foul Won,74,11,2,Real Madrid,José Ignacio Fernández Iglesias,Right Back,1,Real Madrid,Liverpool,84.8,68.7,,,,,,,,,,,,,,,
a0e7bdc5-2e14-4f7f-83b7-4aa7bf34c6b9,Pass,74,53,2,Real Madrid,Toni Kroos,Left Center Midfield,0,Real Madrid,Liverpool,83.6,69.0,Gareth Frank Bale,Pass Offside,Free Kick,High Pass,Right Foot,105.0,54.7,0.02401521,0.05491138,0.03089617,,,,,
487d3dc3-1b48-4032-a8d1-80d9e77a7c64,Ball Receipt*,74,55,2,Real Madrid,Gareth Frank Bale,Right Wing,0,Real Madrid,Liverpool,105.0,54.7,,,,,,,,,,,,,,,
c1a18bb6-4bea-4d6b-80de-82d83dbe1f84,Pass,75,6,2,Liverpool,Loris Karius,Goalkeeper,0,Real Madrid,Liverpool,16.0,39.0,Dejan Lovren,,Free Kick,Ground Pass,Left Foot,20.1,62.3,0.01082722,0.00942382,-0.001403400000000001,,,,,
8def8bf6-a2de-4ad1-970d-31a5e6d0ede6,Ball Receipt*,75,8,2,Liverpool,Dejan Lovren,Right Center Back,0,Real Madrid,Liverpool,20.1,62.3,,,,,,,,,,,,,,,
0a51d0b5-c290-4727-87bd-2554c337a2fa,Carry,75,8,2,Liverpool,Dejan Lovren,Right Center Back,0,Real Madrid,Liverpool,20.1,62.3,,,,,,,,,,,24.2,60.3,0.0,,
813d3674-9289-4083-94a4-a781c13929dd,Pass,75,11,2,Liverpool,Dejan Lovren,Right Center Back,0,Real Madrid,Liverpool,24.2,60.3,Georginio Wijnaldum,,,Ground Pass,Right Foot,47.3,68.5,0.00942382,0.01214719,0.002723370000000001,,,,,
1b796a1b-750b-41b0-bc1b-e38d4992beda,Ball Receipt*,75,12,2,Liverpool,Georginio Wijnaldum,Right Center Midfield,0,Real Madrid,Liverpool,47.3,68.5,,,,,,,,,,,,,,,
e70d4e7f-5185-4bde-b715-3951a27fc482,Carry,75,12,2,Liverpool,Georginio Wijnaldum,Right Center Midfield,0,Real Madrid,Liverpool,47.3,68.5,,,,,,,,,,,56.1,68.0,0.00169821,,
d7a0c92a-6ec2-43bd-a8e4-46eef85e0068,Pass,75,14,2,Liverpool,Georginio Wijnaldum,Right Center Midfield,0,Real Madrid,Liverpool,56.1,68.0,Trent Alexander-Arnold,,,Ground Pass,Right Foot,56.4,77.0,0.0138454,0.01248344,-0.001361960000000001,,,,,
f2fa91f6-c87c-498f-91d9-f36769b6167f,Ball Receipt*,75,15,2,Liverpool,Trent Alexander-Arnold,Right Back,0,Real Madrid,Liverpool,56.4,77.0,,,,,,,,,,,,,,,
cd947b55-64d1-49d1-9d86-177c743cd35f,Carry,75,15,2,Liverpool,Trent Alexander-Arnold,Right Back,0,Real Madrid,Liverpool,56.4,77.0,,,,,,,,,,,56.4,77.0,0.0,,
e4ad6b8b-0d30-4019-8d02-989240562bf0,Pass,75,15,2,Liverpool,Trent Alexander-Arnold,Right Back,0,Real Madrid,Liverpool,56.4,77.0,Georginio Wijnaldum,Incomplete,,Ground Pass,Left Foot,57.3,75.0,0.01248344,0.01248344,0.0,,,,,
5932c106-f916-4f5f-b814-267dba38e446,Ball Receipt*,75,15,2,Liverpool,Georginio Wijnaldum,Right Center Midfield,0,Real Madrid,Liverpool,57.3,71.5,,,,,,,,,,,,,,,
719fda9c-a0ac-44a2-a6f5-3016a26de9a2,Ball Recovery,75,15,2,Real Madrid,Marcelo Vieira da Silva Júnior,Left Back,0,Real Madrid,Liverpool,62.8,5.1,,,,,,,,,,,,,,,
833d8f03-5832-4dab-9a32-3aa8fe969cdc,Carry,75,15,2,Real Madrid,Marcelo Vieira da Silva Júnior,Left Back,0,Real Madrid,Liverpool,62.8,5.1,,,,,,,,,,,63.4,3.7,0.0,,
7547ed01-c82d-491a-827c-5763d441486b,Pass,75,16,2,Real Madrid,Marcelo Vieira da Silva Júnior,Left Back,0,Real Madrid,Liverpool,63.4,3.7,Cristiano Ronaldo dos Santos Aveiro,,,Ground Pass,Left Foot,92.4,2.8,0.01473596,0.02756312,0.01282716,,,,,
9c031ac3-bcea-4010-b842-f100e96b4343,Ball Receipt*,75,19,2,Real Madrid,Cristiano Ronaldo dos Santos Aveiro,Left Wing,0,Real Madrid,Liverpool,92.4,2.8,,,,,,,,,,,,,,,
c663a2a4-674e-4537-ba21-9067eb45e28e,Carry,75,19,2,Real Madrid,Cristiano Ronaldo dos Santos Aveiro,Left Wing,1,Real Madrid,Liverpool,92.4,2.8,,,,,,,,,,,110.8,12.7,0.01891409,,
6a39d24c-d4bf-4379-be97-3cdb0ea68563,Pressure,75,21,2,Liverpool,Jordan Brian Henderson,Center Defensive Midfield,0,Real Madrid,Liverpool,16.0,70.3,,,,,,,,,,,,,,,
f5748a03-f459-4f4c-a46c-7b096aeb85ab,Dribble,75,22,2,Real Madrid,Cristiano Ronaldo dos Santos Aveiro,Left Wing,1,Real Madrid,Liverpool,110.8,12.7,,,,,,,,,,,,,,,
bbe5f416-f30b-46ac-a3ae-ce2d0c4d2e80,Duel,75,22,2,Liverpool,Jordan Brian Henderson,Center Defensive Midfield,1,Real Madrid,Liverpool,9.3,67.4,,,,,,,,,,,,,,,
cc450d97-0618-41d5-a26c-8017932a86cb,Carry,75,22,2,Liverpool,Jordan Brian Henderson,Center Defensive Midfield,0,Real Madrid,Liverpool,9.3,67.4,,,,,,,,,,,8.1,72.9,-0.00111769,,
850d5aea-97b6-4a31-8e9a-c9e32dbd79bb,Pass,75,24,2,Liverpool,Jordan Brian Henderson,Center Defensive Midfield,0,Real Madrid,Liverpool,8.1,72.9,Trent Alexander-Arnold,,,Ground Pass,Right Foot,27.7,74.3,0.00638303,0.00844854,0.00206551,,,,,
1374627a-f91f-407b-ab77-b5c8a8c55e84,Ball Receipt*,75,25,2,Liverpool,Trent Alexander-Arnold,Right Back,0,Real Madrid,Liverpool,27.7,74.3,,,,,,,,,,,,,,,
e850efe3-4913-42ab-9733-7d9d72d1ed67,Carry,75,25,2,Liverpool,Trent Alexander-Arnold,Right Back,0,Real Madrid,Liverpool,27.7,74.3,,,,,,,,,,,34.7,77.0,0.001328050000000001,,
08d8cb65-b56a-4efa-b6de-4117c776b770,Pass,75,27,2,Liverpool,Trent Alexander-Arnold,Right Back,0,Real Madrid,Liverpool,34.7,77.0,Roberto Firmino Barbosa de Oliveira,Incomplete,,High Pass,Right Foot,84.9,59.8,0.00977659,0.0241224,0.01434581,,,,,
04abe69f-d8f8-4f5a-8db4-05bea6fce608,Ball Receipt*,75,30,2,Liverpool,Roberto Firmino Barbosa de Oliveira,Center Forward,0,Real Madrid,Liverpool,83.3,57.9,,,,,,,,,,,,,,,
3e191aaa-ec4b-4d74-bf53-4e26797981b1,Pass,75,30,2,Real Madrid,Sergio Ramos García,Left Center Back,0,Real Madrid,Liverpool,35.2,20.3,Carlos Henrique Casimiro,,Recovery,High Pass,Head,42.8,13.6,0.01110462,0.01214719,0.00104257,,,,,
4d2e2711-8b24-439c-972e-592021f431ab,Pressure,75,31,2,Liverpool,Adam David Lallana,Left Wing,0,Real Madrid,Liverpool,75.7,63.2,,,,,,,,,,,,,,,
1fa63a71-821f-4088-a4d5-c4d4d71a122c,Ball Receipt*,75,32,2,Real Madrid,Carlos Henrique Casimiro,Center Defensive Midfield,1,Real Madrid,Liverpool,42.8,13.6,,,,,,,,,,,,,,,
d6f92c7a-04c6-44fa-bbdd-80dc3741956d,Pass,75,32,2,Real Madrid,Carlos Henrique Casimiro,Center Defensive Midfield,1,Real Madrid,Liverpool,41.9,13.4,Marcelo Vieira da Silva Júnior,Unknown,,Low Pass,Right Foot,42.6,12.7,0.01214719,0.01214719,0.0,,,,,
d75a30d5-ccf8-415f-8f58-68fc53b1a942,Ball Receipt*,75,32,2,Real Madrid,Marcelo Vieira da Silva Júnior,Left Back,0,Real Madrid,Liverpool,49.7,3.7,,,,,,,,,,,,,,,
45e98d4f-4902-4d21-b8a1-b55677d46497,Foul Committed,75,33,2,Liverpool,Adam David Lallana,Left Wing,0,Real Madrid,Liverpool,77.8,67.4,,,,,,,,,,,,,,,
7ed8fd5c-618c-4ca2-bd73-0c90bbb12a08,Pass,76,4,2,Real Madrid,Sergio Ramos García,Left Center Back,0,Real Madrid,Liverpool,41.4,10.2,Karim Benzema,Incomplete,Free Kick,High Pass,Right Foot,87.7,23.6,0.01214719,0.0241224,0.01197521,,,,,
a30601fa-a59d-4c9c-9ebb-fdbd73ffc343,Ball Receipt*,76,8,2,Real Madrid,Karim Benzema,Center Forward,0,Real Madrid,Liverpool,89.4,22.4,,,,,,,,,,,,,,,
2b5a1301-51ba-4ff8-8aba-0b85a53e86d1,Pass,76,8,2,Liverpool,Dejan Lovren,Right Center Back,0,Real Madrid,Liverpool,32.4,56.5,Georginio Wijnaldum,,Recovery,High Pass,Head,46.4,67.1,0.01110462,0.01214719,0.00104257,,,,,
d9ca9ff9-447c-496f-b975-ed1354120a74,Ball Receipt*,76,10,2,Liverpool,Georginio Wijnaldum,Right Center Midfield,0,Real Madrid,Liverpool,46.4,67.1,,,,,,,,,,,,,,,
915b93af-7a75-49e6-92f7-4b2676376b11,Pass,76,10,2,Liverpool,Georginio Wijnaldum,Right Center Midfield,0,Real Madrid,Liverpool,46.4,67.1,Trent Alexander-Arnold,,,Low Pass,Right Foot,35.3,72.7,0.01214719,0.00977659,-0.0023706,,,,,
2103b925-4c8b-4a4e-a44d-c497e14778de,Ball Receipt*,76,11,2,Liverpool,Trent Alexander-Arnold,Right Back,0,Real Madrid,Liverpool,35.3,72.7,,,,,,,,,,,,,,,
8d342e8c-01cf-4e80-88cd-0aa8b2d6625c,Carry,76,11,2,Liverpool,Trent Alexander-Arnold,Right Back,1,Real Madrid,Liverpool,35.3,72.7,,,,,,,,,,,35.8,75.0,0.0,,
91afe99d-16ae-440d-b0a5-c69e476dc38d,Pressure,76,12,2,Real Madrid,Karim Benzema,Center Forward,0,Real Madrid,Liverpool,84.8,9.8,,,,,,,,,,,,,,,
93317525-e62b-44de-914c-6893ed3ee835,Pass,76,12,2,Liverpool,Trent Alexander-Arnold,Right Back,0,Real Madrid,Liverpool,35.8,75.0,Roberto Firmino Barbosa de Oliveira,,,Ground Pass,Right Foot,56.1,78.2,0.00977659,0.01248344,0.00270685,,,,,
9b8e1c57-a3cf-4bf7-b582-327257f2a584,Pressure,76,14,2,Real Madrid,Marcelo Vieira da Silva Júnior,Left Back,0,Real Madrid,Liverpool,62.2,4.0,,,,,,,,,,,,,,,
f86f7b5b-e872-4c24-a397-80d798024637,Ball Receipt*,76,14,2,Liverpool,Roberto Firmino Barbosa de Oliveira,Center Forward,1,Real Madrid,Liverpool,56.1,78.2,,,,,,,,,,,,,,,
c67d63cc-dcc3-4df5-85b3-23f974b62fef,Carry,76,14,2,Liverpool,Roberto Firmino Barbosa de Oliveira,Center Forward,1,Real Madrid,Liverpool,56.1,78.2,,,,,,,,,,,55.6,78.5,0.0,,
8118e2b7-b917-4c0f-8a70-4c7a7ebc443a,Pass,76,15,2,Liverpool,Roberto Firmino Barbosa de Oliveira,Center Forward,0,Real Madrid,Liverpool,55.6,78.5,Georginio Wijnaldum,Incomplete,,Ground Pass,Right Foot,57.6,64.1,0.01248344,0.0138454,0.001361960000000001,,,,,
5a028d1a-028b-4752-9657-99fb18184798,Ball Receipt*,76,16,2,Liverpool,Georginio Wijnaldum,Right Center Midfield,0,Real Madrid,Liverpool,56.4,68.0,,,,,,,,,,,,,,,
7f1aa5b0-6775-4003-9615-a2cce42c9707,Pass,76,16,2,Real Madrid,Carlos Henrique Casimiro,Center Defensive Midfield,0,Real Madrid,Liverpool,62.5,16.0,Luka Modrić,,Recovery,Ground Pass,Right Foot,64.5,21.5,0.01611813,0.01685596,0.0007378299999999983,,,,,
61a29a31-509b-46d0-8d84-94e4c351cd1d,Ball Receipt*,76,17,2,Real Madrid,Luka Modrić,Right Center Midfield,0,Real Madrid,Liverpool,64.5,21.5,,,,,,,,,,,,,,,
f07ca032-b500-4d92-9a54-ccba26a8bb94,Carry,76,17,2,Real Madrid,Luka Modrić,Right Center Midfield,1,Real Madrid,Liverpool,64.5,21.5,,,,,,,,,,,63.7,27.4,0.0,,
d3d5e861-338b-44c0-84fb-b82272b4b8f1,Pressure,76,18,2,Liverpool,Roberto Firmino Barbosa de Oliveira,Center Forward,0,Real Madrid,Liverpool,56.1,59.1,,,,,,,,,,,,,,,
8cd76478-4303-490d-a891-ad01e8cf73c9,Dispossessed,76,19,2,Real Madrid,Luka Modrić,Right Center Midfield,1,Real Madrid,Liverpool,63.7,27.4,,,,,,,,,,,,,,,
1049c0d6-6441-4f29-a307-9b097bfb2ad9,Duel,76,19,2,Liverpool,Roberto Firmino Barbosa de Oliveira,Center Forward,1,Real Madrid,Liverpool,56.4,52.7,,,,,,,,,,,,,,,
3d0268ad-bfd7-472f-ac22-8191919b506e,Ball Recovery,76,21,2,Liverpool,Adam David Lallana,Left Wing,0,Real Madrid,Liverpool,62.0,38.3,,,,,,,,,,,,,,,
96037a0b-aab5-45b1-956e-424ef15c6b48,Carry,76,21,2,Liverpool,Adam David Lallana,Left Wing,0,Real Madrid,Liverpool,62.0,38.3,,,,,,,,,,,63.5,40.7,0.0,,
30bd6bdf-6459-4fc5-bba3-e6d277fd2855,Pass,76,22,2,Liverpool,Adam David Lallana,Left Wing,0,Real Madrid,Liverpool,63.5,40.7,James Philip Milner,,,Ground Pass,Right Foot,56.4,39.8,0.01689528,0.01484598,-0.002049299999999999,,,,,
c5653eb5-f4e5-40f9-91ad-49a09b0f3388,Ball Receipt*,76,22,2,Liverpool,James Philip Milner,Left Center Midfield,0,Real Madrid,Liverpool,56.4,39.8,,,,,,,,,,,,,,,
7108f0c1-a784-45d7-b88b-2a6fb28d738a,Carry,76,22,2,Liverpool,James Philip Milner,Left Center Midfield,0,Real Madrid,Liverpool,56.4,39.8,,,,,,,,,,,61.7,33.9,0.002049299999999999,,
1cb90407-8a95-45b3-a87a-6c8891f768f8,Pass,76,24,2,Liverpool,James Philip Milner,Left Center Midfield,0,Real Madrid,Liverpool,61.7,33.9,Andrew Robertson,,,Ground Pass,Right Foot,63.2,6.3,0.01689528,0.01473596,-0.002159319999999999,,,,,
37a6a940-7d51-4059-af5c-2639f3789894,Ball Receipt*,76,25,2,Liverpool,Andrew Robertson,Left Back,0,Real Madrid,Liverpool,63.2,6.3,,,,,,,,,,,,,,,
70ec7420-f44d-4546-82d1-387516591a35,Carry,76,25,2,Liverpool,Andrew Robertson,Left Back,1,Real Madrid,Liverpool,63.2,6.3,,,,,,,,,,,66.0,24.3,0.00212,,
a8f20ff9-25e8-4bbe-bd1d-c3a1a4eaa34e,Pressure,76,26,2,Real Madrid,Gareth Frank Bale,Right Wing,0,Real Madrid,Liverpool,53.4,69.6,,,,,,,,,,,,,,,
e31d5b54-6cef-4f74-bccd-b6653db943d6,Pass,76,28,2,Liverpool,Andrew Robertson,Left Back,0,Real Madrid,Liverpool,66.0,24.3,Jordan Brian Henderson,,,Ground Pass,Left Foot,62.8,37.4,0.01685596,0.01689528,3.931999999999894e-05,,,,,
60cef552-6bad-4d1b-b986-23a061fd5273,Ball Receipt*,76,29,2,Liverpool,Jordan Brian Henderson,Center Defensive Midfield,0,Real Madrid,Liverpool,62.8,37.4,,,,,,,,,,,,,,,
5fffded7-c632-4b44-842b-1ea6bf3a088c,Carry,76,29,2,Liverpool,Jordan Brian Henderson,Center Defensive Midfield,0,Real Madrid,Liverpool,62.8,37.4,,,,,,,,,,,62.3,38.3,0.0,,
32744827-2759-402b-a3b6-84e9cfa39e33,Pass,76,30,2,Liverpool,Jordan Brian Henderson,Center Defensive Midfield,0,Real Madrid,Liverpool,62.3,38.3,Dejan Lovren,,,Ground Pass,Right Foot,56.4,56.3,0.01689528,0.01429128,-0.002603999999999999,,,,,
6b333ab8-3887-415f-8eb0-1387be4bc764,Ball Receipt*,76,31,2,Liverpool,Dejan Lovren,Right Center Back,0,Real Madrid,Liverpool,56.4,56.3,,,,,,,,,,,,,,,
e78b31cd-1e9d-4f81-9ebc-919fb6b8e2dd,Carry,76,31,2,Liverpool,Dejan Lovren,Right Center Back,0,Real Madrid,Liverpool,56.4,56.3,,,,,,,,,,,56.4,56.3,0.0,,
0b8375d2-c675-4751-8896-f2cdfcbb6f4e,Pass,76,32,2,Liverpool,Dejan Lovren,Right Center Back,0,Real Madrid,Liverpool,56.4,56.3,Georginio Wijnaldum,,,Ground Pass,Right Foot,69.7,54.7,0.01429128,0.01685596,0.00256468,,,,,
4b980bdb-6a0f-4548-9564-839a6947755e,Ball Receipt*,76,33,2,Liverpool,Georginio Wijnaldum,Right Center Midfield,0,Real Madrid,Liverpool,69.7,54.7,,,,,,,,,,,,,,,
d5eebba8-9ea2-4c50-a56c-531edd393732,Carry,76,33,2,Liverpool,Georginio Wijnaldum,Right Center Midfield,0,Real Madrid,Liverpool,69.7,54.7,,,,,,,,,,,78.9,34.2,0.003114740000000001,,
4cbecf5f-d5ba-4d33-b9bd-5469ea82529d,Pass,76,36,2,Liverpool,Georginio Wijnaldum,Right Center Midfield,0,Real Madrid,Liverpool,78.9,34.2,James Philip Milner,,,Low Pass,Right Foot,100.4,16.9,0.0199707,0.04066992,0.02069922,,,,,
13028714-a853-47ea-be65-de01cb85c4d1,Ball Receipt*,76,38,2,Liverpool,James Philip Milner,Left Center Midfield,0,Real Madrid,Liverpool,100.4,16.9,,,,,,,,,,,,,,,
c39664f0-14b3-449a-a24d-59967ed92ebf,Carry,76,38,2,Liverpool,James Philip Milner,Left Center Midfield,0,Real Madrid,Liverpool,100.4,16.9,,,,,,,,,,,104.7,16.9,0.0,,
a98c5df0-3daf-4cd5-a511-c28330b4d8e4,Pass,76,39,2,Liverpool,James Philip Milner,Left Center Midfield,0,Real Madrid,Liverpool,104.7,16.9,,Incomplete,,Ground Pass,Left Foot,111.2,35.8,0.04066992,0.25745362,0.2167837,,,,,
51dd3b81-5999-4a71-9ed4-1fcf5f4512c8,Clearance,76,40,2,Real Madrid,Raphaël Varane,Right Center Back,1,Real Madrid,Liverpool,8.9,44.3,,,,,,,,,,,,,,,
c43d2222-f786-41c7-9fce-c57f7f337320,Ball Recovery,76,42,2,Liverpool,James Philip Milner,Left Center Midfield,0,Real Madrid,Liverpool,108.4,9.0,,,,,,,,,,,,,,,
8fb75602-761b-44b4-87ba-8b2dee510a2d,Carry,76,42,2,Liverpool,James Philip Milner,Left Center Midfield,0,Real Madrid,Liverpool,108.4,9.0,,,,,,,,,,,105.4,10.5,0.005819199999999997,,
9346ee6a-8f3f-413a-bb78-930389ca3c4b,Pass,76,43,2,Liverpool,James Philip Milner,Left Center Midfield,0,Real Madrid,Liverpool,105.4,10.5,,Incomplete,,Low Pass,Right Foot,105.7,13.7,0.04066992,0.04066992,0.0,,,,,
ca2d522f-452a-4ba9-8fd5-b21d1ddd290d,Block,76,43,2,Real Madrid,Gareth Frank Bale,Right Wing,0,Real Madrid,Liverpool,14.4,66.4,,,,,,,,,,,,,,,
7b7bf54d-979f-4048-86cb-0f4653db0b57,Pass,76,47,2,Liverpool,James Philip Milner,Left Center Midfield,0,Real Madrid,Liverpool,104.5,0.1,Andrew Robertson,,Throw-in,Low Pass,,89.5,6.1,0.03485072,0.02122129,-0.01362943,,,,,
0640a44b-9cf5-41ae-a3e0-3dae19880bee,Ball Receipt*,76,49,2,Liverpool,Andrew Robertson,Left Back,0,Real Madrid,Liverpool,89.5,6.1,,,,,,,,,,,,,,,
4e30437d-a0f8-4be1-9a11-ae653ceab0ad,Carry,76,49,2,Liverpool,Andrew Robertson,Left Back,0,Real Madrid,Liverpool,89.5,6.1,,,,,,,,,,,87.2,6.7,0.0,,
0a8f0979-a4aa-41cb-b247-476f9016b38e,Pass,76,50,2,Liverpool,Andrew Robertson,Left Back,0,Real Madrid,Liverpool,87.2,6.7,Virgil van Dijk,,,Ground Pass,Left Foot,77.5,11.6,0.02122129,0.01870347,-0.00251782,,,,,
6b1994b7-0955-4083-9224-35454a26bd70,Ball Receipt*,76,51,2,Liverpool,Virgil van Dijk,Left Center Back,0,Real Madrid,Liverpool,77.5,11.6,,,,,,,,,,,,,,,
61a35c7b-6498-43f9-822e-579069014f19,Carry,76,51,2,Liverpool,Virgil van Dijk,Left Center Back,0,Real Madrid,Liverpool,77.5,11.6,,,,,,,,,,,76.1,12.3,0.0,,
db53dd91-c10a-4ba7-904a-465692ab4853,Pass,76,52,2,Liverpool,Virgil van Dijk,Left Center Back,0,Real Madrid,Liverpool,76.1,12.3,Jordan Brian Henderson,,,Ground Pass,Right Foot,71.7,28.7,0.01870347,0.01935132,0.0006478500000000019,,,,,
35984358-fa3f-4582-b31a-5f9e44886ed5,Ball Receipt*,76,53,2,Liverpool,Jordan Brian Henderson,Center Defensive Midfield,0,Real Madrid,Liverpool,71.7,28.7,,,,,,,,,,,,,,,
ada5c267-1db3-48d1-b1ca-a153119073b2,Carry,76,53,2,Liverpool,Jordan Brian Henderson,Center Defensive Midfield,0,Real Madrid,Liverpool,71.7,28.7,,,,,,,,,,,71.7,29.6,0.0,,
764c02bb-f8f1-4550-8f42-51de901db605,Pass,76,54,2,Liverpool,Jordan Brian Henderson,Center Defensive Midfield,0,Real Madrid,Liverpool,71.7,29.6,Trent Alexander-Arnold,,,High Pass,Right Foot,91.3,77.6,0.01935132,0.02756312,0.008211799999999998,,,,,
c21ef8d8-0dbf-4dde-8910-48e7b15e5373,Ball Receipt*,76,57,2,Liverpool,Trent Alexander-Arnold,Right Back,0,Real Madrid,Liverpool,91.3,77.6,,,,,,,,,,,,,,,
b36bfbab-d32b-4e75-ab11-7ecfbb3c6295,Carry,76,57,2,Liverpool,Trent Alexander-Arnold,Right Back,0,Real Madrid,Liverpool,91.3,77.6,,,,,,,,,,,98.3,77.3,0.0,,
89f71691-ea9e-4267-9ae0-8764109c92ab,Pass,76,58,2,Liverpool,Trent Alexander-Arnold,Right Back,0,Real Madrid,Liverpool,98.3,77.3,Roberto Firmino Barbosa de Oliveira,Incomplete,,High Pass,Right Foot,109.8,47.8,0.02756312,0.10805102,0.0804879,,,,,
985a5112-8853-4b19-b8aa-3552f15c2541,Ball Receipt*,77,0,2,Liverpool,Roberto Firmino Barbosa de Oliveira,Center Forward,0,Real Madrid,Liverpool,110.7,36.5,,,,,,,,,,,,,,,
d88e3cc2-c859-41ce-9c57-ffb3a104c46e,Clearance,77,0,2,Real Madrid,Sergio Ramos García,Left Center Back,1,Real Madrid,Liverpool,10.3,32.3,,,,,,,,,,,,,,,
bb6041d7-6308-4aea-85b5-fef67885958e,Ball Recovery,77,3,2,Liverpool,Dejan Lovren,Right Center Back,0,Real Madrid,Liverpool,78.2,56.3,,,,,,,,,,,,,,,
bce5a001-754d-45ea-8364-582ea7d50e61,Carry,77,3,2,Liverpool,Dejan Lovren,Right Center Back,0,Real Madrid,Liverpool,78.2,56.3,,,,,,,,,,,77.8,54.7,0.0,,
a42c0258-ee3e-4699-9c58-5937dff8f264,Pass,77,4,2,Liverpool,Dejan Lovren,Right Center Back,0,Real Madrid,Liverpool,77.8,54.7,Jordan Brian Henderson,,,Ground Pass,Right Foot,71.3,49.4,0.01935132,0.0199707,0.0006193799999999992,,,,,
d29a2b28-e329-4971-9f54-668b9c45b839,Ball Receipt*,77,4,2,Liverpool,Jordan Brian Henderson,Center Defensive Midfield,0,Real Madrid,Liverpool,71.3,49.4,,,,,,,,,,,,,,,
daec7bd2-4600-4614-b033-083247784bba,Carry,77,4,2,Liverpool,Jordan Brian Henderson,Center Defensive Midfield,0,Real Madrid,Liverpool,71.3,49.4,,,,,,,,,,,71.3,49.8,0.0,,
272de6fc-9f8f-4609-9c0a-f616badf3e40,Pass,77,5,2,Liverpool,Jordan Brian Henderson,Center Defensive Midfield,0,Real Madrid,Liverpool,71.3,49.8,Virgil van Dijk,,,Low Pass,Right Foot,69.0,21.3,0.0199707,0.01685596,-0.003114740000000001,,,,,
6ff74226-62c0-45ae-a15a-76bf6d5fda37,Ball Receipt*,77,6,2,Liverpool,Virgil van Dijk,Left Center Back,0,Real Madrid,Liverpool,69.0,21.3,,,,,,,,,,,,,,,
14611f65-bd4f-4dd5-b410-96a90e767a92,Carry,77,6,2,Liverpool,Virgil van Dijk,Left Center Back,0,Real Madrid,Liverpool,69.0,21.3,,,,,,,,,,,66.9,16.9,-0.0007378299999999983,,
c59cf36d-8dc5-4c4d-bde1-7ffb85f31785,Pass,77,7,2,Liverpool,Virgil van Dijk,Left Center Back,0,Real Madrid,Liverpool,66.9,16.9,Andrew Robertson,,,Ground Pass,Right Foot,76.9,7.9,0.01611813,0.0174506,0.001332469999999999,,,,,
0f0cdd9a-550b-4684-8f61-80b1f321dc64,Ball Receipt*,77,9,2,Liverpool,Andrew Robertson,Left Back,0,Real Madrid,Liverpool,76.9,7.9,,,,,,,,,,,,,,,
9cbc8145-92d4-44fc-a52d-231447445cb7,Carry,77,9,2,Liverpool,Andrew Robertson,Left Back,0,Real Madrid,Liverpool,76.9,7.9,,,,,,,,,,,72.9,12.3,0.00125287,,
868d530c-72f0-4328-b5f8-9e8b89a722c2,Pass,77,11,2,Liverpool,Andrew Robertson,Left Back,0,Real Madrid,Liverpool,72.9,12.3,Jordan Brian Henderson,,,Ground Pass,Left Foot,66.0,33.7,0.01870347,0.01689528,-0.001808190000000001,,,,,
014f7174-e847-4afa-9f7e-1fb4e2865aea,Ball Receipt*,77,12,2,Liverpool,Jordan Brian Henderson,Center Defensive Midfield,0,Real Madrid,Liverpool,66.0,33.7,,,,,,,,,,,,,,,
49ef4965-d538-4492-a547-2d11b61c1fd2,Carry,77,12,2,Liverpool,Jordan Brian Henderson,Center Defensive Midfield,0,Real Madrid,Liverpool,66.0,33.7,,,,,,,,,,,70.8,24.3,0.002456040000000003,,
dffc493d-2c50-4e37-8da2-9ca0b803c2ce,Pass,77,14,2,Liverpool,Jordan Brian Henderson,Center Defensive Midfield,0,Real Madrid,Liverpool,70.8,24.3,James Philip Milner,,,Low Pass,Left Foot,90.4,9.0,0.01935132,0.02756312,0.008211799999999998,,,,,
ce2989ef-e254-41c1-8e21-20a8c4dc663f,Ball Receipt*,77,15,2,Liverpool,James Philip Milner,Left Center Midfield,0,Real Madrid,Liverpool,90.4,9.0,,,,,,,,,,,,,,,
d023d7ad-0041-4f93-91fa-533da0c6de41,Carry,77,15,2,Liverpool,James Philip Milner,Left Center Midfield,1,Real Madrid,Liverpool,90.4,9.0,,,,,,,,,,,90.9,9.3,0.0,,
50330947-30db-4c1e-a37d-452feb6db3c2,Pressure,77,15,2,Real Madrid,José Ignacio Fernández Iglesias,Right Back,0,Real Madrid,Liverpool,28.5,69.3,,,,,,,,,,,,,,,
6f148a71-7025-427c-b790-61b56ecc38ab,Dispossessed,77,15,2,Liverpool,James Philip Milner,Left Center Midfield,1,Real Madrid,Liverpool,90.9,9.3,,,,,,,,,,,,,,,
4dcad448-1904-4de0-b5fe-c8c02c4039ea,Duel,77,15,2,Real Madrid,José Ignacio Fernández Iglesias,Right Back,1,Real Madrid,Liverpool,29.2,70.8,,,,,,,,,,,,,,,
999258c5-0ea2-4151-93ca-b924a3dffb57,Ball Recovery,77,18,2,Liverpool,Andrew Robertson,Left Back,0,Real Madrid,Liverpool,77.3,5.6,,,,,,,,,,,,,,,
e7433e18-5ce5-4598-b1ad-1c4232ef0985,Carry,77,18,2,Liverpool,Andrew Robertson,Left Back,0,Real Madrid,Liverpool,77.3,5.6,,,,,,,,,,,78.9,5.8,0.0,,
c2f36c1d-6061-4d98-8ac4-67de4dd6c39b,Pass,77,22,2,Liverpool,Andrew Robertson,Left Back,0,Real Madrid,Liverpool,78.9,5.8,James Philip Milner,,,Ground Pass,Left Foot,91.6,6.3,0.0174506,0.02756312,0.01011252,,,,,
1122f4c2-d0ed-45d3-84f7-bf7dfcd9ebce,Ball Receipt*,77,23,2,Liverpool,James Philip Milner,Left Center Midfield,0,Real Madrid,Liverpool,91.6,6.3,,,,,,,,,,,,,,,
da2f8021-da50-470d-8553-6e76daf6bc87,Carry,77,23,2,Liverpool,James Philip Milner,Left Center Midfield,0,Real Madrid,Liverpool,91.6,6.3,,,,,,,,,,,90.9,5.8,0.0,,
6277698a-96b1-4ae2-9591-c7b2e82e57ac,Pass,77,23,2,Liverpool,James Philip Milner,Left Center Midfield,0,Real Madrid,Liverpool,90.9,5.8,Andrew Robertson,,,Ground Pass,Right Foot,72.9,5.6,0.02756312,0.0174506,-0.01011252,,,,,
b9b07126-e22b-420a-a65d-0942ac3e4bde,Ball Receipt*,77,24,2,Liverpool,Andrew Robertson,Left Back,0,Real Madrid,Liverpool,72.9,5.6,,,,,,,,,,,,,,,
6fe3e42b-9f3b-4b7c-8db2-69d07f4f1a78,Carry,77,24,2,Liverpool,Andrew Robertson,Left Back,0,Real Madrid,Liverpool,72.9,5.6,,,,,,,,,,,69.7,12.8,-0.001332469999999999,,
3e0f393c-7134-407c-be3d-4b41c0b159d7,Pass,77,29,2,Liverpool,Andrew Robertson,Left Back,0,Real Madrid,Liverpool,69.7,12.8,Roberto Firmino Barbosa de Oliveira,,,Ground Pass,Right Foot,83.3,21.7,0.01611813,0.0241224,0.008004269999999997,,,,,
9f4747eb-0e44-4a44-993a-ef09f7e1fdfc,Pressure,77,29,2,Real Madrid,Luka Modrić,Right Center Midfield,0,Real Madrid,Liverpool,36.4,62.0,,,,,,,,,,,,,,,
e31b982f-c00b-48df-9df4-a7e0cb7938bc,Ball Receipt*,77,30,2,Liverpool,Roberto Firmino Barbosa de Oliveira,Center Forward,0,Real Madrid,Liverpool,83.3,21.7,,,,,,,,,,,,,,,
4e2f851a-b1de-4f19-bdf8-43afeb41e7b4,Carry,77,30,2,Liverpool,Roberto Firmino Barbosa de Oliveira,Center Forward,1,Real Madrid,Liverpool,83.3,21.7,,,,,,,,,,,84.2,8.8,-0.002901109999999998,,
2ba05aa0-7413-4267-b100-bb491b72c7f3,Pressure,77,31,2,Real Madrid,Gareth Frank Bale,Right Wing,0,Real Madrid,Liverpool,45.5,66.7,,,,,,,,,,,,,,,
741a5688-22e7-42ee-9adc-7fab9b3fa02f,Pass,77,33,2,Liverpool,Roberto Firmino Barbosa de Oliveira,Center Forward,1,Real Madrid,Liverpool,84.2,8.8,James Philip Milner,,,Ground Pass,Left Foot,97.8,4.0,0.02122129,0.02756312,0.00634183,,,,,
7263954e-d462-4ca5-8a17-294aea95ee00,Ball Receipt*,77,34,2,Liverpool,James Philip Milner,Left Center Midfield,0,Real Madrid,Liverpool,97.8,4.0,,,,,,,,,,,,,,,
41710cc4-fc0c-405b-a08e-3d91fc98a393,Carry,77,34,2,Liverpool,James Philip Milner,Left Center Midfield,0,Real Madrid,Liverpool,97.8,4.0,,,,,,,,,,,99.2,20.8,0.0009889000000000009,,
ab404e67-f8a7-4473-a314-3ac54420f9ea,Pass,77,39,2,Liverpool,James Philip Milner,Left Center Midfield,0,Real Madrid,Liverpool,99.2,20.8,,Incomplete,,Ground Pass,Right Foot,99.2,21.7,0.02855202,0.02855202,0.0,,,,,
ca66b925-0332-40dc-9761-449f3c83d51b,Block,77,39,2,Real Madrid,Luka Modrić,Right Center Midfield,0,Real Madrid,Liverpool,20.9,58.4,,,,,,,,,,,,,,,
75e2e8ad-50c4-415c-99ea-2cb948048827,Pass,77,40,2,Real Madrid,José Ignacio Fernández Iglesias,Right Back,0,Real Madrid,Liverpool,17.0,55.6,Toni Kroos,,Recovery,Ground Pass,Right Foot,25.3,50.3,0.00977745,0.01001304,0.0002355900000000008,,,,,
913219cb-9508-4abf-9e9c-11804a02aa01,Ball Receipt*,77,41,2,Real Madrid,Toni Kroos,Left Center Midfield,0,Real Madrid,Liverpool,25.3,50.3,,,,,,,,,,,,,,,
8bf5915d-63eb-4347-8207-9505f60bc565,Carry,77,41,2,Real Madrid,Toni Kroos,Left Center Midfield,0,Real Madrid,Liverpool,25.3,50.3,,,,,,,,,,,34.1,55.8,0.00109158,,
6ab66f9d-fc08-49d4-be12-e0be2a668f6c,Pass,77,43,2,Real Madrid,Toni Kroos,Left Center Midfield,0,Real Madrid,Liverpool,34.1,55.8,,Incomplete,,High Pass,Right Foot,56.0,16.6,0.01110462,0.0138454,0.00274078,,,,,
40381cbe-481b-4d37-8017-e40fee998810,Ball Recovery,77,47,2,Liverpool,Trent Alexander-Arnold,Right Back,0,Real Madrid,Liverpool,64.1,63.5,,,,,,,,,,,,,,,
2cca19b5-0967-4445-8c4d-a3475eeaab9e,Carry,77,47,2,Liverpool,Trent Alexander-Arnold,Right Back,0,Real Madrid,Liverpool,64.1,63.5,,,,,,,,,,,84.6,58.8,0.008004269999999997,,
f116859e-f201-4ead-89b7-22daa55e0629,Pass,77,52,2,Liverpool,Trent Alexander-Arnold,Right Back,0,Real Madrid,Liverpool,84.6,58.8,Roberto Firmino Barbosa de Oliveira,Incomplete,,Ground Pass,Right Foot,85.8,57.7,0.0241224,0.0241224,0.0,,,,,
741e4d70-55bf-4e0f-ab1c-2aaf1376eeac,Ball Receipt*,77,52,2,Liverpool,Roberto Firmino Barbosa de Oliveira,Center Forward,0,Real Madrid,Liverpool,95.1,37.4,,,,,,,,,,,,,,,
9bdd9f29-10d1-4021-b8bc-74712441439d,Block,77,52,2,Real Madrid,Carlos Henrique Casimiro,Center Defensive Midfield,0,Real Madrid,Liverpool,34.3,22.4,,,,,,,,,,,,,,,
75596790-d81b-4074-8094-1b0b06615680,Clearance,77,53,2,Real Madrid,Raphaël Varane,Right Center Back,1,Real Madrid,Liverpool,21.2,30.3,,,,,,,,,,,,,,,
dbc5eb6e-a443-401a-85c1-5da401207d17,Ball Recovery,77,56,2,Real Madrid,Marcelo Vieira da Silva Júnior,Left Back,0,Real Madrid,Liverpool,23.9,8.1,,,,,,,,,,,,,,,
d192a1be-c489-4721-9aa7-8450f00a3f35,Carry,77,56,2,Real Madrid,Marcelo Vieira da Silva Júnior,Left Back,0,Real Madrid,Liverpool,23.9,8.1,,,,,,,,,,,24.1,4.0,0.0,,
1ca158a6-51c0-4690-b817-f04c0201a035,Pass,77,57,2,Real Madrid,Marcelo Vieira da Silva Júnior,Left Back,0,Real Madrid,Liverpool,24.1,4.0,Cristiano Ronaldo dos Santos Aveiro,,,Ground Pass,Left Foot,42.3,2.2,0.00844854,0.01126267,0.002814130000000001,,,,,
15e75518-6d4a-4f13-835c-0319492972d4,Pressure,77,58,2,Liverpool,Dejan Lovren,Right Center Back,0,Real Madrid,Liverpool,76.4,76.8,,,,,,,,,,,,,,,
975cb4f7-a1f6-46c4-8c33-a33f85272d3a,Ball Receipt*,77,58,2,Real Madrid,Cristiano Ronaldo dos Santos Aveiro,Left Wing,1,Real Madrid,Liverpool,42.3,2.2,,,,,,,,,,,,,,,
fd559cfe-94b0-47a2-acb8-a9b4a8d02786,Carry,77,58,2,Real Madrid,Cristiano Ronaldo dos Santos Aveiro,Left Wing,1,Real Madrid,Liverpool,42.3,2.2,,,,,,,,,,,38.2,1.6,-0.001486080000000001,,
c58df63d-5e47-4cb6-9833-71fee1f0d323,Pass,78,0,2,Real Madrid,Cristiano Ronaldo dos Santos Aveiro,Left Wing,0,Real Madrid,Liverpool,38.2,1.6,Marcelo Vieira da Silva Júnior,,,Ground Pass,Right Foot,35.2,1.6,0.00977659,0.00977659,0.0,,,,,
64e3ba6b-f678-4f15-8dca-b08c000a47fe,Ball Receipt*,78,0,2,Real Madrid,Marcelo Vieira da Silva Júnior,Left Back,0,Real Madrid,Liverpool,35.2,1.6,,,,,,,,,,,,,,,
68893148-1948-41d6-a70d-ee3339c60aef,Pass,78,0,2,Real Madrid,Marcelo Vieira da Silva Júnior,Left Back,0,Real Madrid,Liverpool,35.2,1.6,Carlos Henrique Casimiro,Incomplete,,Ground Pass,Right Foot,57.5,2.8,0.00977659,0.01248344,0.00270685,,,,,
d9a242d8-fcaf-45e9-a11f-ded07d88bacc,Pressure,78,1,2,Real Madrid,Carlos Henrique Casimiro,Center Defensive Midfield,0,Real Madrid,Liverpool,49.7,3.1,,,,,,,,,,,,,,,
fc9027c4-92c7-4fc1-9ad8-11aaf39eba29,Ball Receipt*,78,2,2,Real Madrid,Carlos Henrique Casimiro,Center Defensive Midfield,0,Real Madrid,Liverpool,56.0,2.8,,,,,,,,,,,,,,,
5af43d0f-d581-48c7-a226-26cd0321f6d2,Pass,78,2,2,Liverpool,Georginio Wijnaldum,Right Center Midfield,0,Real Madrid,Liverpool,62.6,77.3,Jordan Brian Henderson,,Recovery,Ground Pass,Left Foot,55.6,64.1,0.01473596,0.0138454,-0.0008905599999999986,,,,,
9bfe5ca5-9d5f-43fe-a473-4410983101f5,Ball Receipt*,78,3,2,Liverpool,Jordan Brian Henderson,Center Defensive Midfield,0,Real Madrid,Liverpool,55.6,64.1,,,,,,,,,,,,,,,
6979c84e-e567-471e-91f3-41bf36009104,Carry,78,3,2,Liverpool,Jordan Brian Henderson,Center Defensive Midfield,0,Real Madrid,Liverpool,55.6,64.1,,,,,,,,,,,55.8,53.0,0.0004458799999999992,,
af670b9c-6a2e-4df0-b641-31c1bf8060d9,Pass,78,6,2,Liverpool,Jordan Brian Henderson,Center Defensive Midfield,0,Real Madrid,Liverpool,55.8,53.0,James Philip Milner,,,Ground Pass,Left Foot,63.7,47.1,0.01429128,0.01689528,0.002603999999999999,,,,,
edf5885b-b08d-49b3-8d64-1ca66f169791,Ball Receipt*,78,6,2,Liverpool,James Philip Milner,Left Center Midfield,0,Real Madrid,Liverpool,63.7,47.1,,,,,,,,,,,,,,,
5349fec7-b70f-4583-aafd-d593be37424e,Carry,78,6,2,Liverpool,James Philip Milner,Left Center Midfield,0,Real Madrid,Liverpool,63.7,47.1,,,,,,,,,,,60.0,49.4,0.0,,
fac375ea-a815-4767-8ba8-8edf76226e56,Pass,78,8,2,Liverpool,James Philip Milner,Left Center Midfield,0,Real Madrid,Liverpool,60.0,49.4,Georginio Wijnaldum,,,Ground Pass,Right Foot,62.3,59.5,0.01689528,0.01685596,-3.931999999999894e-05,,,,,
27567a4e-7439-40d4-b812-7557ae4f211f,Ball Receipt*,78,9,2,Liverpool,Georginio Wijnaldum,Right Center Midfield,0,Real Madrid,Liverpool,62.3,59.5,,,,,,,,,,,,,,,
2615ad16-ecf7-4d7d-ae3e-dc9f0a3b243e,Carry,78,9,2,Liverpool,Georginio Wijnaldum,Right Center Midfield,0,Real Madrid,Liverpool,62.3,59.5,,,,,,,,,,,62.6,59.5,0.0,,
6b55b83a-f346-4506-bde8-e61d51b5bd67,Pass,78,11,2,Liverpool,Georginio Wijnaldum,Right Center Midfield,0,Real Madrid,Liverpool,62.6,59.5,Sadio Mané,,,Ground Pass,Right Foot,76.4,67.4,0.01685596,0.01870347,0.00184751,,,,,
e150e9f0-a39c-4823-9649-d3bf4475cd52,Ball Receipt*,78,12,2,Liverpool,Sadio Mané,Right Wing,0,Real Madrid,Liverpool,76.4,67.4,,,,,,,,,,,,,,,
8b279e70-01fd-46bd-9474-02f3f4c5ce23,Carry,78,12,2,Liverpool,Sadio Mané,Right Wing,0,Real Madrid,Liverpool,76.4,67.4,,,,,,,,,,,90.9,66.2,0.01082925,,
191dacc0-8ac6-4a43-bd08-f4f6f8e9558a,Miscontrol,78,15,2,Liverpool,Sadio Mané,Right Wing,0,Real Madrid,Liverpool,90.9,66.2,,,,,,,,,,,,,,,
09c1fc4d-e199-4199-8b9c-764f336a67a0,Ball Recovery,78,15,2,Real Madrid,Marcelo Vieira da Silva Júnior,Left Back,0,Real Madrid,Liverpool,27.6,12.1,,,,,,,,,,,,,,,
5497cd64-4246-41c2-ba10-8d2b5533408f,Carry,78,15,2,Real Madrid,Marcelo Vieira da Silva Júnior,Left Back,0,Real Madrid,Liverpool,27.6,12.1,,,,,,,,,,,26.2,11.8,0.0,,
8aa8e67d-6a8e-461c-bbe4-6b17b675db50,Pass,78,17,2,Real Madrid,Marcelo Vieira da Silva Júnior,Left Back,0,Real Madrid,Liverpool,26.2,11.8,Toni Kroos,,,Ground Pass,Right Foot,35.2,18.9,0.00942382,0.0105949,0.001171080000000001,,,,,
f6ab58f3-57e0-4b5f-8f08-9cc2c10e54da,Ball Receipt*,78,18,2,Real Madrid,Toni Kroos,Left Center Midfield,0,Real Madrid,Liverpool,35.2,18.9,,,,,,,,,,,,,,,
426eb80e-bd3d-42ba-ba80-509026c09188,Carry,78,18,2,Real Madrid,Toni Kroos,Left Center Midfield,0,Real Madrid,Liverpool,35.2,18.9,,,,,,,,,,,36.1,20.6,0.00050972,,
b46dd447-146d-476d-a451-e4a2043f7dc9,Pass,78,19,2,Real Madrid,Toni Kroos,Left Center Midfield,0,Real Madrid,Liverpool,36.1,20.6,Luka Modrić,,,Ground Pass,Right Foot,30.8,24.7,0.01110462,0.01110462,0.0,,,,,
dfa9894a-0a0f-45f7-9b88-008c5270be7e,Ball Receipt*,78,19,2,Real Madrid,Luka Modrić,Right Center Midfield,0,Real Madrid,Liverpool,30.8,24.7,,,,,,,,,,,,,,,
46ef24ad-bad4-458a-bf2d-d5892c387f6e,Pass,78,19,2,Real Madrid,Luka Modrić,Right Center Midfield,0,Real Madrid,Liverpool,30.8,24.7,Karim Benzema,,,Low Pass,Left Foot,42.6,30.3,0.01110462,0.01262646,0.00152184,,,,,
7694df61-5019-401c-94c6-1c978ed017c2,Ball Receipt*,78,20,2,Real Madrid,Karim Benzema,Center Forward,0,Real Madrid,Liverpool,42.6,30.3,,,,,,,,,,,,,,,
67461328-e3d7-489a-87d1-486a3b27672b,Carry,78,20,2,Real Madrid,Karim Benzema,Center Forward,0,Real Madrid,Liverpool,42.6,30.3,,,,,,,,,,,49.7,26.8,6.527999999999916e-05,,
8ffa9223-364f-451c-8fed-043a79895e4d,Pass,78,22,2,Real Madrid,Karim Benzema,Center Forward,0,Real Madrid,Liverpool,49.7,26.8,Toni Kroos,,,Ground Pass,Right Foot,49.3,22.7,0.01269174,0.01269174,0.0,,,,,
48e64b33-275e-4d3e-b648-ed1c48a8ac97,Ball Receipt*,78,22,2,Real Madrid,Toni Kroos,Left Center Midfield,0,Real Madrid,Liverpool,49.3,22.7,,,,,,,,,,,,,,,
03191f75-78f2-4e7f-8b39-0fd23f6e5340,Carry,78,22,2,Real Madrid,Toni Kroos,Left Center Midfield,0,Real Madrid,Liverpool,49.3,22.7,,,,,,,,,,,52.3,35.6,0.00215424,,
119eb818-c288-467f-9c11-0a4b14fc96e1,Pass,78,25,2,Real Madrid,Toni Kroos,Left Center Midfield,0,Real Madrid,Liverpool,52.3,35.6,José Ignacio Fernández Iglesias,,,Ground Pass,Right Foot,51.1,72.2,0.01484598,0.01248344,-0.00236254,,,,,
341c6344-2a62-4c7e-a3e8-da0c145fff47,Ball Receipt*,78,28,2,Real Madrid,José Ignacio Fernández Iglesias,Right Back,0,Real Madrid,Liverpool,51.1,72.2,,,,,,,,,,,,,,,
7266c685-fbbc-4a62-a372-30d4476c7f59,Carry,78,28,2,Real Madrid,José Ignacio Fernández Iglesias,Right Back,0,Real Madrid,Liverpool,51.1,72.2,,,,,,,,,,,54.3,74.5,0.0,,
08936b11-9a07-43d0-a892-6b682ddf2463,Pass,78,30,2,Real Madrid,José Ignacio Fernández Iglesias,Right Back,0,Real Madrid,Liverpool,54.3,74.5,Luka Modrić,,,Ground Pass,Right Foot,49.7,57.9,0.01248344,0.01269174,0.0002082999999999998,,,,,
53519cf9-ac59-4bc8-a154-ad0dccccc647,Ball Receipt*,78,31,2,Real Madrid,Luka Modrić,Right Center Midfield,0,Real Madrid,Liverpool,49.7,57.9,,,,,,,,,,,,,,,
4d943e00-d950-48da-935a-a6269a18c3fa,Carry,78,31,2,Real Madrid,Luka Modrić,Right Center Midfield,0,Real Madrid,Liverpool,49.7,57.9,,,,,,,,,,,48.4,57.9,0.0,,
19dc5d0e-f620-4655-814d-4d5c857caae6,Pass,78,33,2,Real Madrid,Luka Modrić,Right Center Midfield,0,Real Madrid,Liverpool,48.4,57.9,Toni Kroos,,,Ground Pass,Right Foot,50.8,47.6,0.01269174,0.01484598,0.00215424,,,,,
158cb10b-120c-4da8-b024-6184d32cd0e5,Ball Receipt*,78,34,2,Real Madrid,Toni Kroos,Left Center Midfield,0,Real Madrid,Liverpool,50.8,47.6,,,,,,,,,,,,,,,
02ad196f-c584-4107-b2e4-0da17a4f63d6,Carry,78,34,2,Real Madrid,Toni Kroos,Left Center Midfield,0,Real Madrid,Liverpool,50.8,47.6,,,,,,,,,,,54.8,45.5,0.0,,
0d3e18f8-fcb2-43ae-9cd7-cf1273f837a9,Pass,78,35,2,Real Madrid,Toni Kroos,Left Center Midfield,0,Real Madrid,Liverpool,54.8,45.5,Carlos Henrique Casimiro,,,Ground Pass,Right Foot,53.4,38.8,0.01484598,0.01484598,0.0,,,,,
872e5d90-2c7c-4914-83d6-7f22d06d3fc0,Ball Receipt*,78,36,2,Real Madrid,Carlos Henrique Casimiro,Center Defensive Midfield,0,Real Madrid,Liverpool,53.4,38.8,,,,,,,,,,,,,,,
ce446176-edbf-4127-b3ce-7bdbfbc71944,Carry,78,36,2,Real Madrid,Carlos Henrique Casimiro,Center Defensive Midfield,0,Real Madrid,Liverpool,53.4,38.8,,,,,,,,,,,53.4,38.8,0.0,,
dc377b89-4a2a-450c-8386-a312e645e672,Pass,78,36,2,Real Madrid,Carlos Henrique Casimiro,Center Defensive Midfield,0,Real Madrid,Liverpool,53.4,38.8,Toni Kroos,,,Ground Pass,Right Foot,56.6,39.4,0.01484598,0.01484598,0.0,,,,,
2ec3116d-78a7-406c-9a4a-71ecb196aabf,Ball Receipt*,78,37,2,Real Madrid,Toni Kroos,Left Center Midfield,0,Real Madrid,Liverpool,56.6,39.4,,,,,,,,,,,,,,,
5a908787-678b-4c63-979a-63535ff52f14,Carry,78,37,2,Real Madrid,Toni Kroos,Left Center Midfield,0,Real Madrid,Liverpool,56.6,39.4,,,,,,,,,,,58.4,34.2,0.0,,
9d855c54-b5b0-423a-b216-eb15c394516e,Pass,78,38,2,Real Madrid,Toni Kroos,Left Center Midfield,0,Real Madrid,Liverpool,58.4,34.2,Sergio Ramos García,,,Ground Pass,Right Foot,47.9,11.8,0.01484598,0.01214719,-0.00269879,,,,,
7f5e0c10-91b8-4e24-8be1-86ff133a537d,Ball Receipt*,78,41,2,Real Madrid,Sergio Ramos García,Left Center Back,0,Real Madrid,Liverpool,47.9,11.8,,,,,,,,,,,,,,,
c23d4f41-4dc9-414f-993e-d459d08b05a3,Carry,78,41,2,Real Madrid,Sergio Ramos García,Left Center Back,0,Real Madrid,Liverpool,47.9,11.8,,,,,,,,,,,47.9,11.8,0.0,,
07b93725-92ea-48dc-a5f9-e8f3fef8a70b,Pass,78,41,2,Real Madrid,Sergio Ramos García,Left Center Back,0,Real Madrid,Liverpool,47.9,11.8,Marcelo Vieira da Silva Júnior,,,Ground Pass,Left Foot,56.0,6.3,0.01214719,0.01248344,0.0003362499999999997,,,,,
a5ac4612-0c98-48bc-ba65-7ce32642b6cd,Ball Receipt*,78,42,2,Real Madrid,Marcelo Vieira da Silva Júnior,Left Back,0,Real Madrid,Liverpool,56.0,6.3,,,,,,,,,,,,,,,
fcdee17f-ca4b-42b1-8278-a43a2639d19c,Carry,78,42,2,Real Madrid,Marcelo Vieira da Silva Júnior,Left Back,0,Real Madrid,Liverpool,56.0,6.3,,,,,,,,,,,56.0,6.0,0.0,,
1d905d75-3822-4faa-b58c-6c041a90ba4f,Pass,78,43,2,Real Madrid,Marcelo Vieira da Silva Júnior,Left Back,0,Real Madrid,Liverpool,56.0,6.0,Cristiano Ronaldo dos Santos Aveiro,,,Ground Pass,Left Foot,65.7,1.3,0.01248344,0.01473596,0.002252519999999999,,,,,
33b04dd4-2f5a-4ae6-b6eb-7746c656f223,Ball Receipt*,78,44,2,Real Madrid,Cristiano Ronaldo dos Santos Aveiro,Left Wing,0,Real Madrid,Liverpool,65.7,1.3,,,,,,,,,,,,,,,
b2f3fd60-5afc-45ea-87f0-db28e04d70f0,Pass,78,44,2,Real Madrid,Cristiano Ronaldo dos Santos Aveiro,Left Wing,0,Real Madrid,Liverpool,65.7,1.3,Sergio Ramos García,,,Ground Pass,Right Foot,48.8,10.2,0.01473596,0.01214719,-0.002588769999999999,,,,,
969ad705-9458-449d-8534-fe7d0449a0eb,Ball Receipt*,78,46,2,Real Madrid,Sergio Ramos García,Left Center Back,0,Real Madrid,Liverpool,48.8,10.2,,,,,,,,,,,,,,,
631851a7-2302-452f-aadd-215c4a762ebc,Carry,78,46,2,Real Madrid,Sergio Ramos García,Left Center Back,0,Real Madrid,Liverpool,48.8,10.2,,,,,,,,,,,43.7,17.1,0.0,,
f4517450-defa-4993-92a5-80f225d36d5e,Pass,78,47,2,Real Madrid,Sergio Ramos García,Left Center Back,0,Real Madrid,Liverpool,43.7,17.1,Raphaël Varane,,,Ground Pass,Right Foot,42.8,50.8,0.01214719,0.01269174,0.0005445499999999995,,,,,
4e7670f3-7ae9-4410-8dee-c7a71e09ea24,Ball Receipt*,78,49,2,Real Madrid,Raphaël Varane,Right Center Back,0,Real Madrid,Liverpool,42.8,50.8,,,,,,,,,,,,,,,
8f31fce1-5603-4cdd-87e8-1e31b6c2125d,Carry,78,49,2,Real Madrid,Raphaël Varane,Right Center Back,0,Real Madrid,Liverpool,42.8,50.8,,,,,,,,,,,45.2,57.0,0.0,,
fb0bc746-ac84-4afd-93a0-daae02c00979,Pass,78,51,2,Real Madrid,Raphaël Varane,Right Center Back,0,Real Madrid,Liverpool,45.2,57.0,Luka Modrić,,,Ground Pass,Left Foot,41.2,70.8,0.01269174,0.01126267,-0.001429069999999999,,,,,
d69d2710-d828-4111-a916-6ef5916d3034,Ball Receipt*,78,53,2,Real Madrid,Luka Modrić,Right Center Midfield,0,Real Madrid,Liverpool,41.2,70.8,,,,,,,,,,,,,,,
97f00e7e-e99c-4019-b265-08decae862f2,Carry,78,53,2,Real Madrid,Luka Modrić,Right Center Midfield,0,Real Madrid,Liverpool,41.2,70.8,,,,,,,,,,,41.2,71.1,0.0,,
37371fe1-d007-486f-a72c-ce9d207c158e,Pass,78,53,2,Real Madrid,Luka Modrić,Right Center Midfield,0,Real Madrid,Liverpool,41.2,71.1,José Ignacio Fernández Iglesias,,,Ground Pass,Right Foot,54.3,75.7,0.01126267,0.01248344,0.001220769999999999,,,,,
aef32f16-d56a-490b-aa9a-ba6650e55fdb,Ball Receipt*,78,54,2,Real Madrid,José Ignacio Fernández Iglesias,Right Back,0,Real Madrid,Liverpool,54.3,75.7,,,,,,,,,,,,,,,
61d46f7d-f756-4d04-b1b4-4404a5b48361,Carry,78,54,2,Real Madrid,José Ignacio Fernández Iglesias,Right Back,1,Real Madrid,Liverpool,54.3,75.7,,,,,,,,,,,63.4,75.7,0.002252519999999999,,
e582eeb5-d486-40eb-9268-07409768baec,Pressure,78,55,2,Liverpool,Adam David Lallana,Left Wing,0,Real Madrid,Liverpool,66.4,6.7,,,,,,,,,,,,,,,
8f9f7390-3f3f-4826-a20e-0c4f627edfc6,Dispossessed,78,57,2,Real Madrid,José Ignacio Fernández Iglesias,Right Back,1,Real Madrid,Liverpool,63.4,75.7,,,,,,,,,,,,,,,
05087b8b-0195-4382-a5b6-f90cd42710ce,Duel,78,57,2,Liverpool,Andrew Robertson,Left Back,1,Real Madrid,Liverpool,56.7,4.4,,,,,,,,,,,,,,,
53d42331-bf96-495f-ae9b-16a71daa9a51,Pass,79,16,2,Real Madrid,José Ignacio Fernández Iglesias,Right Back,0,Real Madrid,Liverpool,64.9,80.0,Gareth Frank Bale,Incomplete,Throw-in,High Pass,,90.1,73.8,0.01473596,0.02756312,0.01282716,,,,,
50214e9d-92fd-45a8-a868-86a045dceed7,Ball Receipt*,79,17,2,Real Madrid,Gareth Frank Bale,Right Wing,0,Real Madrid,Liverpool,90.1,69.9,,,,,,,,,,,,,,,
00de62c2-03ef-49ba-b7c7-b4c57d6d4045,Pass,79,17,2,Liverpool,Virgil van Dijk,Left Center Back,0,Real Madrid,Liverpool,30.0,6.3,Andrew Robertson,Out,Recovery,High Pass,Other,35.3,0.3,0.00977659,0.00977659,0.0,,,,,
f5d4a6d6-2ec2-4523-972f-62cc495a604b,Ball Receipt*,79,18,2,Liverpool,Andrew Robertson,Left Back,0,Real Madrid,Liverpool,35.8,3.5,,,,,,,,,,,,,,,
85fb9468-0579-42c7-b738-22b3be3d0acd,Pass,79,32,2,Real Madrid,José Ignacio Fernández Iglesias,Right Back,0,Real Madrid,Liverpool,84.8,80.0,Luka Modrić,,Throw-in,Low Pass,,76.9,75.2,0.02122129,0.0174506,-0.00377069,,,,,
3b9c2be2-1fc6-4acc-a81b-a751e7843cd1,Pressure,79,33,2,Liverpool,Adam David Lallana,Left Wing,0,Real Madrid,Liverpool,40.6,5.2,,,,,,,,,,,,,,,
758f9cae-0f2c-47ef-83f7-6bed09da2dc6,Ball Receipt*,79,33,2,Real Madrid,Luka Modrić,Right Center Midfield,1,Real Madrid,Liverpool,76.9,75.2,,,,,,,,,,,,,,,
f841d7c0-cdd1-48e9-b7eb-3a749fa1add7,Carry,79,33,2,Real Madrid,Luka Modrić,Right Center Midfield,1,Real Madrid,Liverpool,76.9,75.2,,,,,,,,,,,71.0,74.0,0.0,,
12e67cb0-4a7c-4a38-b157-efa3d56b1316,Pass,79,35,2,Real Madrid,Luka Modrić,Right Center Midfield,0,Real Madrid,Liverpool,71.0,74.0,Raphaël Varane,,,Ground Pass,Right Foot,49.3,73.1,0.0174506,0.01126267,-0.006187929999999999,,,,,
121ee67d-baaa-43e3-bf56-9e5f98179521,Ball Receipt*,79,37,2,Real Madrid,Raphaël Varane,Right Center Back,0,Real Madrid,Liverpool,49.3,73.1,,,,,,,,,,,,,,,
1968e15e-3bd8-481c-8862-7aff9791dbc6,Carry,79,37,2,Real Madrid,Raphaël Varane,Right Center Back,0,Real Madrid,Liverpool,49.3,73.1,,,,,,,,,,,40.3,54.7,0.001429069999999999,,
0df53143-4d8f-466e-acd9-5a0e4d4175ca,Pass,79,40,2,Real Madrid,Raphaël Varane,Right Center Back,0,Real Madrid,Liverpool,40.3,54.7,Sergio Ramos García,,,Ground Pass,Right Foot,32.9,34.4,0.01269174,0.01132376,-0.00136798,,,,,
43c261a7-83a4-4156-90bd-f4b063790b9d,Ball Receipt*,79,41,2,Real Madrid,Sergio Ramos García,Left Center Back,0,Real Madrid,Liverpool,32.9,34.4,,,,,,,,,,,,,,,
f2a2e30b-81a3-429d-a302-8b8af40c989d,Pass,79,41,2,Real Madrid,Sergio Ramos García,Left Center Back,0,Real Madrid,Liverpool,32.9,34.4,Toni Kroos,,,Low Pass,Right Foot,49.0,9.5,0.01132376,0.01126267,-6.108999999999976e-05,,,,,
7ca89a9c-bff4-446b-8727-12c2d311b953,Ball Receipt*,79,43,2,Real Madrid,Toni Kroos,Left Center Midfield,0,Real Madrid,Liverpool,49.0,9.5,,,,,,,,,,,,,,,
77ce697a-ee2b-48cf-b113-1d1670b2bc16,Carry,79,43,2,Real Madrid,Toni Kroos,Left Center Midfield,0,Real Madrid,Liverpool,49.0,9.5,,,,,,,,,,,49.3,9.0,0.0,,
1ea3382c-9fa1-451d-b112-87c87190ee42,Pass,79,44,2,Real Madrid,Toni Kroos,Left Center Midfield,0,Real Madrid,Liverpool,49.3,9.0,Cristiano Ronaldo dos Santos Aveiro,,,Ground Pass,Right Foot,70.7,1.0,0.01126267,0.0174506,0.006187929999999999,,,,,
6fb41d9b-137e-4b97-b50b-3821232538a1,Ball Receipt*,79,46,2,Real Madrid,Cristiano Ronaldo dos Santos Aveiro,Left Wing,0,Real Madrid,Liverpool,70.7,1.0,,,,,,,,,,,,,,,
25c8b234-900d-4ad2-85f3-0c578e27d9d4,Carry,79,46,2,Real Madrid,Cristiano Ronaldo dos Santos Aveiro,Left Wing,0,Real Madrid,Liverpool,70.7,1.0,,,,,,,,,,,85.7,1.6,0.00377069,,
d882e407-e609-4666-a86c-5e1748708746,Pass,79,49,2,Real Madrid,Cristiano Ronaldo dos Santos Aveiro,Left Wing,0,Real Madrid,Liverpool,85.7,1.6,Marcelo Vieira da Silva Júnior,,,Ground Pass,Right Foot,76.9,1.9,0.02122129,0.0174506,-0.00377069,,,,,
e9d984bc-293e-49a9-a5d9-8cd4921638aa,Ball Receipt*,79,51,2,Real Madrid,Marcelo Vieira da Silva Júnior,Left Back,0,Real Madrid,Liverpool,76.9,1.9,,,,,,,,,,,,,,,
349c8193-518d-4bf0-979f-54ab96205d16,Carry,79,51,2,Real Madrid,Marcelo Vieira da Silva Júnior,Left Back,0,Real Madrid,Liverpool,76.9,1.9,,,,,,,,,,,77.4,13.9,0.00125287,,
f689af0a-3ab3-4066-a197-117631cf498d,Pass,79,53,2,Real Madrid,Marcelo Vieira da Silva Júnior,Left Back,0,Real Madrid,Liverpool,77.4,13.9,Karim Benzema,,,Ground Pass,Right Foot,84.5,13.0,0.01870347,0.02401521,0.005311739999999999,,,,,
65c8c614-bad2-482b-be6b-edc553e93921,Ball Receipt*,79,54,2,Real Madrid,Karim Benzema,Center Forward,0,Real Madrid,Liverpool,84.5,13.0,,,,,,,,,,,,,,,
06b162d2-d6ad-48b6-9103-2a8b07e1fd3b,Pass,79,54,2,Real Madrid,Karim Benzema,Center Forward,0,Real Madrid,Liverpool,84.5,13.0,Marcelo Vieira da Silva Júnior,,,Ground Pass,Right Foot,83.4,18.5,0.02401521,0.02401521,0.0,,,,,
feac5244-72b3-48c8-b486-c397357f9690,Ball Receipt*,79,55,2,Real Madrid,Marcelo Vieira da Silva Júnior,Left Back,0,Real Madrid,Liverpool,83.4,18.5,,,,,,,,,,,,,,,
98681d60-d73c-43a2-9267-a7b0efb51ce8,Pass,79,55,2,Real Madrid,Marcelo Vieira da Silva Júnior,Left Back,0,Real Madrid,Liverpool,83.4,18.5,Cristiano Ronaldo dos Santos Aveiro,,,Ground Pass,Left Foot,85.9,3.3,0.02401521,0.02122129,-0.002793919999999998,,,,,
9d9e5227-cda7-4425-9738-1ab1a3cd6fe1,Ball Receipt*,79,56,2,Real Madrid,Cristiano Ronaldo dos Santos Aveiro,Left Wing,0,Real Madrid,Liverpool,85.9,3.3,,,,,,,,,,,,,,,
3539333c-b20f-4373-94ff-97967dbda7ae,Carry,79,56,2,Real Madrid,Cristiano Ronaldo dos Santos Aveiro,Left Wing,0,Real Madrid,Liverpool,85.9,3.3,,,,,,,,,,,84.8,3.3,0.0,,
18c566d4-f99d-497c-83e7-e2ee0146fa1b,Pass,79,59,2,Real Madrid,Cristiano Ronaldo dos Santos Aveiro,Left Wing,0,Real Madrid,Liverpool,84.8,3.3,Toni Kroos,,,Ground Pass,Right Foot,63.1,18.0,0.02122129,0.01611813,-0.005103159999999999,,,,,
0c99cb78-7f40-432c-815f-61be6eefe8e2,Ball Receipt*,80,1,2,Real Madrid,Toni Kroos,Left Center Midfield,0,Real Madrid,Liverpool,63.1,18.0,,,,,,,,,,,,,,,
31eb304c-a8d4-49bd-9eae-4672212f286d,Carry,80,1,2,Real Madrid,Toni Kroos,Left Center Midfield,0,Real Madrid,Liverpool,63.1,18.0,,,,,,,,,,,63.7,24.2,0.0007378299999999983,,
7ea56ebf-09ae-4288-bc53-eb231ae11173,Pass,80,2,2,Real Madrid,Toni Kroos,Left Center Midfield,0,Real Madrid,Liverpool,63.7,24.2,Sergio Ramos García,,,Ground Pass,Right Foot,56.9,34.7,0.01685596,0.01484598,-0.00200998,,,,,
dbfe8508-ef67-4fee-a2b1-94e232cda6d6,Ball Receipt*,80,3,2,Real Madrid,Sergio Ramos García,Left Center Back,0,Real Madrid,Liverpool,56.9,34.7,,,,,,,,,,,,,,,
d28fd41d-f304-4535-8ae0-b55069a36a8e,Carry,80,3,2,Real Madrid,Sergio Ramos García,Left Center Back,0,Real Madrid,Liverpool,56.9,34.7,,,,,,,,,,,56.4,34.7,0.0,,
9fae5fcf-56ea-4ecf-bec7-834a29bb4911,Pass,80,5,2,Real Madrid,Sergio Ramos García,Left Center Back,0,Real Madrid,Liverpool,56.4,34.7,Raphaël Varane,,,Ground Pass,Left Foot,50.4,51.2,0.01484598,0.01429128,-0.0005547,,,,,
4173ad6e-83a1-4bc7-a14e-0ef14835c4d6,Ball Receipt*,80,6,2,Real Madrid,Raphaël Varane,Right Center Back,0,Real Madrid,Liverpool,50.4,51.2,,,,,,,,,,,,,,,
575a3acf-f79b-4fde-9eeb-9efeb0cb5418,Carry,80,6,2,Real Madrid,Raphaël Varane,Right Center Back,0,Real Madrid,Liverpool,50.4,51.2,,,,,,,,,,,56.4,61.4,-0.0004458799999999992,,
3f6006e6-0def-4cf7-9971-c30f49a021f4,Pass,80,8,2,Real Madrid,Raphaël Varane,Right Center Back,0,Real Madrid,Liverpool,56.4,61.4,Luka Modrić,,,Ground Pass,Right Foot,76.9,70.5,0.0138454,0.0174506,0.003605199999999999,,,,,
09174351-18c0-4ced-b1bf-8f1fba517c28,Ball Receipt*,80,9,2,Real Madrid,Luka Modrić,Right Center Midfield,0,Real Madrid,Liverpool,76.9,70.5,,,,,,,,,,,,,,,
11be24be-c764-4024-8fce-28d5d845f7de,Carry,80,9,2,Real Madrid,Luka Modrić,Right Center Midfield,1,Real Madrid,Liverpool,76.9,70.5,,,,,,,,,,,76.5,71.3,0.0,,
4b123f68-631f-4e8d-9a58-efbdcbfbe747,Pressure,80,9,2,Liverpool,Andrew Robertson,Left Back,0,Real Madrid,Liverpool,41.1,6.1,,,,,,,,,,,,,,,
749a7980-bf2c-4db5-84ef-98f1c95ebc9c,Pass,80,10,2,Real Madrid,Luka Modrić,Right Center Midfield,0,Real Madrid,Liverpool,76.5,71.3,Gareth Frank Bale,Incomplete,,Ground Pass,Right Foot,76.9,72.2,0.0174506,0.0174506,0.0,,,,,
3a7e16cc-1cc8-4e0f-bb5e-13cce133e895,Ball Receipt*,80,10,2,Real Madrid,Gareth Frank Bale,Right Wing,0,Real Madrid,Liverpool,83.9,75.7,,,,,,,,,,,,,,,
5fc0a36c-9a19-4699-aecd-57a2e6fe4528,Block,80,10,2,Liverpool,Andrew Robertson,Left Back,0,Real Madrid,Liverpool,43.2,7.9,,,,,,,,,,,,,,,
f3fed8b4-ef23-4aef-b6e9-a1f89c7fa7ed,Pass,80,23,2,Real Madrid,José Ignacio Fernández Iglesias,Right Back,0,Real Madrid,Liverpool,78.1,80.0,Luka Modrić,,Throw-in,Low Pass,,78.6,67.3,0.0174506,0.01870347,0.00125287,,,,,
b5438622-c9dc-492c-9ca3-e4f0f4c1d7e3,Ball Receipt*,80,24,2,Real Madrid,Luka Modrić,Right Center Midfield,0,Real Madrid,Liverpool,78.6,67.3,,,,,,,,,,,,,,,
7a97d75d-5331-4a39-abbf-ad58c3574029,Carry,80,24,2,Real Madrid,Luka Modrić,Right Center Midfield,0,Real Madrid,Liverpool,78.6,67.3,,,,,,,,,,,77.4,68.5,0.0,,
9fcbe4dc-7dc8-4199-ad36-dcc5cc9f7b85,Pass,80,25,2,Real Madrid,Luka Modrić,Right Center Midfield,0,Real Madrid,Liverpool,77.4,68.5,Raphaël Varane,,,Ground Pass,Right Foot,56.4,74.5,0.01870347,0.01248344,-0.00622003,,,,,
225cce2f-cf42-42c4-a09a-cb5f0ede8f10,Ball Receipt*,80,26,2,Real Madrid,Raphaël Varane,Right Center Back,0,Real Madrid,Liverpool,56.4,74.5,,,,,,,,,,,,,,,
31c84a25-c406-4d26-8371-bc8da03f1460,Carry,80,26,2,Real Madrid,Raphaël Varane,Right Center Back,0,Real Madrid,Liverpool,56.4,74.5,,,,,,,,,,,49.7,70.2,-0.001220769999999999,,
b533613d-00e9-48c8-aa72-9f6717c22149,Pass,80,28,2,Real Madrid,Raphaël Varane,Right Center Back,0,Real Madrid,Liverpool,49.7,70.2,Sergio Ramos García,,,Ground Pass,Right Foot,35.5,50.3,0.01126267,0.01110462,-0.0001580499999999999,,,,,
45c3d11b-ec22-4cb5-9d1e-ec86addfb6fb,Ball Receipt*,80,30,2,Real Madrid,Sergio Ramos García,Left Center Back,0,Real Madrid,Liverpool,35.5,50.3,,,,,,,,,,,,,,,
4eb2ebfb-48f3-4fe8-bed3-d3194c229f92,Carry,80,30,2,Real Madrid,Sergio Ramos García,Left Center Back,1,Real Madrid,Liverpool,35.5,50.3,,,,,,,,,,,35.5,51.2,0.0,,
9d5a8f49-4d1b-4b73-b49c-a38de16b6f2d,Pressure,80,30,2,Liverpool,Sadio Mané,Right Wing,0,Real Madrid,Liverpool,81.4,34.2,,,,,,,,,,,,,,,
418363ea-5ba6-4d4f-8958-1e0cb2e59f5e,Pass,80,31,2,Real Madrid,Sergio Ramos García,Left Center Back,1,Real Madrid,Liverpool,35.5,51.2,Keylor Navas Gamboa,,,Low Pass,Left Foot,8.9,42.7,0.01110462,0.00941056,-0.001694060000000001,,,,,
c187ec22-5863-44b0-958e-8a845d7c1f21,Ball Receipt*,80,33,2,Real Madrid,Keylor Navas Gamboa,Goalkeeper,0,Real Madrid,Liverpool,8.9,42.7,,,,,,,,,,,,,,,
2f889005-6706-401f-b794-45c5ddaffa7d,Carry,80,33,2,Real Madrid,Keylor Navas Gamboa,Goalkeeper,0,Real Madrid,Liverpool,8.9,42.7,,,,,,,,,,,13.3,48.2,0.00141666,,
ff4e2e43-30a4-4b3d-ab13-6df0f9423880,Pass,80,37,2,Real Madrid,Keylor Navas Gamboa,Goalkeeper,0,Real Madrid,Liverpool,13.3,48.2,Gareth Frank Bale,Incomplete,,High Pass,Right Foot,69.8,71.1,0.01082722,0.01473596,0.003908739999999999,,,,,
a2b7705e-b449-458f-a9b9-614f2abd92a7,Ball Receipt*,80,40,2,Real Madrid,Gareth Frank Bale,Right Wing,0,Real Madrid,Liverpool,69.8,71.1,,,,,,,,,,,,,,,
43998080-6ea3-486a-b14d-0eb653f26c39,Duel,80,40,2,Real Madrid,Gareth Frank Bale,Right Wing,1,Real Madrid,Liverpool,69.8,71.1,,,,,,,,,,,,,,,
7322aafe-371a-453d-8776-8195b72ac5d9,Clearance,80,40,2,Liverpool,Virgil van Dijk,Left Center Back,1,Real Madrid,Liverpool,50.3,9.0,,,,,,,,,,,,,,,
c0c8aded-9258-44db-8aaf-7ec95d3a325c,Pass,80,43,2,Real Madrid,José Ignacio Fernández Iglesias,Right Back,0,Real Madrid,Liverpool,47.9,76.1,Luka Modrić,,Recovery,Ground Pass,Right Foot,50.4,68.5,0.01126267,0.0138454,0.00258273,,,,,
636e96ea-aeef-4789-b698-7eeff30cab38,Ball Receipt*,80,44,2,Real Madrid,Luka Modrić,Right Center Midfield,0,Real Madrid,Liverpool,50.4,68.5,,,,,,,,,,,,,,,
40194c0c-f4cf-4c8f-bfe8-d29a704e1b3b,Carry,80,44,2,Real Madrid,Luka Modrić,Right Center Midfield,0,Real Madrid,Liverpool,50.4,68.5,,,,,,,,,,,45.8,70.8,-0.00258273,,
60a25706-47f2-418c-a63e-49379449e4d2,Pass,80,45,2,Real Madrid,Luka Modrić,Right Center Midfield,0,Real Madrid,Liverpool,45.8,70.8,Carlos Henrique Casimiro,,,Ground Pass,Left Foot,49.7,54.9,0.01126267,0.01269174,0.001429069999999999,,,,,
14462472-e49a-4701-bfd2-a0500177080f,Ball Receipt*,80,46,2,Real Madrid,Carlos Henrique Casimiro,Center Defensive Midfield,0,Real Madrid,Liverpool,49.7,54.9,,,,,,,,,,,,,,,
99127982-efc2-4a45-b388-0f38c16ef80f,Carry,80,46,2,Real Madrid,Carlos Henrique Casimiro,Center Defensive Midfield,0,Real Madrid,Liverpool,49.7,54.9,,,,,,,,,,,49.7,54.9,0.0,,
088769b1-e859-40b1-9b9c-7257350691ad,Pass,80,47,2,Real Madrid,Carlos Henrique Casimiro,Center Defensive Midfield,0,Real Madrid,Liverpool,49.7,54.9,Raphaël Varane,,,Ground Pass,Right Foot,28.3,61.1,0.01269174,0.00942382,-0.003267920000000001,,,,,
8bd9910d-0074-438a-b53b-59a1ebdb1ed0,Ball Receipt*,80,50,2,Real Madrid,Raphaël Varane,Right Center Back,0,Real Madrid,Liverpool,28.3,61.1,,,,,,,,,,,,,,,
01e18385-3c45-4ef8-97c6-ea4a31943787,Carry,80,50,2,Real Madrid,Raphaël Varane,Right Center Back,0,Real Madrid,Liverpool,28.3,61.1,,,,,,,,,,,30.6,63.7,0.001171080000000001,,
95e22c51-aac5-47fb-aea0-d1829343fc74,Pass,80,51,2,Real Madrid,Raphaël Varane,Right Center Back,0,Real Madrid,Liverpool,30.6,63.7,Luka Modrić,,,Ground Pass,Right Foot,42.3,64.9,0.0105949,0.01214719,0.00155229,,,,,
b1193892-e43e-425e-bc96-b9e5e4bc811f,Ball Receipt*,80,52,2,Real Madrid,Luka Modrić,Right Center Midfield,0,Real Madrid,Liverpool,42.3,64.9,,,,,,,,,,,,,,,
6b0276c4-299a-4218-a6a1-529f94554b63,Carry,80,52,2,Real Madrid,Luka Modrić,Right Center Midfield,0,Real Madrid,Liverpool,42.3,64.9,,,,,,,,,,,48.8,65.8,0.0,,
7f17ba31-84af-4379-bdac-7df6e68b1293,Pass,80,52,2,Real Madrid,Luka Modrić,Right Center Midfield,0,Real Madrid,Liverpool,48.8,65.8,José Ignacio Fernández Iglesias,,,Ground Pass,Right Foot,49.9,75.7,0.01214719,0.01126267,-0.0008845199999999998,,,,,
c50930bf-7746-46de-8a0b-91bc892b1dc3,Ball Receipt*,80,54,2,Real Madrid,José Ignacio Fernández Iglesias,Right Back,0,Real Madrid,Liverpool,49.9,75.7,,,,,,,,,,,,,,,
6b81e788-ba95-4a19-8195-8ff65e701799,Pass,80,54,2,Real Madrid,José Ignacio Fernández Iglesias,Right Back,0,Real Madrid,Liverpool,49.9,75.7,Gareth Frank Bale,,,Ground Pass,Right Foot,72.5,76.6,0.01126267,0.0174506,0.006187929999999999,,,,,
8a2be6d6-42d8-4c0e-8017-248cadc1cf97,Ball Receipt*,80,56,2,Real Madrid,Gareth Frank Bale,Right Wing,0,Real Madrid,Liverpool,72.5,76.6,,,,,,,,,,,,,,,
03652640-82bd-4ba4-b641-e6a67d9a8d60,Carry,80,56,2,Real Madrid,Gareth Frank Bale,Right Wing,0,Real Madrid,Liverpool,72.5,76.6,,,,,,,,,,,91.9,69.6,0.01208212,,
b972931e-9d37-442c-a447-13d442c691c2,Pass,80,59,2,Real Madrid,Gareth Frank Bale,Right Wing,0,Real Madrid,Liverpool,91.9,69.6,Karim Benzema,,,High Pass,Left Foot,106.2,30.3,0.02953272,0.10805102,0.0785183,,,,,
e2dfd02f-665c-4c16-ba38-f3ab2fe2c23a,Ball Receipt*,81,1,2,Real Madrid,Karim Benzema,Center Forward,0,Real Madrid,Liverpool,106.2,30.3,,,,,,,,,,,,,,,
c7f3935c-23fa-4ddc-a6ee-eb9d0972d034,Shot,81,1,2,Real Madrid,Karim Benzema,Center Forward,0,Real Madrid,Liverpool,106.8,30.2,,,,,,,,,,,,,,0.08103228,Saved
8fdc5cfe-d6d1-421f-ab51-e9811d544a16,Goal Keeper,81,2,2,Liverpool,Loris Karius,Goalkeeper,0,Real Madrid,Liverpool,1.4,42.6,,,,,,,,,,,,,,,
28f4e869-7be6-467e-92bd-57bca346b205,Clearance,81,3,2,Liverpool,Virgil van Dijk,Left Center Back,1,Real Madrid,Liverpool,15.1,29.8,,,,,,,,,,,,,,,
97425de5-2544-43db-96a8-ff36298a0e25,Pressure,81,5,2,Real Madrid,Sergio Ramos García,Left Center Back,0,Real Madrid,Liverpool,69.8,25.6,,,,,,,,,,,,,,,
f36ec8aa-727c-4183-acb4-13c40911fdb2,Pass,81,5,2,Liverpool,Sadio Mané,Right Wing,1,Real Madrid,Liverpool,48.7,53.3,James Philip Milner,,Recovery,Low Pass,Other,42.7,42.7,0.01269174,0.01262646,-6.527999999999916e-05,,,,,
c88f9684-523b-48c2-839e-e994bf674c79,Ball Receipt*,81,6,2,Liverpool,James Philip Milner,Left Center Midfield,0,Real Madrid,Liverpool,42.7,42.7,,,,,,,,,,,,,,,
131df1ac-25d5-4605-93bf-29accd7992e7,Carry,81,6,2,Liverpool,James Philip Milner,Left Center Midfield,1,Real Madrid,Liverpool,42.7,42.7,,,,,,,,,,,41.1,50.1,6.527999999999916e-05,,
49d405d7-3671-400f-a887-53a2411fb6cf,Pressure,81,7,2,Real Madrid,Luka Modrić,Right Center Midfield,0,Real Madrid,Liverpool,79.0,42.0,,,,,,,,,,,,,,,
302bdefa-43e4-45a8-b99d-3a35fac4ddc0,Pass,81,9,2,Liverpool,James Philip Milner,Left Center Midfield,0,Real Madrid,Liverpool,41.1,50.1,Trent Alexander-Arnold,,,Ground Pass,Right Foot,35.6,66.7,0.01269174,0.0105949,-0.002096839999999999,,,,,
aadcbcce-04d5-4caa-87c0-2cc7fc4b2db6,Ball Receipt*,81,10,2,Liverpool,Trent Alexander-Arnold,Right Back,0,Real Madrid,Liverpool,35.6,66.7,,,,,,,,,,,,,,,
84615c82-8e25-4f30-86b3-48f2028fb3fe,Carry,81,10,2,Liverpool,Trent Alexander-Arnold,Right Back,1,Real Madrid,Liverpool,35.6,66.7,,,,,,,,,,,43.6,64.8,0.00155229,,
cce0daad-e0c2-49c3-a00b-5968f45123e4,Pressure,81,13,2,Real Madrid,Marcelo Vieira da Silva Júnior,Left Back,0,Real Madrid,Liverpool,72.1,16.9,,,,,,,,,,,,,,,
a3fb077d-6a7f-4e4a-a1a4-b73e2206eed9,Dispossessed,81,14,2,Liverpool,Trent Alexander-Arnold,Right Back,1,Real Madrid,Liverpool,43.6,64.8,,,,,,,,,,,,,,,
30e08a35-df36-4cf3-a6a5-aa104bffd2a3,Duel,81,14,2,Real Madrid,Marcelo Vieira da Silva Júnior,Left Back,1,Real Madrid,Liverpool,76.5,15.3,,,,,,,,,,,,,,,
ac461549-67a9-49d2-9a5e-cf29c136d3c7,Pass,81,19,2,Real Madrid,Marcelo Vieira da Silva Júnior,Left Back,0,Real Madrid,Liverpool,69.3,0.1,Karim Benzema,,Throw-in,Low Pass,,104.8,4.2,0.01473596,0.03485072,0.02011476,,,,,
27287a2d-8d87-4e3c-b583-9c037df13753,Ball Receipt*,81,23,2,Real Madrid,Karim Benzema,Center Forward,0,Real Madrid,Liverpool,104.8,4.2,,,,,,,,,,,,,,,
7043e493-773d-49e9-883e-2ed8c3dcdb24,Carry,81,23,2,Real Madrid,Karim Benzema,Center Forward,0,Real Madrid,Liverpool,104.8,4.2,,,,,,,,,,,105.9,5.1,0.0,,
8ff64b59-ab3a-4926-b931-9239d5141ff5,Pass,81,26,2,Real Madrid,Karim Benzema,Center Forward,0,Real Madrid,Liverpool,105.9,5.1,Marcelo Vieira da Silva Júnior,,,Ground Pass,Right Foot,98.6,7.2,0.03485072,0.02756312,-0.007287600000000002,,,,,
953cf90f-bb98-45a7-a3ff-975a905a747a,Ball Receipt*,81,27,2,Real Madrid,Marcelo Vieira da Silva Júnior,Left Back,0,Real Madrid,Liverpool,98.6,7.2,,,,,,,,,,,,,,,
b2f1de4b-7267-4ae4-a90b-931d8d24bdc2,Carry,81,27,2,Real Madrid,Marcelo Vieira da Silva Júnior,Left Back,0,Real Madrid,Liverpool,98.6,7.2,,,,,,,,,,,98.6,7.2,0.0,,
f8520753-3f5d-4eec-b6b7-34f05165de2e,Pass,81,28,2,Real Madrid,Marcelo Vieira da Silva Júnior,Left Back,0,Real Madrid,Liverpool,98.6,7.2,Toni Kroos,,,Ground Pass,Left Foot,86.2,17.4,0.02756312,0.02401521,-0.003547910000000001,,,,,
4d62ba56-90af-4d79-8226-353a9000dfb6,Ball Receipt*,81,29,2,Real Madrid,Toni Kroos,Left Center Midfield,0,Real Madrid,Liverpool,86.2,17.4,,,,,,,,,,,,,,,
5a8dc1dc-b27d-4cc2-8974-22c87d95f4e4,Carry,81,29,2,Real Madrid,Toni Kroos,Left Center Midfield,0,Real Madrid,Liverpool,86.2,17.4,,,,,,,,,,,86.2,17.4,0.0,,
86921d12-28f2-457b-87c7-405e0959867c,Pass,81,30,2,Real Madrid,Toni Kroos,Left Center Midfield,0,Real Madrid,Liverpool,86.2,17.4,Marcelo Vieira da Silva Júnior,,,Ground Pass,Right Foot,93.0,9.0,0.02401521,0.02756312,0.003547910000000001,,,,,
4efbb378-7867-4238-9c5a-295b1d4314d7,Ball Receipt*,81,31,2,Real Madrid,Marcelo Vieira da Silva Júnior,Left Back,0,Real Madrid,Liverpool,93.0,9.0,,,,,,,,,,,,,,,
6e54d4d9-303c-4f0a-82b8-76227c65d7d9,Carry,81,31,2,Real Madrid,Marcelo Vieira da Silva Júnior,Left Back,0,Real Madrid,Liverpool,93.0,9.0,,,,,,,,,,,86.6,10.7,-0.003547910000000001,,
cc472d49-e82f-4fea-a204-86fee3ed7a2b,Pass,81,33,2,Real Madrid,Marcelo Vieira da Silva Júnior,Left Back,0,Real Madrid,Liverpool,86.6,10.7,Toni Kroos,,,Ground Pass,Left Foot,82.2,13.0,0.02401521,0.02401521,0.0,,,,,
e4953bb2-5633-408b-b47c-b826cc6eb32e,Ball Receipt*,81,33,2,Real Madrid,Toni Kroos,Left Center Midfield,0,Real Madrid,Liverpool,82.2,13.0,,,,,,,,,,,,,,,
06556e85-dce4-44fc-88e3-fb7c58dbcfa0,Carry,81,33,2,Real Madrid,Toni Kroos,Left Center Midfield,0,Real Madrid,Liverpool,82.2,13.0,,,,,,,,,,,84.8,11.8,0.0,,
15f99765-ece6-4594-82e2-69f9620694d9,Pass,81,35,2,Real Madrid,Toni Kroos,Left Center Midfield,0,Real Madrid,Liverpool,84.8,11.8,Karim Benzema,,,Ground Pass,Right Foot,86.8,1.9,0.02401521,0.02122129,-0.002793919999999998,,,,,
67c3aa8b-4364-437f-9300-c567a39294a7,Ball Receipt*,81,35,2,Real Madrid,Karim Benzema,Center Forward,0,Real Madrid,Liverpool,86.8,1.9,,,,,,,,,,,,,,,
9d963f4c-9713-40ff-b9c1-eb3f91f1db12,Carry,81,35,2,Real Madrid,Karim Benzema,Center Forward,0,Real Madrid,Liverpool,86.8,1.9,,,,,,,,,,,76.5,2.2,-0.00377069,,
42ff0091-53ca-4dba-80fd-2d46ca72e19c,Pass,81,39,2,Real Madrid,Karim Benzema,Center Forward,0,Real Madrid,Liverpool,76.5,2.2,Sergio Ramos García,,,Ground Pass,Right Foot,50.4,9.5,0.0174506,0.01248344,-0.00496716,,,,,
0948875b-be3f-4220-9948-63a73d2fb026,Ball Receipt*,81,40,2,Real Madrid,Sergio Ramos García,Left Center Back,0,Real Madrid,Liverpool,50.4,9.5,,,,,,,,,,,,,,,
1b9ba013-8638-4ee9-abc0-e5d8a0742025,Carry,81,40,2,Real Madrid,Sergio Ramos García,Left Center Back,1,Real Madrid,Liverpool,50.4,9.5,,,,,,,,,,,45.8,7.4,-0.001220769999999999,,
de697213-2e1a-45fe-bc11-53114bb92a73,Pressure,81,41,2,Liverpool,Sadio Mané,Right Wing,0,Real Madrid,Liverpool,64.4,68.8,,,,,,,,,,,,,,,
928a15d8-a10e-411c-953d-301663f2fada,Foul Committed,81,43,2,Liverpool,Sadio Mané,Right Wing,0,Real Madrid,Liverpool,74.3,72.7,,,,,,,,,,,,,,,
2be148f1-c914-4cc9-afa5-7dd9716ab8fd,Foul Won,81,43,2,Real Madrid,Sergio Ramos García,Left Center Back,1,Real Madrid,Liverpool,45.8,7.4,,,,,,,,,,,,,,,
8fafbd4c-f4e0-4bc4-a518-9a27dee8c354,Substitution,82,27,2,Liverpool,James Philip Milner,Left Center Midfield,0,Real Madrid,Liverpool,,,,,,,,,,,,,,,,,
0d867b22-145d-4559-b22e-daf625fbe065,Pass,82,29,2,Real Madrid,Sergio Ramos García,Left Center Back,0,Real Madrid,Liverpool,45.8,7.4,Marcelo Vieira da Silva Júnior,,Free Kick,Ground Pass,Right Foot,62.8,1.6,0.01126267,0.01473596,0.003473289999999999,,,,,
6e6c2bfd-e091-48e8-abd8-374a49fcb7c4,Ball Receipt*,82,32,2,Real Madrid,Marcelo Vieira da Silva Júnior,Left Back,0,Real Madrid,Liverpool,62.8,1.6,,,,,,,,,,,,,,,
b96e2d9d-2685-4f6a-981e-74ada48ff1f5,Pass,82,33,2,Real Madrid,Marcelo Vieira da Silva Júnior,Left Back,0,Real Madrid,Liverpool,62.8,1.6,Cristiano Ronaldo dos Santos Aveiro,,,Ground Pass,Left Foot,76.9,1.6,0.01473596,0.0174506,0.002714640000000001,,,,,
701d0ea1-664d-4b01-98c0-2c781ee5ee14,Ball Receipt*,82,35,2,Real Madrid,Cristiano Ronaldo dos Santos Aveiro,Left Wing,0,Real Madrid,Liverpool,76.9,1.6,,,,,,,,,,,,,,,
908cfd35-57f9-439e-9914-1817cb2dffbf,Pass,82,35,2,Real Madrid,Cristiano Ronaldo dos Santos Aveiro,Left Wing,0,Real Madrid,Liverpool,76.9,1.6,Marcelo Vieira da Silva Júnior,,,Ground Pass,Right Foot,70.7,7.4,0.0174506,0.0174506,0.0,,,,,
9904603f-e6d4-4efe-8db0-00f145cc2e94,Ball Receipt*,82,35,2,Real Madrid,Marcelo Vieira da Silva Júnior,Left Back,0,Real Madrid,Liverpool,70.7,7.4,,,,,,,,,,,,,,,
1e62bef8-0365-4835-8a4c-163dd6b05815,Carry,82,35,2,Real Madrid,Marcelo Vieira da Silva Júnior,Left Back,0,Real Madrid,Liverpool,70.7,7.4,,,,,,,,,,,77.2,14.5,0.00125287,,
c3ace7b4-1cb2-471b-b910-85322bd0dac8,Pass,82,38,2,Real Madrid,Marcelo Vieira da Silva Júnior,Left Back,0,Real Madrid,Liverpool,77.2,14.5,Gareth Frank Bale,,,High Pass,Left Foot,90.7,67.8,0.01870347,0.02953272,0.01082925,,,,,
807b837e-6f74-4dbf-b059-0163992c78be,Ball Receipt*,82,40,2,Real Madrid,Gareth Frank Bale,Right Wing,0,Real Madrid,Liverpool,90.7,67.8,,,,,,,,,,,,,,,
f0c8d252-0444-4228-a561-601122f14831,Carry,82,40,2,Real Madrid,Gareth Frank Bale,Right Wing,0,Real Madrid,Liverpool,90.7,67.8,,,,,,,,,,,90.2,58.6,-0.0009806999999999975,,
05688a6e-37f8-4aa6-a36e-d8151aa75997,Shot,82,43,2,Real Madrid,Gareth Frank Bale,Right Wing,0,Real Madrid,Liverpool,90.2,58.6,,,,,,,,,,,,,,0.0075294827,Goal
2bd86c9d-0c56-4dcf-b92c-b42bd685c7d4,Goal Keeper,82,45,2,Liverpool,Loris Karius,Goalkeeper,0,Real Madrid,Liverpool,1.2,38.5,,,,,,,,,,,,,,,
7bc58fdc-eced-4030-9d78-30976c1c18b8,Pass,84,4,2,Liverpool,Roberto Firmino Barbosa de Oliveira,Center Forward,0,Real Madrid,Liverpool,61.0,40.1,Jordan Brian Henderson,,Kick Off,Ground Pass,Right Foot,49.6,40.4,0.01689528,0.01262646,-0.004268819999999998,,,,,
1a350f3d-b439-4816-886c-5fe08c622a1d,Ball Receipt*,84,6,2,Liverpool,Jordan Brian Henderson,Center Defensive Midfield,0,Real Madrid,Liverpool,49.6,40.4,,,,,,,,,,,,,,,
6b76458b-3549-4963-bd95-800075b46aa4,Pass,84,6,2,Liverpool,Jordan Brian Henderson,Center Defensive Midfield,0,Real Madrid,Liverpool,49.6,40.4,Emre Can,,,Ground Pass,Right Foot,71.7,46.2,0.01262646,0.0199707,0.00734424,,,,,
66b10c85-cafe-432f-ae6d-34ce7ef9cdac,Ball Receipt*,84,8,2,Liverpool,Emre Can,Left Center Midfield,0,Real Madrid,Liverpool,71.7,46.2,,,,,,,,,,,,,,,
9a6f8bba-6185-4d09-8d9a-3732d644a147,Pass,84,10,2,Liverpool,Emre Can,Left Center Midfield,0,Real Madrid,Liverpool,81.0,18.7,Andrew Robertson,,,Ground Pass,Right Foot,76.4,5.6,0.02401521,0.0174506,-0.006564609999999999,,,,,
6449c2ec-4bc6-4ced-b09d-c31bb7185ebe,Ball Receipt*,84,11,2,Liverpool,Andrew Robertson,Left Back,0,Real Madrid,Liverpool,76.4,5.6,,,,,,,,,,,,,,,
8ab823e9-0d59-4a05-bef9-50e63a53c927,Carry,84,11,2,Liverpool,Andrew Robertson,Left Back,0,Real Madrid,Liverpool,76.4,5.6,,,,,,,,,,,75.7,4.0,0.0,,
ed489abd-f360-45ea-9c04-28bc624cb7ff,Pass,84,12,2,Liverpool,Andrew Robertson,Left Back,0,Real Madrid,Liverpool,75.7,4.0,Sadio Mané,,,Ground Pass,Left Foot,86.3,24.9,0.0174506,0.0241224,0.006671799999999999,,,,,
2f00e9b6-8701-4068-8b09-42f77af73ee9,Ball Receipt*,84,14,2,Liverpool,Sadio Mané,Right Wing,0,Real Madrid,Liverpool,86.3,24.9,,,,,,,,,,,,,,,
8dea2670-2e28-41ad-b135-50de07bc91b6,Carry,84,14,2,Liverpool,Sadio Mané,Right Wing,1,Real Madrid,Liverpool,86.3,24.9,,,,,,,,,,,90.2,26.1,0.004429620000000002,,
6ce6e181-9fd7-45dd-afb4-37f8456b2cf2,Pressure,84,14,2,Real Madrid,Carlos Henrique Casimiro,Center Defensive Midfield,0,Real Madrid,Liverpool,27.6,53.5,,,,,,,,,,,,,,,
def377b1-96fd-445d-ac94-48a89a14e0ef,Pass,84,15,2,Liverpool,Sadio Mané,Right Wing,1,Real Madrid,Liverpool,90.2,26.1,,Incomplete,,Ground Pass,Right Foot,92.5,26.1,0.02855202,0.02855202,0.0,,,,,
bcdc2d7f-2d31-4379-b8a2-e2087ee7ad9c,Block,84,15,2,Real Madrid,Carlos Henrique Casimiro,Center Defensive Midfield,0,Real Madrid,Liverpool,27.6,54.0,,,,,,,,,,,,,,,
2a9ebeb7-ab8e-45e4-bf40-4afe21beda65,Pass,84,16,2,Real Madrid,Toni Kroos,Left Center Midfield,0,Real Madrid,Liverpool,32.4,50.0,Karim Benzema,,Recovery,Ground Pass,Right Foot,42.6,62.3,0.01110462,0.01214719,0.00104257,,,,,
876e4ebe-0a7c-4b57-93e2-d521fb2d0bf8,Ball Receipt*,84,17,2,Real Madrid,Karim Benzema,Center Forward,0,Real Madrid,Liverpool,42.6,62.3,,,,,,,,,,,,,,,
39777ae9-102a-44ab-82b6-3cbe160c9240,Carry,84,17,2,Real Madrid,Karim Benzema,Center Forward,1,Real Madrid,Liverpool,42.6,62.3,,,,,,,,,,,37.5,62.0,-0.00155229,,
092ac2bb-195a-4ce1-977e-9f372129876c,Pressure,84,17,2,Liverpool,Virgil van Dijk,Left Center Back,0,Real Madrid,Liverpool,76.9,18.1,,,,,,,,,,,,,,,
c883eb16-756a-48a0-b237-8856fb077e49,Pass,84,18,2,Real Madrid,Karim Benzema,Center Forward,1,Real Madrid,Liverpool,37.5,62.0,Toni Kroos,,,Ground Pass,Right Foot,41.4,54.9,0.0105949,0.01269174,0.002096839999999999,,,,,
7bc970c0-9090-45b4-93d5-53a2dc9cfe4c,Ball Receipt*,84,19,2,Real Madrid,Toni Kroos,Left Center Midfield,0,Real Madrid,Liverpool,41.4,54.9,,,,,,,,,,,,,,,
2e7e078f-d63a-4f77-9029-f673542041fa,Carry,84,19,2,Real Madrid,Toni Kroos,Left Center Midfield,0,Real Madrid,Liverpool,41.4,54.9,,,,,,,,,,,41.7,54.9,0.0,,
d52ddf93-bd81-47a4-800a-a5a64bc635b1,Pass,84,19,2,Real Madrid,Toni Kroos,Left Center Midfield,0,Real Madrid,Liverpool,41.7,54.9,Gareth Frank Bale,,,Ground Pass,Right Foot,71.0,66.4,0.01269174,0.01870347,0.00601173,,,,,
6c64b83d-e044-4079-8b1c-bb6e5b54f1d6,Pressure,84,20,2,Liverpool,Jordan Brian Henderson,Center Defensive Midfield,0,Real Madrid,Liverpool,56.1,23.8,,,,,,,,,,,,,,,
216745b4-c782-47a0-ae39-14c85a07406a,Ball Receipt*,84,21,2,Real Madrid,Gareth Frank Bale,Right Wing,1,Real Madrid,Liverpool,71.0,66.4,,,,,,,,,,,,,,,
f33ebd77-5071-4972-95fd-e53ce89ff140,Carry,84,21,2,Real Madrid,Gareth Frank Bale,Right Wing,1,Real Madrid,Liverpool,71.0,66.4,,,,,,,,,,,107.1,46.4,0.08934755,,
0bf34726-4db9-4005-adc1-ad1fa8702b3a,Pressure,84,23,2,Liverpool,Dejan Lovren,Right Center Back,0,Real Madrid,Liverpool,29.1,33.3,,,,,,,,,,,,,,,
6ed9c812-25b4-414b-a689-34b8d177af25,Dispossessed,84,25,2,Real Madrid,Gareth Frank Bale,Right Wing,1,Real Madrid,Liverpool,107.1,46.4,,,,,,,,,,,,,,,
e67c3b1e-1b9f-4377-81ee-7f3b09447c4f,Duel,84,25,2,Liverpool,Dejan Lovren,Right Center Back,1,Real Madrid,Liverpool,13.0,33.7,,,,,,,,,,,,,,,
a535d37d-3eb9-4394-9987-e8ff7048ad19,Pass,84,59,2,Real Madrid,Toni Kroos,Left Center Midfield,0,Real Madrid,Liverpool,120.0,80.0,Luka Modrić,,Corner,Ground Pass,Right Foot,110.8,74.5,0.0379259,0.0379259,0.0,,,,,
58632016-023a-4575-948c-1934b564a950,Ball Receipt*,85,1,2,Real Madrid,Luka Modrić,Right Center Midfield,0,Real Madrid,Liverpool,110.8,74.5,,,,,,,,,,,,,,,
134dd424-99fd-470b-88bb-c1326f6d5f39,Pressure,85,1,2,Liverpool,Sadio Mané,Right Wing,0,Real Madrid,Liverpool,10.2,8.4,,,,,,,,,,,,,,,
cc5d2590-aeab-4d26-a8ea-7444d71ba96f,Dispossessed,85,3,2,Real Madrid,Luka Modrić,Right Center Midfield,1,Real Madrid,Liverpool,114.1,73.4,,,,,,,,,,,,,,,
5678362e-121a-40e6-851f-f06c283d0ac2,Duel,85,3,2,Liverpool,Sadio Mané,Right Wing,1,Real Madrid,Liverpool,6.0,6.7,,,,,,,,,,,,,,,
09054fc6-1b32-419f-937e-00acdd369d0e,Pass,85,20,2,Real Madrid,Toni Kroos,Left Center Midfield,0,Real Madrid,Liverpool,120.0,80.0,Luka Modrić,,Corner,Ground Pass,Right Foot,116.1,76.6,0.0379259,0.0379259,0.0,,,,,
80dabaa8-159e-4302-b969-86206a5a57b6,Ball Receipt*,85,21,2,Real Madrid,Luka Modrić,Right Center Midfield,0,Real Madrid,Liverpool,116.1,76.6,,,,,,,,,,,,,,,
484fbc54-98c2-4d4a-848d-34d8489f0feb,Carry,85,21,2,Real Madrid,Luka Modrić,Right Center Midfield,1,Real Madrid,Liverpool,116.1,76.6,,,,,,,,,,,117.7,74.3,0.0,,
2a002bec-a8a9-4b9b-b881-d18fbedf7a98,Pressure,85,21,2,Liverpool,Sadio Mané,Right Wing,0,Real Madrid,Liverpool,6.6,6.1,,,,,,,,,,,,,,,
7a41fa9d-936f-4173-a7ea-3cf0503dfb32,Dribble,85,22,2,Real Madrid,Luka Modrić,Right Center Midfield,1,Real Madrid,Liverpool,117.7,74.3,,,,,,,,,,,,,,,
8c090b37-1885-4208-a366-07d8d92611a1,Duel,85,22,2,Liverpool,Sadio Mané,Right Wing,1,Real Madrid,Liverpool,2.4,5.8,,,,,,,,,,,,,,,
a5d71d25-f8a4-4b15-bf13-f4f1f050e70e,Pass,85,38,2,Real Madrid,Toni Kroos,Left Center Midfield,0,Real Madrid,Liverpool,120.0,80.0,Luka Modrić,,Corner,Ground Pass,Right Foot,115.9,77.3,0.0379259,0.0379259,0.0,,,,,
d812123b-b5fb-4122-b7a7-3a099b8adc6e,Pressure,85,39,2,Liverpool,Sadio Mané,Right Wing,0,Real Madrid,Liverpool,8.6,5.8,,,,,,,,,,,,,,,
bf613649-d688-450f-a5cd-b300200985ef,Ball Receipt*,85,40,2,Real Madrid,Luka Modrić,Right Center Midfield,1,Real Madrid,Liverpool,115.9,77.3,,,,,,,,,,,,,,,
6a847172-c9f4-4f52-9e78-bcd26169a4a2,Pass,85,40,2,Real Madrid,Luka Modrić,Right Center Midfield,1,Real Madrid,Liverpool,116.4,77.0,Toni Kroos,,,Low Pass,Right Foot,108.0,78.4,0.0379259,0.03485072,-0.003075179999999997,,,,,
5e0d9f61-7bd5-4a9a-b112-ed4cc0792d66,Ball Receipt*,85,41,2,Real Madrid,Toni Kroos,Left Center Midfield,0,Real Madrid,Liverpool,108.0,78.4,,,,,,,,,,,,,,,
83229b4f-203f-40d5-8393-ed06ed29145e,Carry,85,41,2,Real Madrid,Toni Kroos,Left Center Midfield,0,Real Madrid,Liverpool,108.0,78.4,,,,,,,,,,,96.8,73.1,-0.007287600000000002,,
24cf5549-537f-47f5-8e49-58faa32314c8,Pass,85,43,2,Real Madrid,Toni Kroos,Left Center Midfield,0,Real Madrid,Liverpool,96.8,73.1,José Ignacio Fernández Iglesias,,,Ground Pass,Right Foot,75.4,74.5,0.02756312,0.0174506,-0.01011252,,,,,
daf29c5c-af1e-4455-80df-73b5a6c0ad7f,Ball Receipt*,85,44,2,Real Madrid,José Ignacio Fernández Iglesias,Right Back,0,Real Madrid,Liverpool,75.4,74.5,,,,,,,,,,,,,,,
836dad4f-daba-41cd-a9c3-54c695678666,Carry,85,44,2,Real Madrid,José Ignacio Fernández Iglesias,Right Back,0,Real Madrid,Liverpool,75.4,74.5,,,,,,,,,,,73.4,73.8,0.0,,
87e51e71-14c6-4c2a-bca8-9a7a9477372d,Pass,85,45,2,Real Madrid,José Ignacio Fernández Iglesias,Right Back,0,Real Madrid,Liverpool,73.4,73.8,Carlos Henrique Casimiro,,,Ground Pass,Right Foot,54.8,43.6,0.0174506,0.01484598,-0.00260462,,,,,
1daa22a2-f7bd-43e1-a3b5-18857fef540f,Ball Receipt*,85,48,2,Real Madrid,Carlos Henrique Casimiro,Center Defensive Midfield,0,Real Madrid,Liverpool,54.8,43.6,,,,,,,,,,,,,,,
1ffdedb3-9cc9-4a26-ae0f-b9ba5f64afce,Carry,85,48,2,Real Madrid,Carlos Henrique Casimiro,Center Defensive Midfield,0,Real Madrid,Liverpool,54.8,43.6,,,,,,,,,,,54.8,43.6,0.0,,
a62c672a-d59e-4ddb-9d2e-d395cd1fe0cb,Pass,85,48,2,Real Madrid,Carlos Henrique Casimiro,Center Defensive Midfield,0,Real Madrid,Liverpool,54.8,43.6,,Out,,High Pass,Right Foot,119.6,70.2,0.01484598,0.0379259,0.02307992,,,,,
173e215b-e358-4c38-9e9d-17c0ce63bdea,Pass,85,59,2,Liverpool,Loris Karius,Goalkeeper,0,Real Madrid,Liverpool,7.0,36.1,,Incomplete,Goal Kick,High Pass,Left Foot,85.1,12.3,0.00941056,0.02401521,0.01460465,,,,,
49fa20f2-8815-42f9-aa49-be9c60a95267,Pass,86,3,2,Real Madrid,Raphaël Varane,Right Center Back,0,Real Madrid,Liverpool,35.0,67.8,José Ignacio Fernández Iglesias,,Recovery,Low Pass,Other,42.3,75.4,0.0105949,0.01126267,0.0006677699999999998,,,,,
d7eca51d-32ef-407b-8bbc-f91abcf312bc,Ball Receipt*,86,5,2,Real Madrid,José Ignacio Fernández Iglesias,Right Back,0,Real Madrid,Liverpool,42.3,75.4,,,,,,,,,,,,,,,
ee89cae1-ec28-4584-917e-323e9cff2017,Carry,86,5,2,Real Madrid,José Ignacio Fernández Iglesias,Right Back,0,Real Madrid,Liverpool,42.3,75.4,,,,,,,,,,,42.6,75.4,0.0,,
b8d6175a-f8b4-47d9-890d-8f4e79bd5ebb,Pass,86,5,2,Real Madrid,José Ignacio Fernández Iglesias,Right Back,0,Real Madrid,Liverpool,42.6,75.4,,Incomplete,,High Pass,Right Foot,73.9,69.3,0.01126267,0.01870347,0.007440799999999999,,,,,
6839e9b3-10e5-416e-999a-66e8256edd95,Pass,86,7,2,Liverpool,Virgil van Dijk,Left Center Back,0,Real Madrid,Liverpool,46.2,10.8,Roberto Firmino Barbosa de Oliveira,Incomplete,Recovery,High Pass,Head,72.0,15.2,0.01214719,0.01870347,0.006556279999999999,,,,,
1a402bd0-9d39-4a68-ab50-bb568abb7570,Ball Receipt*,86,9,2,Liverpool,Roberto Firmino Barbosa de Oliveira,Center Forward,0,Real Madrid,Liverpool,72.0,15.2,,,,,,,,,,,,,,,
b6e3447b-954b-436f-a86b-ec09c977af2a,Pass,86,9,2,Real Madrid,José Ignacio Fernández Iglesias,Right Back,1,Real Madrid,Liverpool,48.1,64.9,,Incomplete,Recovery,High Pass,,57.5,53.8,0.01214719,0.01429128,0.00214409,,,,,
8e7363f0-b7c0-4ada-9a30-bf9298a3803e,Duel,86,9,2,Liverpool,Roberto Firmino Barbosa de Oliveira,Center Forward,1,Real Madrid,Liverpool,72.0,15.2,,,,,,,,,,,,,,,
92f4e139-506a-4221-ab3e-eb6a75c854b3,Ball Recovery,86,11,2,Liverpool,Jordan Brian Henderson,Center Defensive Midfield,0,Real Madrid,Liverpool,62.6,26.3,,,,,,,,,,,,,,,
65b44d03-95e5-42a6-9ed5-7da007655032,Carry,86,11,2,Liverpool,Jordan Brian Henderson,Center Defensive Midfield,1,Real Madrid,Liverpool,62.6,26.3,,,,,,,,,,,63.2,25.7,0.0,,
86962c8b-7b26-4f6d-aee9-535034cf717c,Pressure,86,11,2,Real Madrid,Luka Modrić,Right Center Midfield,0,Real Madrid,Liverpool,56.4,56.3,,,,,,,,,,,,,,,
d39e553d-78db-4278-9abc-11b3c2e15f89,Dribbled Past,86,12,2,Real Madrid,Luka Modrić,Right Center Midfield,0,Real Madrid,Liverpool,56.9,54.4,,,,,,,,,,,,,,,
bcb1d8bb-c0dc-438c-be3b-73ed37937373,Dribble,86,12,2,Liverpool,Jordan Brian Henderson,Center Defensive Midfield,1,Real Madrid,Liverpool,63.2,25.7,,,,,,,,,,,,,,,
3e3ec2ff-6877-4684-94bb-c7958f503f83,Carry,86,12,2,Liverpool,Jordan Brian Henderson,Center Defensive Midfield,1,Real Madrid,Liverpool,63.2,25.7,,,,,,,,,,,63.2,25.7,0.0,,
287421d3-ce0a-4568-a28a-953acbc825f9,Pass,86,13,2,Liverpool,Jordan Brian Henderson,Center Defensive Midfield,0,Real Madrid,Liverpool,63.2,25.7,Roberto Firmino Barbosa de Oliveira,,,Ground Pass,Right Foot,78.2,29.8,0.01685596,0.01935132,0.002495360000000002,,,,,
0a5005d3-b75f-4375-b95a-c2edcbbc449e,Pressure,86,13,2,Real Madrid,Carlos Henrique Casimiro,Center Defensive Midfield,0,Real Madrid,Liverpool,41.9,52.3,,,,,,,,,,,,,,,
226d941b-78df-4681-804f-9bf17c5f15db,Ball Receipt*,86,14,2,Liverpool,Roberto Firmino Barbosa de Oliveira,Center Forward,1,Real Madrid,Liverpool,78.2,29.8,,,,,,,,,,,,,,,
b4a7e972-d724-4837-bd36-000962651ba1,Carry,86,14,2,Liverpool,Roberto Firmino Barbosa de Oliveira,Center Forward,1,Real Madrid,Liverpool,78.2,29.8,,,,,,,,,,,77.8,30.5,0.0006193799999999992,,
185190df-96a3-4c55-baf3-ec8264162070,Dispossessed,86,14,2,Liverpool,Roberto Firmino Barbosa de Oliveira,Center Forward,1,Real Madrid,Liverpool,77.8,30.5,,,,,,,,,,,,,,,
5f7bcf51-800e-4dee-a3bf-092d6e061508,Duel,86,14,2,Real Madrid,Carlos Henrique Casimiro,Center Defensive Midfield,1,Real Madrid,Liverpool,42.3,49.6,,,,,,,,,,,,,,,
3a4e42bc-a5f0-41b2-9a66-b8b8b2de6242,Ball Recovery,86,15,2,Real Madrid,Luka Modrić,Right Center Midfield,0,Real Madrid,Liverpool,49.7,49.6,,,,,,,,,,,,,,,
da0f30ff-d8ea-4a54-a122-d98a21f07655,Carry,86,15,2,Real Madrid,Luka Modrić,Right Center Midfield,0,Real Madrid,Liverpool,49.7,49.6,,,,,,,,,,,50.4,48.2,0.002219519999999999,,
c1e30833-11a8-407b-9e5b-e0729cc4b7f9,Pass,86,15,2,Real Madrid,Luka Modrić,Right Center Midfield,0,Real Madrid,Liverpool,50.4,48.2,Cristiano Ronaldo dos Santos Aveiro,,,High Pass,Right Foot,86.6,1.6,0.01484598,0.02122129,0.00637531,,,,,
071f8324-efce-4881-8606-934c96a6dafc,Ball Receipt*,86,20,2,Real Madrid,Cristiano Ronaldo dos Santos Aveiro,Left Wing,0,Real Madrid,Liverpool,86.6,1.6,,,,,,,,,,,,,,,
46a18762-c7a7-4494-a7b3-cdafba50a6ba,Carry,86,20,2,Real Madrid,Cristiano Ronaldo dos Santos Aveiro,Left Wing,1,Real Madrid,Liverpool,86.6,1.6,,,,,,,,,,,96.3,2.5,0.00634183,,
fe539df6-4969-4c95-bffb-73ad8fc6ca15,Pressure,86,20,2,Liverpool,Trent Alexander-Arnold,Right Back,0,Real Madrid,Liverpool,35.3,72.9,,,,,,,,,,,,,,,
da887563-6c8e-4f3c-9808-40caa9c93e0c,Dribble,86,21,2,Real Madrid,Cristiano Ronaldo dos Santos Aveiro,Left Wing,1,Real Madrid,Liverpool,96.3,2.5,,,,,,,,,,,,,,,
15b631c6-1cc2-451b-9843-e9fa0fdc1898,Duel,86,21,2,Liverpool,Trent Alexander-Arnold,Right Back,1,Real Madrid,Liverpool,23.8,77.6,,,,,,,,,,,,,,,
1cd9ce08-9135-469b-aee2-e3b2eada495f,Carry,86,21,2,Liverpool,Trent Alexander-Arnold,Right Back,0,Real Madrid,Liverpool,23.8,77.6,,,,,,,,,,,20.6,67.4,0.0009752800000000002,,
94a5682d-2dda-45a0-88f5-b5c8de232d47,Pass,86,31,2,Liverpool,Trent Alexander-Arnold,Right Back,0,Real Madrid,Liverpool,20.6,67.4,Roberto Firmino Barbosa de Oliveira,,,Ground Pass,Right Foot,36.2,67.4,0.00942382,0.0105949,0.001171080000000001,,,,,
b48e65ca-28c7-4b2e-938d-33ba14bbb038,Ball Receipt*,86,33,2,Liverpool,Roberto Firmino Barbosa de Oliveira,Center Forward,0,Real Madrid,Liverpool,36.2,67.4,,,,,,,,,,,,,,,
d0a74845-2203-4031-a5e3-6d01eb4cca31,Pass,86,33,2,Liverpool,Roberto Firmino Barbosa de Oliveira,Center Forward,0,Real Madrid,Liverpool,36.2,67.4,Georginio Wijnaldum,,,Ground Pass,Left Foot,35.6,77.6,0.0105949,0.00977659,-0.0008183100000000009,,,,,
c51a4d39-993c-496d-abdc-0bd111714707,Pressure,86,33,2,Real Madrid,Marcelo Vieira da Silva Júnior,Left Back,0,Real Madrid,Liverpool,83.0,6.3,,,,,,,,,,,,,,,
9aee9f6f-c99e-42cf-8f84-0408e03eb7f4,Ball Receipt*,86,34,2,Liverpool,Georginio Wijnaldum,Right Center Midfield,1,Real Madrid,Liverpool,35.6,77.6,,,,,,,,,,,,,,,
f309ea3c-f049-4f9b-96b9-1fece8e00059,Carry,86,34,2,Liverpool,Georginio Wijnaldum,Right Center Midfield,1,Real Madrid,Liverpool,35.6,77.6,,,,,,,,,,,37.1,78.2,0.0,,
5387abab-bc8b-436d-92bf-585a0f478504,Foul Committed,86,34,2,Real Madrid,Marcelo Vieira da Silva Júnior,Left Back,0,Real Madrid,Liverpool,83.0,1.9,,,,,,,,,,,,,,,
e9939c0e-fa31-4a85-9b26-597c1d60de10,Foul Won,86,34,2,Liverpool,Georginio Wijnaldum,Right Center Midfield,1,Real Madrid,Liverpool,37.1,78.2,,,,,,,,,,,,,,,
388940f3-79e0-40e2-bd66-4df603379587,Pass,86,43,2,Liverpool,Roberto Firmino Barbosa de Oliveira,Center Forward,0,Real Madrid,Liverpool,48.5,77.0,Georginio Wijnaldum,,Free Kick,Ground Pass,Right Foot,44.4,72.7,0.01126267,0.01126267,0.0,,,,,
3883efb6-195d-413a-a591-7e52da0a76c7,Ball Receipt*,86,44,2,Liverpool,Georginio Wijnaldum,Right Center Midfield,0,Real Madrid,Liverpool,44.4,72.7,,,,,,,,,,,,,,,
78a9899d-6209-4d9c-838b-ffa356827c09,Carry,86,44,2,Liverpool,Georginio Wijnaldum,Right Center Midfield,0,Real Madrid,Liverpool,44.4,72.7,,,,,,,,,,,43.6,71.1,0.0,,
2304ce1c-b154-4c3b-80ac-4176ee44cb8c,Pass,86,44,2,Liverpool,Georginio Wijnaldum,Right Center Midfield,0,Real Madrid,Liverpool,43.6,71.1,Dejan Lovren,,,Ground Pass,Right Foot,42.3,63.9,0.01126267,0.01214719,0.0008845199999999998,,,,,
d377c643-ffac-4aea-aac6-6c8a634ad99f,Ball Receipt*,86,45,2,Liverpool,Dejan Lovren,Right Center Back,0,Real Madrid,Liverpool,42.3,63.9,,,,,,,,,,,,,,,
0771ea63-6291-4932-a9fc-b465fddf85e2,Carry,86,45,2,Liverpool,Dejan Lovren,Right Center Back,0,Real Madrid,Liverpool,42.3,63.9,,,,,,,,,,,47.3,64.1,0.0,,
3e029d37-d961-4324-a08f-a14b5c1966bd,Pass,86,47,2,Liverpool,Dejan Lovren,Right Center Back,0,Real Madrid,Liverpool,47.3,64.1,Andrew Robertson,,,High Pass,Right Foot,70.8,9.6,0.01214719,0.0174506,0.00530341,,,,,
844081a4-81d9-4dbf-80ff-b7070de360fd,Ball Receipt*,86,51,2,Liverpool,Andrew Robertson,Left Back,0,Real Madrid,Liverpool,70.8,9.6,,,,,,,,,,,,,,,
66210921-4ae0-4051-b87d-ac57d9d59463,Pass,86,51,2,Liverpool,Andrew Robertson,Left Back,0,Real Madrid,Liverpool,70.8,9.6,Virgil van Dijk,,,High Pass,Head,48.7,15.5,0.0174506,0.01214719,-0.00530341,,,,,
f1f7ec75-8a43-43b9-902e-8669fb96eca5,Ball Receipt*,86,54,2,Liverpool,Virgil van Dijk,Left Center Back,0,Real Madrid,Liverpool,48.7,15.5,,,,,,,,,,,,,,,
78d28cb6-753c-4db0-b119-63bf3980728c,Carry,86,54,2,Liverpool,Virgil van Dijk,Left Center Back,1,Real Madrid,Liverpool,48.7,15.5,,,,,,,,,,,48.7,16.9,0.0,,
40ad7e75-1be9-4641-a31f-e7b5fd11bfa0,Pressure,86,54,2,Real Madrid,Luka Modrić,Right Center Midfield,0,Real Madrid,Liverpool,68.4,62.3,,,,,,,,,,,,,,,
fe2ee6d5-80b9-40ff-aa1b-7a72445d7f63,Pass,86,54,2,Liverpool,Virgil van Dijk,Left Center Back,1,Real Madrid,Liverpool,48.7,16.9,Jordan Brian Henderson,,,Ground Pass,Right Foot,55.6,29.8,0.01214719,0.01429128,0.00214409,,,,,
9a38ee82-2c30-4bd1-8ffa-3bef24c09a80,Ball Receipt*,86,55,2,Liverpool,Jordan Brian Henderson,Center Defensive Midfield,0,Real Madrid,Liverpool,55.6,29.8,,,,,,,,,,,,,,,
07295198-f123-45f3-9c0c-4a6779f9cbd6,Carry,86,55,2,Liverpool,Jordan Brian Henderson,Center Defensive Midfield,0,Real Madrid,Liverpool,55.6,29.8,,,,,,,,,,,55.6,28.9,0.0,,
410774b7-7df8-4e44-85f6-f1d718fa51c0,Pass,86,56,2,Liverpool,Jordan Brian Henderson,Center Defensive Midfield,0,Real Madrid,Liverpool,55.6,28.9,Adam David Lallana,,,Low Pass,Right Foot,72.0,17.3,0.01429128,0.01870347,0.00441219,,,,,
5b908a2a-9df7-4b8c-9408-518261c13862,Pressure,86,57,2,Real Madrid,Carlos Henrique Casimiro,Center Defensive Midfield,0,Real Madrid,Liverpool,42.6,60.5,,,,,,,,,,,,,,,
0292ee50-b7f8-4423-ab5e-9e55edc42d51,Ball Receipt*,86,57,2,Liverpool,Adam David Lallana,Left Wing,1,Real Madrid,Liverpool,72.0,17.3,,,,,,,,,,,,,,,
ca0f5ac3-f4f1-43ec-9941-270a1e90e4ea,Carry,86,57,2,Liverpool,Adam David Lallana,Left Wing,1,Real Madrid,Liverpool,72.0,17.3,,,,,,,,,,,70.4,16.7,0.0,,
7a798cc6-1208-4299-a598-470ae9f7815a,Pass,86,58,2,Liverpool,Adam David Lallana,Left Wing,1,Real Madrid,Liverpool,70.4,16.7,Andrew Robertson,,,Ground Pass,Left Foot,71.1,4.4,0.01870347,0.0174506,-0.00125287,,,,,
06189edd-dfb8-4dd9-9c7c-6af755fab8e2,Ball Receipt*,86,59,2,Liverpool,Andrew Robertson,Left Back,0,Real Madrid,Liverpool,71.1,4.4,,,,,,,,,,,,,,,
bab737c0-1d70-40fe-9db9-91f22db55e6b,Carry,86,59,2,Liverpool,Andrew Robertson,Left Back,0,Real Madrid,Liverpool,71.1,4.4,,,,,,,,,,,71.7,4.0,0.0,,
2503d491-6c1d-4c79-b209-2d71695e6bec,Pass,87,1,2,Liverpool,Andrew Robertson,Left Back,0,Real Madrid,Liverpool,71.7,4.0,Adam David Lallana,,,Ground Pass,Left Foot,83.7,5.8,0.0174506,0.02122129,0.00377069,,,,,
c6cf4a5f-da38-4f33-8450-ff55eb350ca4,Ball Receipt*,87,3,2,Liverpool,Adam David Lallana,Left Wing,0,Real Madrid,Liverpool,83.7,5.8,,,,,,,,,,,,,,,
1217c626-9c1d-48de-88a1-5561c3262717,Carry,87,3,2,Liverpool,Adam David Lallana,Left Wing,0,Real Madrid,Liverpool,83.7,5.8,,,,,,,,,,,84.0,5.8,0.0,,
cbb734a6-1700-4df7-b69d-6ed397a806e8,Pass,87,3,2,Liverpool,Adam David Lallana,Left Wing,0,Real Madrid,Liverpool,84.0,5.8,Emre Can,,,Ground Pass,Right Foot,78.7,11.6,0.02122129,0.01870347,-0.00251782,,,,,
6abbd757-3cfe-4e98-96a3-378d81eb0aa0,Ball Receipt*,87,4,2,Liverpool,Emre Can,Left Center Midfield,0,Real Madrid,Liverpool,78.7,11.6,,,,,,,,,,,,,,,
a4804a07-0a7b-4c91-bf2a-d62e0c02be30,Pass,87,4,2,Liverpool,Emre Can,Left Center Midfield,0,Real Madrid,Liverpool,78.4,11.1,Andrew Robertson,,,Ground Pass,Right Foot,72.0,7.0,0.01870347,0.0174506,-0.00125287,,,,,
20700a1a-0283-4883-aaa1-355217507d92,Ball Receipt*,87,5,2,Liverpool,Andrew Robertson,Left Back,0,Real Madrid,Liverpool,72.0,7.0,,,,,,,,,,,,,,,
9d415b2e-c58a-4719-9e97-2db7dabc3feb,Carry,87,5,2,Liverpool,Andrew Robertson,Left Back,0,Real Madrid,Liverpool,72.0,7.0,,,,,,,,,,,77.8,4.9,0.0,,
3e08fef7-67a2-49fa-92ce-97b4d1b012dc,Pass,87,6,2,Liverpool,Andrew Robertson,Left Back,0,Real Madrid,Liverpool,77.8,4.9,Emre Can,Incomplete,,Ground Pass,Left Foot,84.2,11.4,0.0174506,0.02401521,0.006564609999999999,,,,,
e958ad94-3a3f-410c-8706-78832d1c3efe,Ball Receipt*,87,7,2,Liverpool,Emre Can,Left Center Midfield,0,Real Madrid,Liverpool,82.2,9.9,,,,,,,,,,,,,,,
91cdd5f6-57b4-44aa-a780-46b59fbbb664,Interception,87,7,2,Real Madrid,José Ignacio Fernández Iglesias,Right Back,0,Real Madrid,Liverpool,35.9,68.7,,,,,,,,,,,,,,,
6ddb57a7-390c-4dc7-bde2-775c1d852d72,Ball Recovery,87,10,2,Liverpool,Jordan Brian Henderson,Center Defensive Midfield,0,Real Madrid,Liverpool,64.6,4.0,,,,,,,,,,,,,,,
2c92c891-3291-4359-a7a5-5f29cd8a68bc,Carry,87,10,2,Liverpool,Jordan Brian Henderson,Center Defensive Midfield,0,Real Madrid,Liverpool,64.6,4.0,,,,,,,,,,,64.1,8.1,0.0,,
79ff510d-29ed-4473-a58f-a5c672e9d99f,Pass,87,13,2,Liverpool,Jordan Brian Henderson,Center Defensive Midfield,0,Real Madrid,Liverpool,64.1,8.1,Emre Can,,,Ground Pass,Right Foot,64.4,18.1,0.01473596,0.01611813,0.001382170000000002,,,,,
1a173073-c267-4d07-9406-bfa549633b0a,Ball Receipt*,87,14,2,Liverpool,Emre Can,Left Center Midfield,0,Real Madrid,Liverpool,64.4,18.1,,,,,,,,,,,,,,,
c7d82b4e-541e-4164-a1cc-14468396ed8f,Carry,87,14,2,Liverpool,Emre Can,Left Center Midfield,0,Real Madrid,Liverpool,64.4,18.1,,,,,,,,,,,70.2,28.1,0.00323319,,
1f47592a-137d-4a81-afc4-bb04b9176563,Pass,87,17,2,Liverpool,Emre Can,Left Center Midfield,0,Real Madrid,Liverpool,70.2,28.1,Georginio Wijnaldum,,,Ground Pass,Right Foot,77.8,53.0,0.01935132,0.01935132,0.0,,,,,
273b4b74-05e4-49ea-ba21-9eb402e78aa8,Ball Receipt*,87,19,2,Liverpool,Georginio Wijnaldum,Right Center Midfield,0,Real Madrid,Liverpool,77.8,53.0,,,,,,,,,,,,,,,
4a6a3c7a-c718-458e-a7f5-dab475c620eb,Carry,87,19,2,Liverpool,Georginio Wijnaldum,Right Center Midfield,0,Real Madrid,Liverpool,77.8,53.0,,,,,,,,,,,82.2,55.6,0.004771079999999997,,
3f747b8d-dc8e-4eda-ac0e-865ae2e0499c,Pass,87,20,2,Liverpool,Georginio Wijnaldum,Right Center Midfield,0,Real Madrid,Liverpool,82.2,55.6,Trent Alexander-Arnold,,,Ground Pass,Left Foot,91.3,74.7,0.0241224,0.02756312,0.003440720000000001,,,,,
61667305-8578-4a29-9241-3cba9d662cfb,Ball Receipt*,87,21,2,Liverpool,Trent Alexander-Arnold,Right Back,0,Real Madrid,Liverpool,91.3,74.7,,,,,,,,,,,,,,,
483dbbb8-9d47-4d22-bf72-4db805afe896,Carry,87,21,2,Liverpool,Trent Alexander-Arnold,Right Back,0,Real Madrid,Liverpool,91.3,74.7,,,,,,,,,,,93.0,71.1,0.0,,
314f95ac-07a9-4216-bbae-5a85fe8c6540,Pass,87,25,2,Liverpool,Trent Alexander-Arnold,Right Back,0,Real Madrid,Liverpool,93.0,71.1,Roberto Firmino Barbosa de Oliveira,Unknown,,High Pass,Left Foot,106.6,32.8,0.02756312,0.10805102,0.0804879,,,,,
4ff7bc70-66b9-4d00-a24e-8acc16687628,Ball Receipt*,87,27,2,Liverpool,Roberto Firmino Barbosa de Oliveira,Center Forward,0,Real Madrid,Liverpool,106.6,32.8,,,,,,,,,,,,,,,
d86ce8c9-8be3-4f6a-8cd1-c15d444cb68c,Foul Committed,87,27,2,Liverpool,Roberto Firmino Barbosa de Oliveira,Center Forward,0,Real Madrid,Liverpool,106.6,32.8,,,,,,,,,,,,,,,
6fd58107-eb6c-424e-b4c0-10e85d879c74,Foul Won,87,27,2,Real Madrid,José Ignacio Fernández Iglesias,Right Back,1,Real Madrid,Liverpool,13.5,47.3,,,,,,,,,,,,,,,
bcb01505-642d-4b35-9fb6-63bec1bf79d9,Substitution,88,21,2,Real Madrid,Karim Benzema,Center Forward,0,Real Madrid,Liverpool,,,,,,,,,,,,,,,,,
5576a614-3af2-4fc0-8636-151a4508a1d7,Tactical Shift,88,34,2,Real Madrid,,,0,Real Madrid,Liverpool,,,,,,,,,,,,,,,,,
1b86a633-8740-4b06-8d43-4e18071b8eb5,Pass,88,42,2,Real Madrid,Keylor Navas Gamboa,Goalkeeper,0,Real Madrid,Liverpool,16.8,41.1,Cristiano Ronaldo dos Santos Aveiro,Incomplete,Free Kick,High Pass,Right Foot,85.9,45.3,0.01082722,0.02385149,0.01302427,,,,,
2939a7d4-5228-4770-8baa-04874010fb95,Ball Receipt*,88,46,2,Real Madrid,Cristiano Ronaldo dos Santos Aveiro,Center Forward,0,Real Madrid,Liverpool,85.0,45.9,,,,,,,,,,,,,,,
9c699b12-dc4b-47ab-b262-7f10280c0f3b,Clearance,88,46,2,Liverpool,Virgil van Dijk,Left Center Back,1,Real Madrid,Liverpool,34.2,34.8,,,,,,,,,,,,,,,
d77120c5-3cd1-4089-889e-a452624137b7,Pass,88,49,2,Real Madrid,Marcelo Vieira da Silva Júnior,Left Back,0,Real Madrid,Liverpool,77.4,13.0,Marco Asensio Willemsen,,Recovery,Low Pass,Head,86.6,10.2,0.01870347,0.02401521,0.005311739999999999,,,,,
c5daf898-4200-4d71-a6a8-a87f47bfaefd,Ball Receipt*,88,50,2,Real Madrid,Marco Asensio Willemsen,Left Wing,0,Real Madrid,Liverpool,86.6,10.2,,,,,,,,,,,,,,,
d228eb62-f21e-4159-a5c6-0dbc3a30ef0a,Carry,88,50,2,Real Madrid,Marco Asensio Willemsen,Left Wing,0,Real Madrid,Liverpool,86.6,10.2,,,,,,,,,,,63.4,5.4,-0.00927925,,
a82b7e2d-6698-4aa9-89c4-ec3d2c3813a4,Pass,88,54,2,Real Madrid,Marco Asensio Willemsen,Left Wing,0,Real Madrid,Liverpool,63.4,5.4,Sergio Ramos García,,,Ground Pass,Right Foot,41.4,22.7,0.01473596,0.01269174,-0.002044219999999999,,,,,
3ff70668-0529-48f2-b94c-6d5b25413fa5,Ball Receipt*,88,57,2,Real Madrid,Sergio Ramos García,Left Center Back,0,Real Madrid,Liverpool,41.4,22.7,,,,,,,,,,,,,,,
a5b3dc72-64be-4914-9e86-c0d522fcccc0,Pass,88,57,2,Real Madrid,Sergio Ramos García,Left Center Back,0,Real Madrid,Liverpool,41.4,22.7,Carlos Henrique Casimiro,,,Ground Pass,Right Foot,50.2,27.7,0.01269174,0.01429128,0.00159954,,,,,
d7c5f07e-c27b-4ea2-9b95-9e93c2859cf8,Ball Receipt*,88,58,2,Real Madrid,Carlos Henrique Casimiro,Center Defensive Midfield,0,Real Madrid,Liverpool,50.2,27.7,,,,,,,,,,,,,,,
fc6ec902-4168-4983-8a5f-93a02af04d4c,Carry,88,58,2,Real Madrid,Carlos Henrique Casimiro,Center Defensive Midfield,0,Real Madrid,Liverpool,50.2,27.7,,,,,,,,,,,56.4,34.2,0.0005547,,
6cc9b0ac-a3d5-4064-b804-873f2031c6a5,Pass,89,0,2,Real Madrid,Carlos Henrique Casimiro,Center Defensive Midfield,0,Real Madrid,Liverpool,56.4,34.2,Raphaël Varane,,,Ground Pass,Right Foot,49.3,56.3,0.01484598,0.01269174,-0.00215424,,,,,
5a7d8e0c-0b17-419a-a2e1-ff929d5ea1db,Ball Receipt*,89,3,2,Real Madrid,Raphaël Varane,Right Center Back,0,Real Madrid,Liverpool,49.3,56.3,,,,,,,,,,,,,,,
1c80cd3b-cdfc-4dc1-b18f-e2afce4c525b,Pass,89,3,2,Real Madrid,Raphaël Varane,Right Center Back,0,Real Madrid,Liverpool,49.3,56.3,José Ignacio Fernández Iglesias,,,Ground Pass,Left Foot,56.9,74.9,0.01269174,0.01248344,-0.0002082999999999998,,,,,
cedf106b-eff3-401d-aba9-80fd150969b9,Ball Receipt*,89,4,2,Real Madrid,José Ignacio Fernández Iglesias,Right Back,0,Real Madrid,Liverpool,56.9,74.9,,,,,,,,,,,,,,,
a73ea2bd-17b9-4265-a69a-36cd371a0af9,Pass,89,4,2,Real Madrid,José Ignacio Fernández Iglesias,Right Back,0,Real Madrid,Liverpool,56.9,74.9,Raphaël Varane,,,Ground Pass,Right Foot,43.2,67.6,0.01248344,0.01214719,-0.0003362499999999997,,,,,
412d4d75-159c-4d9a-80b5-4c2aea9ce0c8,Ball Receipt*,89,6,2,Real Madrid,Raphaël Varane,Right Center Back,0,Real Madrid,Liverpool,43.2,67.6,,,,,,,,,,,,,,,
ab917895-90f8-4687-b8fb-e3474e63850d,Carry,89,6,2,Real Madrid,Raphaël Varane,Right Center Back,0,Real Madrid,Liverpool,43.2,67.6,,,,,,,,,,,41.2,59.6,0.0005445499999999995,,
51182200-2451-4485-ba3e-3f565be9e72c,Pass,89,9,2,Real Madrid,Raphaël Varane,Right Center Back,0,Real Madrid,Liverpool,41.2,59.6,Sergio Ramos García,,,Ground Pass,Right Foot,34.1,34.7,0.01269174,0.01132376,-0.00136798,,,,,
0ab0d456-f103-4858-a685-8f90e063328e,Ball Receipt*,89,11,2,Real Madrid,Sergio Ramos García,Left Center Back,0,Real Madrid,Liverpool,34.1,34.7,,,,,,,,,,,,,,,
a8bc4b6e-a0b4-478a-a5c1-de9426987059,Carry,89,11,2,Real Madrid,Sergio Ramos García,Left Center Back,1,Real Madrid,Liverpool,34.1,34.7,,,,,,,,,,,50.4,71.7,0.00115968,,
8c5427a3-4331-49ac-87fc-e07e7c325085,Pressure,89,12,2,Liverpool,Roberto Firmino Barbosa de Oliveira,Center Forward,0,Real Madrid,Liverpool,83.1,37.2,,,,,,,,,,,,,,,
c3f8353e-8379-4986-aa1e-86d9e1f068b4,Pass,89,13,2,Real Madrid,Sergio Ramos García,Left Center Back,1,Real Madrid,Liverpool,50.4,71.7,José Ignacio Fernández Iglesias,,,High Pass,Right Foot,50.4,71.7,0.01248344,0.01248344,0.0,,,,,
ca73a3c7-5fec-45fe-865e-a09a0cba2869,Ball Receipt*,89,15,2,Real Madrid,José Ignacio Fernández Iglesias,Right Back,0,Real Madrid,Liverpool,50.4,71.7,,,,,,,,,,,,,,,
5e884f92-0e6c-455a-a3e9-eb48e802027c,Carry,89,15,2,Real Madrid,José Ignacio Fernández Iglesias,Right Back,0,Real Madrid,Liverpool,50.4,71.7,,,,,,,,,,,49.3,70.5,-0.001220769999999999,,
c75254b5-57fd-4d11-95d6-9f69f81cefd2,Pass,89,15,2,Real Madrid,José Ignacio Fernández Iglesias,Right Back,0,Real Madrid,Liverpool,49.3,70.5,Gareth Frank Bale,,,High Pass,Right Foot,63.7,76.4,0.01126267,0.01473596,0.003473289999999999,,,,,
4985cea8-118c-4e3c-af8c-877b90eb69e4,Ball Receipt*,89,16,2,Real Madrid,Gareth Frank Bale,Right Wing,0,Real Madrid,Liverpool,63.7,76.4,,,,,,,,,,,,,,,
1b4d4910-9c56-41aa-95d4-bd13ebd71663,Carry,89,16,2,Real Madrid,Gareth Frank Bale,Right Wing,0,Real Madrid,Liverpool,63.7,76.4,,,,,,,,,,,63.7,76.4,0.0,,
aeb5696a-f408-413c-9b78-778dc80cbdb5,Pass,89,17,2,Real Madrid,Gareth Frank Bale,Right Wing,0,Real Madrid,Liverpool,63.7,76.4,José Ignacio Fernández Iglesias,,,Ground Pass,Left Foot,54.1,74.3,0.01473596,0.01248344,-0.002252519999999999,,,,,
f35d0f85-ba34-4fe6-8dfb-068c7d744934,Pressure,89,17,2,Liverpool,Adam David Lallana,Left Wing,0,Real Madrid,Liverpool,71.1,10.8,,,,,,,,,,,,,,,
f7aa5932-92a5-4107-b513-3431be4bc55c,Ball Receipt*,89,18,2,Real Madrid,José Ignacio Fernández Iglesias,Right Back,0,Real Madrid,Liverpool,54.1,74.3,,,,,,,,,,,,,,,
2cdbac59-8c8e-4852-8ddd-7d1df99f9338,Pass,89,18,2,Real Madrid,José Ignacio Fernández Iglesias,Right Back,0,Real Madrid,Liverpool,54.6,74.3,Luka Modrić,Incomplete,,Ground Pass,Right Foot,64.0,72.9,0.01248344,0.01473596,0.002252519999999999,,,,,
dfcf9b5e-a0f0-4487-b984-7aec86f52dbb,Ball Receipt*,89,19,2,Real Madrid,Luka Modrić,Right Center Midfield,0,Real Madrid,Liverpool,63.7,74.3,,,,,,,,,,,,,,,
4d0e42db-0182-4a7d-9d1d-a2a6d035e721,Ball Recovery,89,19,2,Liverpool,Andrew Robertson,Left Back,0,Real Madrid,Liverpool,56.1,7.2,,,,,,,,,,,,,,,
c86af90d-bae4-4387-83c1-7af047412652,Carry,89,19,2,Liverpool,Andrew Robertson,Left Back,0,Real Madrid,Liverpool,56.1,7.2,,,,,,,,,,,54.4,8.8,0.0,,
db9a9e9e-8c55-4ae0-9e8e-a6049ccb3ba3,Pass,89,20,2,Liverpool,Andrew Robertson,Left Back,0,Real Madrid,Liverpool,54.4,8.8,Jordan Brian Henderson,,,Ground Pass,Right Foot,56.4,20.8,0.01248344,0.01429128,0.00180784,,,,,
6e9eec72-f995-4777-89c3-86d814475006,Ball Receipt*,89,21,2,Liverpool,Jordan Brian Henderson,Center Defensive Midfield,0,Real Madrid,Liverpool,56.4,20.8,,,,,,,,,,,,,,,
a4bdf8ea-612a-4647-9846-ecd6ee65e321,Carry,89,21,2,Liverpool,Jordan Brian Henderson,Center Defensive Midfield,0,Real Madrid,Liverpool,56.4,20.8,,,,,,,,,,,63.5,23.1,0.00256468,,
d8c0921f-576e-4ff1-b58c-e61a482c7518,Pass,89,23,2,Liverpool,Jordan Brian Henderson,Center Defensive Midfield,0,Real Madrid,Liverpool,63.5,23.1,Sadio Mané,Incomplete,,High Pass,Right Foot,115.1,23.1,0.01685596,0.06442595,0.04756998999999999,,,,,
ee7a580f-dc37-4230-9f7c-e0c60657d75f,Ball Receipt*,89,26,2,Liverpool,Sadio Mané,Right Wing,0,Real Madrid,Liverpool,113.0,25.4,,,,,,,,,,,,,,,
115e5cba-4556-4c51-9b51-74d769fb4f3c,Ball Recovery,89,26,2,Real Madrid,Sergio Ramos García,Left Center Back,0,Real Madrid,Liverpool,5.0,57.0,,,,,,,,,,,,,,,
84b7bd29-1e10-4bd8-ae03-11664313284f,Carry,89,26,2,Real Madrid,Sergio Ramos García,Left Center Back,0,Real Madrid,Liverpool,5.0,57.0,,,,,,,,,,,6.8,76.6,-0.00249687,,
4938fb96-06aa-42e6-a6de-1109d28c25eb,Pass,89,29,2,Real Madrid,Sergio Ramos García,Left Center Back,0,Real Madrid,Liverpool,6.8,76.6,José Ignacio Fernández Iglesias,,,Ground Pass,Right Foot,15.9,72.0,0.00638303,0.00779616,0.00141313,,,,,
16618ac4-ce60-4827-9d87-02f873bb748d,Ball Receipt*,89,29,2,Real Madrid,José Ignacio Fernández Iglesias,Right Back,0,Real Madrid,Liverpool,15.9,72.0,,,,,,,,,,,,,,,
8c175d90-1df9-4d83-b057-312b4978228c,Carry,89,29,2,Real Madrid,José Ignacio Fernández Iglesias,Right Back,0,Real Madrid,Liverpool,15.9,72.0,,,,,,,,,,,15.9,72.0,0.0,,
d26e94cc-f578-4005-a244-6864b46fa5a0,Miscontrol,89,29,2,Real Madrid,José Ignacio Fernández Iglesias,Right Back,0,Real Madrid,Liverpool,15.9,72.0,,,,,,,,,,,,,,,
f39d6412-e01c-41d4-8abe-aed76ceee3dd,Ball Recovery,89,30,2,Liverpool,Sadio Mané,Right Wing,0,Real Madrid,Liverpool,104.7,6.3,,,,,,,,,,,,,,,
e5b7f91f-37db-4a47-a406-a88e4532e324,Carry,89,30,2,Liverpool,Sadio Mané,Right Wing,1,Real Madrid,Liverpool,104.7,6.3,,,,,,,,,,,100.6,8.1,0.0,,
7714daf0-ea79-4463-89dc-b7f07d51c96d,Pressure,89,31,2,Real Madrid,José Ignacio Fernández Iglesias,Right Back,0,Real Madrid,Liverpool,16.3,71.3,,,,,,,,,,,,,,,
c81ab40c-3657-4719-b931-40284810cec2,Foul Committed,89,31,2,Real Madrid,José Ignacio Fernández Iglesias,Right Back,0,Real Madrid,Liverpool,19.5,72.0,,,,,,,,,,,,,,,
b00defd9-23e2-4240-9f22-10ea1aa56408,Foul Won,89,31,2,Liverpool,Sadio Mané,Right Wing,1,Real Madrid,Liverpool,100.6,8.1,,,,,,,,,,,,,,,
6c241308-a39e-48e0-9beb-a4c20fbb607d,Pass,90,12,2,Liverpool,Trent Alexander-Arnold,Right Back,0,Real Madrid,Liverpool,98.3,7.2,,Incomplete,Free Kick,High Pass,Right Foot,110.9,45.0,0.02756312,0.25745362,0.2298905,,,,,
b02c1ff2-ea59-4306-91d6-0d8592816a33,Clearance,90,14,2,Real Madrid,Carlos Henrique Casimiro,Center Defensive Midfield,1,Real Madrid,Liverpool,9.2,35.1,,,,,,,,,,,,,,,
a87bd243-ac03-43b5-846d-e562eb33014e,Pressure,90,14,2,Real Madrid,Toni Kroos,Left Center Midfield,0,Real Madrid,Liverpool,18.6,40.0,,,,,,,,,,,,,,,
1c39c3ff-7f7c-44bb-b107-230aca401388,Ball Recovery,90,14,2,Liverpool,Adam David Lallana,Left Wing,1,Real Madrid,Liverpool,101.9,37.2,,,,,,,,,,,,,,,
c038d8c9-3757-4839-8e0b-f7b2314c1882,Carry,90,14,2,Liverpool,Adam David Lallana,Left Wing,1,Real Madrid,Liverpool,101.9,37.2,,,,,,,,,,,104.3,35.2,0.0,,
18f64bd1-c8a9-4f31-9e58-3ec7a1de0a80,Shot,90,15,2,Liverpool,Adam David Lallana,Left Wing,0,Real Madrid,Liverpool,104.3,35.2,,,,,,,,,,,,,,0.061225574,Blocked
325a091c-1209-4930-a19f-aad04ed0ffd5,Block,90,15,2,Real Madrid,Cristiano Ronaldo dos Santos Aveiro,Center Forward,0,Real Madrid,Liverpool,14.2,44.5,,,,,,,,,,,,,,,
76e80832-bc07-404f-8274-d5938ac26f37,Goal Keeper,90,15,2,Real Madrid,Keylor Navas Gamboa,Goalkeeper,0,Real Madrid,Liverpool,0.7,40.1,,,,,,,,,,,,,,,
f89c3674-48f8-454a-9153-2876395ad2f7,Pressure,90,17,2,Liverpool,Trent Alexander-Arnold,Right Back,0,Real Madrid,Liverpool,99.5,12.5,,,,,,,,,,,,,,,
d4cbf7c1-1bd5-4787-be9a-ca7e3dd88ac5,Ball Recovery,90,18,2,Real Madrid,Luka Modrić,Right Center Midfield,1,Real Madrid,Liverpool,15.4,58.8,,,,,,,,,,,,,,,
6b3abca3-6b80-4e6c-a2ce-231db73ec4aa,Carry,90,18,2,Real Madrid,Luka Modrić,Right Center Midfield,1,Real Madrid,Liverpool,15.4,58.8,,,,,,,,,,,15.6,60.0,-0.0009915600000000007,,
32da540a-2395-41d6-a4df-3392304b0526,Dribbled Past,90,18,2,Liverpool,Trent Alexander-Arnold,Right Back,0,Real Madrid,Liverpool,104.5,20.1,,,,,,,,,,,,,,,
eb48b1f3-1d63-4302-866b-ca9903eef419,Dribble,90,18,2,Real Madrid,Luka Modrić,Right Center Midfield,1,Real Madrid,Liverpool,15.6,60.0,,,,,,,,,,,,,,,
f1278da3-2a7d-4632-aecd-cd963289bec2,Carry,90,18,2,Real Madrid,Luka Modrić,Right Center Midfield,1,Real Madrid,Liverpool,15.6,60.0,,,,,,,,,,,19.1,75.7,-0.0009897299999999994,,
4319c637-b2a0-4986-ad3f-4f3eeb1b7a83,Pass,90,21,2,Real Madrid,Luka Modrić,Right Center Midfield,0,Real Madrid,Liverpool,19.1,75.7,Toni Kroos,,,Ground Pass,Right Foot,38.2,72.2,0.00779616,0.00977659,0.00198043,,,,,
cbddda56-0f4b-474a-a0ff-06414169d979,Pressure,90,22,2,Liverpool,Virgil van Dijk,Left Center Back,0,Real Madrid,Liverpool,83.1,10.5,,,,,,,,,,,,,,,
7c97ffce-8d70-4198-961e-b8da43f97abd,Ball Receipt*,90,22,2,Real Madrid,Toni Kroos,Left Center Midfield,1,Real Madrid,Liverpool,38.2,72.2,,,,,,,,,,,,,,,
325d3549-6e16-4efd-8e29-197a21a57997,Carry,90,22,2,Real Madrid,Toni Kroos,Left Center Midfield,1,Real Madrid,Liverpool,38.2,72.2,,,,,,,,,,,40.0,72.9,0.001486080000000001,,
0f12f307-3b7c-468a-8d71-bea7d57f2ae1,Foul Committed,90,22,2,Liverpool,Virgil van Dijk,Left Center Back,0,Real Madrid,Liverpool,80.1,7.2,,,,,,,,,,,,,,,
c948a98e-a744-4088-9403-2a233cc7e919,Foul Won,90,22,2,Real Madrid,Toni Kroos,Left Center Midfield,1,Real Madrid,Liverpool,40.0,72.9,,,,,,,,,,,,,,,
e205761b-3057-432e-a888-08e6608a5a75,Pass,90,45,2,Real Madrid,José Ignacio Fernández Iglesias,Right Back,0,Real Madrid,Liverpool,40.0,72.9,Marcelo Vieira da Silva Júnior,,Free Kick,High Pass,Right Foot,42.6,3.7,0.01126267,0.01126267,0.0,,,,,
327e5491-f1fe-4cad-9577-7b1a7d3d6e74,Ball Receipt*,90,49,2,Real Madrid,Marcelo Vieira da Silva Júnior,Left Back,0,Real Madrid,Liverpool,42.6,3.7,,,,,,,,,,,,,,,
aa11efc6-a9ff-493c-9e51-916396bee606,Pass,90,53,2,Real Madrid,Marcelo Vieira da Silva Júnior,Left Back,0,Real Madrid,Liverpool,51.1,9.0,Toni Kroos,,,Ground Pass,Left Foot,49.3,15.3,0.01248344,0.01214719,-0.0003362499999999997,,,,,
53ef730e-374d-4fd8-a8c2-c74c31d7d78c,Ball Receipt*,90,54,2,Real Madrid,Toni Kroos,Left Center Midfield,0,Real Madrid,Liverpool,49.3,15.3,,,,,,,,,,,,,,,
2b9ffe7e-ac91-4175-a09c-14c629be9472,Dispossessed,90,54,2,Real Madrid,Toni Kroos,Left Center Midfield,1,Real Madrid,Liverpool,49.3,15.3,,,,,,,,,,,,,,,
77842775-36e9-4903-8b1b-c57e43b12644,Duel,90,54,2,Liverpool,Emre Can,Left Center Midfield,1,Real Madrid,Liverpool,70.8,64.8,,,,,,,,,,,,,,,
5734328b-3bc4-4098-87ae-d72c2d731f4b,Ball Recovery,90,56,2,Liverpool,Georginio Wijnaldum,Right Center Midfield,0,Real Madrid,Liverpool,63.7,59.1,,,,,,,,,,,,,,,
1412a2dc-ac97-4a91-bc6e-a4abdc7273ad,Pressure,90,56,2,Liverpool,Georginio Wijnaldum,Right Center Midfield,0,Real Madrid,Liverpool,64.9,58.3,,,,,,,,,,,,,,,
76a7bd59-de9e-47a5-a75c-1f3c00d8b100,Clearance,90,57,2,Real Madrid,Carlos Henrique Casimiro,Center Defensive Midfield,1,Real Madrid,Liverpool,49.0,23.1,,,,,,,,,,,,,,,
22704b0a-2547-4e40-8bba-ac9e4c55ecb3,Block,90,57,2,Liverpool,Georginio Wijnaldum,Right Center Midfield,0,Real Madrid,Liverpool,69.7,57.0,,,,,,,,,,,,,,,
0bdc1860-bfbf-42b9-8356-93cd1688d0ba,Pass,91,15,2,Real Madrid,Marcelo Vieira da Silva Júnior,Left Back,0,Real Madrid,Liverpool,60.1,0.1,Marco Asensio Willemsen,,Throw-in,High Pass,,103.9,6.0,0.01473596,0.03485072,0.02011476,,,,,
92c11e55-1234-4296-bc8f-d01e877754f4,Ball Receipt*,91,19,2,Real Madrid,Marco Asensio Willemsen,Left Wing,0,Real Madrid,Liverpool,103.9,6.0,,,,,,,,,,,,,,,
129a76eb-534c-4498-8f11-aa1fefa0d3df,Pass,91,19,2,Real Madrid,Marco Asensio Willemsen,Left Wing,0,Real Madrid,Liverpool,103.9,6.0,Cristiano Ronaldo dos Santos Aveiro,Incomplete,,Low Pass,Left Foot,111.2,36.5,0.03485072,0.25745362,0.2226029,,,,,
a8e31736-f096-412d-baa6-ade6a2638e37,Ball Receipt*,91,21,2,Real Madrid,Cristiano Ronaldo dos Santos Aveiro,Center Forward,0,Real Madrid,Liverpool,109.2,45.9,,,,,,,,,,,,,,,
d9688a88-7c42-4144-93a7-dfee38b30e3f,Clearance,91,21,2,Liverpool,Virgil van Dijk,Left Center Back,1,Real Madrid,Liverpool,8.9,43.6,,,,,,,,,,,,,,,
39f36bfd-7de6-4f71-a0ec-5a4fd3bd7129,Pass,91,42,2,Real Madrid,Toni Kroos,Left Center Midfield,0,Real Madrid,Liverpool,120.0,0.1,Luka Modrić,,Corner,Low Pass,Left Foot,91.5,8.1,0.0379259,0.02756312,-0.01036278,,,,,
988ab9ee-0afb-46c9-ad0e-6b2bd33a1480,Ball Receipt*,91,44,2,Real Madrid,Luka Modrić,Right Center Midfield,0,Real Madrid,Liverpool,91.5,8.1,,,,,,,,,,,,,,,
55984692-dd32-4ab4-ab79-109b068df31b,Carry,91,44,2,Real Madrid,Luka Modrić,Right Center Midfield,0,Real Madrid,Liverpool,91.5,8.1,,,,,,,,,,,90.3,9.5,0.0,,
78870dcb-2b30-4438-a533-18f5f3811616,Pass,91,45,2,Real Madrid,Luka Modrić,Right Center Midfield,0,Real Madrid,Liverpool,90.3,9.5,José Ignacio Fernández Iglesias,,,Ground Pass,Right Foot,83.9,44.1,0.02756312,0.02385149,-0.00371163,,,,,
325847d7-7f9c-48fa-b669-b04d58af6b77,Ball Receipt*,91,47,2,Real Madrid,José Ignacio Fernández Iglesias,Right Back,0,Real Madrid,Liverpool,83.9,44.1,,,,,,,,,,,,,,,
f24dc076-4a4e-48b9-8c25-2b944a39e040,Pass,91,47,2,Real Madrid,José Ignacio Fernández Iglesias,Right Back,0,Real Madrid,Liverpool,83.9,44.1,Carlos Henrique Casimiro,,,Low Pass,Right Foot,68.9,33.5,0.02385149,0.01689528,-0.006956210000000001,,,,,
5797242e-ff04-4a9d-ac36-e5ff243437c0,Ball Receipt*,91,49,2,Real Madrid,Carlos Henrique Casimiro,Center Defensive Midfield,0,Real Madrid,Liverpool,68.9,33.5,,,,,,,,,,,,,,,
0f2a8633-8430-4c85-9d05-bef531d4a3b9,Carry,91,49,2,Real Madrid,Carlos Henrique Casimiro,Center Defensive Midfield,0,Real Madrid,Liverpool,68.9,33.5,,,,,,,,,,,68.9,33.5,0.0,,
55bbd8dd-c359-45dd-bf9a-31903e25b381,Pass,91,50,2,Real Madrid,Carlos Henrique Casimiro,Center Defensive Midfield,0,Real Madrid,Liverpool,68.9,33.5,Marco Asensio Willemsen,,,High Pass,Right Foot,100.6,2.8,0.01689528,0.03485072,0.01795544,,,,,
297ffdbb-f008-4a08-ad32-322d483264b2,Ball Receipt*,91,52,2,Real Madrid,Marco Asensio Willemsen,Left Wing,0,Real Madrid,Liverpool,100.6,2.8,,,,,,,,,,,,,,,
a0588fbf-5188-431a-a6c7-271be1adc208,Carry,91,52,2,Real Madrid,Marco Asensio Willemsen,Left Wing,0,Real Madrid,Liverpool,100.6,2.8,,,,,,,,,,,104.8,5.4,0.0,,
74700d0d-dd1b-4f23-a4e4-4f01a5c845eb,Miscontrol,91,56,2,Real Madrid,Marco Asensio Willemsen,Left Wing,0,Real Madrid,Liverpool,104.8,5.4,,,,,,,,,,,,,,,
af254eba-fdcd-4c6b-93ca-e86e1e618c5e,Pressure,91,56,2,Real Madrid,Marco Asensio Willemsen,Left Wing,0,Real Madrid,Liverpool,103.0,5.8,,,,,,,,,,,,,,,
587940a5-8a5a-45ee-8657-61b094776b11,Ball Recovery,91,57,2,Liverpool,Adam David Lallana,Left Wing,1,Real Madrid,Liverpool,19.2,74.3,,,,,,,,,,,,,,,
d0defdf4-5250-443b-babb-fff00e861c10,Carry,91,57,2,Liverpool,Adam David Lallana,Left Wing,1,Real Madrid,Liverpool,19.2,74.3,,,,,,,,,,,18.0,74.7,0.0,,
f2a31550-855a-4625-9d92-6b3ec7e7c4a2,Dribbled Past,91,57,2,Real Madrid,Marco Asensio Willemsen,Left Wing,0,Real Madrid,Liverpool,102.1,5.4,,,,,,,,,,,,,,,
c07e54d7-2cdb-4366-9d6a-07ede2003de8,Dribble,91,57,2,Liverpool,Adam David Lallana,Left Wing,1,Real Madrid,Liverpool,18.0,74.7,,,,,,,,,,,,,,,
be8c5330-6d8b-45a6-aa71-23c81c46a4a1,Carry,91,57,2,Liverpool,Adam David Lallana,Left Wing,1,Real Madrid,Liverpool,18.0,74.7,,,,,,,,,,,15.3,75.6,0.0,,
99a664cc-bcb5-44d7-8a82-f5e963a98088,Pass,91,57,2,Liverpool,Adam David Lallana,Left Wing,0,Real Madrid,Liverpool,15.3,75.6,Sadio Mané,,,Ground Pass,Right Foot,15.7,73.8,0.00779616,0.00779616,0.0,,,,,
a50c135e-8cdb-4818-aadc-405cb6004e73,Pressure,91,58,2,Real Madrid,Marco Asensio Willemsen,Left Wing,0,Real Madrid,Liverpool,103.5,7.2,,,,,,,,,,,,,,,
55b7b254-61a4-4504-b2c9-7f5b2c995c25,Ball Receipt*,91,58,2,Liverpool,Sadio Mané,Right Wing,1,Real Madrid,Liverpool,15.7,73.8,,,,,,,,,,,,,,,
e15078c1-15f3-41d9-aff6-a948eb55dbcb,Carry,91,58,2,Liverpool,Sadio Mané,Right Wing,1,Real Madrid,Liverpool,15.7,73.8,,,,,,,,,,,16.9,77.6,0.0,,
b8ff2082-2b75-4108-904b-68d239c75597,Foul Committed,91,59,2,Real Madrid,Marco Asensio Willemsen,Left Wing,0,Real Madrid,Liverpool,103.2,2.5,,,,,,,,,,,,,,,
6f665a82-7282-4838-9478-f6ad57e83153,Foul Won,91,59,2,Liverpool,Adam David Lallana,Left Wing,1,Real Madrid,Liverpool,16.9,77.6,,,,,,,,,,,,,,,
d0846bc3-1c66-4abd-bbc5-b571ac6db2d9,Pass,92,5,2,Liverpool,Sadio Mané,Right Wing,0,Real Madrid,Liverpool,21.0,75.9,Dejan Lovren,,Free Kick,Ground Pass,Right Foot,15.1,64.8,0.00844854,0.00878589,0.0003373500000000001,,,,,
622cb448-30eb-40a0-9367-2bb1622d2ca8,Ball Receipt*,92,7,2,Liverpool,Dejan Lovren,Right Center Back,0,Real Madrid,Liverpool,15.1,64.8,,,,,,,,,,,,,,,
d78a1aae-359a-4d6f-b896-ac9106746709,Pass,92,10,2,Liverpool,Dejan Lovren,Right Center Back,0,Real Madrid,Liverpool,15.7,65.0,Roberto Firmino Barbosa de Oliveira,,,High Pass,Right Foot,50.3,67.6,0.00878589,0.0138454,0.005059510000000001,,,,,
73387d0f-3de3-40c1-a7e2-3b6225336da0,Ball Receipt*,92,13,2,Liverpool,Roberto Firmino Barbosa de Oliveira,Center Forward,0,Real Madrid,Liverpool,50.3,67.6,,,,,,,,,,,,,,,
6f0bfbf3-8142-4ed4-871f-24862f1f1688,Ball Recovery,92,13,2,Real Madrid,Toni Kroos,Left Center Midfield,0,Real Madrid,Liverpool,71.6,12.1,,,,,,,,,,,,,,,
e48f82ec-0ba4-4d1f-9806-726a3662f59b,Duel,92,14,2,Real Madrid,Toni Kroos,Left Center Midfield,1,Real Madrid,Liverpool,69.5,12.5,,,,,,,,,,,,,,,
b20b1a82-37b3-446a-a761-987b4c4fcef2,Pass,92,14,2,Liverpool,Roberto Firmino Barbosa de Oliveira,Center Forward,1,Real Madrid,Liverpool,50.6,67.6,Sadio Mané,,,High Pass,,49.9,72.0,0.0138454,0.01126267,-0.00258273,,,,,
02a04a5b-605c-4a34-932a-15306056df9d,Ball Receipt*,92,15,2,Liverpool,Sadio Mané,Right Wing,0,Real Madrid,Liverpool,49.9,72.0,,,,,,,,,,,,,,,
de7bf20d-e578-4e45-800b-71af2916f742,Carry,92,15,2,Liverpool,Sadio Mané,Right Wing,1,Real Madrid,Liverpool,49.9,72.0,,,,,,,,,,,49.1,68.8,0.0008845199999999998,,
31f51ecf-390a-420b-87aa-a4561ae12922,Pressure,92,15,2,Real Madrid,Toni Kroos,Left Center Midfield,0,Real Madrid,Liverpool,69.8,13.4,,,,,,,,,,,,,,,
7f08006b-fbf5-41ea-b52f-bfd382dae9a6,Pass,92,16,2,Liverpool,Sadio Mané,Right Wing,1,Real Madrid,Liverpool,49.1,68.8,Jordan Brian Henderson,,,Ground Pass,Left Foot,49.1,62.1,0.01214719,0.01214719,0.0,,,,,
5d7368f9-f0ed-447e-b226-e728cfb8f6ae,Ball Receipt*,92,16,2,Liverpool,Jordan Brian Henderson,Center Defensive Midfield,0,Real Madrid,Liverpool,49.1,62.1,,,,,,,,,,,,,,,
bd6d7c67-be5f-45af-9d4b-195a81618edd,Carry,92,16,2,Liverpool,Jordan Brian Henderson,Center Defensive Midfield,0,Real Madrid,Liverpool,49.1,62.1,,,,,,,,,,,44.4,56.3,0.0005445499999999995,,
8bac0bf5-043c-48be-9143-5e35cef30715,Pass,92,19,2,Liverpool,Jordan Brian Henderson,Center Defensive Midfield,0,Real Madrid,Liverpool,44.4,56.3,Andrew Robertson,,,Low Pass,Left Foot,57.3,9.0,0.01269174,0.01248344,-0.0002082999999999998,,,,,
541338dd-4361-4fb1-bc05-0c32bd6f44e7,Ball Receipt*,92,21,2,Liverpool,Andrew Robertson,Left Back,0,Real Madrid,Liverpool,57.3,9.0,,,,,,,,,,,,,,,
7b03e94b-473a-4a01-8e89-db5050ecc273,Carry,92,21,2,Liverpool,Andrew Robertson,Left Back,1,Real Madrid,Liverpool,57.3,9.0,,,,,,,,,,,78.2,6.1,0.00496716,,
aa535b78-894e-479d-83b4-a62b0d81689d,Pressure,92,22,2,Real Madrid,Gareth Frank Bale,Right Wing,0,Real Madrid,Liverpool,56.9,69.0,,,,,,,,,,,,,,,
d843c1dd-4422-4f7a-9a60-3d3de8e5fb8a,Dispossessed,92,25,2,Liverpool,Andrew Robertson,Left Back,1,Real Madrid,Liverpool,78.2,6.1,,,,,,,,,,,,,,,
f953c8aa-32b6-4cb4-9914-59f0de393896,Duel,92,25,2,Real Madrid,Gareth Frank Bale,Right Wing,1,Real Madrid,Liverpool,41.9,74.0,,,,,,,,,,,,,,,
1a9fb98b-7e66-4d4b-a3d2-90a1bd00abe5,Carry,92,25,2,Real Madrid,Gareth Frank Bale,Right Wing,1,Real Madrid,Liverpool,41.9,74.0,,,,,,,,,,,41.7,71.3,0.0,,
4f9006c3-7853-46b3-a1b6-2afafb2e2285,Pressure,92,25,2,Liverpool,Andrew Robertson,Left Back,0,Real Madrid,Liverpool,78.9,4.7,,,,,,,,,,,,,,,
d32eb3eb-ac10-4d1f-a2d6-1f7d1b1f035c,Foul Committed,92,26,2,Liverpool,Andrew Robertson,Left Back,0,Real Madrid,Liverpool,78.4,8.8,,,,,,,,,,,,,,,
151d39d0-4fcc-490f-9cd4-ed6544816368,Foul Won,92,26,2,Real Madrid,Gareth Frank Bale,Right Wing,1,Real Madrid,Liverpool,41.7,71.3,,,,,,,,,,,,,,,
48fb332d-0861-4472-831a-204c43ca094b,Carry,92,26,2,Real Madrid,Gareth Frank Bale,Right Wing,1,Real Madrid,Liverpool,41.7,71.3,,,,,,,,,,,41.2,71.1,0.0,,
d4563365-a17a-447b-a952-67d65e6f30ab,Pass,92,26,2,Real Madrid,Gareth Frank Bale,Right Wing,0,Real Madrid,Liverpool,41.2,71.1,Luka Modrić,,,Ground Pass,Left Foot,48.4,61.4,0.01126267,0.01214719,0.0008845199999999998,,,,,
a4322144-6433-4efe-aa65-3e365369bc96,Pressure,92,27,2,Liverpool,Emre Can,Left Center Midfield,0,Real Madrid,Liverpool,69.7,15.2,,,,,,,,,,,,,,,
d0927783-3c31-48e9-a057-7469b5b64350,Ball Receipt*,92,27,2,Real Madrid,Luka Modrić,Right Center Midfield,1,Real Madrid,Liverpool,48.4,61.4,,,,,,,,,,,,,,,
bcc95194-2482-4159-a5b9-6e481ea45f7f,Carry,92,27,2,Real Madrid,Luka Modrić,Right Center Midfield,1,Real Madrid,Liverpool,48.4,61.4,,,,,,,,,,,47.9,55.8,0.0005445499999999995,,
47993851-8f65-4efe-bf6f-c13d59ae63e9,Pass,92,28,2,Real Madrid,Luka Modrić,Right Center Midfield,1,Real Madrid,Liverpool,47.9,55.8,Toni Kroos,,,Ground Pass,Right Foot,53.4,43.2,0.01269174,0.01484598,0.00215424,,,,,
b1577c63-e339-4122-8671-af080a880cd7,Ball Receipt*,92,29,2,Real Madrid,Toni Kroos,Left Center Midfield,0,Real Madrid,Liverpool,53.4,43.2,,,,,,,,,,,,,,,
b42f4a44-4c2c-464c-a926-264f0f92c37f,Carry,92,29,2,Real Madrid,Toni Kroos,Left Center Midfield,1,Real Madrid,Liverpool,53.4,43.2,,,,,,,,,,,56.9,41.5,0.0,,
181b9422-75f4-4883-a37d-f83f2f7bfd18,Pressure,92,30,2,Liverpool,Jordan Brian Henderson,Center Defensive Midfield,0,Real Madrid,Liverpool,65.8,31.0,,,,,,,,,,,,,,,
b4258521-d4ec-466d-a90c-e4522692a45b,Pass,92,30,2,Real Madrid,Toni Kroos,Left Center Midfield,1,Real Madrid,Liverpool,56.9,41.5,Cristiano Ronaldo dos Santos Aveiro,,,High Pass,Left Foot,84.8,71.3,0.01484598,0.02122129,0.00637531,,,,,
37f51448-ebd1-4d67-8d9e-fa4b450111b2,Ball Receipt*,92,33,2,Real Madrid,Cristiano Ronaldo dos Santos Aveiro,Center Forward,0,Real Madrid,Liverpool,84.8,71.3,,,,,,,,,,,,,,,
e9f7bb50-f4fc-45aa-87d3-20bbe9ebd32f,Injury Stoppage,92,39,2,Real Madrid,Cristiano Ronaldo dos Santos Aveiro,Center Forward,0,Real Madrid,Liverpool,,,,,,,,,,,,,,,,,
ce7d446a-e8bf-4631-bcf5-2bd323ba251e,Half End,93,2,2,Liverpool,,,0,Real Madrid,Liverpool,,,,,,,,,,,,,,,,,
d19b2348-de55-4bbf-9b1f-e44d95aa3a77,Half End,93,2,2,Real Madrid,,,0,Real Madrid,Liverpool,,,,,,,,,,,,,,,,,
